id, timestamp, demand
79956, 2012-03-01 00:00:01, 32883
79957, 2012-03-01 00:05:16, 32739
79958, 2012-03-01 00:10:01, 32976
79959, 2012-03-01 00:15:05, 33149
79960, 2012-03-01 00:20:01, 33179
79961, 2012-03-01 00:25:01, 33213
79962, 2012-03-01 00:30:01, 33225
79963, 2012-03-01 00:35:01, 33160
79964, 2012-03-01 00:40:01, 33436
79965, 2012-03-01 00:45:01, 33545
79966, 2012-03-01 00:50:01, 33587
79967, 2012-03-01 00:55:05, 33526
79968, 2012-03-01 01:00:02, 33516
79969, 2012-03-01 01:05:15, 33565
79970, 2012-03-01 01:10:01, 33874
79971, 2012-03-01 01:15:09, 33767
79972, 2012-03-01 01:20:01, 33675
79973, 2012-03-01 01:25:05, 33547
79974, 2012-03-01 01:30:01, 33444
79975, 2012-03-01 01:35:16, 33323
79976, 2012-03-01 01:40:01, 33345
79977, 2012-03-01 01:45:07, 33324
79978, 2012-03-01 01:50:01, 33282
79979, 2012-03-01 01:55:04, 33130
79980, 2012-03-01 02:00:01, 32944
79981, 2012-03-01 02:05:17, 32825
79982, 2012-03-01 02:10:01, 32911
79983, 2012-03-01 02:15:06, 32932
79984, 2012-03-01 02:20:01, 32864
79985, 2012-03-01 02:25:05, 32734
79986, 2012-03-01 02:30:01, 32568
79987, 2012-03-01 02:35:02, 32524
79988, 2012-03-01 02:40:01, 32774
79989, 2012-03-01 02:45:04, 32790
79990, 2012-03-01 02:50:01, 32650
79991, 2012-03-01 02:55:05, 32535
79992, 2012-03-01 03:00:01, 32461
79993, 2012-03-01 03:05:18, 32383
79994, 2012-03-01 03:10:01, 32372
79995, 2012-03-01 03:15:05, 32181
79996, 2012-03-01 03:20:01, 31983
79997, 2012-03-01 03:25:01, 31932
79998, 2012-03-01 03:30:01, 31757
79999, 2012-03-01 03:35:15, 31581
80000, 2012-03-01 03:40:03, 31565
80001, 2012-03-01 03:45:05, 31497
80002, 2012-03-01 03:50:01, 31354
80003, 2012-03-01 03:55:05, 31212
80004, 2012-03-01 04:00:02, 31141
80005, 2012-03-01 04:05:01, 31028
80006, 2012-03-01 04:10:01, 31017
80007, 2012-03-01 04:15:01, 31063
80008, 2012-03-01 04:20:01, 31012
80009, 2012-03-01 04:25:01, 30984
80010, 2012-03-01 04:30:01, 30985
80011, 2012-03-01 04:35:14, 30902
80012, 2012-03-01 04:40:01, 31072
80013, 2012-03-01 04:45:03, 30998
80014, 2012-03-01 04:50:01, 30936
80015, 2012-03-01 04:55:01, 30991
80016, 2012-03-01 05:00:01, 30871
80017, 2012-03-01 05:05:10, 30651
80018, 2012-03-01 05:10:01, 31157
80019, 2012-03-01 05:15:08, 31954
80020, 2012-03-01 05:20:01, 32717
80021, 2012-03-01 05:25:01, 32667
80022, 2012-03-01 05:30:01, 32738
80023, 2012-03-01 05:35:01, 32790
80024, 2012-03-01 05:40:01, 32897
80025, 2012-03-01 05:45:04, 33110
80026, 2012-03-01 05:50:02, 33415
80027, 2012-03-01 05:55:04, 33707
80028, 2012-03-01 06:00:02, 33475
80029, 2012-03-01 06:05:14, 33197
80030, 2012-03-01 06:10:01, 33254
80031, 2012-03-01 06:15:01, 33804
80032, 2012-03-01 06:20:02, 34351
80033, 2012-03-01 06:25:01, 34817
80034, 2012-03-01 06:30:01, 35288
80035, 2012-03-01 06:35:14, 35782
80036, 2012-03-01 06:40:01, 36405
80037, 2012-03-01 06:45:04, 36879
80038, 2012-03-01 06:50:01, 37293
80039, 2012-03-01 06:55:03, 37820
80040, 2012-03-01 07:00:01, 38369
80041, 2012-03-01 07:05:01, 38925
80042, 2012-03-01 07:10:01, 39424
80043, 2012-03-01 07:15:01, 39910
80044, 2012-03-01 07:20:01, 40416
80045, 2012-03-01 07:25:05, 40858
80046, 2012-03-01 07:30:01, 41182
80047, 2012-03-01 07:35:18, 41494
80048, 2012-03-01 07:40:01, 41602
80049, 2012-03-01 07:45:08, 41846
80050, 2012-03-01 07:50:01, 41983
80051, 2012-03-01 07:55:01, 42091
80052, 2012-03-01 08:00:01, 42243
80053, 2012-03-01 08:05:01, 42324
80054, 2012-03-01 08:10:01, 42340
80055, 2012-03-01 08:15:25, 42579
80056, 2012-03-01 08:20:01, 42734
80057, 2012-03-01 08:25:11, 43004
80058, 2012-03-01 08:30:05, 43155
80059, 2012-03-01 08:35:28, 43206
80060, 2012-03-01 08:40:02, 43248
80061, 2012-03-01 08:45:38, 43256
80062, 2012-03-01 08:50:02, 43273
80063, 2012-03-01 08:55:34, 43269
80064, 2012-03-01 09:00:01, 43193
80065, 2012-03-01 09:05:01, 43293
80066, 2012-03-01 09:10:01, 43446
80067, 2012-03-01 09:15:55, 43616
80068, 2012-03-01 09:20:01, 43705
80069, 2012-03-01 09:25:33, 43774
80070, 2012-03-01 09:30:04, 43901
80071, 2012-03-01 09:35:50, 43903
80072, 2012-03-01 09:40:01, 43922
80073, 2012-03-01 09:45:27, 43861
80074, 2012-03-01 09:50:03, 43890
80075, 2012-03-01 09:55:22, 43898
80076, 2012-03-01 10:00:05, 43883
80077, 2012-03-01 10:05:41, 43815
80078, 2012-03-01 10:10:01, 43864
80079, 2012-03-01 10:15:01, 43863
80080, 2012-03-01 10:20:01, 43814
80081, 2012-03-01 10:25:34, 43765
80082, 2012-03-01 10:30:01, 43707
80083, 2012-03-01 10:35:32, 43678
80084, 2012-03-01 10:40:01, 43691
80085, 2012-03-01 10:45:15, 43696
80086, 2012-03-01 10:50:05, 43701
80087, 2012-03-01 10:55:17, 43633
80088, 2012-03-01 11:00:04, 43681
80089, 2012-03-01 11:05:02, 43722
80090, 2012-03-01 11:10:01, 43696
80091, 2012-03-01 11:15:11, 43622
80092, 2012-03-01 11:20:07, 43525
80093, 2012-03-01 11:25:01, 43461
80094, 2012-03-01 11:30:01, 43432
80095, 2012-03-01 11:35:14, 43422
80096, 2012-03-01 11:40:07, 43412
80097, 2012-03-01 11:45:04, 43367
80098, 2012-03-01 11:50:02, 43331
80099, 2012-03-01 11:55:01, 43346
80100, 2012-03-01 12:00:02, 43333
80101, 2012-03-01 12:05:01, 43337
80102, 2012-03-01 12:10:01, 43273
80103, 2012-03-01 12:15:26, 43312
80104, 2012-03-01 12:20:01, 43292
80105, 2012-03-01 12:25:05, 43274
80106, 2012-03-01 12:30:02, 43187
80107, 2012-03-01 12:35:21, 43094
80108, 2012-03-01 12:40:01, 43067
80109, 2012-03-01 12:45:05, 43035
80110, 2012-03-01 12:50:01, 42923
80111, 2012-03-01 12:55:01, 42847
80112, 2012-03-01 13:00:01, 42750
80113, 2012-03-01 13:05:08, 42684
80114, 2012-03-01 13:10:01, 42708
80115, 2012-03-01 13:15:04, 42705
80116, 2012-03-01 13:20:01, 42617
80117, 2012-03-01 13:25:01, 42536
80118, 2012-03-01 13:30:01, 42425
80119, 2012-03-01 13:35:12, 42371
80120, 2012-03-01 13:40:01, 42452
80121, 2012-03-01 13:45:05, 42468
80122, 2012-03-01 13:50:01, 42423
80123, 2012-03-01 13:55:01, 42344
80124, 2012-03-01 14:00:01, 42309
80125, 2012-03-01 14:05:17, 42305
80126, 2012-03-01 14:10:01, 42352
80127, 2012-03-01 14:15:06, 42347
80128, 2012-03-01 14:20:01, 42262
80129, 2012-03-01 14:25:01, 42244
80130, 2012-03-01 14:30:02, 42157
80131, 2012-03-01 14:35:19, 42097
80132, 2012-03-01 14:40:01, 41952
80133, 2012-03-01 14:45:01, 41861
80134, 2012-03-01 14:50:01, 41843
80135, 2012-03-01 14:55:01, 41866
80136, 2012-03-01 15:00:01, 41787
80137, 2012-03-01 15:05:01, 41766
80138, 2012-03-01 15:10:01, 41790
80139, 2012-03-01 15:15:05, 40515
80140, 2012-03-01 15:20:01, 41646
80141, 2012-03-01 15:25:06, 41716
80142, 2012-03-01 15:30:01, 41746
80143, 2012-03-01 15:35:01, 41804
80144, 2012-03-01 15:40:01, 41903
80145, 2012-03-01 15:45:08, 41999
80146, 2012-03-01 15:50:01, 42144
80147, 2012-03-01 15:55:05, 42292
80148, 2012-03-01 16:00:01, 42407
80149, 2012-03-01 16:05:02, 42638
80150, 2012-03-01 16:10:01, 42711
80151, 2012-03-01 16:15:08, 42893
80152, 2012-03-01 16:20:01, 43032
80153, 2012-03-01 16:25:07, 43179
80154, 2012-03-01 16:30:01, 43320
80155, 2012-03-01 16:35:01, 43487
80156, 2012-03-01 16:41:48, 43661
80157, 2012-03-01 16:45:05, 43807
80158, 2012-03-01 16:50:01, 44033
80159, 2012-03-01 16:55:01, 44203
80160, 2012-03-01 17:00:01, 44283
80161, 2012-03-01 17:05:01, 44581
80162, 2012-03-01 17:10:01, 44789
80163, 2012-03-01 17:15:07, 44888
80164, 2012-03-01 17:20:01, 44949
80165, 2012-03-01 17:25:07, 45056
80166, 2012-03-01 17:30:01, 45194
80167, 2012-03-01 17:35:01, 45307
80168, 2012-03-01 17:40:01, 45665
80169, 2012-03-01 17:45:01, 45778
80170, 2012-03-01 17:50:01, 46099
80171, 2012-03-01 17:55:04, 46535
80172, 2012-03-01 18:00:01, 46919
80173, 2012-03-01 18:05:15, 47506
80174, 2012-03-01 18:10:01, 48256
80175, 2012-03-01 18:15:01, 48794
80176, 2012-03-01 18:20:02, 49202
80177, 2012-03-01 18:25:04, 49382
80178, 2012-03-01 18:30:01, 49424
80179, 2012-03-01 18:35:01, 49514
80180, 2012-03-01 18:40:01, 49619
80181, 2012-03-01 18:45:01, 49524
80182, 2012-03-01 18:50:01, 49414
80183, 2012-03-01 18:55:04, 49411
80184, 2012-03-01 19:00:01, 49238
80185, 2012-03-01 19:05:13, 49022
80186, 2012-03-01 19:10:01, 48849
80187, 2012-03-01 19:15:05, 48579
80188, 2012-03-01 19:20:38, 48579
80189, 2012-03-01 19:25:04, 48238
80190, 2012-03-01 19:30:01, 47990
80191, 2012-03-01 19:35:16, 47812
80192, 2012-03-01 19:40:04, 47870
80193, 2012-03-01 19:45:01, 47505
80194, 2012-03-01 19:50:01, 47225
80195, 2012-03-01 19:55:39, 46907
80196, 2012-03-01 20:00:02, 46536
80197, 2012-03-01 20:05:01, 46319
80198, 2012-03-01 20:10:01, 46346
80199, 2012-03-01 20:15:01, 46044
80200, 2012-03-01 20:20:02, 45857
80201, 2012-03-01 20:25:05, 45543
80202, 2012-03-01 20:30:01, 45196
80203, 2012-03-01 20:35:24, 45039
80204, 2012-03-01 20:40:02, 44791
80205, 2012-03-01 20:45:04, 44338
80206, 2012-03-01 20:50:01, 44134
80207, 2012-03-01 20:55:03, 43746
80208, 2012-03-01 21:00:01, 43376
80209, 2012-03-01 21:05:14, 43110
80210, 2012-03-01 21:10:01, 43394
80211, 2012-03-01 21:15:05, 42927
80212, 2012-03-01 21:20:01, 42553
80213, 2012-03-01 21:25:03, 42231
80214, 2012-03-01 21:30:01, 41792
80215, 2012-03-01 21:35:01, 41563
80216, 2012-03-01 21:40:01, 41326
80217, 2012-03-01 21:45:05, 40861
80218, 2012-03-01 21:50:01, 40416
80219, 2012-03-01 21:55:05, 39902
80220, 2012-03-01 22:00:01, 39526
80221, 2012-03-01 22:05:01, 39191
80222, 2012-03-01 22:10:01, 39196
80223, 2012-03-01 22:15:08, 38791
80224, 2012-03-01 22:20:01, 38382
80225, 2012-03-01 22:25:06, 37964
80226, 2012-03-01 22:30:01, 37559
80227, 2012-03-01 22:35:17, 37000
80228, 2012-03-01 22:40:01, 36933
80229, 2012-03-01 22:45:01, 36776
80230, 2012-03-01 22:50:01, 36414
80231, 2012-03-01 22:55:05, 36075
80232, 2012-03-01 23:00:01, 35747
80233, 2012-03-01 23:05:16, 35318
80234, 2012-03-01 23:10:01, 35208
80235, 2012-03-01 23:15:02, 34950
80236, 2012-03-01 23:20:01, 34835
80237, 2012-03-01 23:25:05, 34680
80238, 2012-03-01 23:30:01, 34393
80239, 2012-03-01 23:35:11, 34111
80240, 2012-03-01 23:40:04, 34024
80241, 2012-03-01 23:45:04, 33968
80242, 2012-03-01 23:50:01, 33803
80243, 2012-03-01 23:55:04, 33605
80244, 2012-03-02 00:00:01, 33362
80245, 2012-03-02 00:05:14, 33425
80246, 2012-03-02 00:10:01, 33866
80247, 2012-03-02 00:15:01, 34069
80248, 2012-03-02 00:20:02, 34127
80249, 2012-03-02 00:25:07, 33974
80250, 2012-03-02 00:30:01, 33927
80251, 2012-03-02 00:35:12, 33856
80252, 2012-03-02 00:40:01, 33966
80253, 2012-03-02 00:45:40, 33982
80254, 2012-03-02 00:50:01, 33936
80255, 2012-03-02 00:55:05, 33982
80256, 2012-03-02 01:00:02, 34065
80257, 2012-03-02 01:05:17, 34136
80258, 2012-03-02 01:10:01, 34224
80259, 2012-03-02 01:15:05, 34104
80260, 2012-03-02 01:20:01, 34035
80261, 2012-03-02 01:25:07, 34107
80262, 2012-03-02 01:30:01, 34005
80263, 2012-03-02 01:35:15, 33905
80264, 2012-03-02 01:40:01, 33850
80265, 2012-03-02 01:45:03, 33711
80266, 2012-03-02 01:50:01, 33494
80267, 2012-03-02 01:55:01, 33384
80268, 2012-03-02 02:00:01, 33093
80269, 2012-03-02 02:05:01, 33088
80270, 2012-03-02 02:10:01, 33187
80271, 2012-03-02 02:15:01, 33132
80272, 2012-03-02 02:20:01, 33031
80273, 2012-03-02 02:25:08, 32926
80274, 2012-03-02 02:30:02, 32824
80275, 2012-03-02 02:35:01, 32761
80276, 2012-03-02 02:40:01, 32935
80277, 2012-03-02 02:45:01, 32902
80278, 2012-03-02 02:50:01, 32714
80279, 2012-03-02 02:55:05, 32741
80280, 2012-03-02 03:00:01, 32768
80281, 2012-03-02 03:05:10, 32692
80282, 2012-03-02 03:10:01, 32576
80283, 2012-03-02 03:15:02, 32391
80284, 2012-03-02 03:20:01, 32300
80285, 2012-03-02 03:25:05, 32253
80286, 2012-03-02 03:30:01, 32143
80287, 2012-03-02 03:35:16, 31890
80288, 2012-03-02 03:40:01, 31833
80289, 2012-03-02 03:45:01, 31796
80290, 2012-03-02 03:50:02, 31697
80291, 2012-03-02 03:55:06, 31618
80292, 2012-03-02 04:00:01, 31494
80293, 2012-03-02 04:05:11, 31393
80294, 2012-03-02 04:10:01, 31446
80295, 2012-03-02 04:15:03, 31460
80296, 2012-03-02 04:20:01, 31422
80297, 2012-03-02 04:25:05, 31317
80298, 2012-03-02 04:30:01, 31348
80299, 2012-03-02 04:35:17, 31307
80300, 2012-03-02 04:40:01, 31440
80301, 2012-03-02 04:45:06, 31481
80302, 2012-03-02 04:50:01, 31382
80303, 2012-03-02 04:55:05, 31508
80304, 2012-03-02 05:00:01, 31416
80305, 2012-03-02 05:05:10, 31141
80306, 2012-03-02 05:10:01, 30985
80307, 2012-03-02 05:15:04, 31180
80308, 2012-03-02 05:20:01, 31190
80309, 2012-03-02 05:25:07, 31382
80310, 2012-03-02 05:30:01, 31489
80311, 2012-03-02 05:35:14, 31625
80312, 2012-03-02 05:40:01, 31913
80313, 2012-03-02 05:45:05, 32209
80314, 2012-03-02 05:50:02, 32423
80315, 2012-03-02 05:55:01, 32437
80316, 2012-03-02 06:00:01, 32403
80317, 2012-03-02 06:05:01, 32585
80318, 2012-03-02 06:10:01, 33078
80319, 2012-03-02 06:15:04, 33708
80320, 2012-03-02 06:20:04, 34324
80321, 2012-03-02 06:25:04, 34885
80322, 2012-03-02 06:30:01, 35328
80323, 2012-03-02 06:35:11, 35763
80324, 2012-03-02 06:40:01, 36192
80325, 2012-03-02 06:45:09, 36787
80326, 2012-03-02 06:50:02, 37276
80327, 2012-03-02 06:55:03, 37687
80328, 2012-03-02 07:00:01, 38166
80329, 2012-03-02 07:05:16, 38613
80330, 2012-03-02 07:10:01, 39089
80331, 2012-03-02 07:15:06, 39790
80332, 2012-03-02 07:20:01, 40354
80333, 2012-03-02 07:25:01, 40757
80334, 2012-03-02 07:30:02, 41182
80335, 2012-03-02 07:35:14, 41469
80336, 2012-03-02 07:40:01, 41512
80337, 2012-03-02 07:45:01, 41733
80338, 2012-03-02 07:50:01, 41933
80339, 2012-03-02 07:55:01, 42195
80340, 2012-03-02 08:00:01, 42492
80341, 2012-03-02 08:05:01, 42598
80342, 2012-03-02 08:10:01, 42814
80343, 2012-03-02 08:15:01, 43163
80344, 2012-03-02 08:20:01, 43411
80345, 2012-03-02 08:25:01, 43551
80346, 2012-03-02 08:30:01, 43663
80347, 2012-03-02 08:35:01, 43673
80348, 2012-03-02 08:40:01, 43603
80349, 2012-03-02 08:45:05, 43558
80350, 2012-03-02 08:50:01, 43550
80351, 2012-03-02 08:55:07, 43612
80352, 2012-03-02 09:00:01, 43688
80353, 2012-03-02 09:05:17, 43908
80354, 2012-03-02 09:10:01, 44233
80355, 2012-03-02 09:15:02, 44461
80356, 2012-03-02 09:20:01, 44497
80357, 2012-03-02 09:25:05, 44547
80358, 2012-03-02 09:30:01, 44609
80359, 2012-03-02 09:35:16, 44659
80360, 2012-03-02 09:40:01, 44649
80361, 2012-03-02 09:45:06, 44537
80362, 2012-03-02 09:50:02, 44516
80363, 2012-03-02 09:55:05, 44552
80364, 2012-03-02 10:00:01, 44600
80365, 2012-03-02 10:05:01, 44595
80366, 2012-03-02 10:10:01, 44547
80367, 2012-03-02 10:15:08, 44568
80368, 2012-03-02 10:20:01, 44501
80369, 2012-03-02 10:25:05, 44484
80370, 2012-03-02 10:30:01, 44450
80371, 2012-03-02 10:35:14, 44441
80372, 2012-03-02 10:40:01, 44541
80373, 2012-03-02 10:45:07, 44526
80374, 2012-03-02 10:50:01, 44416
80375, 2012-03-02 10:55:07, 44385
80376, 2012-03-02 11:00:01, 44374
80377, 2012-03-02 11:05:13, 44368
80378, 2012-03-02 11:10:02, 44400
80379, 2012-03-02 11:15:05, 44384
80380, 2012-03-02 11:20:01, 44275
80381, 2012-03-02 11:25:01, 44253
80382, 2012-03-02 11:30:01, 44315
80383, 2012-03-02 11:35:21, 44324
80384, 2012-03-02 11:40:01, 44386
80385, 2012-03-02 11:45:01, 44386
80386, 2012-03-02 11:50:01, 44338
80387, 2012-03-02 11:55:04, 44277
80388, 2012-03-02 12:00:02, 44255
80389, 2012-03-02 12:05:02, 44184
80390, 2012-03-02 12:10:15, 44163
80391, 2012-03-02 12:15:01, 44133
80392, 2012-03-02 12:20:04, 44148
80393, 2012-03-02 12:25:08, 44109
80394, 2012-03-02 12:30:01, 44097
80395, 2012-03-02 12:35:16, 44044
80396, 2012-03-02 12:40:02, 44041
80397, 2012-03-02 13:40:40, 43144
80398, 2012-03-02 13:40:46, 43144
80399, 2012-03-02 13:45:09, 43242
80400, 2012-03-02 13:50:01, 43200
80401, 2012-03-02 13:55:05, 43169
80402, 2012-03-02 14:00:02, 43041
80403, 2012-03-02 14:05:01, 42960
80404, 2012-03-02 14:10:01, 43007
80405, 2012-03-02 14:15:08, 43002
80406, 2012-03-02 14:20:03, 42875
80407, 2012-03-02 14:25:01, 42857
80408, 2012-03-02 14:30:01, 42745
80409, 2012-03-02 14:35:32, 42662
80410, 2012-03-02 14:40:01, 42645
80411, 2012-03-02 14:45:01, 42606
80412, 2012-03-02 14:50:02, 42426
80413, 2012-03-02 14:55:05, 42303
80414, 2012-03-02 15:00:01, 42268
80415, 2012-03-02 15:05:14, 42141
80416, 2012-03-02 15:10:01, 42107
80417, 2012-03-02 15:15:05, 42133
80418, 2012-03-02 15:20:01, 42065
80419, 2012-03-02 15:25:05, 42090
80420, 2012-03-02 15:30:04, 42060
80421, 2012-03-02 15:35:16, 42065
80422, 2012-03-02 15:40:02, 42087
80423, 2012-03-02 15:45:05, 42155
80424, 2012-03-02 15:50:04, 42265
80425, 2012-03-02 15:55:06, 42324
80426, 2012-03-02 16:00:01, 42549
80427, 2012-03-02 16:05:15, 42768
80428, 2012-03-02 16:10:46, 42904
80429, 2012-03-02 16:15:05, 42993
80430, 2012-03-02 16:20:01, 43175
80431, 2012-03-02 16:25:04, 43368
80432, 2012-03-02 16:30:01, 43518
80433, 2012-03-02 16:35:19, 43682
80434, 2012-03-02 16:40:01, 43878
80435, 2012-03-02 16:45:02, 44069
80436, 2012-03-02 16:50:01, 44204
80437, 2012-03-02 16:55:05, 44304
80438, 2012-03-02 17:00:01, 44408
80439, 2012-03-02 17:05:08, 44776
80440, 2012-03-02 17:10:01, 44890
80441, 2012-03-02 17:15:01, 44969
80442, 2012-03-02 17:20:02, 45035
80443, 2012-03-02 17:25:05, 45220
80444, 2012-03-02 17:30:17, 45499
80445, 2012-03-02 17:35:01, 45623
80446, 2012-03-02 17:40:01, 45750
80447, 2012-03-02 17:45:06, 45897
80448, 2012-03-02 17:50:01, 46069
80449, 2012-03-02 17:55:05, 46277
80450, 2012-03-02 18:00:01, 46656
80451, 2012-03-02 18:05:33, 47196
80452, 2012-03-02 18:10:01, 47864
80453, 2012-03-02 18:15:04, 48193
80454, 2012-03-02 18:20:01, 48413
80455, 2012-03-02 18:25:06, 48540
80456, 2012-03-02 18:30:13, 48443
80457, 2012-03-02 18:35:01, 48431
80458, 2012-03-02 18:40:04, 48535
80459, 2012-03-02 18:45:01, 48472
80460, 2012-03-02 18:50:01, 48348
80461, 2012-03-02 18:55:05, 48187
80462, 2012-03-02 19:00:01, 48031
80463, 2012-03-02 19:05:15, 47878
80464, 2012-03-02 19:10:14, 47669
80465, 2012-03-02 19:15:01, 47430
80466, 2012-03-02 19:20:01, 47089
80467, 2012-03-02 19:25:01, 46656
80468, 2012-03-02 19:30:01, 46368
80469, 2012-03-02 19:35:14, 46212
80470, 2012-03-02 19:40:01, 46121
80471, 2012-03-02 19:45:01, 45749
80472, 2012-03-02 19:50:01, 45557
80473, 2012-03-02 19:55:05, 45146
80474, 2012-03-02 20:00:01, 44787
80475, 2012-03-02 20:05:11, 44698
80476, 2012-03-02 20:10:01, 44837
80477, 2012-03-02 20:15:06, 44534
80478, 2012-03-02 20:20:02, 44195
80479, 2012-03-02 20:25:04, 43706
80480, 2012-03-02 20:30:01, 43434
80481, 2012-03-02 20:35:15, 43203
80482, 2012-03-02 20:40:01, 43003
80483, 2012-03-02 20:45:01, 42612
80484, 2012-03-02 20:50:01, 42454
80485, 2012-03-02 20:55:06, 41928
80486, 2012-03-02 21:00:01, 41651
80487, 2012-03-02 21:05:01, 41782
80488, 2012-03-02 21:10:01, 41699
80489, 2012-03-02 21:15:03, 41231
80490, 2012-03-02 21:20:01, 40796
80491, 2012-03-02 21:25:05, 40500
80492, 2012-03-02 21:30:01, 40050
80493, 2012-03-02 21:35:16, 39743
80494, 2012-03-02 21:40:01, 39310
80495, 2012-03-02 21:45:01, 38891
80496, 2012-03-02 21:50:01, 38544
80497, 2012-03-02 21:55:01, 38152
80498, 2012-03-02 22:00:05, 37857
80499, 2012-03-02 22:05:40, 37696
80500, 2012-03-02 22:10:01, 37964
80501, 2012-03-02 22:15:16, 37664
80502, 2012-03-02 22:20:03, 37328
80503, 2012-03-02 22:25:05, 36869
80504, 2012-03-02 22:30:01, 36554
80505, 2012-03-02 22:35:01, 36254
80506, 2012-03-02 22:40:01, 36489
80507, 2012-03-02 22:45:04, 36259
80508, 2012-03-02 22:50:01, 35898
80509, 2012-03-02 22:55:01, 35489
80510, 2012-03-02 23:00:04, 35146
80511, 2012-03-02 23:05:17, 34800
80512, 2012-03-02 23:10:01, 34482
80513, 2012-03-02 23:15:04, 34279
80514, 2012-03-02 23:20:01, 33893
80515, 2012-03-02 23:25:05, 33550
80516, 2012-03-02 23:30:01, 33332
80517, 2012-03-02 23:35:01, 33122
80518, 2012-03-02 23:40:02, 33152
80519, 2012-03-02 23:45:05, 33055
80520, 2012-03-02 23:50:01, 32824
80521, 2012-03-02 23:55:01, 32637
80522, 2012-03-03 00:00:15, 32403
80523, 2012-03-03 00:05:01, 32389
80524, 2012-03-03 00:10:01, 32602
80525, 2012-03-03 00:15:05, 32661
80526, 2012-03-03 00:20:01, 32726
80527, 2012-03-03 00:25:04, 32721
80528, 2012-03-03 00:30:01, 32612
80529, 2012-03-03 00:35:15, 32447
80530, 2012-03-03 00:40:01, 32514
80531, 2012-03-03 00:45:01, 32530
80532, 2012-03-03 00:50:01, 32572
80533, 2012-03-03 00:55:01, 32677
80534, 2012-03-03 01:00:01, 32692
80535, 2012-03-03 01:05:17, 32672
80536, 2012-03-03 01:10:01, 32764
80537, 2012-03-03 01:15:01, 32658
80538, 2012-03-03 01:20:01, 32655
80539, 2012-03-03 01:25:01, 32552
80540, 2012-03-03 01:30:01, 32336
80541, 2012-03-03 01:35:01, 32141
80542, 2012-03-03 01:40:01, 32281
80543, 2012-03-03 01:45:06, 32250
80544, 2012-03-03 01:50:01, 32110
80545, 2012-03-03 01:55:04, 31953
80546, 2012-03-03 02:00:01, 31777
80547, 2012-03-03 02:05:13, 31723
80548, 2012-03-03 02:10:01, 31797
80549, 2012-03-03 02:15:08, 31722
80550, 2012-03-03 02:20:01, 31751
80551, 2012-03-03 02:25:01, 31629
80552, 2012-03-03 02:30:01, 31416
80553, 2012-03-03 02:35:01, 31186
80554, 2012-03-03 02:40:01, 31378
80555, 2012-03-03 02:45:01, 31535
80556, 2012-03-03 02:50:01, 31417
80557, 2012-03-03 02:55:04, 31365
80558, 2012-03-03 03:00:01, 31211
80559, 2012-03-03 03:05:07, 31203
80560, 2012-03-03 03:10:01, 31486
80561, 2012-03-03 03:15:01, 31397
80562, 2012-03-03 03:20:01, 31332
80563, 2012-03-03 03:25:01, 31192
80564, 2012-03-03 03:30:01, 31038
80565, 2012-03-03 03:35:15, 30902
80566, 2012-03-03 03:40:01, 30820
80567, 2012-03-03 03:45:04, 30752
80568, 2012-03-03 03:50:01, 30649
80569, 2012-03-03 03:55:06, 30448
80570, 2012-03-03 04:00:02, 30319
80571, 2012-03-03 04:05:01, 30186
80572, 2012-03-03 04:10:01, 30177
80573, 2012-03-03 04:15:05, 30144
80574, 2012-03-03 04:20:01, 30080
80575, 2012-03-03 04:25:11, 30049
80576, 2012-03-03 04:30:01, 29999
80577, 2012-03-03 04:35:18, 29990
80578, 2012-03-03 04:40:02, 30031
80579, 2012-03-03 04:45:05, 29997
80580, 2012-03-03 04:50:01, 29871
80581, 2012-03-03 04:55:05, 29763
80582, 2012-03-03 05:00:01, 29726
80583, 2012-03-03 05:05:27, 29781
80584, 2012-03-03 05:10:01, 29828
80585, 2012-03-03 05:15:05, 29814
80586, 2012-03-03 05:20:01, 29813
80587, 2012-03-03 05:25:06, 29641
80588, 2012-03-03 05:30:01, 29507
80589, 2012-03-03 05:35:01, 29512
80590, 2012-03-03 05:40:03, 29810
80591, 2012-03-03 05:45:05, 29968
80592, 2012-03-03 05:50:01, 30038
80593, 2012-03-03 05:55:04, 30038
80594, 2012-03-03 06:00:02, 30132
80595, 2012-03-03 06:05:14, 30244
80596, 2012-03-03 06:10:01, 30555
80597, 2012-03-03 06:15:01, 30998
80598, 2012-03-03 06:20:01, 31247
80599, 2012-03-03 06:25:10, 31406
80600, 2012-03-03 06:30:04, 31533
80601, 2012-03-03 06:35:15, 31654
80602, 2012-03-03 06:40:01, 31382
80603, 2012-03-03 06:45:05, 31238
80604, 2012-03-03 06:50:02, 30964
80605, 2012-03-03 06:55:05, 30907
80606, 2012-03-03 07:00:02, 30767
80607, 2012-03-03 07:05:15, 30764
80608, 2012-03-03 07:10:01, 30734
80609, 2012-03-03 07:15:06, 31081
80610, 2012-03-03 07:20:01, 31266
80611, 2012-03-03 07:25:01, 31446
80612, 2012-03-03 07:30:01, 31660
80613, 2012-03-03 07:35:15, 31798
80614, 2012-03-03 07:40:01, 31910
80615, 2012-03-03 07:45:11, 32286
80616, 2012-03-03 07:50:01, 32522
80617, 2012-03-03 07:55:04, 32688
80618, 2012-03-03 08:00:01, 32934
80619, 2012-03-03 08:05:18, 33252
80620, 2012-03-03 08:10:01, 33675
80621, 2012-03-03 08:15:02, 34179
80622, 2012-03-03 08:20:04, 34536
80623, 2012-03-03 08:25:06, 34997
80624, 2012-03-03 08:30:03, 35301
80625, 2012-03-03 08:35:14, 35713
80626, 2012-03-03 08:40:01, 36042
80627, 2012-03-03 08:45:01, 36369
80628, 2012-03-03 08:50:02, 36765
80629, 2012-03-03 08:55:03, 36949
80630, 2012-03-03 09:00:01, 37231
80631, 2012-03-03 09:05:21, 37526
80632, 2012-03-03 09:10:01, 37771
80633, 2012-03-03 09:15:10, 38110
80634, 2012-03-03 09:20:02, 38317
80635, 2012-03-03 09:25:01, 38458
80636, 2012-03-03 09:30:01, 38478
80637, 2012-03-03 09:35:01, 38586
80638, 2012-03-03 09:40:01, 38736
80639, 2012-03-03 09:45:06, 38868
80640, 2012-03-03 09:50:02, 38990
80641, 2012-03-03 09:55:05, 39110
80642, 2012-03-03 10:00:01, 39179
80643, 2012-03-03 10:05:01, 39201
80644, 2012-03-03 10:10:01, 39290
80645, 2012-03-03 10:15:01, 39311
80646, 2012-03-03 10:20:01, 39245
80647, 2012-03-03 10:25:08, 39189
80648, 2012-03-03 10:30:01, 39108
80649, 2012-03-03 10:35:10, 39167
80650, 2012-03-03 10:40:01, 39184
80651, 2012-03-03 10:45:01, 39110
80652, 2012-03-03 10:50:01, 39201
80653, 2012-03-03 10:55:01, 39168
80654, 2012-03-03 11:00:01, 39114
80655, 2012-03-03 11:05:12, 39091
80656, 2012-03-03 11:10:01, 39086
80657, 2012-03-03 11:15:08, 39038
80658, 2012-03-03 11:20:01, 38985
80659, 2012-03-03 11:25:01, 38916
80660, 2012-03-03 11:30:01, 38842
80661, 2012-03-03 11:35:19, 38932
80662, 2012-03-03 11:40:01, 38862
80663, 2012-03-03 11:45:05, 38788
80664, 2012-03-03 11:50:01, 38580
80665, 2012-03-03 11:55:09, 38630
80666, 2012-03-03 12:00:01, 38647
80667, 2012-03-03 12:05:01, 38604
80668, 2012-03-03 12:10:01, 38571
80669, 2012-03-03 12:15:07, 38510
80670, 2012-03-03 12:20:02, 38513
80671, 2012-03-03 12:25:07, 38501
80672, 2012-03-03 12:30:01, 38408
80673, 2012-03-03 12:35:21, 38480
80674, 2012-03-03 12:40:01, 38437
80675, 2012-03-03 12:45:05, 38342
80676, 2012-03-03 12:50:01, 38239
80677, 2012-03-03 12:55:02, 38191
80678, 2012-03-03 13:00:01, 38093
80679, 2012-03-03 13:05:18, 37834
80680, 2012-03-03 13:10:02, 37736
80681, 2012-03-03 13:15:05, 37654
80682, 2012-03-03 13:20:23, 37489
80683, 2012-03-03 13:25:02, 37403
80684, 2012-03-03 13:30:01, 37233
80685, 2012-03-03 13:35:11, 37077
80686, 2012-03-03 13:40:01, 37139
80687, 2012-03-03 13:45:06, 37067
80688, 2012-03-03 13:50:01, 36956
80689, 2012-03-03 13:55:01, 36900
80690, 2012-03-03 14:00:01, 36713
80691, 2012-03-03 14:05:16, 36579
80692, 2012-03-03 14:10:03, 36672
80693, 2012-03-03 14:15:05, 36561
80694, 2012-03-03 14:20:02, 36380
80695, 2012-03-03 14:25:04, 36219
80696, 2012-03-03 14:30:01, 36071
80697, 2012-03-03 14:35:01, 35957
80698, 2012-03-03 14:40:01, 35884
80699, 2012-03-03 14:45:05, 35712
80700, 2012-03-03 14:50:01, 35643
80701, 2012-03-03 14:55:04, 35595
80702, 2012-03-03 15:00:01, 35579
80703, 2012-03-03 15:05:01, 35607
80704, 2012-03-03 15:10:01, 35660
80705, 2012-03-03 15:15:07, 35673
80706, 2012-03-03 15:20:02, 35616
80707, 2012-03-03 15:25:07, 35513
80708, 2012-03-03 15:30:02, 35522
80709, 2012-03-03 15:35:15, 35551
80710, 2012-03-03 15:40:01, 35658
80711, 2012-03-03 15:45:05, 35669
80712, 2012-03-03 15:50:01, 35639
80713, 2012-03-03 15:55:05, 35674
80714, 2012-03-03 16:00:01, 35811
80715, 2012-03-03 16:05:10, 35855
80716, 2012-03-03 16:10:01, 35810
80717, 2012-03-03 16:15:01, 35942
80718, 2012-03-03 16:20:01, 36078
80719, 2012-03-03 16:25:05, 36185
80720, 2012-03-03 16:30:01, 36349
80721, 2012-03-03 16:35:14, 36517
80722, 2012-03-03 16:40:03, 36641
80723, 2012-03-03 16:45:05, 36816
80724, 2012-03-03 16:50:07, 37193
80725, 2012-03-03 16:55:04, 37557
80726, 2012-03-03 17:00:49, 37602
80727, 2012-03-03 17:05:15, 37810
80728, 2012-03-03 17:10:01, 38154
80729, 2012-03-03 17:15:08, 38495
80730, 2012-03-03 17:20:01, 38757
80731, 2012-03-03 17:25:01, 38996
80732, 2012-03-03 17:30:01, 39168
80733, 2012-03-03 17:35:15, 39388
80734, 2012-03-03 17:40:01, 39732
80735, 2012-03-03 17:45:06, 40091
80736, 2012-03-03 17:50:01, 40447
80737, 2012-03-03 17:55:07, 40886
80738, 2012-03-03 18:00:01, 41445
80739, 2012-03-03 18:05:01, 42094
80740, 2012-03-03 18:10:01, 42745
80741, 2012-03-03 18:15:05, 43414
80742, 2012-03-03 18:20:01, 43837
80743, 2012-03-03 18:25:11, 43909
80744, 2012-03-03 18:30:01, 43968
80745, 2012-03-03 18:35:09, 44014
80746, 2012-03-03 18:40:02, 44013
80747, 2012-03-03 18:45:06, 44016
80748, 2012-03-03 18:50:02, 43889
80749, 2012-03-03 18:55:03, 43736
80750, 2012-03-03 19:00:01, 43688
80751, 2012-03-03 19:05:15, 43463
80752, 2012-03-03 19:10:02, 43457
80753, 2012-03-03 19:15:04, 43389
80754, 2012-03-03 19:20:01, 43106
80755, 2012-03-03 19:25:05, 42926
80756, 2012-03-03 19:30:01, 42745
80757, 2012-03-03 19:35:15, 42432
80758, 2012-03-03 19:40:01, 42194
80759, 2012-03-03 19:45:05, 41982
80760, 2012-03-03 19:50:01, 41682
80761, 2012-03-03 19:55:01, 41500
80762, 2012-03-03 20:00:05, 41342
80763, 2012-03-03 20:05:01, 41121
80764, 2012-03-03 20:10:01, 41019
80765, 2012-03-03 20:15:07, 40865
80766, 2012-03-03 20:20:02, 40609
80767, 2012-03-03 20:25:05, 40341
80768, 2012-03-03 20:30:01, 40211
80769, 2012-03-03 20:35:17, 39728
80770, 2012-03-03 20:40:01, 39410
80771, 2012-03-03 20:45:06, 39220
80772, 2012-03-03 20:50:24, 38978
80773, 2012-03-03 20:55:01, 38728
80774, 2012-03-03 21:00:01, 38554
80775, 2012-03-03 21:05:18, 38310
80776, 2012-03-03 21:10:01, 38043
80777, 2012-03-03 21:15:01, 37943
80778, 2012-03-03 21:20:04, 37789
80779, 2012-03-03 21:25:06, 37472
80780, 2012-03-03 21:30:01, 37353
80781, 2012-03-03 21:35:16, 37082
80782, 2012-03-03 21:40:02, 36855
80783, 2012-03-03 21:45:03, 36654
80784, 2012-03-03 21:50:01, 36387
80785, 2012-03-03 21:55:01, 36184
80786, 2012-03-03 22:00:01, 36014
80787, 2012-03-03 22:05:01, 35853
80788, 2012-03-03 22:10:01, 35817
80789, 2012-03-03 22:15:01, 35512
80790, 2012-03-03 22:20:01, 35271
80791, 2012-03-03 22:25:10, 35009
80792, 2012-03-03 22:30:01, 34839
80793, 2012-03-03 22:35:08, 34695
80794, 2012-03-03 22:40:01, 34757
80795, 2012-03-03 22:45:01, 34706
80796, 2012-03-03 22:50:02, 34417
80797, 2012-03-03 22:55:01, 34224
80798, 2012-03-03 23:00:01, 33955
80799, 2012-03-03 23:05:16, 33662
80800, 2012-03-03 23:10:01, 33498
80801, 2012-03-03 23:15:05, 33249
80802, 2012-03-03 23:20:02, 32851
80803, 2012-03-03 23:25:05, 32522
80804, 2012-03-03 23:30:01, 32223
80805, 2012-03-03 23:35:03, 31999
80806, 2012-03-03 23:40:04, 32084
80807, 2012-03-03 23:45:01, 32001
80808, 2012-03-03 23:50:01, 31851
80809, 2012-03-03 23:55:06, 31745
80810, 2012-03-04 00:00:01, 31677
80811, 2012-03-04 00:05:22, 31734
80812, 2012-03-04 00:10:01, 31858
80813, 2012-03-04 00:15:02, 31914
80814, 2012-03-04 00:20:01, 31984
80815, 2012-03-04 00:25:02, 31993
80816, 2012-03-04 00:30:01, 31899
80817, 2012-03-04 00:35:11, 31713
80818, 2012-03-04 00:40:01, 31738
80819, 2012-03-04 00:45:05, 31797
80820, 2012-03-04 00:50:01, 31807
80821, 2012-03-04 00:55:05, 31831
80822, 2012-03-04 01:00:01, 31857
80823, 2012-03-04 01:05:02, 31735
80824, 2012-03-04 01:10:01, 31824
80825, 2012-03-04 01:15:05, 31830
80826, 2012-03-04 01:20:01, 31789
80827, 2012-03-04 01:25:16, 31654
80828, 2012-03-04 01:30:04, 31638
80829, 2012-03-04 01:35:01, 31592
80830, 2012-03-04 01:40:01, 31416
80831, 2012-03-04 01:45:07, 31377
80832, 2012-03-04 01:50:01, 31342
80833, 2012-03-04 01:55:04, 31226
80834, 2012-03-04 02:00:01, 31050
80835, 2012-03-04 02:05:15, 30891
80836, 2012-03-04 02:10:02, 31055
80837, 2012-03-04 02:15:08, 31189
80838, 2012-03-04 02:20:03, 31145
80839, 2012-03-04 02:25:07, 31036
80840, 2012-03-04 02:30:01, 30750
80841, 2012-03-04 02:35:01, 30632
80842, 2012-03-04 02:40:01, 30935
80843, 2012-03-04 02:45:01, 30912
80844, 2012-03-04 02:50:01, 30775
80845, 2012-03-04 02:55:01, 30651
80846, 2012-03-04 03:00:01, 30487
80847, 2012-03-04 03:05:09, 30382
80848, 2012-03-04 03:10:01, 30383
80849, 2012-03-04 03:15:01, 30247
80850, 2012-03-04 03:20:01, 30079
80851, 2012-03-04 03:25:09, 29691
80852, 2012-03-04 03:30:01, 29475
80853, 2012-03-04 03:35:19, 29387
80854, 2012-03-04 03:40:01, 29486
80855, 2012-03-04 03:45:05, 29359
80856, 2012-03-04 03:50:01, 29256
80857, 2012-03-04 03:55:02, 29361
80858, 2012-03-04 04:00:01, 29308
80859, 2012-03-04 04:05:03, 29189
80860, 2012-03-04 04:10:01, 29204
80861, 2012-03-04 04:15:01, 29147
80862, 2012-03-04 04:20:01, 29114
80863, 2012-03-04 04:25:06, 29205
80864, 2012-03-04 04:30:01, 29245
80865, 2012-03-04 04:35:15, 29164
80866, 2012-03-04 04:40:01, 29187
80867, 2012-03-04 04:45:06, 29191
80868, 2012-03-04 04:50:21, 29161
80869, 2012-03-04 04:55:01, 29144
80870, 2012-03-04 05:00:01, 29078
80871, 2012-03-04 05:05:11, 28892
80872, 2012-03-04 05:10:01, 29098
80873, 2012-03-04 05:15:06, 29192
80874, 2012-03-04 05:20:04, 29243
80875, 2012-03-04 05:25:01, 29208
80876, 2012-03-04 05:30:01, 29168
80877, 2012-03-04 05:35:02, 29194
80878, 2012-03-04 05:40:01, 29213
80879, 2012-03-04 05:45:11, 29207
80880, 2012-03-04 05:50:22, 29244
80881, 2012-03-04 05:55:04, 29316
80882, 2012-03-04 06:00:02, 29412
80883, 2012-03-04 06:05:01, 29534
80884, 2012-03-04 06:10:02, 29711
80885, 2012-03-04 06:15:01, 29892
80886, 2012-03-04 06:20:01, 29785
80887, 2012-03-04 06:25:09, 29842
80888, 2012-03-04 06:30:02, 29911
80889, 2012-03-04 06:35:17, 29959
80890, 2012-03-04 06:40:01, 30134
80891, 2012-03-04 06:45:06, 30256
80892, 2012-03-04 06:50:03, 30280
80893, 2012-03-04 06:55:04, 30283
80894, 2012-03-04 07:00:02, 30325
80895, 2012-03-04 07:05:11, 30401
80896, 2012-03-04 07:10:01, 30373
80897, 2012-03-04 07:15:02, 30449
80898, 2012-03-04 07:20:01, 30550
80899, 2012-03-04 07:25:01, 30606
80900, 2012-03-04 07:30:01, 30577
80901, 2012-03-04 07:35:16, 30549
80902, 2012-03-04 07:40:01, 30510
80903, 2012-03-04 07:45:05, 30472
80904, 2012-03-04 07:50:01, 30328
80905, 2012-03-04 07:55:05, 30430
80906, 2012-03-04 08:00:01, 30547
80907, 2012-03-04 08:05:01, 30600
80908, 2012-03-04 08:10:01, 30738
80909, 2012-03-04 08:15:07, 31169
80910, 2012-03-04 08:20:02, 31374
80911, 2012-03-04 08:25:09, 31756
80912, 2012-03-04 08:30:02, 32169
80913, 2012-03-04 08:35:15, 32327
80914, 2012-03-04 08:40:01, 32596
80915, 2012-03-04 08:45:05, 32981
80916, 2012-03-04 08:50:01, 33346
80917, 2012-03-04 08:55:07, 33746
80918, 2012-03-04 09:00:01, 33960
80919, 2012-03-04 09:05:03, 34201
80920, 2012-03-04 09:10:01, 34559
80921, 2012-03-04 09:15:09, 34926
80922, 2012-03-04 09:20:02, 35288
80923, 2012-03-04 09:25:09, 35585
80924, 2012-03-04 09:30:01, 35870
80925, 2012-03-04 09:35:12, 36019
80926, 2012-03-04 09:40:01, 36235
80927, 2012-03-04 09:45:01, 36427
80928, 2012-03-04 09:50:01, 36648
80929, 2012-03-04 09:55:05, 36846
80930, 2012-03-04 10:00:02, 37174
80931, 2012-03-04 10:05:01, 37333
80932, 2012-03-04 10:10:01, 37707
80933, 2012-03-04 10:15:01, 38035
80934, 2012-03-04 10:20:01, 38258
80935, 2012-03-04 10:25:18, 38435
80936, 2012-03-04 10:30:01, 38546
80937, 2012-03-04 10:35:02, 38738
80938, 2012-03-04 10:40:01, 38914
80939, 2012-03-04 10:45:01, 38977
80940, 2012-03-04 10:50:01, 39015
80941, 2012-03-04 10:55:04, 39059
80942, 2012-03-04 11:00:01, 39099
80943, 2012-03-04 11:05:11, 39226
80944, 2012-03-04 11:10:01, 39384
80945, 2012-03-04 11:15:01, 39540
80946, 2012-03-04 11:20:01, 39598
80947, 2012-03-04 11:25:04, 39701
80948, 2012-03-04 11:30:01, 39769
80949, 2012-03-04 11:35:15, 39834
80950, 2012-03-04 11:40:01, 40018
80951, 2012-03-04 11:45:04, 40072
80952, 2012-03-04 11:50:02, 40180
80953, 2012-03-04 11:55:01, 40307
80954, 2012-03-04 12:00:01, 40420
80955, 2012-03-04 12:05:04, 40518
80956, 2012-03-04 12:10:01, 40686
80957, 2012-03-04 12:15:07, 40822
80958, 2012-03-04 12:20:01, 40856
80959, 2012-03-04 12:25:10, 40900
80960, 2012-03-04 12:30:01, 40903
80961, 2012-03-04 12:35:16, 40936
80962, 2012-03-04 12:40:01, 40987
80963, 2012-03-04 12:45:01, 41094
80964, 2012-03-04 12:50:01, 41118
80965, 2012-03-04 12:55:07, 41087
80966, 2012-03-04 13:00:01, 40994
80967, 2012-03-04 13:05:13, 40888
80968, 2012-03-04 13:10:01, 40874
80969, 2012-03-04 13:15:01, 40853
80970, 2012-03-04 13:20:01, 40763
80971, 2012-03-04 13:25:09, 40568
80972, 2012-03-04 13:30:01, 40439
80973, 2012-03-04 13:35:10, 40337
80974, 2012-03-04 13:40:01, 40339
80975, 2012-03-04 13:45:06, 40295
80976, 2012-03-04 13:50:01, 40206
80977, 2012-03-04 13:55:01, 40153
80978, 2012-03-04 14:00:01, 40037
80979, 2012-03-04 14:05:21, 39975
80980, 2012-03-04 14:10:01, 40080
80981, 2012-03-04 14:15:08, 40012
80982, 2012-03-04 14:20:02, 39845
80983, 2012-03-04 14:25:01, 39856
80984, 2012-03-04 14:30:01, 39742
80985, 2012-03-04 14:35:17, 39682
80986, 2012-03-04 14:40:01, 39664
80987, 2012-03-04 14:45:08, 39634
80988, 2012-03-04 14:50:01, 39612
80989, 2012-03-04 14:55:05, 39677
80990, 2012-03-04 15:00:01, 39714
80991, 2012-03-04 15:05:12, 39699
80992, 2012-03-04 15:10:01, 39722
80993, 2012-03-04 15:15:06, 39743
80994, 2012-03-04 15:20:01, 39691
80995, 2012-03-04 15:25:01, 39618
80996, 2012-03-04 15:30:02, 39581
80997, 2012-03-04 15:35:01, 39541
80998, 2012-03-04 15:40:01, 39569
80999, 2012-03-04 15:45:02, 39541
81000, 2012-03-04 15:50:01, 39583
81001, 2012-03-04 15:55:06, 39721
81002, 2012-03-04 16:00:01, 39752
81003, 2012-03-04 16:05:15, 39748
81004, 2012-03-04 16:10:01, 39751
81005, 2012-03-04 16:15:01, 39773
81006, 2012-03-04 16:20:02, 39850
81007, 2012-03-04 16:25:07, 39928
81008, 2012-03-04 16:30:01, 40043
81009, 2012-03-04 16:35:10, 40137
81010, 2012-03-04 16:40:01, 40352
81011, 2012-03-04 16:45:01, 40468
81012, 2012-03-04 16:50:01, 40494
81013, 2012-03-04 16:55:01, 40746
81014, 2012-03-04 17:00:04, 41024
81015, 2012-03-04 17:05:15, 41163
81016, 2012-03-04 17:10:01, 41428
81017, 2012-03-04 17:15:06, 41460
81018, 2012-03-04 17:20:01, 41501
81019, 2012-03-04 17:25:01, 41607
81020, 2012-03-04 17:30:01, 41767
81021, 2012-03-04 17:35:08, 41901
81022, 2012-03-04 17:40:01, 42071
81023, 2012-03-04 17:45:57, 42259
81024, 2012-03-04 17:50:01, 42349
81025, 2012-03-04 17:55:05, 42660
81026, 2012-03-04 18:00:06, 43144
81027, 2012-03-04 18:05:27, 43562
81028, 2012-03-04 18:10:01, 44164
81029, 2012-03-04 18:15:01, 44600
81030, 2012-03-04 18:20:01, 45173
81031, 2012-03-04 18:25:09, 45424
81032, 2012-03-04 18:30:01, 45567
81033, 2012-03-04 18:35:11, 45604
81034, 2012-03-04 18:40:01, 45571
81035, 2012-03-04 18:45:25, 45579
81036, 2012-03-04 18:50:01, 45469
81037, 2012-03-04 18:55:04, 45439
81038, 2012-03-04 19:00:03, 45201
81039, 2012-03-04 19:05:17, 45072
81040, 2012-03-04 19:10:01, 45085
81041, 2012-03-04 19:15:04, 44860
81042, 2012-03-04 19:20:08, 44736
81043, 2012-03-04 19:25:08, 44462
81044, 2012-03-04 19:30:01, 44026
81045, 2012-03-04 19:35:15, 43855
81046, 2012-03-04 19:40:01, 43762
81047, 2012-03-04 19:45:01, 43630
81048, 2012-03-04 19:50:01, 43303
81049, 2012-03-04 19:55:05, 43130
81050, 2012-03-04 20:00:02, 42943
81051, 2012-03-04 20:05:13, 42722
81052, 2012-03-04 20:10:45, 42858
81053, 2012-03-04 20:15:05, 42637
81054, 2012-03-04 20:20:01, 42533
81055, 2012-03-04 20:25:08, 42171
81056, 2012-03-04 20:30:02, 41898
81057, 2012-03-04 20:35:09, 41800
81058, 2012-03-04 20:40:01, 41727
81059, 2012-03-04 20:45:01, 41456
81060, 2012-03-04 20:50:01, 41048
81061, 2012-03-04 20:55:05, 40963
81062, 2012-03-04 21:00:22, 40662
81063, 2012-03-04 21:05:21, 40391
81064, 2012-03-04 21:10:01, 40541
81065, 2012-03-04 21:15:02, 40061
81066, 2012-03-04 21:20:01, 39700
81067, 2012-03-04 21:25:16, 39329
81068, 2012-03-04 21:30:01, 39107
81069, 2012-03-04 21:35:01, 38854
81070, 2012-03-04 21:40:01, 38525
81071, 2012-03-04 21:45:09, 38289
81072, 2012-03-04 21:50:01, 37964
81073, 2012-03-04 21:55:05, 37666
81074, 2012-03-04 22:00:01, 37257
81075, 2012-03-04 22:05:01, 36965
81076, 2012-03-04 22:15:09, 36783
81077, 2012-03-04 22:20:01, 36333
81078, 2012-03-04 22:25:08, 35848
81079, 2012-03-04 22:30:02, 35468
81080, 2012-03-04 22:35:01, 35224
81081, 2012-03-04 22:40:01, 35286
81082, 2012-03-04 22:45:01, 35202
81083, 2012-03-04 22:50:01, 35046
81084, 2012-03-04 22:55:03, 34667
81085, 2012-03-04 23:00:01, 34248
81086, 2012-03-04 23:05:01, 33698
81087, 2012-03-04 23:10:01, 33713
81088, 2012-03-04 23:15:02, 33620
81089, 2012-03-04 23:20:02, 33386
81090, 2012-03-04 23:25:06, 33054
81091, 2012-03-04 23:30:01, 32741
81092, 2012-03-04 23:35:15, 32684
81093, 2012-03-04 23:40:01, 32812
81094, 2012-03-04 23:45:01, 32578
81095, 2012-03-04 23:50:01, 32217
81096, 2012-03-04 23:55:05, 31979
81097, 2012-03-05 00:00:02, 31858
81098, 2012-03-05 00:05:20, 31782
81099, 2012-03-05 00:10:01, 32241
81100, 2012-03-05 00:15:05, 32386
81101, 2012-03-05 00:20:04, 32411
81102, 2012-03-05 00:25:01, 32366
81103, 2012-03-05 00:30:17, 32248
81104, 2012-03-05 00:35:01, 32176
81105, 2012-03-05 00:40:01, 32449
81106, 2012-03-05 00:45:15, 32577
81107, 2012-03-05 00:50:01, 32590
81108, 2012-03-05 00:55:03, 32574
81109, 2012-03-05 01:00:01, 32519
81110, 2012-03-05 01:05:01, 32398
81111, 2012-03-05 01:10:01, 32585
81112, 2012-03-05 01:15:01, 32669
81113, 2012-03-05 01:20:01, 32664
81114, 2012-03-05 01:25:09, 32697
81115, 2012-03-05 01:30:01, 32595
81116, 2012-03-05 01:35:18, 32402
81117, 2012-03-05 01:40:01, 32054
81118, 2012-03-05 01:45:01, 31865
81119, 2012-03-05 01:50:04, 31824
81120, 2012-03-05 01:55:01, 31888
81121, 2012-03-05 02:00:01, 31886
81122, 2012-03-05 02:05:15, 31958
81123, 2012-03-05 02:10:01, 32265
81124, 2012-03-05 02:15:01, 32543
81125, 2012-03-05 02:20:01, 32598
81126, 2012-03-05 02:25:14, 32624
81127, 2012-03-05 02:30:01, 32481
81128, 2012-03-05 02:35:15, 32430
81129, 2012-03-05 02:40:01, 32681
81130, 2012-03-05 02:45:06, 32667
81131, 2012-03-05 02:50:01, 32573
81132, 2012-03-05 02:55:04, 32580
81133, 2012-03-05 03:00:01, 32404
81134, 2012-03-05 03:05:01, 32128
81135, 2012-03-05 03:10:01, 32190
81136, 2012-03-05 03:15:07, 32204
81137, 2012-03-05 03:20:01, 32242
81138, 2012-03-05 03:25:06, 32220
81139, 2012-03-05 03:30:04, 32082
81140, 2012-03-05 03:35:09, 31961
81141, 2012-03-05 03:40:01, 31959
81142, 2012-03-05 03:45:01, 31861
81143, 2012-03-05 03:50:02, 31698
81144, 2012-03-05 03:55:01, 31607
81145, 2012-03-05 04:00:01, 31447
81146, 2012-03-05 04:05:15, 31312
81147, 2012-03-05 04:10:02, 31386
81148, 2012-03-05 04:15:04, 31411
81149, 2012-03-05 04:20:01, 31357
81150, 2012-03-05 04:25:01, 31310
81151, 2012-03-05 04:30:01, 31210
81152, 2012-03-05 04:35:01, 31191
81153, 2012-03-05 04:40:01, 31370
81154, 2012-03-05 04:45:04, 31372
81155, 2012-03-05 04:50:01, 31399
81156, 2012-03-05 04:55:08, 31440
81157, 2012-03-05 05:00:01, 31438
81158, 2012-03-05 05:05:01, 31431
81159, 2012-03-05 05:10:01, 31454
81160, 2012-03-05 05:15:01, 31530
81161, 2012-03-05 05:20:02, 31648
81162, 2012-03-05 05:25:05, 31747
81163, 2012-03-05 05:30:01, 31881
81164, 2012-03-05 05:35:16, 31818
81165, 2012-03-05 05:40:01, 31932
81166, 2012-03-05 05:45:07, 32121
81167, 2012-03-05 05:50:01, 32373
81168, 2012-03-05 05:55:03, 32597
81169, 2012-03-05 06:00:02, 32874
81170, 2012-03-05 06:05:14, 33097
81171, 2012-03-05 06:10:02, 33603
81172, 2012-03-05 06:15:08, 34215
81173, 2012-03-05 06:20:02, 34829
81174, 2012-03-05 06:25:04, 35303
81175, 2012-03-05 06:30:02, 35540
81176, 2012-03-05 06:35:03, 35664
81177, 2012-03-05 06:40:01, 35951
81178, 2012-03-05 06:45:04, 36430
81179, 2012-03-05 06:50:01, 37005
81180, 2012-03-05 06:55:04, 37671
81181, 2012-03-05 07:00:01, 38327
81182, 2012-03-05 07:05:11, 38817
81183, 2012-03-05 07:10:01, 39375
81184, 2012-03-05 07:15:01, 40215
81185, 2012-03-05 07:20:01, 40888
81186, 2012-03-05 07:25:02, 41492
81187, 2012-03-05 07:30:01, 41856
81188, 2012-03-05 07:35:13, 42039
81189, 2012-03-05 07:40:02, 42059
81190, 2012-03-05 07:45:05, 42368
81191, 2012-03-05 07:50:01, 42479
81192, 2012-03-05 07:55:05, 42634
81193, 2012-03-05 08:00:01, 42836
81194, 2012-03-05 08:05:01, 42788
81195, 2012-03-05 08:10:01, 43096
81196, 2012-03-05 08:15:01, 43593
81197, 2012-03-05 08:20:01, 43813
81198, 2012-03-05 08:25:05, 43928
81199, 2012-03-05 08:30:01, 44143
81200, 2012-03-05 08:35:15, 44217
81201, 2012-03-05 08:40:01, 44206
81202, 2012-03-05 08:45:01, 44229
81203, 2012-03-05 08:50:02, 44334
81204, 2012-03-05 08:55:06, 44452
81205, 2012-03-05 09:00:01, 44576
81206, 2012-03-05 09:05:02, 44702
81207, 2012-03-05 09:10:01, 44742
81208, 2012-03-05 09:15:01, 45063
81209, 2012-03-05 09:20:01, 45281
81210, 2012-03-05 09:25:15, 45275
81211, 2012-03-05 09:30:01, 45326
81212, 2012-03-05 09:35:01, 45383
81213, 2012-03-05 09:40:01, 45449
81214, 2012-03-05 09:45:08, 45607
81215, 2012-03-05 09:50:01, 45737
81216, 2012-03-05 09:55:15, 45747
81217, 2012-03-05 10:00:01, 45874
81218, 2012-03-05 10:05:01, 45849
81219, 2012-03-05 10:10:01, 45754
81220, 2012-03-05 10:15:15, 45762
81221, 2012-03-05 10:20:02, 45696
81222, 2012-03-05 10:25:09, 45638
81223, 2012-03-05 10:30:01, 45663
81224, 2012-03-05 10:35:14, 45774
81225, 2012-03-05 10:40:01, 45812
81226, 2012-03-05 10:45:01, 45790
81227, 2012-03-05 10:50:01, 45796
81228, 2012-03-05 10:55:05, 45720
81229, 2012-03-05 11:00:02, 45722
81230, 2012-03-05 11:05:01, 45780
81231, 2012-03-05 11:10:01, 45764
81232, 2012-03-05 11:15:07, 45861
81233, 2012-03-05 11:20:01, 45822
81234, 2012-03-05 11:25:01, 45789
81235, 2012-03-05 11:30:01, 45744
81236, 2012-03-05 11:35:10, 45784
81237, 2012-03-05 11:40:01, 45776
81238, 2012-03-05 11:45:02, 45698
81239, 2012-03-05 11:50:02, 45637
81240, 2012-03-05 11:55:09, 45575
81241, 2012-03-05 12:00:01, 45630
81242, 2012-03-05 12:05:01, 45659
81243, 2012-03-05 12:10:02, 45730
81244, 2012-03-05 12:15:01, 45809
81245, 2012-03-05 12:20:01, 45772
81246, 2012-03-05 12:25:15, 45819
81247, 2012-03-05 12:30:01, 45738
81248, 2012-03-05 12:35:11, 45516
81249, 2012-03-05 12:40:01, 45512
81250, 2012-03-05 12:45:01, 45371
81251, 2012-03-05 12:50:01, 45283
81252, 2012-03-05 12:55:05, 45249
81253, 2012-03-05 13:00:01, 45131
81254, 2012-03-05 13:05:13, 45062
81255, 2012-03-05 13:10:01, 45125
81256, 2012-03-05 13:15:01, 45067
81257, 2012-03-05 13:20:02, 44989
81258, 2012-03-05 13:25:07, 44874
81259, 2012-03-05 13:30:01, 44708
81260, 2012-03-05 13:35:11, 44584
81261, 2012-03-05 13:40:01, 44648
81262, 2012-03-05 13:45:01, 44699
81263, 2012-03-05 13:50:02, 44637
81264, 2012-03-05 13:55:01, 44585
81265, 2012-03-05 14:00:01, 44579
81266, 2012-03-05 14:05:16, 44639
81267, 2012-03-05 14:10:01, 44813
81268, 2012-03-05 14:15:05, 44913
81269, 2012-03-05 14:20:01, 44907
81270, 2012-03-05 14:25:01, 44862
81271, 2012-03-05 14:30:01, 44633
81272, 2012-03-05 14:35:02, 44585
81273, 2012-03-05 14:40:01, 44577
81274, 2012-03-05 14:45:05, 44531
81275, 2012-03-05 14:50:01, 44456
81276, 2012-03-05 14:55:05, 44278
81277, 2012-03-05 15:00:01, 44252
81278, 2012-03-05 15:05:10, 44271
81279, 2012-03-05 15:10:01, 44288
81280, 2012-03-05 15:15:03, 44291
81281, 2012-03-05 15:20:01, 44206
81282, 2012-03-05 15:25:02, 44275
81283, 2012-03-05 15:30:01, 44284
81284, 2012-03-05 15:35:01, 44346
81285, 2012-03-05 15:40:01, 44368
81286, 2012-03-05 15:45:01, 44486
81287, 2012-03-05 15:50:01, 44593
81288, 2012-03-05 15:55:15, 44806
81289, 2012-03-05 16:00:01, 44894
81290, 2012-03-05 16:05:04, 45024
81291, 2012-03-05 16:10:01, 45178
81292, 2012-03-05 16:15:01, 45446
81293, 2012-03-05 16:20:01, 45665
81294, 2012-03-05 16:25:01, 45801
81295, 2012-03-05 16:30:01, 45867
81296, 2012-03-05 16:35:09, 45952
81297, 2012-03-05 16:40:01, 46163
81298, 2012-03-05 16:45:01, 46341
81299, 2012-03-05 16:50:02, 46506
81300, 2012-03-05 16:55:04, 46684
81301, 2012-03-05 17:00:02, 46730
81302, 2012-03-05 17:05:18, 47013
81303, 2012-03-05 17:10:02, 47134
81304, 2012-03-05 17:15:07, 47275
81305, 2012-03-05 17:20:01, 47422
81306, 2012-03-05 17:25:06, 47590
81307, 2012-03-05 17:30:01, 47620
81308, 2012-03-05 17:35:11, 47766
81309, 2012-03-05 17:40:01, 47887
81310, 2012-03-05 17:45:01, 47986
81311, 2012-03-05 17:50:01, 48126
81312, 2012-03-05 17:55:06, 48354
81313, 2012-03-05 18:00:01, 48586
81314, 2012-03-05 18:05:24, 49059
81315, 2012-03-05 18:10:02, 49896
81316, 2012-03-05 18:15:01, 50291
81317, 2012-03-05 18:20:01, 50729
81318, 2012-03-05 18:25:06, 51018
81319, 2012-03-05 18:30:01, 51117
81320, 2012-03-05 18:35:15, 51168
81321, 2012-03-05 18:40:02, 51291
81322, 2012-03-05 18:45:04, 51387
81323, 2012-03-05 18:50:01, 51358
81324, 2012-03-05 18:55:01, 51238
81325, 2012-03-05 19:00:01, 50997
81326, 2012-03-05 19:05:12, 50827
81327, 2012-03-05 19:10:01, 50793
81328, 2012-03-05 19:15:05, 50723
81329, 2012-03-05 19:20:01, 50659
81330, 2012-03-05 19:25:15, 50460
81331, 2012-03-05 19:30:04, 50088
81332, 2012-03-05 19:35:04, 49995
81333, 2012-03-05 19:40:01, 50067
81334, 2012-03-05 19:45:02, 49573
81335, 2012-03-05 19:50:01, 49057
81336, 2012-03-05 19:55:05, 48924
81337, 2012-03-05 20:00:01, 48560
81338, 2012-03-05 20:05:13, 48199
81339, 2012-03-05 20:10:01, 48623
81340, 2012-03-05 20:15:07, 48296
81341, 2012-03-05 20:20:01, 47898
81342, 2012-03-05 20:25:01, 47496
81343, 2012-03-05 20:30:01, 47064
81344, 2012-03-05 20:35:08, 46771
81345, 2012-03-05 20:40:02, 46431
81346, 2012-03-05 20:45:05, 46017
81347, 2012-03-05 20:50:01, 46010
81348, 2012-03-05 20:56:23, 45618
81349, 2012-03-05 21:00:01, 45209
81350, 2012-03-05 21:05:01, 45338
81351, 2012-03-05 21:10:01, 45416
81352, 2012-03-05 21:15:04, 44843
81353, 2012-03-05 21:20:01, 44577
81354, 2012-03-05 21:25:09, 44021
81355, 2012-03-05 21:30:01, 43552
81356, 2012-03-05 21:35:16, 43107
81357, 2012-03-05 21:40:01, 42800
81358, 2012-03-05 21:45:17, 42416
81359, 2012-03-05 21:50:01, 42065
81360, 2012-03-05 21:55:01, 41661
81361, 2012-03-05 22:00:01, 41365
81362, 2012-03-05 22:05:01, 40956
81363, 2012-03-05 22:10:01, 40975
81364, 2012-03-05 22:15:01, 40720
81365, 2012-03-05 22:20:01, 40204
81366, 2012-03-05 22:25:07, 39708
81367, 2012-03-05 22:30:01, 39296
81368, 2012-03-05 22:35:01, 38967
81369, 2012-03-05 22:40:01, 38990
81370, 2012-03-05 22:45:01, 38579
81371, 2012-03-05 22:50:01, 38176
81372, 2012-03-05 22:55:09, 37744
81373, 2012-03-05 23:00:02, 37375
81374, 2012-03-05 23:05:11, 36809
81375, 2012-03-05 23:10:02, 36432
81376, 2012-03-05 23:15:01, 36199
81377, 2012-03-05 23:20:01, 36043
81378, 2012-03-05 23:25:06, 35982
81379, 2012-03-05 23:30:01, 35878
81380, 2012-03-05 23:35:01, 35758
81381, 2012-03-05 23:40:01, 35780
81382, 2012-03-05 23:45:02, 35728
81383, 2012-03-05 23:50:01, 35540
81384, 2012-03-05 23:55:01, 35269
81385, 2012-03-06 00:00:02, 35023
81386, 2012-03-06 00:05:20, 35007
81387, 2012-03-06 00:10:01, 35442
81388, 2012-03-06 00:15:05, 35719
81389, 2012-03-06 00:20:01, 35730
81390, 2012-03-06 00:25:01, 35667
81391, 2012-03-06 00:30:02, 35586
81392, 2012-03-06 00:35:09, 35477
81393, 2012-03-06 00:40:01, 35621
81394, 2012-03-06 00:45:05, 35658
81395, 2012-03-06 00:50:01, 35538
81396, 2012-03-06 00:55:04, 35589
81397, 2012-03-06 01:00:04, 35556
81398, 2012-03-06 01:05:32, 35710
81399, 2012-03-06 01:10:01, 35868
81400, 2012-03-06 01:15:05, 35802
81401, 2012-03-06 01:23:49, 35569
81402, 2012-03-06 01:25:06, 35365
81403, 2012-03-06 01:30:01, 35466
81404, 2012-03-06 01:35:02, 35326
81405, 2012-03-06 01:40:01, 35251
81406, 2012-03-06 01:45:02, 34962
81407, 2012-03-06 01:50:01, 34820
81408, 2012-03-06 01:55:09, 34826
81409, 2012-03-06 02:00:01, 34793
81410, 2012-03-06 02:05:14, 34746
81411, 2012-03-06 02:10:01, 34744
81412, 2012-03-06 02:15:01, 34836
81413, 2012-03-06 02:20:01, 34613
81414, 2012-03-06 02:25:13, 34524
81415, 2012-03-06 02:30:01, 34487
81416, 2012-03-06 02:35:11, 34540
81417, 2012-03-06 02:40:01, 34811
81418, 2012-03-06 02:45:06, 34751
81419, 2012-03-06 02:50:01, 34634
81420, 2012-03-06 02:55:01, 34636
81421, 2012-03-06 03:00:01, 34558
81422, 2012-03-06 03:05:09, 34454
81423, 2012-03-06 03:10:01, 34525
81424, 2012-03-06 03:15:05, 34522
81425, 2012-03-06 03:20:04, 34411
81426, 2012-03-06 03:25:12, 34332
81427, 2012-03-06 03:30:03, 34262
81428, 2012-03-06 03:35:10, 34156
81429, 2012-03-06 03:40:01, 33922
81430, 2012-03-06 03:45:05, 33802
81431, 2012-03-06 03:50:04, 33715
81432, 2012-03-06 03:55:05, 33635
81433, 2012-03-06 04:00:02, 33570
81434, 2012-03-06 04:05:01, 33501
81435, 2012-03-06 04:10:01, 33497
81436, 2012-03-06 04:15:06, 33367
81437, 2012-03-06 04:20:01, 33320
81438, 2012-03-06 04:25:04, 33254
81439, 2012-03-06 04:30:01, 33141
81440, 2012-03-06 04:35:16, 33062
81441, 2012-03-06 04:40:01, 33081
81442, 2012-03-06 04:45:01, 33084
81443, 2012-03-06 04:50:01, 33067
81444, 2012-03-06 04:55:02, 33030
81445, 2012-03-06 05:00:01, 32934
81446, 2012-03-06 05:05:15, 32858
81447, 2012-03-06 05:10:02, 33419
81448, 2012-03-06 05:15:03, 33852
81449, 2012-03-06 05:20:19, 33924
81450, 2012-03-06 05:25:05, 34050
81451, 2012-03-06 05:30:01, 34129
81452, 2012-03-06 05:35:11, 34252
81453, 2012-03-06 05:40:01, 34519
81454, 2012-03-06 05:45:15, 34732
81455, 2012-03-06 05:50:02, 34737
81456, 2012-03-06 05:55:01, 34782
81457, 2012-03-06 06:00:02, 34779
81458, 2012-03-06 06:05:01, 34911
81459, 2012-03-06 06:10:01, 35493
81460, 2012-03-06 06:15:04, 36238
81461, 2012-03-06 06:20:01, 36821
81462, 2012-03-06 06:25:04, 37401
81463, 2012-03-06 06:30:01, 37735
81464, 2012-03-06 06:35:15, 37991
81465, 2012-03-06 06:40:01, 38367
81466, 2012-03-06 06:45:01, 38948
81467, 2012-03-06 06:50:01, 39490
81468, 2012-03-06 06:55:05, 39991
81469, 2012-03-06 07:00:01, 40706
81470, 2012-03-06 07:05:14, 41260
81471, 2012-03-06 07:10:14, 41741
81472, 2012-03-06 07:15:02, 42387
81473, 2012-03-06 07:20:01, 42757
81474, 2012-03-06 07:25:04, 43218
81475, 2012-03-06 07:30:01, 43665
81476, 2012-03-06 07:35:14, 43881
81477, 2012-03-06 07:40:03, 43959
81478, 2012-03-06 07:45:17, 44131
81479, 2012-03-06 07:50:02, 44375
81480, 2012-03-06 07:55:12, 44551
81481, 2012-03-06 08:00:01, 44804
81482, 2012-03-06 08:05:01, 45033
81483, 2012-03-06 08:10:01, 45213
81484, 2012-03-06 08:15:09, 45426
81485, 2012-03-06 08:20:01, 45600
81486, 2012-03-06 08:25:05, 45776
81487, 2012-03-06 08:30:01, 45771
81488, 2012-03-06 08:35:01, 45834
81489, 2012-03-06 08:40:02, 45853
81490, 2012-03-06 08:45:13, 45961
81491, 2012-03-06 08:50:01, 45976
81492, 2012-03-06 08:55:06, 45945
81493, 2012-03-06 09:00:01, 46166
81494, 2012-03-06 09:05:07, 46248
81495, 2012-03-06 09:10:01, 46276
81496, 2012-03-06 09:15:01, 46303
81497, 2012-03-06 09:20:01, 46369
81498, 2012-03-06 09:25:01, 46361
81499, 2012-03-06 09:30:04, 46443
81500, 2012-03-06 09:35:17, 46478
81501, 2012-03-06 09:40:01, 46514
81502, 2012-03-06 09:45:16, 46477
81503, 2012-03-06 09:50:01, 46418
81504, 2012-03-06 09:55:19, 46342
81505, 2012-03-06 10:00:01, 46327
81506, 2012-03-06 10:05:02, 46362
81507, 2012-03-06 10:10:01, 46232
81508, 2012-03-06 10:15:01, 46163
81509, 2012-03-06 10:20:01, 46054
81510, 2012-03-06 10:25:08, 45952
81511, 2012-03-06 10:30:01, 45959
81512, 2012-03-06 10:35:19, 45951
81513, 2012-03-06 10:40:01, 45994
81514, 2012-03-06 10:45:01, 45978
81515, 2012-03-06 10:50:01, 45946
81516, 2012-03-06 10:55:04, 45893
81517, 2012-03-06 11:00:01, 45916
81518, 2012-03-06 11:05:01, 45841
81519, 2012-03-06 11:10:01, 46058
81520, 2012-03-06 11:15:09, 46098
81521, 2012-03-06 11:20:02, 45999
81522, 2012-03-06 11:25:17, 45827
81523, 2012-03-06 11:30:01, 45801
81524, 2012-03-06 11:35:01, 45855
81525, 2012-03-06 11:40:01, 45874
81526, 2012-03-06 11:45:05, 45822
81527, 2012-03-06 11:50:01, 45880
81528, 2012-03-06 11:55:07, 45839
81529, 2012-03-06 12:00:01, 45832
81530, 2012-03-06 12:05:03, 45796
81531, 2012-03-06 12:10:01, 45751
81532, 2012-03-06 12:15:11, 45770
81533, 2012-03-06 12:20:01, 45798
81534, 2012-03-06 12:25:01, 45717
81535, 2012-03-06 12:30:01, 45608
81536, 2012-03-06 12:35:12, 45527
81537, 2012-03-06 12:40:02, 45533
81538, 2012-03-06 12:45:08, 45491
81539, 2012-03-06 12:50:01, 45379
81540, 2012-03-06 12:55:07, 45367
81541, 2012-03-06 13:00:01, 45250
81542, 2012-03-06 13:05:12, 45292
81543, 2012-03-06 13:10:02, 45326
81544, 2012-03-06 13:15:07, 45276
81545, 2012-03-06 13:20:04, 45233
81546, 2012-03-06 13:25:06, 45165
81547, 2012-03-06 13:30:01, 45130
81548, 2012-03-06 13:35:01, 45037
81549, 2012-03-06 13:40:01, 45086
81550, 2012-03-06 13:45:09, 45059
81551, 2012-03-06 13:50:01, 45071
81552, 2012-03-06 13:55:11, 45010
81553, 2012-03-06 14:00:01, 44914
81554, 2012-03-06 14:05:12, 44895
81555, 2012-03-06 14:10:01, 44753
81556, 2012-03-06 14:15:16, 44640
81557, 2012-03-06 14:20:01, 44566
81558, 2012-03-06 14:25:07, 44642
81559, 2012-03-06 14:30:01, 44516
81560, 2012-03-06 14:35:01, 44382
81561, 2012-03-06 14:40:01, 44304
81562, 2012-03-06 14:45:07, 44353
81563, 2012-03-06 14:50:01, 44279
81564, 2012-03-06 14:55:07, 44321
81565, 2012-03-06 15:00:02, 44291
81566, 2012-03-06 15:05:15, 44057
81567, 2012-03-06 15:10:01, 44194
81568, 2012-03-06 15:15:08, 44311
81569, 2012-03-06 15:20:01, 44311
81570, 2012-03-06 15:25:06, 44181
81571, 2012-03-06 15:30:01, 44161
81572, 2012-03-06 15:35:01, 44216
81573, 2012-03-06 15:40:02, 44323
81574, 2012-03-06 15:45:07, 44524
81575, 2012-03-06 15:50:04, 44663
81576, 2012-03-06 15:55:06, 44788
81577, 2012-03-06 16:00:01, 44877
81578, 2012-03-06 16:05:01, 45093
81579, 2012-03-06 16:10:01, 45159
81580, 2012-03-06 16:15:04, 44925
81581, 2012-03-06 16:20:01, 45490
81582, 2012-03-06 16:25:14, 45605
81583, 2012-03-06 16:30:01, 45721
81584, 2012-03-06 16:35:13, 45970
81585, 2012-03-06 16:40:05, 46307
81586, 2012-03-06 16:45:01, 46523
81587, 2012-03-06 16:50:01, 46334
81588, 2012-03-06 16:55:01, 46492
81589, 2012-03-06 17:00:01, 46545
81590, 2012-03-06 17:05:01, 46876
81591, 2012-03-06 17:10:01, 46920
81592, 2012-03-06 17:15:01, 46911
81593, 2012-03-06 17:20:01, 47131
81594, 2012-03-06 17:25:25, 47667
81595, 2012-03-06 17:30:01, 47849
81596, 2012-03-06 17:35:01, 47965
81597, 2012-03-06 17:40:05, 48159
81598, 2012-03-06 17:45:07, 48236
81599, 2012-03-06 17:50:01, 48468
81600, 2012-03-06 17:55:04, 48716
81601, 2012-03-06 18:00:04, 48878
81602, 2012-03-06 18:05:13, 49281
81603, 2012-03-06 18:10:01, 49952
81604, 2012-03-06 18:15:05, 50413
81605, 2012-03-06 18:20:01, 50745
81606, 2012-03-06 18:25:01, 50934
81607, 2012-03-06 18:30:01, 50929
81608, 2012-03-06 18:35:13, 50804
81609, 2012-03-06 18:40:01, 50917
81610, 2012-03-06 18:45:03, 51079
81611, 2012-03-06 18:50:02, 51066
81612, 2012-03-06 18:55:01, 50986
81613, 2012-03-06 19:00:01, 50762
81614, 2012-03-06 19:05:01, 50403
81615, 2012-03-06 19:10:01, 50272
81616, 2012-03-06 19:15:07, 50275
81617, 2012-03-06 19:20:01, 50263
81618, 2012-03-06 19:25:05, 49859
81619, 2012-03-06 19:30:03, 49585
81620, 2012-03-06 19:35:12, 49553
81621, 2012-03-06 19:40:01, 49491
81622, 2012-03-06 19:45:01, 49192
81623, 2012-03-06 19:50:01, 48974
81624, 2012-03-06 19:55:08, 48638
81625, 2012-03-06 20:00:01, 48139
81626, 2012-03-06 20:05:14, 47754
81627, 2012-03-06 20:10:01, 47897
81628, 2012-03-06 20:15:01, 47816
81629, 2012-03-06 20:20:01, 47491
81630, 2012-03-06 20:25:07, 47335
81631, 2012-03-06 20:30:01, 47018
81632, 2012-03-06 20:35:12, 46679
81633, 2012-03-06 20:40:01, 46283
81634, 2012-03-06 20:45:07, 46164
81635, 2012-03-06 20:50:05, 45737
81636, 2012-03-06 20:55:06, 45371
81637, 2012-03-06 21:00:01, 44978
81638, 2012-03-06 21:05:14, 44689
81639, 2012-03-06 21:10:01, 44675
81640, 2012-03-06 21:15:09, 44334
81641, 2012-03-06 21:20:01, 43965
81642, 2012-03-06 21:25:07, 43620
81643, 2012-03-06 21:30:03, 43114
81644, 2012-03-06 21:35:33, 42750
81645, 2012-03-06 21:40:01, 42436
81646, 2012-03-06 21:45:08, 41938
81647, 2012-03-06 21:50:02, 41641
81648, 2012-03-06 21:55:01, 41349
81649, 2012-03-06 22:00:03, 40904
81650, 2012-03-06 22:05:04, 40395
81651, 2012-03-06 22:10:01, 40061
81652, 2012-03-06 22:15:06, 39509
81653, 2012-03-06 22:20:01, 39135
81654, 2012-03-06 22:25:08, 38631
81655, 2012-03-06 22:30:01, 38065
81656, 2012-03-06 22:35:01, 37658
81657, 2012-03-06 22:40:44, 37614
81658, 2012-03-06 22:45:01, 37449
81659, 2012-03-06 22:50:01, 36984
81660, 2012-03-06 22:55:08, 36512
81661, 2012-03-06 23:00:04, 36074
81662, 2012-03-06 23:05:20, 35527
81663, 2012-03-06 23:10:01, 35616
81664, 2012-03-06 23:15:01, 35484
81665, 2012-03-06 23:20:04, 35317
81666, 2012-03-06 23:25:07, 35124
81667, 2012-03-06 23:30:04, 34829
81668, 2012-03-06 23:35:09, 34557
81669, 2012-03-06 23:40:01, 34465
81670, 2012-03-06 23:45:06, 34318
81671, 2012-03-06 23:50:01, 34110
81672, 2012-03-06 23:55:01, 33863
81673, 2012-03-07 00:00:02, 33517
81674, 2012-03-07 00:05:10, 33385
81675, 2012-03-07 00:10:01, 33901
81676, 2012-03-07 00:15:05, 33201
81677, 2012-03-07 00:20:03, 34343
81678, 2012-03-07 00:25:05, 34701
81679, 2012-03-07 00:30:01, 34757
81680, 2012-03-07 00:35:08, 34751
81681, 2012-03-07 00:40:01, 34936
81682, 2012-03-07 00:45:05, 34768
81683, 2012-03-07 00:50:04, 34833
81684, 2012-03-07 00:55:01, 34808
81685, 2012-03-07 01:00:01, 34680
81686, 2012-03-07 01:05:12, 34540
81687, 2012-03-07 01:10:01, 34546
81688, 2012-03-07 01:15:01, 34494
81689, 2012-03-07 01:20:04, 34383
81690, 2012-03-07 01:25:05, 34211
81691, 2012-03-07 01:30:01, 34098
81692, 2012-03-07 01:35:01, 33965
81693, 2012-03-07 01:40:04, 34099
81694, 2012-03-07 01:45:05, 33984
81695, 2012-03-07 01:50:01, 33740
81696, 2012-03-07 01:55:04, 33664
81697, 2012-03-07 02:00:01, 33527
81698, 2012-03-07 02:05:33, 33264
81699, 2012-03-07 02:10:01, 33148
81700, 2012-03-07 02:15:09, 33148
81701, 2012-03-07 02:20:01, 33071
81702, 2012-03-07 02:25:01, 33033
81703, 2012-03-07 02:30:18, 33014
81704, 2012-03-07 02:35:01, 33014
81705, 2012-03-07 02:40:02, 33232
81706, 2012-03-07 02:45:04, 33292
81707, 2012-03-07 02:50:01, 33170
81708, 2012-03-07 02:55:05, 33000
81709, 2012-03-07 03:00:01, 32799
81710, 2012-03-07 03:05:11, 32621
81711, 2012-03-07 03:10:01, 32900
81712, 2012-03-07 03:15:01, 32877
81713, 2012-03-07 03:20:01, 32759
81714, 2012-03-07 03:25:04, 32616
81715, 2012-03-07 03:30:01, 32423
81716, 2012-03-07 03:35:11, 32328
81717, 2012-03-07 03:40:01, 32273
81718, 2012-03-07 03:45:07, 32133
81719, 2012-03-07 03:50:01, 31982
81720, 2012-03-07 03:55:05, 31815
81721, 2012-03-07 04:00:04, 31580
81722, 2012-03-07 04:05:01, 31497
81723, 2012-03-07 04:10:01, 31387
81724, 2012-03-07 04:15:01, 31343
81725, 2012-03-07 04:20:01, 31272
81726, 2012-03-07 04:25:05, 31279
81727, 2012-03-07 04:30:01, 31209
81728, 2012-03-07 04:35:11, 31241
81729, 2012-03-07 04:40:01, 31307
81730, 2012-03-07 04:45:01, 31291
81731, 2012-03-07 04:50:01, 31206
81732, 2012-03-07 04:55:06, 31228
81733, 2012-03-07 05:00:01, 31196
81734, 2012-03-07 05:05:01, 31656
81735, 2012-03-07 05:10:01, 31952
81736, 2012-03-07 05:15:05, 32281
81737, 2012-03-07 05:20:01, 32474
81738, 2012-03-07 05:25:05, 32581
81739, 2012-03-07 05:30:07, 32615
81740, 2012-03-07 05:35:14, 32612
81741, 2012-03-07 05:40:01, 32804
81742, 2012-03-07 05:45:01, 33070
81743, 2012-03-07 05:50:02, 33327
81744, 2012-03-07 05:55:15, 33558
81745, 2012-03-07 06:00:01, 33859
81746, 2012-03-07 06:05:08, 34068
81747, 2012-03-07 06:10:01, 34672
81748, 2012-03-07 06:15:01, 35251
81749, 2012-03-07 06:20:01, 35855
81750, 2012-03-07 06:25:04, 35935
81751, 2012-03-07 06:30:01, 36226
81752, 2012-03-07 06:35:13, 36477
81753, 2012-03-07 06:40:01, 37006
81754, 2012-03-07 06:45:05, 37636
81755, 2012-03-07 06:50:01, 38195
81756, 2012-03-07 06:55:01, 38676
81757, 2012-03-07 07:00:01, 39313
81758, 2012-03-07 07:05:07, 39694
81759, 2012-03-07 07:10:04, 40084
81760, 2012-03-07 07:15:01, 40593
81761, 2012-03-07 07:20:01, 41171
81762, 2012-03-07 07:25:04, 41616
81763, 2012-03-07 07:30:01, 42132
81764, 2012-03-07 07:35:12, 42461
81765, 2012-03-07 07:40:01, 42649
81766, 2012-03-07 07:45:06, 42986
81767, 2012-03-07 07:50:01, 43212
81768, 2012-03-07 07:55:01, 43524
81769, 2012-03-07 08:00:02, 43825
81770, 2012-03-07 08:05:01, 43967
81771, 2012-03-07 08:10:01, 44014
81772, 2012-03-07 08:15:08, 44105
81773, 2012-03-07 08:20:01, 44286
81774, 2012-03-07 08:25:12, 44279
81775, 2012-03-07 08:30:24, 44332
81776, 2012-03-07 08:35:19, 44411
81777, 2012-03-07 08:40:03, 44363
81778, 2012-03-07 08:45:05, 44408
81779, 2012-03-07 08:50:02, 44428
81780, 2012-03-07 08:55:27, 44472
81781, 2012-03-07 09:00:01, 44603
81782, 2012-03-07 09:05:15, 44787
81783, 2012-03-07 09:10:01, 44929
81784, 2012-03-07 09:15:06, 45257
81785, 2012-03-07 09:20:05, 45468
81786, 2012-03-07 09:25:32, 45517
81787, 2012-03-07 09:30:03, 45562
81788, 2012-03-07 09:35:02, 45692
81789, 2012-03-07 09:40:01, 45701
81790, 2012-03-07 09:45:10, 45615
81791, 2012-03-07 09:50:01, 45600
81792, 2012-03-07 09:55:05, 45564
81793, 2012-03-07 10:00:02, 45723
81794, 2012-03-07 10:05:11, 45825
81795, 2012-03-07 10:10:01, 45833
81796, 2012-03-07 10:15:06, 45743
81797, 2012-03-07 10:20:01, 45668
81798, 2012-03-07 10:25:01, 45755
81799, 2012-03-07 10:30:01, 45870
81800, 2012-03-07 10:35:12, 45927
81801, 2012-03-07 10:40:01, 45939
81802, 2012-03-07 10:45:13, 45866
81803, 2012-03-07 10:50:05, 45828
81804, 2012-03-07 10:55:01, 45696
81805, 2012-03-07 11:00:04, 45622
81806, 2012-03-07 11:05:18, 45584
81807, 2012-03-07 11:10:01, 45744
81808, 2012-03-07 11:15:01, 45750
81809, 2012-03-07 11:20:01, 45757
81810, 2012-03-07 11:25:06, 45737
81811, 2012-03-07 11:30:01, 45730
81812, 2012-03-07 11:35:11, 45659
81813, 2012-03-07 11:40:05, 45690
81814, 2012-03-07 11:45:01, 45672
81815, 2012-03-07 11:50:01, 45706
81816, 2012-03-07 11:55:04, 45726
81817, 2012-03-07 12:00:02, 45627
81818, 2012-03-07 12:05:13, 45616
81819, 2012-03-07 12:10:01, 45729
81820, 2012-03-07 12:15:05, 45897
81821, 2012-03-07 12:20:01, 45628
81822, 2012-03-07 12:25:11, 45631
81823, 2012-03-07 12:30:04, 45601
81824, 2012-03-07 12:35:01, 45532
81825, 2012-03-07 12:40:01, 45550
81826, 2012-03-07 12:45:05, 45520
81827, 2012-03-07 12:50:01, 45412
81828, 2012-03-07 12:55:04, 45314
81829, 2012-03-07 13:00:01, 45231
81830, 2012-03-07 13:05:01, 45163
81831, 2012-03-07 13:10:03, 45020
81832, 2012-03-07 13:15:06, 44977
81833, 2012-03-07 13:20:01, 44787
81834, 2012-03-07 13:25:08, 44720
81835, 2012-03-07 13:30:01, 44610
81836, 2012-03-07 13:35:01, 44506
81837, 2012-03-07 13:40:01, 44602
81838, 2012-03-07 13:45:10, 44617
81839, 2012-03-07 13:50:01, 44588
81840, 2012-03-07 13:55:05, 44551
81841, 2012-03-07 14:00:01, 44553
81842, 2012-03-07 14:05:01, 44435
81843, 2012-03-07 14:10:01, 44568
81844, 2012-03-07 14:15:08, 44514
81845, 2012-03-07 14:20:01, 44441
81846, 2012-03-07 14:25:09, 44407
81847, 2012-03-07 14:30:01, 44344
81848, 2012-03-07 14:35:29, 44204
81849, 2012-03-07 14:40:01, 44041
81850, 2012-03-07 14:45:09, 43946
81851, 2012-03-07 14:50:04, 43946
81852, 2012-03-07 14:55:15, 43995
81853, 2012-03-07 15:00:01, 43967
81854, 2012-03-07 15:05:12, 43744
81855, 2012-03-07 15:10:01, 43693
81856, 2012-03-07 15:15:09, 43638
81857, 2012-03-07 15:20:02, 43576
81858, 2012-03-07 15:25:01, 43507
81859, 2012-03-07 15:30:01, 43472
81860, 2012-03-07 15:35:02, 43604
81861, 2012-03-07 15:40:01, 43790
81862, 2012-03-07 15:45:06, 44058
81863, 2012-03-07 15:50:09, 44260
81864, 2012-03-07 15:55:10, 44407
81865, 2012-03-07 16:00:01, 44861
81866, 2012-03-07 16:05:13, 44925
81867, 2012-03-07 16:10:37, 44925
81868, 2012-03-07 16:15:01, 44830
81869, 2012-03-07 16:20:01, 44861
81870, 2012-03-07 16:25:03, 45014
81871, 2012-03-07 16:30:02, 44822
81872, 2012-03-07 16:35:10, 45057
81873, 2012-03-07 16:40:01, 45256
81874, 2012-03-07 16:45:05, 45334
81875, 2012-03-07 16:50:01, 45481
81876, 2012-03-07 16:55:01, 45662
81877, 2012-03-07 17:00:05, 45779
81878, 2012-03-07 17:05:01, 45977
81879, 2012-03-07 17:10:01, 46029
81880, 2012-03-07 17:15:06, 46018
81881, 2012-03-07 17:20:02, 46152
81882, 2012-03-07 17:25:19, 46438
81883, 2012-03-07 17:30:01, 46529
81884, 2012-03-07 17:35:04, 46626
81885, 2012-03-07 17:40:01, 46688
81886, 2012-03-07 17:45:05, 46638
81887, 2012-03-07 17:50:03, 46766
81888, 2012-03-07 17:55:05, 46986
81889, 2012-03-07 18:00:03, 47187
81890, 2012-03-07 18:05:02, 47787
81891, 2012-03-07 18:10:01, 48454
81892, 2012-03-07 18:15:01, 48786
81893, 2012-03-07 18:20:01, 49173
81894, 2012-03-07 18:25:01, 49173
81895, 2012-03-07 18:30:14, 50147
81896, 2012-03-07 18:35:01, 50473
81897, 2012-03-07 18:40:04, 50760
81898, 2012-03-07 18:45:01, 50745
81899, 2012-03-07 18:50:01, 50720
81900, 2012-03-07 18:55:08, 50653
81901, 2012-03-07 19:00:01, 50491
81902, 2012-03-07 19:05:02, 50348
81903, 2012-03-07 19:10:01, 50212
81904, 2012-03-07 19:15:05, 50050
81905, 2012-03-07 19:20:01, 49875
81906, 2012-03-07 19:25:05, 49725
81907, 2012-03-07 19:30:01, 49393
81908, 2012-03-07 19:35:10, 49379
81909, 2012-03-07 19:40:02, 49305
81910, 2012-03-07 19:45:01, 48964
81911, 2012-03-07 19:50:01, 48692
81912, 2012-03-07 19:55:08, 48471
81913, 2012-03-07 20:00:01, 48186
81914, 2012-03-07 20:05:10, 48039
81915, 2012-03-07 20:10:01, 47907
81916, 2012-03-07 20:15:05, 47524
81917, 2012-03-07 20:20:01, 47532
81918, 2012-03-07 20:25:01, 46696
81919, 2012-03-07 20:30:01, 46618
81920, 2012-03-07 20:35:12, 46282
81921, 2012-03-07 20:40:01, 45898
81922, 2012-03-07 20:45:02, 45542
81923, 2012-03-07 20:50:01, 45195
81924, 2012-03-07 20:55:05, 44935
81925, 2012-03-07 21:00:01, 44696
81926, 2012-03-07 21:05:18, 44352
81927, 2012-03-07 21:10:01, 44378
81928, 2012-03-07 21:15:01, 43913
81929, 2012-03-07 21:20:02, 43544
81930, 2012-03-07 21:25:01, 43240
81931, 2012-03-07 21:30:01, 42869
81932, 2012-03-07 21:35:34, 42575
81933, 2012-03-07 21:40:13, 42253
81934, 2012-03-07 21:45:05, 41924
81935, 2012-03-07 21:50:02, 41476
81936, 2012-03-07 21:55:05, 41015
81937, 2012-03-07 22:00:01, 40710
81938, 2012-03-07 22:05:21, 40458
81939, 2012-03-07 22:10:02, 40470
81940, 2012-03-07 22:15:05, 40032
81941, 2012-03-07 22:20:02, 39518
81942, 2012-03-07 22:25:05, 39039
81943, 2012-03-07 22:30:03, 38539
81944, 2012-03-07 22:35:01, 38188
81945, 2012-03-07 22:40:01, 38055
81946, 2012-03-07 22:45:01, 37737
81947, 2012-03-07 22:50:01, 37342
81948, 2012-03-07 22:55:05, 36982
81949, 2012-03-07 23:00:01, 36548
81950, 2012-03-07 23:05:14, 36159
81951, 2012-03-07 23:10:01, 35790
81952, 2012-03-07 23:16:11, 35485
81953, 2012-03-07 23:20:01, 35077
81954, 2012-03-07 23:25:04, 34896
81955, 2012-03-07 23:30:01, 34528
81956, 2012-03-07 23:35:01, 34219
81957, 2012-03-07 23:40:01, 34242
81958, 2012-03-07 23:45:02, 34259
81959, 2012-03-07 23:50:01, 34062
81960, 2012-03-07 23:55:03, 33949
81961, 2012-03-08 00:00:03, 33782
81962, 2012-03-08 00:05:01, 33926
81963, 2012-03-08 00:10:01, 34201
81964, 2012-03-08 00:15:05, 34370
81965, 2012-03-08 00:20:01, 34412
81966, 2012-03-08 00:25:05, 34333
81967, 2012-03-08 00:30:03, 34328
81968, 2012-03-08 00:35:10, 34423
81969, 2012-03-08 00:40:01, 34509
81970, 2012-03-08 00:45:01, 34572
81971, 2012-03-08 00:50:04, 34544
81972, 2012-03-08 00:55:05, 34392
81973, 2012-03-08 01:00:05, 34335
81974, 2012-03-08 01:05:17, 34334
81975, 2012-03-08 01:10:01, 34562
81976, 2012-03-08 01:15:01, 34609
81977, 2012-03-08 01:20:01, 34550
81978, 2012-03-08 01:25:01, 34438
81979, 2012-03-08 01:30:01, 34401
81980, 2012-03-08 01:35:19, 34435
81981, 2012-03-08 01:40:01, 34516
81982, 2012-03-08 01:45:05, 34214
81983, 2012-03-08 01:50:01, 34033
81984, 2012-03-08 01:55:01, 33913
81985, 2012-03-08 02:00:03, 33802
81986, 2012-03-08 02:05:19, 33620
81987, 2012-03-08 02:10:01, 33564
81988, 2012-03-08 02:15:06, 33655
81989, 2012-03-08 02:20:01, 33599
81990, 2012-03-08 02:25:06, 33497
81991, 2012-03-08 02:30:01, 33448
81992, 2012-03-08 02:35:11, 33460
81993, 2012-03-08 02:40:01, 33687
81994, 2012-03-08 02:45:01, 33707
81995, 2012-03-08 02:50:01, 33632
81996, 2012-03-08 02:55:10, 33572
81997, 2012-03-08 03:00:05, 33530
81998, 2012-03-08 03:05:12, 33551
81999, 2012-03-08 03:10:04, 33720
82000, 2012-03-08 03:15:05, 33721
82001, 2012-03-08 03:20:01, 33713
82002, 2012-03-08 03:25:08, 33665
82003, 2012-03-08 03:30:01, 33577
82004, 2012-03-08 03:35:01, 33317
82005, 2012-03-08 03:40:02, 33228
82006, 2012-03-08 03:45:04, 33247
82007, 2012-03-08 03:50:01, 33175
82008, 2012-03-08 03:55:05, 33081
82009, 2012-03-08 04:00:03, 32949
82010, 2012-03-08 04:05:01, 32788
82011, 2012-03-08 04:10:01, 32806
82012, 2012-03-08 04:15:01, 32709
82013, 2012-03-08 04:20:01, 32699
82014, 2012-03-08 04:25:12, 32786
82015, 2012-03-08 04:30:01, 32670
82016, 2012-03-08 04:35:01, 32601
82017, 2012-03-08 04:40:01, 32636
82018, 2012-03-08 04:45:04, 32636
82019, 2012-03-08 04:50:01, 32637
82020, 2012-03-08 04:55:16, 32701
82021, 2012-03-08 05:00:03, 32721
82022, 2012-03-08 05:05:13, 32277
82023, 2012-03-08 05:10:01, 32718
82024, 2012-03-08 05:15:01, 33234
82025, 2012-03-08 05:20:01, 33385
82026, 2012-03-08 05:25:22, 33353
82027, 2012-03-08 05:30:01, 33313
82028, 2012-03-08 05:35:15, 33376
82029, 2012-03-08 05:40:01, 33680
82030, 2012-03-08 05:45:05, 33977
82031, 2012-03-08 05:50:07, 34160
82032, 2012-03-08 05:55:01, 34459
82033, 2012-03-08 06:00:01, 34898
82034, 2012-03-08 06:05:06, 35156
82035, 2012-03-08 06:10:01, 35862
82036, 2012-03-08 06:15:05, 36700
82037, 2012-03-08 06:20:01, 37233
82038, 2012-03-08 06:25:14, 37342
82039, 2012-03-08 06:30:01, 37387
82040, 2012-03-08 06:35:01, 37426
82041, 2012-03-08 06:40:01, 37582
82042, 2012-03-08 06:45:07, 38069
82043, 2012-03-08 06:50:01, 38723
82044, 2012-03-08 06:55:05, 39206
82045, 2012-03-08 07:00:01, 39803
82046, 2012-03-08 07:05:11, 40284
82047, 2012-03-08 07:10:01, 40594
82048, 2012-03-08 07:15:01, 41096
82049, 2012-03-08 07:20:01, 41750
82050, 2012-03-08 07:25:06, 42240
82051, 2012-03-08 07:30:02, 42638
82052, 2012-03-08 07:35:10, 42902
82053, 2012-03-08 07:40:04, 42987
82054, 2012-03-08 07:45:06, 43301
82055, 2012-03-08 07:50:04, 43561
82056, 2012-03-08 07:55:01, 43708
82057, 2012-03-08 08:00:04, 43916
82058, 2012-03-08 08:05:18, 44089
82059, 2012-03-08 08:10:01, 44229
82060, 2012-03-08 08:15:01, 44475
82061, 2012-03-08 08:20:01, 44654
82062, 2012-03-08 08:25:08, 44688
82063, 2012-03-08 08:30:01, 44726
82064, 2012-03-08 08:35:01, 44678
82065, 2012-03-08 08:40:01, 44578
82066, 2012-03-08 08:45:01, 44586
82067, 2012-03-08 08:50:03, 44569
82068, 2012-03-08 08:55:05, 44514
82069, 2012-03-08 09:00:01, 44521
82070, 2012-03-08 09:05:01, 44596
82071, 2012-03-08 09:10:01, 44637
82072, 2012-03-08 09:15:06, 44832
82073, 2012-03-08 09:20:01, 44910
82074, 2012-03-08 09:25:01, 44914
82075, 2012-03-08 09:30:02, 44982
82076, 2012-03-08 09:35:16, 45063
82077, 2012-03-08 09:40:01, 45065
82078, 2012-03-08 09:45:01, 45040
82079, 2012-03-08 09:50:04, 44966
82080, 2012-03-08 09:55:09, 45012
82081, 2012-03-08 10:00:01, 44961
82082, 2012-03-08 10:05:02, 45044
82083, 2012-03-08 10:10:01, 44947
82084, 2012-03-08 10:15:06, 44874
82085, 2012-03-08 10:20:01, 44794
82086, 2012-03-08 10:25:01, 44704
82087, 2012-03-08 10:30:01, 44758
82088, 2012-03-08 10:35:01, 44758
82089, 2012-03-08 10:40:05, 44777
82090, 2012-03-08 10:45:07, 44725
82091, 2012-03-08 10:50:02, 44766
82092, 2012-03-08 10:55:06, 44729
82093, 2012-03-08 11:00:04, 44700
82094, 2012-03-08 11:05:01, 44815
82095, 2012-03-08 11:10:01, 44983
82096, 2012-03-08 11:15:05, 45072
82097, 2012-03-08 11:20:01, 45065
82098, 2012-03-08 11:25:10, 44991
82099, 2012-03-08 11:30:01, 44981
82100, 2012-03-08 11:35:01, 44898
82101, 2012-03-08 11:40:02, 44883
82102, 2012-03-08 11:45:08, 44886
82103, 2012-03-08 11:50:01, 44840
82104, 2012-03-08 11:55:05, 44903
82105, 2012-03-08 12:00:03, 44918
82106, 2012-03-08 12:05:01, 44934
82107, 2012-03-08 12:10:01, 44882
82108, 2012-03-08 12:15:09, 44916
82109, 2012-03-08 12:20:01, 44888
82110, 2012-03-08 12:25:09, 44850
82111, 2012-03-08 12:30:01, 44769
82112, 2012-03-08 12:35:16, 44718
82113, 2012-03-08 12:40:01, 44668
82114, 2012-03-08 12:45:17, 44579
82115, 2012-03-08 12:50:01, 44455
82116, 2012-03-08 12:55:06, 44440
82117, 2012-03-08 13:00:01, 44394
82118, 2012-03-08 13:05:01, 44329
82119, 2012-03-08 13:10:01, 44305
82120, 2012-03-08 13:15:05, 44201
82121, 2012-03-08 13:20:01, 44232
82122, 2012-03-08 13:25:15, 44234
82123, 2012-03-08 13:30:01, 44138
82124, 2012-03-08 13:35:08, 44074
82125, 2012-03-08 13:40:02, 44167
82126, 2012-03-08 13:45:09, 44194
82127, 2012-03-08 13:50:01, 44174
82128, 2012-03-08 13:55:04, 44204
82129, 2012-03-08 14:00:01, 44111
82130, 2012-03-08 14:05:01, 44025
82131, 2012-03-08 14:10:01, 44089
82132, 2012-03-08 14:15:01, 44180
82133, 2012-03-08 14:20:01, 44174
82134, 2012-03-08 14:25:01, 44167
82135, 2012-03-08 14:30:01, 44194
82136, 2012-03-08 14:35:04, 44121
82137, 2012-03-08 14:40:05, 44074
82138, 2012-03-08 14:45:07, 43963
82139, 2012-03-08 14:50:01, 43830
82140, 2012-03-08 14:55:05, 43854
82141, 2012-03-08 15:00:01, 43786
82142, 2012-03-08 15:05:09, 43610
82143, 2012-03-08 15:10:01, 43627
82144, 2012-03-08 15:15:04, 43703
82145, 2012-03-08 15:20:01, 43717
82146, 2012-03-08 15:25:01, 43727
82147, 2012-03-08 15:30:01, 43709
82148, 2012-03-08 15:35:02, 43824
82149, 2012-03-08 15:40:01, 43950
82150, 2012-03-08 15:45:01, 44034
82151, 2012-03-08 15:50:05, 44230
82152, 2012-03-08 15:55:04, 44333
82153, 2012-03-08 16:00:04, 44427
82154, 2012-03-08 16:05:20, 44481
82155, 2012-03-08 16:10:01, 44541
82156, 2012-03-08 16:15:06, 44683
82157, 2012-03-08 16:20:01, 44815
82158, 2012-03-08 16:25:10, 44930
82159, 2012-03-08 16:30:02, 45130
82160, 2012-03-08 16:35:04, 45280
82161, 2012-03-08 16:40:01, 45429
82162, 2012-03-08 16:45:08, 45519
82163, 2012-03-08 16:50:01, 45755
82164, 2012-03-08 16:55:04, 45895
82165, 2012-03-08 17:00:02, 45961
82166, 2012-03-08 17:05:01, 46140
82167, 2012-03-08 17:10:02, 46213
82168, 2012-03-08 17:15:01, 46264
82169, 2012-03-08 17:20:04, 46387
82170, 2012-03-08 17:25:06, 46614
82171, 2012-03-08 17:30:01, 46615
82172, 2012-03-08 17:35:01, 46615
82173, 2012-03-08 17:40:10, 46737
82174, 2012-03-08 17:45:05, 46865
82175, 2012-03-08 17:50:01, 47050
82176, 2012-03-08 17:55:03, 47279
82177, 2012-03-08 18:00:01, 47462
82178, 2012-03-08 18:05:12, 47871
82179, 2012-03-08 18:10:04, 48644
82180, 2012-03-08 18:15:02, 48962
82181, 2012-03-08 18:20:01, 49347
82182, 2012-03-08 18:25:05, 49714
82183, 2012-03-08 18:30:04, 49939
82184, 2012-03-08 18:35:01, 50124
82185, 2012-03-08 18:40:01, 50377
82186, 2012-03-08 18:45:08, 50407
82187, 2012-03-08 18:50:01, 50357
82188, 2012-03-08 18:55:05, 50225
82189, 2012-03-08 19:00:05, 50213
82190, 2012-03-08 19:05:11, 50090
82191, 2012-03-08 19:10:01, 49941
82192, 2012-03-08 19:15:01, 49738
82193, 2012-03-08 19:20:01, 49636
82194, 2012-03-08 19:25:05, 49273
82195, 2012-03-08 19:30:01, 48960
82196, 2012-03-08 19:35:09, 48614
82197, 2012-03-08 19:40:02, 48505
82198, 2012-03-08 19:46:04, 48505
82199, 2012-03-08 19:50:43, 48505
82200, 2012-03-08 19:55:05, 47699
82201, 2012-03-08 20:00:01, 47397
82202, 2012-03-08 20:05:15, 47364
82203, 2012-03-08 20:10:03, 47534
82204, 2012-03-08 20:15:01, 47178
82205, 2012-03-08 20:20:01, 46837
82206, 2012-03-08 20:25:06, 46538
82207, 2012-03-08 20:30:01, 46055
82208, 2012-03-08 20:35:10, 45866
82209, 2012-03-08 20:40:01, 45668
82210, 2012-03-08 20:45:05, 45248
82211, 2012-03-08 20:50:01, 45100
82212, 2012-03-08 20:55:01, 44712
82213, 2012-03-08 21:00:02, 44440
82214, 2012-03-08 21:05:15, 44346
82215, 2012-03-08 21:10:01, 44447
82216, 2012-03-08 21:15:01, 43906
82217, 2012-03-08 21:20:04, 43465
82218, 2012-03-08 21:25:09, 43004
82219, 2012-03-08 21:30:01, 42629
82220, 2012-03-08 21:35:15, 42313
82221, 2012-03-08 21:40:01, 42041
82222, 2012-03-08 21:45:02, 41495
82223, 2012-03-08 21:50:03, 41043
82224, 2012-03-08 21:55:05, 40650
82225, 2012-03-08 22:00:01, 40286
82226, 2012-03-08 22:05:02, 39972
82227, 2012-03-08 22:10:01, 39914
82228, 2012-03-08 22:15:04, 39442
82229, 2012-03-08 22:20:01, 38971
82230, 2012-03-08 22:25:01, 38484
82231, 2012-03-08 22:30:01, 38045
82232, 2012-03-08 22:35:11, 37626
82233, 2012-03-08 22:40:01, 37666
82234, 2012-03-08 22:45:06, 37464
82235, 2012-03-08 22:50:02, 37049
82236, 2012-03-08 22:55:01, 36566
82237, 2012-03-08 23:00:01, 36127
82238, 2012-03-08 23:05:12, 35681
82239, 2012-03-08 23:10:02, 35460
82240, 2012-03-08 23:15:05, 34912
82241, 2012-03-08 23:20:01, 34835
82242, 2012-03-08 23:25:03, 34713
82243, 2012-03-08 23:30:13, 34312
82244, 2012-03-08 23:35:01, 33953
82245, 2012-03-08 23:40:01, 34001
82246, 2012-03-08 23:45:05, 34237
82247, 2012-03-08 23:50:01, 34123
82248, 2012-03-08 23:55:10, 33940
82249, 2012-03-09 00:00:01, 33684
82250, 2012-03-09 00:05:01, 33479
82251, 2012-03-09 00:10:01, 33731
82252, 2012-03-09 00:15:07, 34128
82253, 2012-03-09 00:20:01, 34472
82254, 2012-03-09 00:25:04, 34578
82255, 2012-03-09 00:30:02, 34542
82256, 2012-03-09 00:35:01, 34395
82257, 2012-03-09 00:40:01, 34544
82258, 2012-03-09 00:45:01, 34679
82259, 2012-03-09 00:50:01, 34646
82260, 2012-03-09 00:55:04, 34528
82261, 2012-03-09 01:00:01, 34303
82262, 2012-03-09 01:05:01, 34157
82263, 2012-03-09 01:10:01, 34260
82264, 2012-03-09 01:15:01, 34267
82265, 2012-03-09 01:20:01, 34196
82266, 2012-03-09 01:25:14, 34148
82267, 2012-03-09 01:30:01, 34201
82268, 2012-03-09 01:35:11, 34024
82269, 2012-03-09 01:40:01, 33966
82270, 2012-03-09 01:45:01, 33722
82271, 2012-03-09 01:50:01, 33580
82272, 2012-03-09 01:55:08, 33404
82273, 2012-03-09 02:00:01, 33145
82274, 2012-03-09 02:05:09, 32964
82275, 2012-03-09 02:10:01, 33098
82276, 2012-03-09 02:15:05, 33193
82277, 2012-03-09 02:20:01, 33110
82278, 2012-03-09 02:25:01, 32965
82279, 2012-03-09 02:30:01, 32858
82280, 2012-03-09 02:35:15, 32774
82281, 2012-03-09 02:40:01, 32964
82282, 2012-03-09 02:45:04, 32969
82283, 2012-03-09 02:50:01, 32869
82284, 2012-03-09 02:55:04, 32765
82285, 2012-03-09 03:00:02, 32646
82286, 2012-03-09 03:05:09, 32479
82287, 2012-03-09 03:10:01, 32429
82288, 2012-03-09 03:15:05, 32341
82289, 2012-03-09 03:20:01, 32200
82290, 2012-03-09 03:25:01, 31953
82291, 2012-03-09 03:30:01, 31684
82292, 2012-03-09 03:35:14, 31496
82293, 2012-03-09 03:40:01, 31663
82294, 2012-03-09 03:45:07, 31640
82295, 2012-03-09 03:50:01, 31544
82296, 2012-03-09 03:55:05, 31461
82297, 2012-03-09 04:00:01, 31342
82298, 2012-03-09 04:05:01, 31225
82299, 2012-03-09 04:10:01, 31274
82300, 2012-03-09 04:15:06, 31262
82301, 2012-03-09 04:20:01, 31208
82302, 2012-03-09 04:25:06, 31129
82303, 2012-03-09 04:30:01, 31033
82304, 2012-03-09 04:35:11, 31006
82305, 2012-03-09 04:40:03, 31060
82306, 2012-03-09 04:45:01, 31066
82307, 2012-03-09 04:50:01, 31031
82308, 2012-03-09 04:55:05, 31115
82309, 2012-03-09 05:00:01, 31204
82310, 2012-03-09 05:05:01, 31713
82311, 2012-03-09 05:10:01, 32400
82312, 2012-03-09 05:15:02, 33186
82313, 2012-03-09 05:20:01, 33504
82314, 2012-03-09 05:25:21, 33757
82315, 2012-03-09 05:30:01, 33682
82316, 2012-03-09 05:35:14, 33677
82317, 2012-03-09 05:40:01, 33746
82318, 2012-03-09 05:45:05, 33793
82319, 2012-03-09 05:50:05, 33862
82320, 2012-03-09 05:55:01, 33917
82321, 2012-03-09 06:00:01, 34033
82322, 2012-03-09 06:05:11, 34277
82323, 2012-03-09 06:10:01, 34961
82324, 2012-03-09 06:15:05, 35651
82325, 2012-03-09 06:20:01, 36147
82326, 2012-03-09 06:25:01, 36527
82327, 2012-03-09 06:30:01, 36856
82328, 2012-03-09 06:35:10, 37087
82329, 2012-03-09 06:40:02, 37447
82330, 2012-03-09 06:45:04, 37924
82331, 2012-03-09 06:50:01, 38418
82332, 2012-03-09 06:55:01, 38964
82333, 2012-03-09 07:00:01, 39347
82334, 2012-03-09 07:05:12, 39403
82335, 2012-03-09 07:10:04, 39537
82336, 2012-03-09 07:15:05, 40281
82337, 2012-03-09 07:20:01, 41068
82338, 2012-03-09 07:25:08, 41557
82339, 2012-03-09 07:30:02, 41859
82340, 2012-03-09 07:35:04, 42138
82341, 2012-03-09 07:40:02, 42308
82342, 2012-03-09 07:45:01, 42424
82343, 2012-03-09 07:50:01, 42543
82344, 2012-03-09 07:55:05, 42650
82345, 2012-03-09 08:00:01, 43012
82346, 2012-03-09 08:05:10, 43194
82347, 2012-03-09 08:10:01, 43302
82348, 2012-03-09 08:15:08, 43336
82349, 2012-03-09 08:20:01, 43380
82350, 2012-03-09 08:25:16, 43472
82351, 2012-03-09 08:30:01, 43520
82352, 2012-03-09 08:35:22, 43556
82353, 2012-03-09 08:40:01, 43554
82354, 2012-03-09 08:45:08, 43602
82355, 2012-03-09 08:50:01, 43705
82356, 2012-03-09 08:55:03, 43871
82357, 2012-03-09 09:00:01, 44010
82358, 2012-03-09 09:05:25, 44297
82359, 2012-03-09 09:10:01, 44413
82360, 2012-03-09 09:15:16, 44403
82361, 2012-03-09 09:20:01, 44548
82362, 2012-03-09 09:25:13, 44495
82363, 2012-03-09 09:30:01, 44659
82364, 2012-03-09 09:35:01, 44689
82365, 2012-03-09 09:40:02, 44689
82366, 2012-03-09 09:45:10, 44730
82367, 2012-03-09 09:50:01, 44706
82368, 2012-03-09 09:55:09, 44692
82369, 2012-03-09 10:00:01, 44645
82370, 2012-03-09 10:05:14, 44595
82371, 2012-03-09 10:10:01, 44592
82372, 2012-03-09 10:15:04, 44600
82373, 2012-03-09 10:20:01, 44552
82374, 2012-03-09 10:25:01, 44362
82375, 2012-03-09 10:30:01, 44439
82376, 2012-03-09 10:35:13, 44539
82377, 2012-03-09 10:40:01, 44626
82378, 2012-03-09 10:45:12, 44604
82379, 2012-03-09 10:50:14, 44477
82380, 2012-03-09 10:55:01, 44434
82381, 2012-03-09 11:00:01, 44442
82382, 2012-03-09 11:05:01, 44487
82383, 2012-03-09 11:10:01, 44662
82384, 2012-03-09 11:15:04, 44559
82385, 2012-03-09 11:20:01, 44530
82386, 2012-03-09 11:25:05, 44496
82387, 2012-03-09 11:30:02, 44454
82388, 2012-03-09 11:35:10, 44445
82389, 2012-03-09 11:40:01, 44481
82390, 2012-03-09 11:45:01, 44473
82391, 2012-03-09 11:50:01, 44427
82392, 2012-03-09 11:55:02, 44333
82393, 2012-03-09 12:00:01, 44310
82394, 2012-03-09 12:05:01, 44298
82395, 2012-03-09 12:10:01, 44402
82396, 2012-03-09 12:15:06, 44458
82397, 2012-03-09 12:20:01, 44434
82398, 2012-03-09 12:25:06, 44387
82399, 2012-03-09 12:30:01, 44351
82400, 2012-03-09 12:35:01, 44254
82401, 2012-03-09 12:40:01, 44232
82402, 2012-03-09 12:45:06, 44112
82403, 2012-03-09 12:50:01, 44033
82404, 2012-03-09 12:55:01, 44022
82405, 2012-03-09 13:00:01, 43955
82406, 2012-03-09 13:05:01, 43828
82407, 2012-03-09 13:10:02, 43758
82408, 2012-03-09 13:15:02, 43754
82409, 2012-03-09 13:20:01, 43662
82410, 2012-03-09 13:25:06, 43633
82411, 2012-03-09 13:30:01, 43528
82412, 2012-03-09 13:35:07, 43814
82413, 2012-03-09 13:40:02, 43598
82414, 2012-03-09 13:45:01, 43640
82415, 2012-03-09 13:50:01, 43578
82416, 2012-03-09 13:55:01, 43521
82417, 2012-03-09 14:00:02, 43443
82418, 2012-03-09 14:05:14, 43317
82419, 2012-03-09 14:10:01, 43407
82420, 2012-03-09 14:15:05, 43489
82421, 2012-03-09 14:20:02, 43386
82422, 2012-03-09 14:25:01, 43347
82423, 2012-03-09 14:30:04, 43301
82424, 2012-03-09 14:35:11, 43184
82425, 2012-03-09 14:40:01, 43071
82426, 2012-03-09 14:45:05, 43009
82427, 2012-03-09 14:50:01, 42915
82428, 2012-03-09 14:55:04, 42900
82429, 2012-03-09 15:00:03, 42859
82430, 2012-03-09 15:05:16, 42651
82431, 2012-03-09 15:10:04, 42547
82432, 2012-03-09 15:15:05, 42401
82433, 2012-03-09 15:20:01, 42349
82434, 2012-03-09 15:25:05, 42345
82435, 2012-03-09 15:30:01, 42358
82436, 2012-03-09 15:35:11, 42405
82437, 2012-03-09 15:40:04, 42404
82438, 2012-03-09 15:45:03, 42489
82439, 2012-03-09 15:50:01, 42541
82440, 2012-03-09 15:55:03, 42728
82441, 2012-03-09 16:00:05, 42929
82442, 2012-03-09 16:05:01, 43074
82443, 2012-03-09 16:10:04, 43048
82444, 2012-03-09 16:15:05, 43170
82445, 2012-03-09 16:20:01, 43341
82446, 2012-03-09 16:25:04, 43490
82447, 2012-03-09 16:30:01, 43652
82448, 2012-03-09 16:35:01, 43908
82449, 2012-03-09 16:40:01, 44129
82450, 2012-03-09 16:45:05, 44253
82451, 2012-03-09 16:50:01, 44444
82452, 2012-03-09 16:55:01, 44632
82453, 2012-03-09 17:00:01, 44666
82454, 2012-03-09 17:05:15, 44944
82455, 2012-03-09 17:10:04, 45169
82456, 2012-03-09 17:15:01, 45236
82457, 2012-03-09 17:20:01, 45332
82458, 2012-03-09 17:25:05, 45461
82459, 2012-03-09 17:30:04, 45568
82460, 2012-03-09 17:35:11, 45570
82461, 2012-03-09 17:40:01, 45773
82462, 2012-03-09 17:45:05, 45777
82463, 2012-03-09 17:50:01, 45834
82464, 2012-03-09 17:55:01, 46023
82465, 2012-03-09 18:00:01, 46140
82466, 2012-03-09 18:05:13, 46457
82467, 2012-03-09 18:10:02, 46933
82468, 2012-03-09 18:15:04, 47183
82469, 2012-03-09 18:20:01, 47443
82470, 2012-03-09 18:25:01, 47740
82471, 2012-03-09 18:30:04, 47920
82472, 2012-03-09 18:35:06, 48078
82473, 2012-03-09 18:40:01, 48311
82474, 2012-03-09 18:45:04, 48297
82475, 2012-03-09 18:50:01, 48277
82476, 2012-03-09 18:55:06, 48188
82477, 2012-03-09 19:00:01, 48116
82478, 2012-03-09 19:05:01, 48072
82479, 2012-03-09 19:10:01, 47986
82480, 2012-03-09 19:15:01, 47728
82481, 2012-03-09 19:20:04, 47542
82482, 2012-03-09 19:25:05, 47175
82483, 2012-03-09 19:30:02, 46849
82484, 2012-03-09 19:35:10, 46691
82485, 2012-03-09 19:40:03, 46568
82486, 2012-03-09 19:45:08, 46136
82487, 2012-03-09 19:50:01, 45821
82488, 2012-03-09 19:55:23, 45572
82489, 2012-03-09 20:00:01, 45104
82490, 2012-03-09 20:05:01, 44850
82491, 2012-03-09 20:10:01, 44981
82492, 2012-03-09 20:15:01, 44619
82493, 2012-03-09 20:20:01, 44296
82494, 2012-03-09 20:25:04, 43886
82495, 2012-03-09 20:30:04, 43476
82496, 2012-03-09 20:35:11, 43329
82497, 2012-03-09 20:40:01, 43137
82498, 2012-03-09 20:45:01, 42759
82499, 2012-03-09 20:50:03, 42727
82500, 2012-03-09 20:55:02, 42306
82501, 2012-03-09 21:00:01, 41895
82502, 2012-03-09 21:05:12, 41920
82503, 2012-03-09 21:10:01, 41774
82504, 2012-03-09 21:15:11, 41317
82505, 2012-03-09 21:20:01, 40861
82506, 2012-03-09 21:25:01, 40581
82507, 2012-03-09 21:30:03, 40236
82508, 2012-03-09 21:35:05, 39998
82509, 2012-03-09 21:40:01, 39646
82510, 2012-03-09 21:45:05, 39219
82511, 2012-03-09 21:50:01, 38984
82512, 2012-03-09 21:55:04, 38693
82513, 2012-03-09 22:00:01, 38343
82514, 2012-03-09 22:05:01, 38066
82515, 2012-03-09 22:10:01, 38146
82516, 2012-03-09 22:15:02, 37729
82517, 2012-03-09 22:20:01, 37286
82518, 2012-03-09 22:25:04, 36909
82519, 2012-03-09 22:30:02, 36558
82520, 2012-03-09 22:35:10, 36208
82521, 2012-03-09 22:40:02, 36269
82522, 2012-03-09 22:45:01, 36126
82523, 2012-03-09 22:50:01, 35749
82524, 2012-03-09 22:55:03, 35443
82525, 2012-03-09 23:00:01, 35111
82526, 2012-03-09 23:05:10, 34803
82527, 2012-03-09 23:10:01, 34738
82528, 2012-03-09 23:15:05, 34411
82529, 2012-03-09 23:20:02, 34084
82530, 2012-03-09 23:25:05, 33852
82531, 2012-03-09 23:30:01, 33603
82532, 2012-03-09 23:35:11, 33491
82533, 2012-03-09 23:40:01, 33644
82534, 2012-03-09 23:45:04, 33597
82535, 2012-03-09 23:50:02, 33429
82536, 2012-03-09 23:55:04, 33063
82537, 2012-03-10 00:00:02, 32816
82538, 2012-03-10 00:05:01, 32684
82539, 2012-03-10 00:10:02, 32965
82540, 2012-03-10 00:15:05, 33119
82541, 2012-03-10 00:20:02, 33201
82542, 2012-03-10 00:25:13, 33242
82543, 2012-03-10 00:30:01, 33220
82544, 2012-03-10 00:35:11, 33234
82545, 2012-03-10 00:40:01, 33389
82546, 2012-03-10 00:45:02, 33251
82547, 2012-03-10 00:50:01, 33211
82548, 2012-03-10 00:55:08, 33097
82549, 2012-03-10 01:00:04, 33027
82550, 2012-03-10 01:05:13, 32920
82551, 2012-03-10 01:10:02, 33040
82552, 2012-03-10 01:15:01, 33040
82553, 2012-03-10 01:22:34, 32974
82554, 2012-03-10 01:25:02, 32842
82555, 2012-03-10 01:30:04, 32704
82556, 2012-03-10 01:35:14, 32527
82557, 2012-03-10 01:40:02, 32318
82558, 2012-03-10 01:45:07, 32131
82559, 2012-03-10 01:50:01, 32019
82560, 2012-03-10 01:55:03, 31888
82561, 2012-03-10 02:00:01, 31722
82562, 2012-03-10 02:05:12, 31584
82563, 2012-03-10 02:10:01, 31537
82564, 2012-03-10 02:15:06, 31613
82565, 2012-03-10 02:20:04, 31622
82566, 2012-03-10 02:25:01, 31524
82567, 2012-03-10 02:30:02, 31363
82568, 2012-03-10 02:35:17, 31151
82569, 2012-03-10 02:40:01, 31257
82570, 2012-03-10 02:45:04, 31264
82571, 2012-03-10 02:50:01, 31308
82572, 2012-03-10 02:55:06, 31229
82573, 2012-03-10 03:00:13, 31120
82574, 2012-03-10 03:05:12, 30978
82575, 2012-03-10 03:10:04, 30951
82576, 2012-03-10 03:15:01, 30834
82577, 2012-03-10 03:20:04, 30832
82578, 2012-03-10 03:25:05, 30723
82579, 2012-03-10 03:30:04, 30577
82580, 2012-03-10 03:35:01, 30483
82581, 2012-03-10 03:40:01, 30578
82582, 2012-03-10 03:45:05, 30502
82583, 2012-03-10 03:50:01, 30410
82584, 2012-03-10 03:55:04, 30325
82585, 2012-03-10 04:00:12, 30046
82586, 2012-03-10 04:05:11, 29924
82587, 2012-03-10 04:10:01, 30112
82588, 2012-03-10 04:15:09, 30154
82589, 2012-03-10 04:20:03, 30126
82590, 2012-03-10 04:25:08, 30037
82591, 2012-03-10 04:30:01, 29911
82592, 2012-03-10 04:35:10, 29836
82593, 2012-03-10 04:40:02, 29850
82594, 2012-03-10 04:45:07, 29758
82595, 2012-03-10 04:50:01, 29704
82596, 2012-03-10 04:55:04, 29641
82597, 2012-03-10 05:00:01, 29683
82598, 2012-03-10 05:05:04, 29717
82599, 2012-03-10 05:10:01, 29775
82600, 2012-03-10 05:15:06, 29823
82601, 2012-03-10 05:20:01, 29858
82602, 2012-03-10 05:25:06, 29889
82603, 2012-03-10 05:30:01, 29900
82604, 2012-03-10 05:35:11, 29924
82605, 2012-03-10 05:40:01, 29976
82606, 2012-03-10 05:45:06, 30014
82607, 2012-03-10 05:50:02, 30088
82608, 2012-03-10 05:55:05, 30120
82609, 2012-03-10 06:00:04, 29974
82610, 2012-03-10 06:05:14, 30120
82611, 2012-03-10 06:10:01, 30344
82612, 2012-03-10 06:15:09, 30590
82613, 2012-03-10 06:20:01, 30723
82614, 2012-03-10 06:25:04, 30858
82615, 2012-03-10 06:30:02, 30961
82616, 2012-03-10 06:35:01, 31045
82617, 2012-03-10 06:40:01, 30925
82618, 2012-03-10 06:45:01, 31041
82619, 2012-03-10 06:50:01, 31013
82620, 2012-03-10 06:55:04, 30967
82621, 2012-03-10 07:00:01, 30978
82622, 2012-03-10 07:05:11, 30947
82623, 2012-03-10 07:10:01, 30986
82624, 2012-03-10 07:15:01, 31258
82625, 2012-03-10 07:20:01, 31545
82626, 2012-03-10 07:25:01, 31786
82627, 2012-03-10 07:30:05, 31977
82628, 2012-03-10 07:35:11, 32208
82629, 2012-03-10 07:40:01, 32299
82630, 2012-03-10 07:45:04, 32464
82631, 2012-03-10 07:50:05, 32655
82632, 2012-03-10 07:55:04, 32948
82633, 2012-03-10 08:00:03, 33411
82634, 2012-03-10 08:05:15, 33763
82635, 2012-03-10 08:10:01, 34234
82636, 2012-03-10 08:15:06, 34661
82637, 2012-03-10 08:20:01, 35007
82638, 2012-03-10 08:25:01, 35291
82639, 2012-03-10 08:30:02, 35587
82640, 2012-03-10 08:35:10, 35890
82641, 2012-03-10 08:40:01, 36036
82642, 2012-03-10 08:45:05, 36293
82643, 2012-03-10 08:50:04, 36619
82644, 2012-03-10 08:55:02, 36843
82645, 2012-03-10 09:00:01, 37108
82646, 2012-03-10 09:05:01, 37431
82647, 2012-03-10 09:10:04, 37737
82648, 2012-03-10 09:15:02, 37959
82649, 2012-03-10 09:20:01, 38228
82650, 2012-03-10 09:25:04, 38437
82651, 2012-03-10 09:30:02, 38619
82652, 2012-03-10 09:35:01, 38745
82653, 2012-03-10 09:40:01, 38850
82654, 2012-03-10 09:45:04, 38927
82655, 2012-03-10 09:50:01, 38934
82656, 2012-03-10 09:55:05, 39114
82657, 2012-03-10 10:00:03, 39238
82658, 2012-03-10 10:05:01, 39288
82659, 2012-03-10 10:10:01, 39356
82660, 2012-03-10 10:15:05, 39395
82661, 2012-03-10 10:20:01, 39465
82662, 2012-03-10 10:25:01, 39470
82663, 2012-03-10 10:30:01, 39579
82664, 2012-03-10 10:35:09, 39514
82665, 2012-03-10 10:40:02, 39432
82666, 2012-03-10 10:45:06, 39295
82667, 2012-03-10 10:50:01, 39233
82668, 2012-03-10 10:55:01, 39203
82669, 2012-03-10 11:00:01, 39161
82670, 2012-03-10 11:05:11, 39109
82671, 2012-03-10 11:10:01, 39240
82672, 2012-03-10 11:15:01, 39254
82673, 2012-03-10 11:20:01, 39245
82674, 2012-03-10 11:25:13, 39207
82675, 2012-03-10 11:30:02, 39109
82676, 2012-03-10 11:35:11, 39090
82677, 2012-03-10 11:40:01, 39118
82678, 2012-03-10 11:45:06, 39019
82679, 2012-03-10 11:50:04, 38969
82680, 2012-03-10 11:55:04, 38924
82681, 2012-03-10 12:00:01, 38878
82682, 2012-03-10 12:05:15, 38832
82683, 2012-03-10 12:10:01, 38919
82684, 2012-03-10 12:15:20, 38964
82685, 2012-03-10 12:20:04, 38926
82686, 2012-03-10 12:25:05, 38901
82687, 2012-03-10 12:30:01, 38756
82688, 2012-03-10 12:35:01, 38539
82689, 2012-03-10 12:40:01, 38523
82690, 2012-03-10 12:45:21, 38490
82691, 2012-03-10 12:50:01, 38398
82692, 2012-03-10 12:55:06, 38233
82693, 2012-03-10 13:00:01, 38149
82694, 2012-03-10 13:05:18, 38013
82695, 2012-03-10 13:10:01, 37811
82696, 2012-03-10 13:15:05, 37708
82697, 2012-03-10 13:20:01, 37661
82698, 2012-03-10 13:25:04, 37577
82699, 2012-03-10 13:30:01, 37323
82700, 2012-03-10 13:35:11, 37213
82701, 2012-03-10 13:40:01, 37201
82702, 2012-03-10 13:45:01, 37159
82703, 2012-03-10 13:50:01, 37080
82704, 2012-03-10 13:55:08, 37018
82705, 2012-03-10 14:00:04, 36846
82706, 2012-03-10 14:05:12, 36837
82707, 2012-03-10 14:10:01, 36886
82708, 2012-03-10 14:15:01, 36899
82709, 2012-03-10 14:20:01, 36824
82710, 2012-03-10 14:25:06, 36768
82711, 2012-03-10 14:30:02, 36639
82712, 2012-03-10 14:35:14, 36511
82713, 2012-03-10 14:41:34, 36417
82714, 2012-03-10 14:45:06, 36353
82715, 2012-03-10 14:50:01, 36299
82716, 2012-03-10 14:55:05, 36201
82717, 2012-03-10 15:00:01, 36114
82718, 2012-03-10 15:05:10, 36056
82719, 2012-03-10 15:10:01, 36082
82720, 2012-03-10 15:15:05, 36061
82721, 2012-03-10 15:20:04, 36015
82722, 2012-03-10 15:25:01, 36073
82723, 2012-03-10 15:30:01, 36016
82724, 2012-03-10 15:35:12, 36023
82725, 2012-03-10 15:40:01, 36071
82726, 2012-03-10 15:45:16, 36129
82727, 2012-03-10 15:50:01, 36093
82728, 2012-03-10 15:55:06, 36120
82729, 2012-03-10 16:00:01, 36183
82730, 2012-03-10 16:05:01, 36228
82731, 2012-03-10 16:10:01, 36239
82732, 2012-03-10 16:15:01, 36379
82733, 2012-03-10 16:20:02, 36488
82734, 2012-03-10 16:25:01, 36647
82735, 2012-03-10 16:30:04, 36797
82736, 2012-03-10 16:35:10, 36984
82737, 2012-03-10 16:40:01, 37182
82738, 2012-03-10 16:45:04, 37387
82739, 2012-03-10 16:50:01, 37513
82740, 2012-03-10 16:55:01, 37669
82741, 2012-03-10 17:00:04, 37854
82742, 2012-03-10 17:05:12, 38103
82743, 2012-03-10 17:10:04, 38300
82744, 2012-03-10 17:15:05, 38492
82745, 2012-03-10 17:20:03, 38706
82746, 2012-03-10 17:25:04, 38898
82747, 2012-03-10 17:30:02, 38999
82748, 2012-03-10 17:35:11, 39179
82749, 2012-03-10 17:40:04, 39405
82750, 2012-03-10 17:45:03, 39652
82751, 2012-03-10 17:50:01, 39980
82752, 2012-03-10 17:55:01, 40428
82753, 2012-03-10 18:00:01, 40782
82754, 2012-03-10 18:05:13, 41080
82755, 2012-03-10 18:10:04, 41407
82756, 2012-03-10 18:15:01, 41694
82757, 2012-03-10 18:20:03, 42085
82758, 2012-03-10 18:25:05, 42546
82759, 2012-03-10 18:30:01, 42905
82760, 2012-03-10 18:35:02, 43117
82761, 2012-03-10 18:40:01, 43326
82762, 2012-03-10 18:45:04, 43348
82763, 2012-03-10 18:50:01, 43338
82764, 2012-03-10 18:55:03, 43340
82765, 2012-03-10 19:00:01, 43173
82766, 2012-03-10 19:05:08, 43049
82767, 2012-03-10 19:10:01, 43129
82768, 2012-03-10 19:15:04, 42992
82769, 2012-03-10 19:20:01, 42882
82770, 2012-03-10 19:25:01, 42753
82771, 2012-03-10 19:30:02, 42439
82772, 2012-03-10 19:35:07, 42167
82773, 2012-03-10 19:40:01, 42022
82774, 2012-03-10 19:45:06, 41697
82775, 2012-03-10 19:50:01, 41563
82776, 2012-03-10 19:55:07, 41332
82777, 2012-03-10 20:00:01, 41056
82778, 2012-03-10 20:05:11, 40812
82779, 2012-03-10 20:10:01, 40878
82780, 2012-03-10 20:15:08, 40828
82781, 2012-03-10 20:20:01, 40612
82782, 2012-03-10 20:25:04, 40414
82783, 2012-03-10 20:30:04, 40091
82784, 2012-03-10 20:35:10, 39715
82785, 2012-03-10 20:40:01, 39336
82786, 2012-03-10 20:45:08, 39103
82787, 2012-03-10 20:50:02, 38857
82788, 2012-03-10 20:55:07, 38645
82789, 2012-03-10 21:00:02, 38403
82790, 2012-03-10 21:05:12, 38171
82791, 2012-03-10 21:10:01, 38065
82792, 2012-03-10 21:15:05, 37857
82793, 2012-03-10 21:20:03, 37683
82794, 2012-03-10 21:25:05, 37507
82795, 2012-03-10 21:30:02, 37363
82796, 2012-03-10 21:35:11, 37179
82797, 2012-03-10 21:40:01, 36802
82798, 2012-03-10 21:45:06, 36456
82799, 2012-03-10 21:50:01, 36159
82800, 2012-03-10 21:55:01, 35904
82801, 2012-03-10 22:00:04, 35743
82802, 2012-03-10 22:05:16, 35443
82803, 2012-03-10 22:10:01, 35248
82804, 2012-03-10 22:15:06, 35017
82805, 2012-03-10 22:20:04, 34697
82806, 2012-03-10 22:25:01, 34593
82807, 2012-03-10 22:30:02, 34275
82808, 2012-03-10 22:35:01, 33986
82809, 2012-03-10 22:40:04, 34196
82810, 2012-03-10 22:45:14, 34081
82811, 2012-03-10 22:50:01, 33912
82812, 2012-03-10 22:55:04, 33686
82813, 2012-03-10 23:00:01, 33414
82814, 2012-03-10 23:05:01, 33119
82815, 2012-03-10 23:10:01, 32916
82816, 2012-03-10 23:15:06, 32645
82817, 2012-03-10 23:20:01, 32395
82818, 2012-03-10 23:25:04, 32241
82819, 2012-03-10 23:30:01, 32104
82820, 2012-03-10 23:35:11, 31972
82821, 2012-03-10 23:40:01, 32042
82822, 2012-03-10 23:45:04, 31938
82823, 2012-03-10 23:50:01, 31546
82824, 2012-03-10 23:55:05, 31378
82825, 2012-03-11 00:00:01, 31249
82826, 2012-03-11 00:05:19, 31211
82827, 2012-03-11 00:10:01, 31722
82828, 2012-03-11 00:15:07, 32056
82829, 2012-03-11 00:20:03, 32139
82830, 2012-03-11 00:27:58, 32083
82831, 2012-03-11 00:30:16, 31976
82832, 2012-03-11 00:35:09, 31947
82833, 2012-03-11 00:40:01, 32158
82834, 2012-03-11 00:45:05, 32051
82835, 2012-03-11 00:50:02, 31809
82836, 2012-03-11 00:55:09, 31729
82837, 2012-03-11 01:00:02, 31550
82838, 2012-03-11 01:05:14, 31446
82839, 2012-03-11 01:10:01, 31452
82840, 2012-03-11 01:15:01, 31398
82841, 2012-03-11 01:20:01, 31436
82842, 2012-03-11 01:25:05, 31476
82843, 2012-03-11 01:30:03, 31477
82844, 2012-03-11 01:35:10, 31358
82845, 2012-03-11 01:40:01, 31193
82846, 2012-03-11 01:45:01, 31016
82847, 2012-03-11 01:50:01, 30815
82848, 2012-03-11 01:55:01, 30618
82849, 2012-03-11 02:00:04, 30503
82850, 2012-03-11 02:06:44, 30556
82851, 2012-03-11 02:10:19, 30556
82852, 2012-03-11 02:15:01, 30580
82853, 2012-03-11 02:20:02, 30543
82854, 2012-03-11 02:25:05, 30450
82855, 2012-03-11 02:30:02, 30402
82856, 2012-03-11 02:35:02, 30379
82857, 2012-03-11 02:40:01, 30550
82858, 2012-03-11 02:45:04, 30367
82859, 2012-03-11 02:50:01, 30334
82860, 2012-03-11 02:55:01, 30186
82861, 2012-03-11 03:00:01, 30030
82862, 2012-03-11 03:05:09, 29823
82863, 2012-03-11 03:10:01, 29698
82864, 2012-03-11 03:15:01, 29548
82865, 2012-03-11 03:20:01, 29405
82866, 2012-03-11 03:25:02, 29273
82867, 2012-03-11 03:30:01, 29179
82868, 2012-03-11 03:35:06, 29099
82869, 2012-03-11 03:40:05, 28994
82870, 2012-03-11 03:45:01, 28856
82871, 2012-03-11 03:50:01, 28737
82872, 2012-03-11 03:55:05, 28737
82873, 2012-03-11 04:00:01, 28647
82874, 2012-03-11 04:05:07, 28554
82875, 2012-03-11 04:10:01, 28602
82876, 2012-03-11 04:15:05, 28610
82877, 2012-03-11 04:20:03, 28508
82878, 2012-03-11 04:25:04, 28433
82879, 2012-03-11 04:30:01, 28400
82880, 2012-03-11 04:35:07, 28351
82881, 2012-03-11 04:40:01, 28481
82882, 2012-03-11 04:45:07, 28441
82883, 2012-03-11 04:50:01, 28377
82884, 2012-03-11 04:55:13, 28410
82885, 2012-03-11 05:00:01, 28405
82886, 2012-03-11 05:05:11, 28380
82887, 2012-03-11 05:10:01, 28468
82888, 2012-03-11 05:15:08, 28415
82889, 2012-03-11 05:20:02, 28423
82890, 2012-03-11 05:25:05, 28404
82891, 2012-03-11 05:30:01, 28375
82892, 2012-03-11 05:35:11, 28400
82893, 2012-03-11 05:40:01, 28423
82894, 2012-03-11 05:45:05, 28396
82895, 2012-03-11 05:50:02, 28408
82896, 2012-03-11 05:55:05, 28498
82897, 2012-03-11 06:00:01, 28499
82898, 2012-03-11 06:05:11, 28574
82899, 2012-03-11 06:10:09, 28681
82900, 2012-03-11 06:15:06, 28728
82901, 2012-03-11 06:20:01, 28985
82902, 2012-03-11 06:25:04, 28949
82903, 2012-03-11 06:30:06, 28924
82904, 2012-03-11 06:35:01, 28823
82905, 2012-03-11 06:40:02, 28750
82906, 2012-03-11 06:45:06, 28717
82907, 2012-03-11 06:50:01, 28757
82908, 2012-03-11 06:55:06, 28927
82909, 2012-03-11 07:00:01, 28948
82910, 2012-03-11 07:05:11, 28959
82911, 2012-03-11 07:10:01, 29004
82912, 2012-03-11 07:15:04, 29064
82913, 2012-03-11 07:20:04, 29012
82914, 2012-03-11 07:25:03, 28836
82915, 2012-03-11 07:30:01, 28826
82916, 2012-03-11 07:35:10, 28785
82917, 2012-03-11 07:40:02, 28704
82918, 2012-03-11 07:45:03, 28862
82919, 2012-03-11 07:50:01, 29115
82920, 2012-03-11 07:55:14, 29335
82921, 2012-03-11 08:00:01, 29515
82922, 2012-03-11 08:05:09, 29718
82923, 2012-03-11 08:10:01, 30017
82924, 2012-03-11 08:15:13, 30426
82925, 2012-03-11 08:20:01, 30753
82926, 2012-03-11 08:25:10, 30985
82927, 2012-03-11 08:30:01, 31183
82928, 2012-03-11 08:35:15, 31339
82929, 2012-03-11 08:40:01, 31548
82930, 2012-03-11 08:45:05, 31860
82931, 2012-03-11 08:50:01, 32265
82932, 2012-03-11 08:55:09, 32576
82933, 2012-03-11 09:00:04, 32839
82934, 2012-03-11 09:05:13, 33154
82935, 2012-03-11 09:10:05, 33579
82936, 2012-03-11 09:15:01, 33918
82937, 2012-03-11 09:20:01, 34186
82938, 2012-03-11 09:25:07, 34265
82939, 2012-03-11 09:30:01, 34494
82940, 2012-03-11 09:35:10, 34730
82941, 2012-03-11 09:40:01, 34839
82942, 2012-03-11 09:45:01, 34964
82943, 2012-03-11 09:50:01, 35099
82944, 2012-03-11 09:55:06, 35201
82945, 2012-03-11 10:00:01, 35409
82946, 2012-03-11 10:05:01, 35622
82947, 2012-03-11 10:10:03, 35806
82948, 2012-03-11 10:15:02, 35978
82949, 2012-03-11 10:20:01, 36059
82950, 2012-03-11 10:25:06, 36079
82951, 2012-03-11 10:30:01, 36123
82952, 2012-03-11 10:35:03, 36156
82953, 2012-03-11 10:40:01, 36225
82954, 2012-03-11 10:45:01, 36228
82955, 2012-03-11 10:50:01, 36268
82956, 2012-03-11 10:55:01, 36421
82957, 2012-03-11 11:00:01, 36452
82958, 2012-03-11 11:05:01, 36475
82959, 2012-03-11 11:10:01, 36599
82960, 2012-03-11 11:15:05, 36784
82961, 2012-03-11 11:20:01, 36825
82962, 2012-03-11 11:25:05, 36865
82963, 2012-03-11 11:30:03, 36848
82964, 2012-03-11 11:35:12, 36783
82965, 2012-03-11 11:40:01, 36791
82966, 2012-03-11 11:45:02, 36856
82967, 2012-03-11 11:50:01, 36877
82968, 2012-03-11 11:55:11, 36909
82969, 2012-03-11 12:00:01, 36917
82970, 2012-03-11 12:05:12, 36970
82971, 2012-03-11 12:10:01, 37014
82972, 2012-03-11 12:15:04, 37108
82973, 2012-03-11 12:20:01, 37101
82974, 2012-03-11 12:25:04, 37139
82975, 2012-03-11 12:30:01, 37088
82976, 2012-03-11 12:35:12, 37048
82977, 2012-03-11 12:40:01, 37056
82978, 2012-03-11 12:45:15, 36941
82979, 2012-03-11 12:50:03, 36905
82980, 2012-03-11 12:55:15, 36847
82981, 2012-03-11 13:00:01, 36743
82982, 2012-03-11 13:05:02, 36639
82983, 2012-03-11 13:10:01, 36607
82984, 2012-03-11 13:15:06, 36523
82985, 2012-03-11 13:20:01, 36443
82986, 2012-03-11 13:25:04, 36394
82987, 2012-03-11 13:30:01, 36281
82988, 2012-03-11 13:35:01, 36138
82989, 2012-03-11 13:40:09, 35947
82990, 2012-03-11 13:45:05, 35773
82991, 2012-03-11 13:50:01, 35661
82992, 2012-03-11 13:55:06, 35616
82993, 2012-03-11 14:00:01, 35560
82994, 2012-03-11 14:05:01, 35506
82995, 2012-03-11 14:10:01, 35635
82996, 2012-03-11 14:15:06, 35614
82997, 2012-03-11 14:20:14, 35542
82998, 2012-03-11 14:25:04, 35455
82999, 2012-03-11 14:30:01, 35358
83000, 2012-03-11 14:35:16, 35156
83001, 2012-03-11 14:40:01, 35071
83002, 2012-03-11 14:45:11, 34991
83003, 2012-03-11 14:50:01, 34883
83004, 2012-03-11 14:55:08, 34917
83005, 2012-03-11 15:00:01, 35013
83006, 2012-03-11 15:05:06, 35018
83007, 2012-03-11 15:10:04, 35077
83008, 2012-03-11 15:15:09, 35104
83009, 2012-03-11 15:20:01, 35140
83010, 2012-03-11 15:25:08, 35196
83011, 2012-03-11 15:30:01, 35209
83012, 2012-03-11 15:35:12, 35160
83013, 2012-03-11 15:40:01, 35114
83014, 2012-03-11 15:45:11, 35078
83015, 2012-03-11 15:50:20, 35150
83016, 2012-03-11 15:55:14, 35371
83017, 2012-03-11 16:00:04, 35475
83018, 2012-03-11 16:05:08, 35644
83019, 2012-03-11 16:10:02, 35748
83020, 2012-03-11 16:15:09, 35755
83021, 2012-03-11 16:20:01, 35824
83022, 2012-03-11 16:25:05, 35891
83023, 2012-03-11 16:30:01, 36024
83024, 2012-03-11 16:35:08, 36186
83025, 2012-03-11 16:40:03, 36356
83026, 2012-03-11 16:45:07, 36520
83027, 2012-03-11 16:50:09, 36593
83028, 2012-03-11 16:55:04, 36805
83029, 2012-03-11 17:00:01, 37126
83030, 2012-03-11 17:05:11, 37314
83031, 2012-03-11 17:10:01, 37559
83032, 2012-03-11 17:15:04, 37680
83033, 2012-03-11 17:20:03, 37820
83034, 2012-03-11 17:25:04, 38016
83035, 2012-03-11 17:30:01, 38184
83036, 2012-03-11 17:35:01, 38330
83037, 2012-03-11 17:40:02, 38604
83038, 2012-03-11 17:45:01, 38842
83039, 2012-03-11 17:50:01, 39045
83040, 2012-03-11 17:55:02, 39323
83041, 2012-03-11 18:00:01, 39625
83042, 2012-03-11 18:05:06, 40005
83043, 2012-03-11 18:10:02, 40596
83044, 2012-03-11 18:15:01, 41055
83045, 2012-03-11 18:20:01, 41547
83046, 2012-03-11 18:25:04, 42089
83047, 2012-03-11 18:30:01, 42661
83048, 2012-03-11 18:35:11, 42971
83049, 2012-03-11 18:40:03, 43264
83050, 2012-03-11 18:45:04, 43360
83051, 2012-03-11 18:50:01, 43375
83052, 2012-03-11 18:55:08, 43320
83053, 2012-03-11 19:00:10, 43328
83054, 2012-03-11 19:05:11, 43308
83055, 2012-03-11 19:10:01, 43259
83056, 2012-03-11 19:15:04, 43105
83057, 2012-03-11 19:20:01, 42924
83058, 2012-03-11 19:25:10, 42839
83059, 2012-03-11 19:30:01, 42584
83060, 2012-03-11 19:35:01, 42411
83061, 2012-03-11 19:40:01, 42376
83062, 2012-03-11 19:45:04, 42064
83063, 2012-03-11 19:50:01, 41783
83064, 2012-03-11 19:55:04, 41490
83065, 2012-03-11 20:00:01, 41246
83066, 2012-03-11 20:05:05, 41263
83067, 2012-03-11 20:10:01, 41349
83068, 2012-03-11 20:15:04, 41170
83069, 2012-03-11 20:20:01, 40950
83070, 2012-03-11 20:25:05, 40734
83071, 2012-03-11 20:30:01, 40470
83072, 2012-03-11 20:35:11, 40291
83073, 2012-03-11 20:40:02, 40013
83074, 2012-03-11 20:45:08, 39707
83075, 2012-03-11 20:50:01, 39523
83076, 2012-03-11 20:55:01, 39197
83077, 2012-03-11 21:00:01, 38908
83078, 2012-03-11 21:05:01, 38673
83079, 2012-03-11 21:10:01, 38848
83080, 2012-03-11 21:15:07, 38513
83081, 2012-03-11 21:20:01, 38211
83082, 2012-03-11 21:25:04, 38073
83083, 2012-03-11 21:30:01, 37630
83084, 2012-03-11 21:35:11, 37255
83085, 2012-03-11 21:40:03, 37145
83086, 2012-03-11 21:45:02, 36906
83087, 2012-03-11 21:50:01, 36591
83088, 2012-03-11 21:55:05, 36255
83089, 2012-03-11 22:00:01, 35809
83090, 2012-03-11 22:05:01, 35550
83091, 2012-03-11 22:10:02, 35630
83092, 2012-03-11 22:15:04, 35329
83093, 2012-03-11 22:20:01, 34872
83094, 2012-03-11 22:25:01, 34509
83095, 2012-03-11 22:30:04, 34089
83096, 2012-03-11 22:35:01, 33785
83097, 2012-03-11 22:40:01, 33810
83098, 2012-03-11 22:45:05, 33525
83099, 2012-03-11 22:50:01, 33163
83100, 2012-03-11 22:55:04, 32863
83101, 2012-03-11 23:00:01, 32486
83102, 2012-03-11 23:05:06, 32176
83103, 2012-03-11 23:10:01, 32058
83104, 2012-03-11 23:15:01, 31921
83105, 2012-03-11 23:20:01, 31877
83106, 2012-03-11 23:25:01, 31707
83107, 2012-03-11 23:30:01, 31612
83108, 2012-03-11 23:35:11, 31359
83109, 2012-03-11 23:40:15, 31332
83110, 2012-03-11 23:45:04, 31424
83111, 2012-03-11 23:50:01, 31276
83112, 2012-03-11 23:55:02, 31139
83113, 2012-03-12 00:00:01, 30961
83114, 2012-03-12 00:05:04, 30851
83115, 2012-03-12 00:10:02, 30939
83116, 2012-03-12 00:15:08, 31034
83117, 2012-03-12 00:20:01, 31104
83118, 2012-03-12 00:25:01, 31063
83119, 2012-03-12 00:30:01, 30986
83120, 2012-03-12 00:35:11, 30863
83121, 2012-03-12 00:40:01, 30858
83122, 2012-03-12 00:45:07, 31110
83123, 2012-03-12 00:50:01, 31163
83124, 2012-03-12 00:55:04, 31095
83125, 2012-03-12 01:00:01, 31080
83126, 2012-03-12 01:05:15, 30956
83127, 2012-03-12 01:10:01, 31021
83128, 2012-03-12 01:15:01, 31149
83129, 2012-03-12 01:20:01, 31035
83130, 2012-03-12 01:25:07, 30871
83131, 2012-03-12 01:30:01, 30798
83132, 2012-03-12 01:35:05, 30631
83133, 2012-03-12 01:40:01, 30572
83134, 2012-03-12 01:45:05, 30492
83135, 2012-03-12 01:50:01, 30370
83136, 2012-03-12 01:55:06, 30310
83137, 2012-03-12 02:00:02, 30285
83138, 2012-03-12 02:05:15, 30187
83139, 2012-03-12 02:10:02, 30188
83140, 2012-03-12 02:15:06, 30211
83141, 2012-03-12 02:20:01, 30166
83142, 2012-03-12 02:25:11, 30276
83143, 2012-03-12 02:30:04, 30191
83144, 2012-03-12 02:35:13, 30142
83145, 2012-03-12 02:40:01, 30271
83146, 2012-03-12 02:45:05, 30226
83147, 2012-03-12 02:50:03, 30091
83148, 2012-03-12 02:55:07, 30064
83149, 2012-03-12 03:00:01, 29969
83150, 2012-03-12 03:05:09, 29894
83151, 2012-03-12 03:10:01, 30049
83152, 2012-03-12 03:15:04, 29932
83153, 2012-03-12 03:20:01, 29801
83154, 2012-03-12 03:25:04, 29727
83155, 2012-03-12 03:30:01, 29626
83156, 2012-03-12 03:35:13, 29483
83157, 2012-03-12 03:40:02, 29509
83158, 2012-03-12 03:45:06, 29479
83159, 2012-03-12 03:50:01, 29402
83160, 2012-03-12 03:55:01, 29299
83161, 2012-03-12 04:00:01, 29207
83162, 2012-03-12 04:05:08, 29146
83163, 2012-03-12 04:10:01, 29367
83164, 2012-03-12 04:15:12, 29033
83165, 2012-03-12 04:20:01, 29205
83166, 2012-03-12 04:25:05, 29207
83167, 2012-03-12 04:30:01, 29183
83168, 2012-03-12 04:35:04, 29264
83169, 2012-03-12 04:40:01, 29356
83170, 2012-03-12 04:45:09, 29477
83171, 2012-03-12 04:50:01, 29483
83172, 2012-03-12 04:55:10, 29494
83173, 2012-03-12 05:00:01, 29598
83174, 2012-03-12 05:05:09, 29615
83175, 2012-03-12 05:10:01, 29528
83176, 2012-03-12 05:15:07, 29579
83177, 2012-03-12 05:20:01, 29689
83178, 2012-03-12 05:25:01, 29875
83179, 2012-03-12 05:30:01, 30005
83180, 2012-03-12 05:35:02, 30128
83181, 2012-03-12 05:40:04, 30394
83182, 2012-03-12 05:45:01, 30650
83183, 2012-03-12 05:50:02, 30693
83184, 2012-03-12 05:55:04, 30769
83185, 2012-03-12 06:00:01, 30969
83186, 2012-03-12 06:05:12, 31158
83187, 2012-03-12 06:10:01, 31535
83188, 2012-03-12 06:15:05, 32442
83189, 2012-03-12 06:20:06, 32807
83190, 2012-03-12 06:25:04, 33119
83191, 2012-03-12 06:30:01, 33393
83192, 2012-03-12 06:35:10, 33708
83193, 2012-03-12 06:40:01, 34087
83194, 2012-03-12 06:45:04, 34770
83195, 2012-03-12 06:50:01, 35408
83196, 2012-03-12 06:55:01, 36029
83197, 2012-03-12 07:00:01, 36724
83198, 2012-03-12 07:05:10, 37343
83199, 2012-03-12 07:10:01, 38006
83200, 2012-03-12 07:15:01, 38839
83201, 2012-03-12 07:20:03, 39437
83202, 2012-03-12 07:25:04, 39846
83203, 2012-03-12 07:30:04, 40189
83204, 2012-03-12 07:35:14, 40432
83205, 2012-03-12 07:40:01, 40577
83206, 2012-03-12 07:45:07, 40962
83207, 2012-03-12 07:50:01, 41226
83208, 2012-03-12 07:55:15, 41474
83209, 2012-03-12 08:00:01, 41727
83210, 2012-03-12 08:05:20, 41912
83211, 2012-03-12 08:10:01, 42245
83212, 2012-03-12 08:15:30, 42507
83213, 2012-03-12 08:20:01, 42642
83214, 2012-03-12 08:25:01, 42721
83215, 2012-03-12 08:30:01, 42756
83216, 2012-03-12 08:35:37, 42779
83217, 2012-03-12 08:40:01, 42778
83218, 2012-03-12 08:45:13, 42827
83219, 2012-03-12 08:50:01, 42858
83220, 2012-03-12 08:55:11, 42866
83221, 2012-03-12 09:00:02, 42999
83222, 2012-03-12 09:05:01, 43231
83223, 2012-03-12 09:10:01, 43569
83224, 2012-03-12 09:15:09, 43752
83225, 2012-03-12 09:20:01, 43834
83226, 2012-03-12 09:25:05, 43868
83227, 2012-03-12 09:30:01, 43869
83228, 2012-03-12 09:35:01, 43970
83229, 2012-03-12 09:40:01, 44025
83230, 2012-03-12 09:45:05, 44101
83231, 2012-03-12 09:50:01, 44093
83232, 2012-03-12 09:55:13, 44116
83233, 2012-03-12 10:00:01, 44169
83234, 2012-03-12 10:05:15, 44133
83235, 2012-03-12 10:10:01, 44120
83236, 2012-03-12 10:15:01, 44176
83237, 2012-03-12 10:20:01, 44244
83238, 2012-03-12 10:25:01, 44243
83239, 2012-03-12 10:30:01, 44306
83240, 2012-03-12 10:35:24, 44343
83241, 2012-03-12 10:40:02, 44429
83242, 2012-03-12 10:45:11, 44394
83243, 2012-03-12 10:50:01, 44386
83244, 2012-03-12 10:55:20, 44421
83245, 2012-03-12 11:00:01, 44426
83246, 2012-03-12 11:05:13, 44378
83247, 2012-03-12 11:10:02, 44410
83248, 2012-03-12 11:15:09, 44504
83249, 2012-03-12 11:20:02, 44456
83250, 2012-03-12 11:25:06, 44556
83251, 2012-03-12 11:30:01, 44556
83252, 2012-03-12 11:35:10, 44591
83253, 2012-03-12 11:40:02, 44630
83254, 2012-03-12 11:45:01, 44683
83255, 2012-03-12 11:50:02, 44648
83256, 2012-03-12 11:55:09, 44614
83257, 2012-03-12 12:00:01, 44577
83258, 2012-03-12 12:05:13, 44489
83259, 2012-03-12 12:10:01, 44502
83260, 2012-03-12 12:15:08, 44473
83261, 2012-03-12 12:20:02, 44495
83262, 2012-03-12 12:25:07, 44505
83263, 2012-03-12 12:30:02, 44483
83264, 2012-03-12 12:35:17, 44492
83265, 2012-03-12 12:40:01, 44389
83266, 2012-03-12 12:45:02, 44335
83267, 2012-03-12 12:50:01, 44232
83268, 2012-03-12 12:55:11, 44219
83269, 2012-03-12 13:00:01, 44143
83270, 2012-03-12 13:05:10, 44104
83271, 2012-03-12 13:10:04, 44058
83272, 2012-03-12 13:15:02, 43878
83273, 2012-03-12 13:20:04, 43843
83274, 2012-03-12 13:25:01, 43751
83275, 2012-03-12 13:30:01, 43692
83276, 2012-03-12 13:35:01, 43588
83277, 2012-03-12 13:40:02, 43635
83278, 2012-03-12 13:45:04, 43604
83279, 2012-03-12 13:50:01, 43510
83280, 2012-03-12 13:55:08, 43504
83281, 2012-03-12 14:00:01, 43417
83282, 2012-03-12 14:05:15, 43456
83283, 2012-03-12 14:10:02, 43539
83284, 2012-03-12 14:15:04, 43539
83285, 2012-03-12 14:20:01, 43389
83286, 2012-03-12 14:25:07, 43338
83287, 2012-03-12 14:30:01, 43258
83288, 2012-03-12 14:36:31, 43193
83289, 2012-03-12 14:40:01, 43137
83290, 2012-03-12 14:45:01, 43086
83291, 2012-03-12 14:50:01, 42906
83292, 2012-03-12 14:55:10, 42882
83293, 2012-03-12 15:00:03, 42730
83294, 2012-03-12 15:05:18, 42678
83295, 2012-03-12 15:10:01, 42616
83296, 2012-03-12 15:15:08, 42571
83297, 2012-03-12 15:20:16, 42558
83298, 2012-03-12 15:25:01, 42565
83299, 2012-03-12 15:30:01, 42556
83300, 2012-03-12 15:35:16, 42625
83301, 2012-03-12 15:40:01, 42814
83302, 2012-03-12 15:45:01, 42927
83303, 2012-03-12 15:50:02, 42992
83304, 2012-03-12 15:55:07, 43079
83305, 2012-03-12 16:00:04, 43321
83306, 2012-03-12 16:05:10, 43471
83307, 2012-03-12 16:10:01, 43577
83308, 2012-03-12 16:15:01, 43728
83309, 2012-03-12 16:20:01, 43869
83310, 2012-03-12 16:25:05, 44006
83311, 2012-03-12 16:30:01, 44119
83312, 2012-03-12 16:35:01, 44311
83313, 2012-03-12 16:40:01, 44522
83314, 2012-03-12 16:45:01, 44697
83315, 2012-03-12 16:50:01, 44821
83316, 2012-03-12 16:55:07, 45011
83317, 2012-03-12 17:00:04, 45126
83318, 2012-03-12 17:05:13, 45355
83319, 2012-03-12 17:10:01, 45532
83320, 2012-03-12 17:15:09, 45455
83321, 2012-03-12 17:20:01, 45573
83322, 2012-03-12 17:25:05, 45715
83323, 2012-03-12 17:30:01, 45913
83324, 2012-03-12 17:35:16, 45976
83325, 2012-03-12 17:40:11, 46008
83326, 2012-03-12 17:45:08, 46087
83327, 2012-03-12 17:50:02, 46260
83328, 2012-03-12 17:55:06, 46459
83329, 2012-03-12 18:00:01, 46569
83330, 2012-03-12 18:05:07, 46966
83331, 2012-03-12 18:10:01, 47308
83332, 2012-03-12 18:15:01, 47570
83333, 2012-03-12 18:20:01, 47882
83334, 2012-03-12 18:25:05, 48462
83335, 2012-03-12 18:30:01, 48846
83336, 2012-03-12 18:35:12, 49102
83337, 2012-03-12 18:40:01, 49300
83338, 2012-03-12 18:45:05, 49441
83339, 2012-03-12 18:50:01, 49368
83340, 2012-03-12 18:55:04, 49384
83341, 2012-03-12 19:00:01, 49352
83342, 2012-03-12 19:05:10, 49158
83343, 2012-03-12 19:10:01, 49013
83344, 2012-03-12 19:15:01, 48787
83345, 2012-03-12 19:20:01, 48683
83346, 2012-03-12 19:25:05, 48470
83347, 2012-03-12 19:30:01, 48136
83348, 2012-03-12 19:35:01, 47874
83349, 2012-03-12 19:40:01, 47882
83350, 2012-03-12 19:45:11, 47480
83351, 2012-03-12 19:50:01, 47315
83352, 2012-03-12 19:55:04, 47330
83353, 2012-03-12 20:00:01, 47039
83354, 2012-03-12 20:05:01, 46667
83355, 2012-03-12 20:10:01, 46821
83356, 2012-03-12 20:15:08, 46442
83357, 2012-03-12 20:20:01, 46079
83358, 2012-03-12 20:25:07, 45688
83359, 2012-03-12 20:30:04, 45345
83360, 2012-03-12 20:35:14, 45071
83361, 2012-03-12 20:40:02, 44874
83362, 2012-03-12 20:45:05, 44436
83363, 2012-03-12 20:50:01, 44400
83364, 2012-03-12 20:55:05, 43962
83365, 2012-03-12 21:00:01, 43626
83366, 2012-03-12 21:05:01, 43630
83367, 2012-03-12 21:10:01, 43403
83368, 2012-03-12 21:15:05, 43020
83369, 2012-03-12 21:20:01, 42540
83370, 2012-03-12 21:25:07, 42230
83371, 2012-03-12 21:30:01, 41753
83372, 2012-03-12 21:35:11, 41356
83373, 2012-03-12 21:40:01, 41069
83374, 2012-03-12 21:45:02, 40765
83375, 2012-03-12 21:50:01, 40288
83376, 2012-03-12 21:55:05, 39988
83377, 2012-03-12 22:00:01, 39463
83378, 2012-03-12 22:05:17, 39073
83379, 2012-03-12 22:10:01, 38943
83380, 2012-03-12 22:15:06, 38387
83381, 2012-03-12 22:20:04, 37890
83382, 2012-03-12 22:25:06, 37473
83383, 2012-03-12 22:30:04, 37095
83384, 2012-03-12 22:35:11, 36603
83385, 2012-03-12 22:40:02, 36605
83386, 2012-03-12 22:45:05, 36304
83387, 2012-03-12 22:50:01, 35904
83388, 2012-03-12 22:55:05, 35497
83389, 2012-03-12 23:00:01, 35056
83390, 2012-03-12 23:05:08, 34699
83391, 2012-03-12 23:10:01, 34535
83392, 2012-03-12 23:15:04, 34259
83393, 2012-03-12 23:20:01, 34036
83394, 2012-03-12 23:25:04, 33869
83395, 2012-03-12 23:30:01, 33785
83396, 2012-03-12 23:35:01, 33488
83397, 2012-03-12 23:40:01, 33442
83398, 2012-03-12 23:45:01, 33360
83399, 2012-03-12 23:50:01, 33118
83400, 2012-03-12 23:55:05, 33008
83401, 2012-03-13 00:00:01, 33036
83402, 2012-03-13 00:05:12, 32995
83403, 2012-03-13 00:10:04, 33238
83404, 2012-03-13 00:15:09, 33386
83405, 2012-03-13 00:20:03, 33416
83406, 2012-03-13 00:25:10, 33373
83407, 2012-03-13 00:30:01, 33433
83408, 2012-03-13 00:35:14, 33368
83409, 2012-03-13 00:40:01, 33544
83410, 2012-03-13 00:45:01, 33629
83411, 2012-03-13 00:50:01, 33442
83412, 2012-03-13 00:55:01, 33292
83413, 2012-03-13 01:00:04, 33299
83414, 2012-03-13 01:05:12, 33234
83415, 2012-03-13 01:10:02, 33518
83416, 2012-03-13 01:15:05, 33458
83417, 2012-03-13 01:20:01, 33374
83418, 2012-03-13 01:25:05, 33227
83419, 2012-03-13 01:30:02, 32980
83420, 2012-03-13 01:35:01, 32855
83421, 2012-03-13 01:40:01, 32744
83422, 2012-03-13 01:45:06, 32590
83423, 2012-03-13 01:50:04, 32426
83424, 2012-03-13 01:55:04, 32275
83425, 2012-03-13 02:00:01, 32098
83426, 2012-03-13 02:05:11, 32061
83427, 2012-03-13 02:10:03, 32177
83428, 2012-03-13 02:15:04, 32203
83429, 2012-03-13 02:20:02, 32138
83430, 2012-03-13 02:25:01, 32117
83431, 2012-03-13 02:30:01, 32016
83432, 2012-03-13 02:35:01, 31953
83433, 2012-03-13 02:40:01, 32170
83434, 2012-03-13 02:45:05, 32088
83435, 2012-03-13 02:50:01, 31879
83436, 2012-03-13 02:55:04, 31760
83437, 2012-03-13 03:00:03, 31683
83438, 2012-03-13 03:05:10, 31587
83439, 2012-03-13 03:10:01, 31771
83440, 2012-03-13 03:15:01, 31747
83441, 2012-03-13 03:20:01, 31746
83442, 2012-03-13 03:25:05, 31695
83443, 2012-03-13 03:30:01, 31552
83444, 2012-03-13 03:35:01, 31339
83445, 2012-03-13 03:40:01, 31386
83446, 2012-03-13 03:45:01, 31377
83447, 2012-03-13 03:50:02, 31260
83448, 2012-03-13 03:55:05, 31136
83449, 2012-03-13 04:00:01, 31050
83450, 2012-03-13 04:05:10, 30953
83451, 2012-03-13 04:10:01, 30881
83452, 2012-03-13 04:15:05, 30816
83453, 2012-03-13 04:20:02, 30745
83454, 2012-03-13 04:25:04, 30684
83455, 2012-03-13 04:30:01, 30745
83456, 2012-03-13 04:35:16, 30735
83457, 2012-03-13 04:40:01, 30920
83458, 2012-03-13 04:45:03, 30926
83459, 2012-03-13 04:50:01, 30958
83460, 2012-03-13 04:55:06, 30995
83461, 2012-03-13 05:00:04, 31034
83462, 2012-03-13 05:05:03, 31053
83463, 2012-03-13 05:10:01, 30991
83464, 2012-03-13 05:15:01, 31334
83465, 2012-03-13 05:20:03, 31623
83466, 2012-03-13 05:25:04, 31760
83467, 2012-03-13 05:30:01, 31861
83468, 2012-03-13 05:35:10, 31841
83469, 2012-03-13 05:40:01, 31908
83470, 2012-03-13 05:45:05, 31983
83471, 2012-03-13 05:50:04, 32139
83472, 2012-03-13 05:55:01, 32313
83473, 2012-03-13 06:00:01, 32397
83474, 2012-03-13 06:05:02, 32499
83475, 2012-03-13 06:10:01, 32901
83476, 2012-03-13 06:15:05, 33738
83477, 2012-03-13 06:20:01, 34271
83478, 2012-03-13 06:25:05, 34611
83479, 2012-03-13 06:30:01, 35132
83480, 2012-03-13 06:35:01, 35373
83481, 2012-03-13 06:40:01, 35742
83482, 2012-03-13 06:45:01, 36240
83483, 2012-03-13 06:50:01, 36554
83484, 2012-03-13 06:55:05, 37256
83485, 2012-03-13 07:00:05, 37915
83486, 2012-03-13 07:05:10, 38283
83487, 2012-03-13 07:10:01, 38790
83488, 2012-03-13 07:15:05, 39625
83489, 2012-03-13 07:20:01, 40225
83490, 2012-03-13 07:25:01, 40826
83491, 2012-03-13 07:30:01, 41283
83492, 2012-03-13 07:35:09, 41560
83493, 2012-03-13 07:40:02, 41607
83494, 2012-03-13 07:45:09, 41823
83495, 2012-03-13 07:50:04, 42083
83496, 2012-03-13 07:55:06, 42259
83497, 2012-03-13 08:00:01, 42413
83498, 2012-03-13 08:05:02, 42625
83499, 2012-03-13 08:10:01, 42911
83500, 2012-03-13 08:15:14, 43245
83501, 2012-03-13 08:20:04, 43365
83502, 2012-03-13 08:25:02, 43487
83503, 2012-03-13 08:30:01, 43599
83504, 2012-03-13 08:35:01, 43503
83505, 2012-03-13 08:40:01, 43511
83506, 2012-03-13 08:45:09, 43545
83507, 2012-03-13 08:50:01, 43518
83508, 2012-03-13 08:55:06, 43528
83509, 2012-03-13 09:00:01, 43643
83510, 2012-03-13 09:05:10, 43817
83511, 2012-03-13 09:10:01, 44121
83512, 2012-03-13 09:15:01, 44482
83513, 2012-03-13 09:20:01, 44579
83514, 2012-03-13 09:25:06, 44523
83515, 2012-03-13 09:30:01, 44503
83516, 2012-03-13 09:35:11, 44449
83517, 2012-03-13 09:40:01, 44487
83518, 2012-03-13 09:45:01, 44548
83519, 2012-03-13 09:50:01, 44541
83520, 2012-03-13 09:55:04, 44413
83521, 2012-03-13 10:00:01, 44555
83522, 2012-03-13 10:05:09, 44527
83523, 2012-03-13 10:10:04, 44669
83524, 2012-03-13 10:15:05, 44736
83525, 2012-03-13 10:20:01, 44685
83526, 2012-03-13 10:25:02, 44634
83527, 2012-03-13 10:30:04, 44706
83528, 2012-03-13 10:35:32, 44737
83529, 2012-03-13 10:40:01, 44849
83530, 2012-03-13 10:45:06, 44826
83531, 2012-03-13 10:50:01, 44776
83532, 2012-03-13 10:55:01, 44731
83533, 2012-03-13 11:00:01, 44725
83534, 2012-03-13 11:05:12, 44714
83535, 2012-03-13 11:10:02, 44873
83536, 2012-03-13 11:15:02, 44987
83537, 2012-03-13 11:20:01, 44972
83538, 2012-03-13 11:25:05, 44961
83539, 2012-03-13 11:30:01, 44947
83540, 2012-03-13 11:35:04, 44996
83541, 2012-03-13 11:40:01, 45086
83542, 2012-03-13 11:45:01, 45172
83543, 2012-03-13 11:50:01, 45204
83544, 2012-03-13 11:55:03, 45254
83545, 2012-03-13 12:00:01, 45205
83546, 2012-03-13 12:05:05, 45147
83547, 2012-03-13 12:10:02, 45285
83548, 2012-03-13 12:15:05, 45299
83549, 2012-03-13 12:20:04, 45260
83550, 2012-03-13 12:25:12, 45273
83551, 2012-03-13 12:30:01, 45158
83552, 2012-03-13 12:35:10, 45069
83553, 2012-03-13 12:40:01, 45016
83554, 2012-03-13 12:45:05, 44912
83555, 2012-03-13 12:50:01, 44910
83556, 2012-03-13 12:55:01, 44845
83557, 2012-03-13 13:00:02, 44829
83558, 2012-03-13 13:05:01, 44831
83559, 2012-03-13 13:10:01, 44922
83560, 2012-03-13 13:15:05, 44897
83561, 2012-03-13 13:20:01, 44713
83562, 2012-03-13 13:25:05, 44691
83563, 2012-03-13 13:30:01, 44609
83564, 2012-03-13 13:35:08, 44576
83565, 2012-03-13 13:40:01, 44600
83566, 2012-03-13 13:45:01, 44603
83567, 2012-03-13 13:50:01, 44579
83568, 2012-03-13 13:55:04, 44496
83569, 2012-03-13 14:00:01, 44374
83570, 2012-03-13 14:05:09, 44296
83571, 2012-03-13 14:10:01, 44357
83572, 2012-03-13 14:15:06, 44379
83573, 2012-03-13 14:20:04, 44267
83574, 2012-03-13 14:25:03, 44315
83575, 2012-03-13 14:30:05, 44213
83576, 2012-03-13 14:35:01, 44173
83577, 2012-03-13 14:40:01, 44144
83578, 2012-03-13 14:45:20, 44082
83579, 2012-03-13 14:50:02, 44011
83580, 2012-03-13 14:55:04, 43891
83581, 2012-03-13 15:00:03, 43878
83582, 2012-03-13 15:05:11, 43820
83583, 2012-03-13 15:10:01, 43862
83584, 2012-03-13 15:15:05, 43794
83585, 2012-03-13 15:20:01, 43757
83586, 2012-03-13 15:25:07, 43681
83587, 2012-03-13 15:30:02, 43558
83588, 2012-03-13 15:35:01, 43579
83589, 2012-03-13 15:40:01, 43810
83590, 2012-03-13 15:45:06, 44003
83591, 2012-03-13 15:50:02, 44126
83592, 2012-03-13 15:55:04, 44267
83593, 2012-03-13 16:00:04, 44430
83594, 2012-03-13 16:05:01, 44558
83595, 2012-03-13 16:10:01, 44657
83596, 2012-03-13 16:15:02, 44796
83597, 2012-03-13 16:20:01, 44949
83598, 2012-03-13 16:25:09, 45075
83599, 2012-03-13 16:30:01, 45181
83600, 2012-03-13 16:35:09, 45410
83601, 2012-03-13 16:40:01, 45615
83602, 2012-03-13 16:45:06, 45859
83603, 2012-03-13 16:50:01, 46057
83604, 2012-03-13 16:55:01, 46074
83605, 2012-03-13 17:00:01, 46136
83606, 2012-03-13 17:05:17, 46375
83607, 2012-03-13 17:10:01, 46510
83608, 2012-03-13 17:15:12, 46640
83609, 2012-03-13 17:20:01, 46668
83610, 2012-03-13 17:25:01, 46768
83611, 2012-03-13 17:30:01, 46823
83612, 2012-03-13 17:35:01, 46825
83613, 2012-03-13 17:40:01, 46860
83614, 2012-03-13 17:45:07, 46850
83615, 2012-03-13 17:50:02, 46888
83616, 2012-03-13 17:55:05, 47190
83617, 2012-03-13 18:00:01, 47247
83618, 2012-03-13 18:05:01, 47501
83619, 2012-03-13 18:10:13, 48024
83620, 2012-03-13 18:15:04, 48309
83621, 2012-03-13 18:20:01, 48504
83622, 2012-03-13 18:25:05, 48920
83623, 2012-03-13 18:30:01, 49285
83624, 2012-03-13 18:35:01, 49527
83625, 2012-03-13 18:40:01, 49950
83626, 2012-03-13 18:45:02, 50220
83627, 2012-03-13 18:50:01, 50166
83628, 2012-03-13 18:55:04, 50164
83629, 2012-03-13 19:00:01, 49990
83630, 2012-03-13 19:05:10, 49884
83631, 2012-03-13 19:10:01, 49820
83632, 2012-03-13 19:15:01, 49582
83633, 2012-03-13 19:20:01, 49355
83634, 2012-03-13 19:25:08, 49173
83635, 2012-03-13 19:30:04, 48848
83636, 2012-03-13 19:35:11, 48600
83637, 2012-03-13 19:40:01, 48663
83638, 2012-03-13 19:45:01, 48401
83639, 2012-03-13 19:50:05, 48054
83640, 2012-03-13 19:55:02, 47719
83641, 2012-03-13 20:00:01, 47338
83642, 2012-03-13 20:05:11, 47188
83643, 2012-03-13 20:10:01, 47467
83644, 2012-03-13 20:15:10, 47149
83645, 2012-03-13 20:20:01, 46912
83646, 2012-03-13 20:25:10, 46532
83647, 2012-03-13 20:30:01, 46107
83648, 2012-03-13 20:35:07, 45838
83649, 2012-03-13 20:40:01, 45468
83650, 2012-03-13 20:45:02, 45071
83651, 2012-03-13 20:50:01, 44756
83652, 2012-03-13 20:55:01, 44555
83653, 2012-03-13 21:00:04, 44375
83654, 2012-03-13 21:05:08, 44162
83655, 2012-03-13 21:10:01, 44203
83656, 2012-03-13 21:15:09, 43532
83657, 2012-03-13 21:20:02, 43025
83658, 2012-03-13 21:25:01, 42694
83659, 2012-03-13 21:30:01, 42258
83660, 2012-03-13 21:35:12, 41899
83661, 2012-03-13 21:40:01, 41458
83662, 2012-03-13 21:45:01, 41062
83663, 2012-03-13 21:50:01, 40779
83664, 2012-03-13 21:55:05, 40441
83665, 2012-03-13 22:00:01, 40058
83666, 2012-03-13 22:05:01, 39619
83667, 2012-03-13 22:10:01, 39623
83668, 2012-03-13 22:15:06, 39199
83669, 2012-03-13 22:20:01, 38721
83670, 2012-03-13 22:25:06, 38262
83671, 2012-03-13 22:30:01, 37498
83672, 2012-03-13 22:35:11, 37096
83673, 2012-03-13 22:40:01, 37107
83674, 2012-03-13 22:45:04, 36932
83675, 2012-03-13 22:50:01, 36457
83676, 2012-03-13 22:55:01, 36007
83677, 2012-03-13 23:00:01, 35638
83678, 2012-03-13 23:05:13, 35382
83679, 2012-03-13 23:10:01, 35254
83680, 2012-03-13 23:15:05, 35073
83681, 2012-03-13 23:20:04, 34937
83682, 2012-03-13 23:25:01, 34787
83683, 2012-03-13 23:30:01, 34596
83684, 2012-03-13 23:35:09, 34540
83685, 2012-03-13 23:40:01, 34528
83686, 2012-03-13 23:45:04, 34285
83687, 2012-03-13 23:50:01, 34071
83688, 2012-03-13 23:55:04, 33910
83689, 2012-03-14 00:00:01, 33651
83690, 2012-03-14 00:05:01, 33580
83691, 2012-03-14 00:10:01, 33748
83692, 2012-03-14 00:15:01, 33862
83693, 2012-03-14 00:20:01, 34001
83694, 2012-03-14 00:25:11, 34189
83695, 2012-03-14 00:30:09, 34109
83696, 2012-03-14 00:35:01, 33998
83697, 2012-03-14 00:40:01, 34162
83698, 2012-03-14 00:45:01, 34233
83699, 2012-03-14 00:50:01, 34259
83700, 2012-03-14 00:55:04, 34132
83701, 2012-03-14 01:00:04, 34003
83702, 2012-03-14 01:05:14, 33823
83703, 2012-03-14 01:10:01, 34129
83704, 2012-03-14 01:15:01, 34198
83705, 2012-03-14 01:20:01, 34086
83706, 2012-03-14 01:25:01, 33852
83707, 2012-03-14 01:30:01, 33778
83708, 2012-03-14 01:35:04, 33596
83709, 2012-03-14 01:40:01, 33465
83710, 2012-03-14 01:45:06, 33543
83711, 2012-03-14 01:50:01, 33543
83712, 2012-03-14 01:55:06, 33292
83713, 2012-03-14 02:00:01, 33180
83714, 2012-03-14 02:05:12, 33111
83715, 2012-03-14 02:10:01, 33204
83716, 2012-03-14 02:15:01, 32940
83717, 2012-03-14 02:20:01, 32878
83718, 2012-03-14 02:25:05, 32953
83719, 2012-03-14 02:30:02, 32839
83720, 2012-03-14 02:35:11, 32666
83721, 2012-03-14 02:40:01, 32843
83722, 2012-03-14 02:45:05, 32829
83723, 2012-03-14 02:50:01, 32552
83724, 2012-03-14 02:55:01, 32445
83725, 2012-03-14 03:00:03, 32289
83726, 2012-03-14 03:05:08, 32256
83727, 2012-03-14 03:10:01, 32589
83728, 2012-03-14 03:15:05, 32551
83729, 2012-03-14 03:20:01, 32488
83730, 2012-03-14 03:25:09, 32403
83731, 2012-03-14 03:30:02, 32307
83732, 2012-03-14 03:35:01, 32201
83733, 2012-03-14 03:40:01, 32138
83734, 2012-03-14 03:45:04, 32044
83735, 2012-03-14 03:50:01, 31905
83736, 2012-03-14 03:55:07, 31816
83737, 2012-03-14 04:00:01, 31724
83738, 2012-03-14 04:05:19, 31662
83739, 2012-03-14 04:10:01, 31560
83740, 2012-03-14 04:15:06, 31580
83741, 2012-03-14 04:20:01, 31492
83742, 2012-03-14 04:25:01, 31451
83743, 2012-03-14 04:30:04, 31440
83744, 2012-03-14 04:35:18, 31450
83745, 2012-03-14 04:40:01, 31527
83746, 2012-03-14 04:45:04, 31545
83747, 2012-03-14 04:50:01, 31533
83748, 2012-03-14 04:55:01, 31458
83749, 2012-03-14 05:01:04, 31458
83750, 2012-03-14 05:06:04, 31458
83751, 2012-03-14 05:11:04, 31458
83752, 2012-03-14 05:16:04, 31458
83753, 2012-03-14 05:21:04, 31458
83754, 2012-03-14 05:26:04, 31458
83755, 2012-03-14 05:31:04, 31458
83756, 2012-03-14 05:36:04, 31458
83757, 2012-03-14 05:41:04, 31458
83758, 2012-03-14 05:46:04, 31458
83759, 2012-03-14 05:51:05, 31458
83760, 2012-03-14 05:56:04, 31458
83761, 2012-03-14 06:01:04, 31458
83762, 2012-03-14 06:06:05, 31458
83763, 2012-03-14 06:11:04, 31458
83764, 2012-03-14 06:16:04, 31458
83765, 2012-03-14 06:21:04, 31458
83766, 2012-03-14 06:26:04, 31458
83767, 2012-03-14 06:31:04, 31458
83768, 2012-03-14 06:36:04, 31458
83769, 2012-03-14 06:41:04, 31458
83770, 2012-03-14 06:46:04, 31458
83771, 2012-03-14 06:51:04, 31458
83772, 2012-03-14 06:56:05, 31458
83773, 2012-03-14 07:01:04, 31458
83774, 2012-03-14 07:06:04, 31458
83775, 2012-03-14 07:11:04, 31458
83776, 2012-03-14 07:16:04, 31458
83777, 2012-03-14 07:21:04, 31458
83778, 2012-03-14 07:26:04, 31458
83779, 2012-03-14 07:31:04, 31458
83780, 2012-03-14 07:36:04, 31458
83781, 2012-03-14 07:41:04, 31458
83782, 2012-03-14 07:46:04, 31458
83783, 2012-03-14 07:51:04, 31458
83784, 2012-03-14 07:56:04, 31458
83785, 2012-03-14 08:01:04, 31458
83786, 2012-03-14 08:06:04, 31458
83787, 2012-03-14 08:11:04, 31458
83788, 2012-03-14 08:16:04, 31458
83789, 2012-03-14 08:21:04, 31458
83790, 2012-03-14 08:26:04, 31458
83791, 2012-03-14 08:31:04, 31458
83792, 2012-03-14 08:36:04, 31458
83793, 2012-03-14 08:41:04, 31458
83794, 2012-03-14 08:46:04, 31458
83795, 2012-03-14 08:51:04, 31458
83796, 2012-03-14 08:56:04, 31458
83797, 2012-03-14 09:01:04, 31458
83798, 2012-03-14 09:06:04, 31458
83799, 2012-03-14 09:11:04, 31458
83800, 2012-03-14 09:17:35, 31458
83801, 2012-03-14 09:24:14, 37656
83802, 2012-03-14 09:25:33, 37656
83803, 2012-03-14 09:30:36, 37656
83804, 2012-03-14 09:35:01, 37656
83805, 2012-03-14 09:40:01, 37656
83806, 2012-03-14 09:45:22, 38648
83807, 2012-03-14 09:50:01, 41268
83808, 2012-03-14 09:55:06, 42206
83809, 2012-03-14 10:00:57, 43006
83810, 2012-03-14 10:05:29, 44128
83811, 2012-03-14 10:10:27, 44121
83812, 2012-03-14 10:15:36, 44458
83813, 2012-03-14 10:20:51, 44910
83814, 2012-03-14 10:25:06, 45000
83815, 2012-03-14 10:30:17, 45044
83816, 2012-03-14 10:35:36, 45011
83817, 2012-03-14 10:40:52, 45021
83818, 2012-03-14 10:45:06, 44356
83819, 2012-03-14 10:50:01, 43942
83820, 2012-03-14 10:55:05, 43992
83821, 2012-03-14 11:00:01, 45011
83822, 2012-03-14 11:05:01, 44974
83823, 2012-03-14 11:10:01, 45015
83824, 2012-03-14 11:15:11, 45052
83825, 2012-03-14 11:20:02, 45074
83826, 2012-03-14 11:25:09, 45121
83827, 2012-03-14 11:30:01, 45104
83828, 2012-03-14 11:35:01, 45063
83829, 2012-03-14 11:40:01, 45013
83830, 2012-03-14 11:45:10, 45069
83831, 2012-03-14 11:50:01, 45108
83832, 2012-03-14 11:55:04, 45141
83833, 2012-03-14 12:00:01, 45156
83834, 2012-03-14 12:05:23, 45136
83835, 2012-03-14 12:10:01, 45171
83836, 2012-03-14 12:15:01, 45171
83837, 2012-03-14 12:20:04, 45171
83838, 2012-03-14 12:25:01, 45171
83839, 2012-03-14 12:30:01, 45171
83840, 2012-03-14 12:35:01, 45171
83841, 2012-03-14 12:40:02, 45171
83842, 2012-03-14 12:45:01, 45171
83843, 2012-03-14 12:50:05, 45171
83844, 2012-03-14 12:55:01, 45171
83845, 2012-03-14 13:00:01, 45171
83846, 2012-03-14 13:05:01, 45171
83847, 2012-03-14 13:10:01, 45171
83848, 2012-03-14 13:15:02, 45171
83849, 2012-03-14 13:20:01, 45171
83850, 2012-03-14 13:25:01, 45171
83851, 2012-03-14 13:30:01, 45171
83852, 2012-03-14 13:35:01, 45171
83853, 2012-03-14 13:40:01, 45171
83854, 2012-03-14 13:45:01, 45171
83855, 2012-03-14 13:50:01, 45171
83856, 2012-03-14 13:55:01, 45171
83857, 2012-03-14 14:00:02, 45171
83858, 2012-03-14 14:05:01, 45171
83859, 2012-03-14 14:10:01, 45171
83860, 2012-03-14 14:15:01, 45171
83861, 2012-03-14 14:20:04, 45171
83862, 2012-03-14 14:25:05, 45171
83863, 2012-03-14 14:30:29, 45179
83864, 2012-03-14 14:35:09, 44960
83865, 2012-03-14 14:40:01, 44406
83866, 2012-03-14 14:45:08, 44302
83867, 2012-03-14 14:50:02, 44006
83868, 2012-03-14 14:55:05, 43732
83869, 2012-03-14 15:00:45, 43532
83870, 2012-03-14 15:05:22, 43197
83871, 2012-03-14 15:10:12, 42944
83872, 2012-03-14 15:15:03, 42962
83873, 2012-03-14 15:20:01, 42727
83874, 2012-03-14 15:25:04, 42584
83875, 2012-03-14 15:30:01, 42454
83876, 2012-03-14 15:35:09, 42398
83877, 2012-03-14 15:40:04, 42536
83878, 2012-03-14 15:45:01, 42747
83879, 2012-03-14 15:50:01, 42930
83880, 2012-03-14 15:55:01, 43051
83881, 2012-03-14 16:00:01, 43193
83882, 2012-03-14 16:05:17, 43285
83883, 2012-03-14 16:10:01, 43536
83884, 2012-03-14 16:15:04, 43693
83885, 2012-03-14 16:20:01, 43863
83886, 2012-03-14 16:25:07, 43946
83887, 2012-03-14 16:30:03, 43957
83888, 2012-03-14 16:35:07, 44109
83889, 2012-03-14 16:40:01, 44437
83890, 2012-03-14 16:45:04, 44579
83891, 2012-03-14 16:50:02, 44711
83892, 2012-03-14 16:55:01, 44819
83893, 2012-03-14 17:00:01, 44861
83894, 2012-03-14 17:05:10, 44998
83895, 2012-03-14 17:10:01, 45049
83896, 2012-03-14 17:15:01, 45076
83897, 2012-03-14 17:20:01, 45114
83898, 2012-03-14 17:25:07, 45166
83899, 2012-03-14 17:30:01, 45291
83900, 2012-03-14 17:35:12, 45397
83901, 2012-03-14 17:40:01, 45453
83902, 2012-03-14 17:45:06, 45441
83903, 2012-03-14 17:50:01, 45439
83904, 2012-03-14 17:55:01, 45496
83905, 2012-03-14 18:00:01, 45622
83906, 2012-03-14 18:05:06, 45947
83907, 2012-03-14 18:10:01, 46456
83908, 2012-03-14 18:15:05, 46682
83909, 2012-03-14 18:20:02, 47000
83910, 2012-03-14 18:25:04, 47445
83911, 2012-03-14 18:30:05, 48002
83912, 2012-03-14 18:35:01, 48687
83913, 2012-03-14 18:40:15, 49197
83914, 2012-03-14 18:45:04, 49463
83915, 2012-03-14 18:50:01, 49531
83916, 2012-03-14 18:55:04, 49527
83917, 2012-03-14 19:00:01, 49437
83918, 2012-03-14 19:05:01, 49439
83919, 2012-03-14 19:10:01, 49414
83920, 2012-03-14 19:15:06, 49260
83921, 2012-03-14 19:20:01, 49042
83922, 2012-03-14 19:25:04, 48902
83923, 2012-03-14 19:30:01, 48643
83924, 2012-03-14 19:35:18, 48628
83925, 2012-03-14 19:40:01, 48671
83926, 2012-03-14 19:45:02, 48543
83927, 2012-03-14 19:50:01, 48256
83928, 2012-03-14 19:55:01, 47955
83929, 2012-03-14 20:00:01, 47593
83930, 2012-03-14 20:05:16, 47301
83931, 2012-03-14 20:10:02, 47138
83932, 2012-03-14 20:15:01, 46938
83933, 2012-03-14 20:20:01, 46580
83934, 2012-03-14 20:25:04, 46225
83935, 2012-03-14 20:30:01, 45941
83936, 2012-03-14 20:35:13, 45663
83937, 2012-03-14 20:40:02, 45458
83938, 2012-03-14 20:45:05, 45278
83939, 2012-03-14 20:50:01, 44867
83940, 2012-03-14 20:55:01, 44592
83941, 2012-03-14 21:00:01, 44221
83942, 2012-03-14 21:05:09, 43945
83943, 2012-03-14 21:10:01, 43987
83944, 2012-03-14 21:15:09, 43571
83945, 2012-03-14 21:20:01, 43131
83946, 2012-03-14 21:25:06, 42760
83947, 2012-03-14 21:30:04, 42392
83948, 2012-03-14 21:35:01, 42022
83949, 2012-03-14 21:40:01, 41697
83950, 2012-03-14 21:45:05, 41679
83951, 2012-03-14 21:50:04, 41154
83952, 2012-03-14 21:55:06, 40575
83953, 2012-03-14 22:00:01, 40077
83954, 2012-03-14 22:05:01, 39817
83955, 2012-03-14 22:10:01, 39730
83956, 2012-03-14 22:15:06, 39254
83957, 2012-03-14 22:20:02, 38842
83958, 2012-03-14 22:25:05, 38693
83959, 2012-03-14 22:30:01, 38263
83960, 2012-03-14 22:35:14, 37912
83961, 2012-03-14 22:40:01, 37858
83962, 2012-03-14 22:45:05, 37490
83963, 2012-03-14 22:50:01, 37152
83964, 2012-03-14 22:55:01, 36697
83965, 2012-03-14 23:00:02, 36195
83966, 2012-03-14 23:05:06, 35858
83967, 2012-03-14 23:10:02, 35579
83968, 2012-03-14 23:15:05, 35285
83969, 2012-03-14 23:20:02, 35182
83970, 2012-03-14 23:25:01, 35005
83971, 2012-03-14 23:30:01, 34860
83972, 2012-03-14 23:35:14, 34739
83973, 2012-03-14 23:40:04, 34848
83974, 2012-03-14 23:45:06, 34775
83975, 2012-03-14 23:50:01, 34576
83976, 2012-03-14 23:55:04, 34445
83977, 2012-03-15 00:00:05, 34144
83978, 2012-03-15 00:05:01, 33907
83979, 2012-03-15 00:10:01, 34170
83980, 2012-03-15 00:15:07, 34287
83981, 2012-03-15 00:20:01, 34371
83982, 2012-03-15 00:25:08, 34378
83983, 2012-03-15 00:30:01, 34279
83984, 2012-03-15 00:35:08, 34200
83985, 2012-03-15 00:40:01, 34362
83986, 2012-03-15 00:45:04, 34426
83987, 2012-03-15 00:50:01, 34399
83988, 2012-03-15 00:55:01, 34336
83989, 2012-03-15 01:00:01, 34302
83990, 2012-03-15 01:05:10, 34227
83991, 2012-03-15 01:10:01, 34310
83992, 2012-03-15 01:15:06, 34262
83993, 2012-03-15 01:20:02, 34142
83994, 2012-03-15 01:25:04, 33999
83995, 2012-03-15 01:30:01, 33776
83996, 2012-03-15 01:35:04, 33455
83997, 2012-03-15 01:40:01, 33389
83998, 2012-03-15 01:45:01, 33300
83999, 2012-03-15 01:50:01, 33296
84000, 2012-03-15 01:55:04, 33202
84001, 2012-03-15 02:00:01, 33151
84002, 2012-03-15 02:05:02, 33151
84003, 2012-03-15 02:10:20, 33078
84004, 2012-03-15 02:15:05, 33248
84005, 2012-03-15 02:20:01, 33130
84006, 2012-03-15 02:25:01, 33103
84007, 2012-03-15 02:30:01, 32932
84008, 2012-03-15 02:35:19, 32885
84009, 2012-03-15 02:40:01, 33306
84010, 2012-03-15 02:45:06, 33249
84011, 2012-03-15 02:50:01, 33176
84012, 2012-03-15 02:55:01, 33170
84013, 2012-03-15 03:00:03, 33006
84014, 2012-03-15 03:05:07, 32871
84015, 2012-03-15 03:10:02, 32971
84016, 2012-03-15 03:15:05, 32902
84017, 2012-03-15 03:20:01, 32713
84018, 2012-03-15 03:25:01, 32614
84019, 2012-03-15 03:30:01, 32466
84020, 2012-03-15 03:35:01, 32286
84021, 2012-03-15 03:40:01, 32265
84022, 2012-03-15 03:45:06, 32198
84023, 2012-03-15 03:50:01, 32116
84024, 2012-03-15 03:55:06, 32015
84025, 2012-03-15 04:00:01, 31914
84026, 2012-03-15 04:05:01, 31814
84027, 2012-03-15 04:10:01, 31856
84028, 2012-03-15 04:15:01, 31817
84029, 2012-03-15 04:20:01, 31768
84030, 2012-03-15 04:25:04, 31672
84031, 2012-03-15 04:30:04, 31559
84032, 2012-03-15 04:35:19, 31470
84033, 2012-03-15 04:40:01, 31502
84034, 2012-03-15 04:45:01, 31522
84035, 2012-03-15 04:50:01, 31576
84036, 2012-03-15 04:55:02, 31615
84037, 2012-03-15 05:00:07, 31513
84038, 2012-03-15 05:05:13, 31350
84039, 2012-03-15 05:10:01, 31225
84040, 2012-03-15 05:15:06, 31459
84041, 2012-03-15 05:20:01, 31853
84042, 2012-03-15 05:25:01, 31899
84043, 2012-03-15 05:30:02, 31938
84044, 2012-03-15 05:35:15, 32113
84045, 2012-03-15 05:40:01, 32240
84046, 2012-03-15 05:45:06, 32486
84047, 2012-03-15 05:50:05, 32585
84048, 2012-03-15 05:55:04, 32654
84049, 2012-03-15 06:00:01, 32743
84050, 2012-03-15 06:05:01, 32820
84051, 2012-03-15 06:10:01, 33305
84052, 2012-03-15 06:15:02, 34356
84053, 2012-03-15 06:20:01, 34865
84054, 2012-03-15 06:25:05, 35121
84055, 2012-03-15 06:30:02, 35411
84056, 2012-03-15 06:35:09, 35760
84057, 2012-03-15 06:40:01, 36187
84058, 2012-03-15 06:45:01, 36806
84059, 2012-03-15 06:50:01, 37334
84060, 2012-03-15 06:55:01, 37919
84061, 2012-03-15 07:00:01, 38549
84062, 2012-03-15 07:05:15, 38754
84063, 2012-03-15 07:10:01, 39207
84064, 2012-03-15 07:15:05, 40005
84065, 2012-03-15 07:20:04, 40403
84066, 2012-03-15 07:25:01, 40863
84067, 2012-03-15 07:30:03, 41323
84068, 2012-03-15 07:35:08, 41677
84069, 2012-03-15 07:40:02, 41722
84070, 2012-03-15 07:45:05, 42073
84071, 2012-03-15 07:50:01, 42353
84072, 2012-03-15 07:55:01, 42485
84073, 2012-03-15 08:00:01, 42810
84074, 2012-03-15 08:05:34, 43139
84075, 2012-03-15 08:10:02, 43362
84076, 2012-03-15 08:15:16, 43559
84077, 2012-03-15 08:20:01, 43709
84078, 2012-03-15 08:25:01, 43847
84079, 2012-03-15 08:30:01, 43903
84080, 2012-03-15 08:35:01, 43958
84081, 2012-03-15 08:40:01, 43998
84082, 2012-03-15 08:45:05, 43993
84083, 2012-03-15 08:50:01, 44044
84084, 2012-03-15 08:55:05, 44095
84085, 2012-03-15 09:00:01, 44161
84086, 2012-03-15 09:05:01, 44379
84087, 2012-03-15 09:10:01, 44635
84088, 2012-03-15 09:15:01, 45026
84089, 2012-03-15 09:20:01, 44977
84090, 2012-03-15 09:25:05, 44929
84091, 2012-03-15 09:30:01, 44944
84092, 2012-03-15 09:35:01, 45015
84093, 2012-03-15 09:40:01, 45059
84094, 2012-03-15 09:45:07, 45039
84095, 2012-03-15 09:50:01, 44987
84096, 2012-03-15 09:55:05, 44834
84097, 2012-03-15 10:00:01, 44779
84098, 2012-03-15 10:05:04, 44798
84099, 2012-03-15 10:10:03, 44761
84100, 2012-03-15 10:15:05, 44641
84101, 2012-03-15 10:20:01, 44599
84102, 2012-03-15 10:25:11, 44597
84103, 2012-03-15 10:30:01, 44587
84104, 2012-03-15 10:35:01, 44605
84105, 2012-03-15 10:40:01, 44595
84106, 2012-03-15 10:45:09, 44595
84107, 2012-03-15 10:50:01, 44534
84108, 2012-03-15 10:55:10, 41971
84109, 2012-03-15 11:00:02, 42943
84110, 2012-03-15 11:05:01, 44592
84111, 2012-03-15 11:10:02, 44661
84112, 2012-03-15 11:15:06, 44641
84113, 2012-03-15 11:20:02, 44652
84114, 2012-03-15 11:25:01, 44635
84115, 2012-03-15 11:30:01, 44613
84116, 2012-03-15 11:35:21, 44596
84117, 2012-03-15 11:40:01, 44596
84118, 2012-03-15 11:45:06, 44572
84119, 2012-03-15 11:50:01, 44512
84120, 2012-03-15 11:55:05, 44465
84121, 2012-03-15 12:00:01, 44495
84122, 2012-03-15 12:05:10, 44466
84123, 2012-03-15 12:10:01, 44593
84124, 2012-03-15 12:15:06, 44576
84125, 2012-03-15 12:20:01, 44641
84126, 2012-03-15 12:25:01, 44575
84127, 2012-03-15 12:30:02, 44543
84128, 2012-03-15 12:35:04, 44447
84129, 2012-03-15 12:40:02, 44464
84130, 2012-03-15 12:45:01, 44397
84131, 2012-03-15 12:50:01, 44341
84132, 2012-03-15 12:55:02, 44273
84133, 2012-03-15 13:00:01, 44136
84134, 2012-03-15 13:05:12, 43929
84135, 2012-03-15 13:10:02, 43932
84136, 2012-03-15 13:15:01, 43938
84137, 2012-03-15 13:20:01, 43835
84138, 2012-03-15 13:25:10, 43814
84139, 2012-03-15 13:30:01, 43786
84140, 2012-03-15 13:35:12, 43712
84141, 2012-03-15 13:40:01, 43754
84142, 2012-03-15 13:45:07, 43614
84143, 2012-03-15 13:50:01, 43642
84144, 2012-03-15 13:55:01, 43577
84145, 2012-03-15 14:00:01, 43466
84146, 2012-03-15 14:05:09, 43396
84147, 2012-03-15 14:10:01, 43488
84148, 2012-03-15 14:15:05, 43574
84149, 2012-03-15 14:20:01, 43541
84150, 2012-03-15 14:25:02, 43470
84151, 2012-03-15 14:32:34, 43386
84152, 2012-03-15 14:35:09, 43315
84153, 2012-03-15 14:40:01, 43244
84154, 2012-03-15 14:45:30, 43083
84155, 2012-03-15 14:50:04, 43037
84156, 2012-03-15 14:55:04, 43011
84157, 2012-03-15 15:00:01, 42956
84158, 2012-03-15 15:05:01, 42948
84159, 2012-03-15 15:10:01, 43020
84160, 2012-03-15 15:15:05, 42982
84161, 2012-03-15 15:20:05, 42924
84162, 2012-03-15 15:25:12, 42820
84163, 2012-03-15 15:30:01, 42820
84164, 2012-03-15 15:35:01, 42894
84165, 2012-03-15 15:40:01, 43083
84166, 2012-03-15 15:45:08, 43339
84167, 2012-03-15 15:50:01, 43450
84168, 2012-03-15 15:55:01, 43584
84169, 2012-03-15 16:00:01, 43695
84170, 2012-03-15 16:05:01, 43919
84171, 2012-03-15 16:10:01, 43961
84172, 2012-03-15 16:15:04, 44063
84173, 2012-03-15 16:20:04, 44210
84174, 2012-03-15 16:25:08, 44325
84175, 2012-03-15 16:30:04, 44432
84176, 2012-03-15 16:35:05, 44559
84177, 2012-03-15 16:40:01, 44800
84178, 2012-03-15 16:45:07, 45020
84179, 2012-03-15 16:50:01, 45238
84180, 2012-03-15 16:55:04, 45366
84181, 2012-03-15 17:00:01, 45461
84182, 2012-03-15 17:05:01, 45609
84183, 2012-03-15 17:10:01, 45703
84184, 2012-03-15 17:15:06, 45769
84185, 2012-03-15 17:20:01, 45791
84186, 2012-03-15 17:25:05, 45895
84187, 2012-03-15 17:30:01, 45987
84188, 2012-03-15 17:35:09, 45974
84189, 2012-03-15 17:40:01, 46106
84190, 2012-03-15 17:45:02, 46145
84191, 2012-03-15 17:50:01, 46217
84192, 2012-03-15 17:55:05, 46296
84193, 2012-03-15 18:00:01, 46320
84194, 2012-03-15 18:05:17, 46616
84195, 2012-03-15 18:10:01, 46095
84196, 2012-03-15 18:15:06, 45370
84197, 2012-03-15 18:20:01, 47626
84198, 2012-03-15 18:25:05, 48077
84199, 2012-03-15 18:30:02, 48274
84200, 2012-03-15 18:35:01, 48532
84201, 2012-03-15 18:40:01, 48874
84202, 2012-03-15 18:45:01, 49142
84203, 2012-03-15 18:50:01, 49089
84204, 2012-03-15 18:55:05, 49089
84205, 2012-03-15 19:00:01, 49173
84206, 2012-03-15 19:05:10, 49100
84207, 2012-03-15 19:10:05, 49035
84208, 2012-03-15 19:15:17, 48826
84209, 2012-03-15 19:20:01, 48605
84210, 2012-03-15 19:25:20, 48278
84211, 2012-03-15 19:30:01, 48003
84212, 2012-03-15 19:35:08, 47877
84213, 2012-03-15 19:40:01, 47832
84214, 2012-03-15 19:45:06, 47484
84215, 2012-03-15 19:50:12, 47157
84216, 2012-03-15 19:55:01, 46940
84217, 2012-03-15 20:00:01, 46697
84218, 2012-03-15 20:05:02, 46665
84219, 2012-03-15 20:10:01, 46658
84220, 2012-03-15 20:15:05, 46346
84221, 2012-03-15 20:20:01, 46150
84222, 2012-03-15 20:25:07, 45756
84223, 2012-03-15 20:30:01, 45402
84224, 2012-03-15 20:35:01, 45128
84225, 2012-03-15 20:40:01, 44934
84226, 2012-03-15 20:45:01, 44514
84227, 2012-03-15 20:50:01, 44213
84228, 2012-03-15 20:55:05, 44136
84229, 2012-03-15 21:00:01, 43603
84230, 2012-03-15 21:05:04, 43232
84231, 2012-03-15 21:10:01, 43331
84232, 2012-03-15 21:15:05, 42866
84233, 2012-03-15 21:20:01, 42493
84234, 2012-03-15 21:25:01, 42195
84235, 2012-03-15 21:30:01, 41738
84236, 2012-03-15 21:35:11, 41413
84237, 2012-03-15 21:40:04, 41190
84238, 2012-03-15 21:45:05, 40660
84239, 2012-03-15 21:50:01, 40274
84240, 2012-03-15 21:55:02, 40046
84241, 2012-03-15 22:00:01, 39640
84242, 2012-03-15 22:05:01, 39314
84243, 2012-03-15 22:10:02, 39431
84244, 2012-03-15 22:15:06, 38977
84245, 2012-03-15 22:20:01, 38419
84246, 2012-03-15 22:25:04, 37916
84247, 2012-03-15 22:30:01, 37419
84248, 2012-03-15 22:35:20, 36926
84249, 2012-03-15 22:40:01, 37013
84250, 2012-03-15 22:45:01, 36783
84251, 2012-03-15 22:50:01, 36350
84252, 2012-03-15 22:55:08, 35936
84253, 2012-03-15 23:00:01, 35465
84254, 2012-03-15 23:05:11, 34973
84255, 2012-03-15 23:10:01, 34902
84256, 2012-03-15 23:15:04, 34713
84257, 2012-03-15 23:20:01, 34669
84258, 2012-03-15 23:25:01, 34488
84259, 2012-03-15 23:30:01, 34287
84260, 2012-03-15 23:35:01, 34267
84261, 2012-03-15 23:40:01, 34062
84262, 2012-03-15 23:45:06, 33980
84263, 2012-03-15 23:50:01, 33729
84264, 2012-03-15 23:55:11, 33494
84265, 2012-03-16 00:00:01, 33314
84266, 2012-03-16 00:05:13, 33179
84267, 2012-03-16 00:10:02, 33632
84268, 2012-03-16 00:15:01, 33990
84269, 2012-03-16 00:20:02, 34154
84270, 2012-03-16 00:25:02, 34090
84271, 2012-03-16 00:30:01, 33982
84272, 2012-03-16 00:35:08, 33824
84273, 2012-03-16 00:40:01, 33952
84274, 2012-03-16 00:45:01, 33981
84275, 2012-03-16 00:50:02, 33948
84276, 2012-03-16 00:55:06, 33916
84277, 2012-03-16 01:00:01, 33892
84278, 2012-03-16 01:05:16, 33699
84279, 2012-03-16 01:10:01, 33688
84280, 2012-03-16 01:15:05, 33516
84281, 2012-03-16 01:20:01, 33586
84282, 2012-03-16 01:25:14, 33639
84283, 2012-03-16 01:30:01, 33523
84284, 2012-03-16 01:35:10, 33399
84285, 2012-03-16 01:40:01, 33289
84286, 2012-03-16 01:45:10, 33085
84287, 2012-03-16 01:50:01, 32889
84288, 2012-03-16 01:55:01, 32666
84289, 2012-03-16 02:00:01, 32345
84290, 2012-03-16 02:05:17, 32331
84291, 2012-03-16 02:10:01, 32633
84292, 2012-03-16 02:15:06, 32795
84293, 2012-03-16 02:20:02, 32729
84294, 2012-03-16 02:25:10, 32635
84295, 2012-03-16 02:30:01, 32490
84296, 2012-03-16 02:35:29, 32356
84297, 2012-03-16 02:40:01, 32538
84298, 2012-03-16 02:45:05, 32512
84299, 2012-03-16 02:50:09, 32354
84300, 2012-03-16 02:55:01, 32188
84301, 2012-03-16 03:00:04, 32127
84302, 2012-03-16 03:05:21, 32030
84303, 2012-03-16 03:10:01, 31988
84304, 2012-03-16 03:15:08, 31894
84305, 2012-03-16 03:20:01, 31771
84306, 2012-03-16 03:25:09, 31628
84307, 2012-03-16 03:30:01, 31439
84308, 2012-03-16 03:35:13, 31343
84309, 2012-03-16 03:40:01, 31306
84310, 2012-03-16 03:45:04, 31175
84311, 2012-03-16 03:50:02, 30998
84312, 2012-03-16 03:55:17, 30875
84313, 2012-03-16 04:00:02, 30758
84314, 2012-03-16 04:05:18, 30647
84315, 2012-03-16 04:10:01, 30653
84316, 2012-03-16 04:15:01, 30584
84317, 2012-03-16 04:20:01, 30539
84318, 2012-03-16 04:25:09, 30523
84319, 2012-03-16 04:30:01, 30489
84320, 2012-03-16 04:35:14, 30430
84321, 2012-03-16 04:40:01, 30437
84322, 2012-03-16 04:45:01, 30417
84323, 2012-03-16 04:50:01, 30488
84324, 2012-03-16 04:55:01, 30470
84325, 2012-03-16 05:00:01, 30375
84326, 2012-03-16 05:05:15, 30319
84327, 2012-03-16 05:10:01, 30383
84328, 2012-03-16 05:15:01, 30530
84329, 2012-03-16 05:20:05, 30780
84330, 2012-03-16 05:25:10, 30850
84331, 2012-03-16 05:30:01, 30912
84332, 2012-03-16 05:35:02, 31010
84333, 2012-03-16 05:40:01, 31082
84334, 2012-03-16 05:45:05, 31336
84335, 2012-03-16 05:50:05, 31501
84336, 2012-03-16 05:55:01, 31816
84337, 2012-03-16 06:00:01, 32226
84338, 2012-03-16 06:05:15, 32526
84339, 2012-03-16 06:10:01, 33300
84340, 2012-03-16 06:15:01, 34201
84341, 2012-03-16 06:20:01, 34885
84342, 2012-03-16 06:25:09, 34825
84343, 2012-03-16 06:30:01, 34870
84344, 2012-03-16 06:35:16, 35030
84345, 2012-03-16 06:40:01, 35272
84346, 2012-03-16 06:45:07, 35743
84347, 2012-03-16 06:50:02, 36353
84348, 2012-03-16 06:55:06, 37229
84349, 2012-03-16 07:00:01, 37697
84350, 2012-03-16 07:05:15, 37777
84351, 2012-03-16 07:10:01, 38026
84352, 2012-03-16 07:15:05, 38564
84353, 2012-03-16 07:20:05, 39013
84354, 2012-03-16 07:25:08, 39475
84355, 2012-03-16 07:30:01, 39911
84356, 2012-03-16 07:35:09, 40247
84357, 2012-03-16 07:40:01, 40423
84358, 2012-03-16 07:45:28, 40610
84359, 2012-03-16 07:50:01, 40782
84360, 2012-03-16 07:55:09, 40996
84361, 2012-03-16 08:00:01, 41353
84362, 2012-03-16 08:05:15, 41498
84363, 2012-03-16 08:10:02, 41864
84364, 2012-03-16 08:15:08, 42227
84365, 2012-03-16 08:20:04, 42363
84366, 2012-03-16 08:25:01, 42431
84367, 2012-03-16 08:30:04, 42489
84368, 2012-03-16 08:35:09, 42497
84369, 2012-03-16 08:40:01, 42580
84370, 2012-03-16 08:45:07, 42655
84371, 2012-03-16 08:50:02, 42719
84372, 2012-03-16 08:55:10, 42741
84373, 2012-03-16 09:00:01, 42918
84374, 2012-03-16 09:05:19, 43063
84375, 2012-03-16 09:10:01, 43203
84376, 2012-03-16 09:15:08, 43311
84377, 2012-03-16 09:20:01, 43362
84378, 2012-03-16 09:25:01, 43453
84379, 2012-03-16 09:30:01, 43568
84380, 2012-03-16 09:35:02, 43597
84381, 2012-03-16 09:40:01, 43590
84382, 2012-03-16 09:45:01, 43578
84383, 2012-03-16 09:50:01, 43625
84384, 2012-03-16 09:55:03, 43598
84385, 2012-03-16 10:00:01, 43608
84386, 2012-03-16 10:05:01, 43576
84387, 2012-03-16 10:10:01, 43538
84388, 2012-03-16 10:15:13, 43561
84389, 2012-03-16 10:20:01, 43555
84390, 2012-03-16 10:25:10, 43623
84391, 2012-03-16 10:30:02, 43576
84392, 2012-03-16 10:35:01, 43641
84393, 2012-03-16 10:40:04, 43689
84394, 2012-03-16 10:45:24, 43675
84395, 2012-03-16 10:50:01, 43683
84396, 2012-03-16 10:55:01, 43659
84397, 2012-03-16 11:00:01, 43641
84398, 2012-03-16 11:05:01, 43667
84399, 2012-03-16 11:10:01, 43882
84400, 2012-03-16 11:15:15, 43943
84401, 2012-03-16 11:20:02, 43934
84402, 2012-03-16 11:25:01, 43997
84403, 2012-03-16 11:30:01, 43974
84404, 2012-03-16 11:35:13, 44022
84405, 2012-03-16 11:40:01, 44006
84406, 2012-03-16 11:45:23, 43943
84407, 2012-03-16 11:50:01, 43972
84408, 2012-03-16 11:55:10, 44025
84409, 2012-03-16 12:00:01, 44033
84410, 2012-03-16 12:05:02, 44073
84411, 2012-03-16 12:10:01, 44062
84412, 2012-03-16 12:15:05, 44119
84413, 2012-03-16 12:20:01, 44122
84414, 2012-03-16 12:25:13, 44072
84415, 2012-03-16 12:30:01, 43953
84416, 2012-03-16 12:35:10, 43877
84417, 2012-03-16 12:40:02, 43846
84418, 2012-03-16 12:45:11, 43664
84419, 2012-03-16 12:50:01, 43605
84420, 2012-03-16 12:55:01, 43567
84421, 2012-03-16 13:00:01, 43432
84422, 2012-03-16 13:05:16, 43376
84423, 2012-03-16 13:10:02, 43360
84424, 2012-03-16 13:15:06, 43299
84425, 2012-03-16 13:20:01, 43181
84426, 2012-03-16 13:25:06, 43144
84427, 2012-03-16 13:30:01, 43068
84428, 2012-03-16 13:35:01, 42995
84429, 2012-03-16 13:40:01, 42987
84430, 2012-03-16 13:45:01, 42981
84431, 2012-03-16 13:50:04, 43008
84432, 2012-03-16 13:55:09, 42862
84433, 2012-03-16 14:00:01, 42772
84434, 2012-03-16 14:05:19, 42607
84435, 2012-03-16 14:10:01, 42655
84436, 2012-03-16 14:15:19, 42651
84437, 2012-03-16 14:20:01, 42574
84438, 2012-03-16 14:25:03, 42567
84439, 2012-03-16 14:30:02, 42541
84440, 2012-03-16 14:35:01, 42446
84441, 2012-03-16 14:40:01, 42332
84442, 2012-03-16 14:45:09, 42279
84443, 2012-03-16 14:50:05, 42200
84444, 2012-03-16 14:55:07, 42198
84445, 2012-03-16 15:00:04, 42198
84446, 2012-03-16 15:05:14, 42195
84447, 2012-03-16 15:10:02, 42291
84448, 2012-03-16 15:15:07, 42261
84449, 2012-03-16 15:20:01, 42261
84450, 2012-03-16 15:25:10, 42190
84451, 2012-03-16 15:30:01, 42076
84452, 2012-03-16 15:35:01, 42028
84453, 2012-03-16 15:40:01, 42201
84454, 2012-03-16 15:45:10, 42402
84455, 2012-03-16 15:50:01, 42529
84456, 2012-03-16 15:55:04, 42661
84457, 2012-03-16 16:00:01, 42880
84458, 2012-03-16 16:05:01, 42903
84459, 2012-03-16 16:10:01, 42945
84460, 2012-03-16 16:15:01, 43075
84461, 2012-03-16 16:20:01, 43272
84462, 2012-03-16 16:25:07, 43459
84463, 2012-03-16 16:30:04, 43532
84464, 2012-03-16 16:35:11, 43740
84465, 2012-03-16 16:40:01, 43838
84466, 2012-03-16 16:45:01, 44043
84467, 2012-03-16 16:50:04, 44248
84468, 2012-03-16 16:55:02, 44471
84469, 2012-03-16 17:00:01, 44666
84470, 2012-03-16 17:05:17, 44771
84471, 2012-03-16 17:10:01, 44904
84472, 2012-03-16 17:15:05, 44953
84473, 2012-03-16 17:20:01, 44903
84474, 2012-03-16 17:25:01, 44955
84475, 2012-03-16 17:30:01, 45009
84476, 2012-03-16 17:35:09, 45001
84477, 2012-03-16 17:40:01, 45096
84478, 2012-03-16 17:45:04, 45037
84479, 2012-03-16 17:50:01, 45059
84480, 2012-03-16 17:55:04, 45151
84481, 2012-03-16 18:00:04, 45163
84482, 2012-03-16 18:05:01, 45386
84483, 2012-03-16 18:10:01, 45773
84484, 2012-03-16 18:15:05, 45958
84485, 2012-03-16 18:20:01, 46242
84486, 2012-03-16 18:25:05, 46612
84487, 2012-03-16 18:30:02, 46840
84488, 2012-03-16 18:35:12, 46994
84489, 2012-03-16 18:40:01, 47278
84490, 2012-03-16 18:45:01, 47392
84491, 2012-03-16 18:50:01, 47436
84492, 2012-03-16 18:55:01, 47438
84493, 2012-03-16 19:00:01, 47251
84494, 2012-03-16 19:05:18, 47212
84495, 2012-03-16 19:10:01, 47090
84496, 2012-03-16 19:15:07, 46782
84497, 2012-03-16 19:20:04, 46714
84498, 2012-03-16 19:25:01, 46365
84499, 2012-03-16 19:30:01, 46000
84500, 2012-03-16 19:35:02, 45775
84501, 2012-03-16 19:40:01, 45628
84502, 2012-03-16 19:45:01, 45312
84503, 2012-03-16 19:50:01, 45023
84504, 2012-03-16 19:55:04, 44943
84505, 2012-03-16 20:00:01, 44628
84506, 2012-03-16 20:05:10, 44510
84507, 2012-03-16 20:10:01, 44505
84508, 2012-03-16 20:15:01, 44099
84509, 2012-03-16 20:20:04, 43689
84510, 2012-03-16 20:25:06, 43389
84511, 2012-03-16 20:30:01, 43120
84512, 2012-03-16 20:35:15, 42872
84513, 2012-03-16 20:40:01, 42826
84514, 2012-03-16 20:45:01, 42529
84515, 2012-03-16 20:50:01, 42416
84516, 2012-03-16 20:55:01, 42151
84517, 2012-03-16 21:00:01, 41721
84518, 2012-03-16 21:05:11, 41589
84519, 2012-03-16 21:10:04, 41371
84520, 2012-03-16 21:15:04, 40922
84521, 2012-03-16 21:20:01, 40593
84522, 2012-03-16 21:25:01, 40202
84523, 2012-03-16 21:30:04, 39835
84524, 2012-03-16 21:35:12, 39633
84525, 2012-03-16 21:40:01, 39281
84526, 2012-03-16 21:45:05, 38889
84527, 2012-03-16 21:50:01, 38535
84528, 2012-03-16 21:55:05, 38140
84529, 2012-03-16 22:00:04, 37755
84530, 2012-03-16 22:05:01, 37592
84531, 2012-03-16 22:10:01, 37754
84532, 2012-03-16 22:15:04, 37312
84533, 2012-03-16 22:20:04, 36902
84534, 2012-03-16 22:25:04, 36454
84535, 2012-03-16 22:30:02, 36057
84536, 2012-03-16 22:35:01, 35833
84537, 2012-03-16 22:40:01, 35848
84538, 2012-03-16 22:45:01, 35624
84539, 2012-03-16 22:50:04, 35246
84540, 2012-03-16 22:55:05, 34933
84541, 2012-03-16 23:00:02, 34531
84542, 2012-03-16 23:05:12, 34170
84543, 2012-03-16 23:10:04, 33871
84544, 2012-03-16 23:15:05, 33606
84545, 2012-03-16 23:20:01, 33246
84546, 2012-03-16 23:25:01, 32984
84547, 2012-03-16 23:30:01, 32684
84548, 2012-03-16 23:35:15, 32500
84549, 2012-03-16 23:40:01, 32448
84550, 2012-03-16 23:45:06, 32368
84551, 2012-03-16 23:50:01, 32229
84552, 2012-03-16 23:55:01, 32305
84553, 2012-03-17 00:00:01, 32306
84554, 2012-03-17 00:05:01, 32313
84555, 2012-03-17 00:10:01, 32509
84556, 2012-03-17 00:15:05, 32719
84557, 2012-03-17 00:20:01, 32779
84558, 2012-03-17 00:25:06, 32806
84559, 2012-03-17 00:30:01, 32731
84560, 2012-03-17 00:35:10, 32828
84561, 2012-03-17 00:40:01, 32994
84562, 2012-03-17 00:45:01, 33090
84563, 2012-03-17 00:50:01, 33096
84564, 2012-03-17 00:55:01, 33045
84565, 2012-03-17 01:00:01, 33012
84566, 2012-03-17 01:05:19, 32944
84567, 2012-03-17 01:10:01, 33046
84568, 2012-03-17 01:15:06, 32994
84569, 2012-03-17 01:20:17, 32806
84570, 2012-03-17 01:25:06, 32657
84571, 2012-03-17 01:30:01, 32459
84572, 2012-03-17 01:35:11, 32312
84573, 2012-03-17 01:40:04, 32243
84574, 2012-03-17 01:45:05, 32120
84575, 2012-03-17 01:50:01, 32014
84576, 2012-03-17 01:55:04, 31884
84577, 2012-03-17 02:00:04, 31722
84578, 2012-03-17 02:08:12, 31595
84579, 2012-03-17 02:10:16, 31595
84580, 2012-03-17 02:15:01, 31574
84581, 2012-03-17 02:20:02, 31425
84582, 2012-03-17 02:25:06, 31302
84583, 2012-03-17 02:30:01, 31182
84584, 2012-03-17 02:35:12, 31103
84585, 2012-03-17 02:40:02, 31295
84586, 2012-03-17 02:45:06, 31293
84587, 2012-03-17 02:50:01, 31185
84588, 2012-03-17 02:55:04, 31045
84589, 2012-03-17 03:00:02, 31118
84590, 2012-03-17 03:05:01, 31067
84591, 2012-03-17 03:10:02, 30980
84592, 2012-03-17 03:15:01, 30798
84593, 2012-03-17 03:20:01, 30582
84594, 2012-03-17 03:25:05, 30435
84595, 2012-03-17 03:30:01, 30288
84596, 2012-03-17 03:35:17, 30129
84597, 2012-03-17 03:40:01, 30080
84598, 2012-03-17 03:45:01, 29970
84599, 2012-03-17 03:50:01, 29883
84600, 2012-03-17 03:55:01, 29847
84601, 2012-03-17 04:00:01, 29764
84602, 2012-03-17 04:05:11, 29654
84603, 2012-03-17 04:10:01, 29569
84604, 2012-03-17 04:15:05, 29549
84605, 2012-03-17 04:20:01, 29459
84606, 2012-03-17 04:25:05, 29310
84607, 2012-03-17 04:30:01, 29169
84608, 2012-03-17 04:35:01, 29103
84609, 2012-03-17 04:40:01, 29257
84610, 2012-03-17 04:45:01, 29287
84611, 2012-03-17 04:50:01, 29201
84612, 2012-03-17 04:55:07, 29088
84613, 2012-03-17 05:00:01, 29019
84614, 2012-03-17 05:05:10, 28924
84615, 2012-03-17 05:10:01, 28931
84616, 2012-03-17 05:15:05, 28967
84617, 2012-03-17 05:20:02, 28940
84618, 2012-03-17 05:25:01, 29032
84619, 2012-03-17 05:30:02, 29040
84620, 2012-03-17 05:35:10, 29038
84621, 2012-03-17 05:40:01, 28861
84622, 2012-03-17 05:45:08, 28989
84623, 2012-03-17 05:50:02, 29105
84624, 2012-03-17 05:55:05, 29210
84625, 2012-03-17 06:00:01, 29366
84626, 2012-03-17 06:05:11, 29442
84627, 2012-03-17 06:10:01, 29706
84628, 2012-03-17 06:15:05, 29996
84629, 2012-03-17 06:20:01, 30119
84630, 2012-03-17 06:25:04, 30131
84631, 2012-03-17 06:30:01, 30135
84632, 2012-03-17 06:35:02, 30276
84633, 2012-03-17 06:40:01, 30230
84634, 2012-03-17 06:45:01, 30403
84635, 2012-03-17 06:50:01, 30490
84636, 2012-03-17 06:55:04, 30615
84637, 2012-03-17 07:00:01, 30683
84638, 2012-03-17 07:05:09, 30747
84639, 2012-03-17 07:10:01, 30728
84640, 2012-03-17 07:15:06, 30918
84641, 2012-03-17 07:20:01, 31290
84642, 2012-03-17 07:25:04, 31602
84643, 2012-03-17 07:30:02, 31751
84644, 2012-03-17 07:35:01, 32009
84645, 2012-03-17 07:40:01, 32111
84646, 2012-03-17 07:45:02, 32319
84647, 2012-03-17 07:50:01, 32704
84648, 2012-03-17 07:55:07, 32859
84649, 2012-03-17 08:00:01, 33153
84650, 2012-03-17 08:05:01, 33500
84651, 2012-03-17 08:10:01, 33818
84652, 2012-03-17 08:15:10, 34167
84653, 2012-03-17 08:20:02, 34518
84654, 2012-03-17 08:25:06, 34787
84655, 2012-03-17 08:30:01, 35021
84656, 2012-03-17 08:35:01, 35506
84657, 2012-03-17 08:40:01, 35923
84658, 2012-03-17 08:45:01, 36305
84659, 2012-03-17 08:50:01, 36603
84660, 2012-03-17 08:55:06, 36742
84661, 2012-03-17 09:00:01, 37131
84662, 2012-03-17 09:05:12, 37422
84663, 2012-03-17 09:10:01, 37574
84664, 2012-03-17 09:15:06, 37776
84665, 2012-03-17 09:20:03, 37847
84666, 2012-03-17 09:25:02, 37959
84667, 2012-03-17 09:30:01, 37967
84668, 2012-03-17 09:35:01, 38135
84669, 2012-03-17 09:40:01, 38158
84670, 2012-03-17 09:45:05, 38130
84671, 2012-03-17 09:50:01, 38180
84672, 2012-03-17 09:55:05, 38149
84673, 2012-03-17 10:00:02, 38255
84674, 2012-03-17 10:05:10, 38262
84675, 2012-03-17 10:10:05, 38343
84676, 2012-03-17 10:15:06, 38464
84677, 2012-03-17 10:20:01, 38538
84678, 2012-03-17 10:25:01, 38601
84679, 2012-03-17 10:30:01, 38529
84680, 2012-03-17 10:35:09, 38531
84681, 2012-03-17 10:40:02, 38482
84682, 2012-03-17 10:45:05, 38458
84683, 2012-03-17 10:50:01, 38457
84684, 2012-03-17 10:55:06, 38412
84685, 2012-03-17 11:00:01, 38368
84686, 2012-03-17 11:05:18, 38313
84687, 2012-03-17 11:10:01, 38462
84688, 2012-03-17 11:15:05, 38540
84689, 2012-03-17 11:20:01, 38516
84690, 2012-03-17 11:25:09, 38483
84691, 2012-03-17 11:30:01, 38584
84692, 2012-03-17 11:35:13, 38562
84693, 2012-03-17 11:40:01, 38607
84694, 2012-03-17 11:45:07, 38636
84695, 2012-03-17 11:50:01, 38630
84696, 2012-03-17 11:55:06, 38646
84697, 2012-03-17 12:00:01, 38696
84698, 2012-03-17 12:05:11, 38612
84699, 2012-03-17 12:10:02, 38701
84700, 2012-03-17 12:15:01, 38733
84701, 2012-03-17 12:20:01, 38751
84702, 2012-03-17 12:25:01, 38640
84703, 2012-03-17 12:30:01, 38627
84704, 2012-03-17 12:35:01, 38693
84705, 2012-03-17 12:40:04, 38581
84706, 2012-03-17 12:45:01, 38605
84707, 2012-03-17 12:50:02, 38571
84708, 2012-03-17 12:55:05, 38543
84709, 2012-03-17 13:00:03, 38444
84710, 2012-03-17 13:05:01, 38301
84711, 2012-03-17 13:10:02, 38283
84712, 2012-03-17 13:15:06, 38182
84713, 2012-03-17 13:20:02, 38095
84714, 2012-03-17 13:25:06, 37984
84715, 2012-03-17 13:30:01, 37897
84716, 2012-03-17 13:35:09, 37850
84717, 2012-03-17 13:40:02, 37789
84718, 2012-03-17 13:45:05, 37863
84719, 2012-03-17 13:50:01, 37778
84720, 2012-03-17 13:55:01, 37668
84721, 2012-03-17 14:00:01, 37526
84722, 2012-03-17 14:05:12, 37380
84723, 2012-03-17 14:10:02, 37534
84724, 2012-03-17 14:15:04, 37643
84725, 2012-03-17 14:20:01, 37532
84726, 2012-03-17 14:25:06, 37408
84727, 2012-03-17 14:30:01, 37316
84728, 2012-03-17 14:35:01, 37236
84729, 2012-03-17 14:40:01, 37175
84730, 2012-03-17 14:45:05, 37149
84731, 2012-03-17 14:50:04, 37148
84732, 2012-03-17 14:55:05, 37114
84733, 2012-03-17 15:00:02, 37011
84734, 2012-03-17 15:05:11, 36984
84735, 2012-03-17 15:10:01, 37037
84736, 2012-03-17 15:15:01, 37041
84737, 2012-03-17 15:20:01, 37054
84738, 2012-03-17 15:25:07, 37019
84739, 2012-03-17 15:30:01, 37001
84740, 2012-03-17 15:35:18, 37020
84741, 2012-03-17 15:40:01, 37090
84742, 2012-03-17 15:45:07, 37222
84743, 2012-03-17 15:50:01, 37150
84744, 2012-03-17 15:55:05, 37190
84745, 2012-03-17 16:00:02, 37235
84746, 2012-03-17 16:05:14, 37306
84747, 2012-03-17 16:10:01, 37305
84748, 2012-03-17 16:15:01, 37383
84749, 2012-03-17 16:20:04, 37461
84750, 2012-03-17 16:25:03, 37556
84751, 2012-03-17 16:30:01, 37649
84752, 2012-03-17 16:35:11, 37771
84753, 2012-03-17 16:40:01, 38031
84754, 2012-03-17 16:45:09, 38248
84755, 2012-03-17 16:50:01, 38440
84756, 2012-03-17 16:55:01, 38725
84757, 2012-03-17 17:00:05, 38999
84758, 2012-03-17 17:05:01, 39295
84759, 2012-03-17 17:10:02, 39582
84760, 2012-03-17 17:15:07, 39743
84761, 2012-03-17 17:20:02, 39904
84762, 2012-03-17 17:25:04, 40082
84763, 2012-03-17 17:30:01, 40219
84764, 2012-03-17 17:35:08, 40345
84765, 2012-03-17 17:40:01, 40494
84766, 2012-03-17 17:45:01, 40642
84767, 2012-03-17 17:50:01, 40701
84768, 2012-03-17 17:55:01, 40724
84769, 2012-03-17 18:00:01, 40952
84770, 2012-03-17 18:05:07, 41234
84771, 2012-03-17 18:10:01, 41432
84772, 2012-03-17 18:15:01, 41661
84773, 2012-03-17 18:20:01, 41829
84774, 2012-03-17 18:25:04, 42055
84775, 2012-03-17 18:30:01, 42285
84776, 2012-03-17 18:35:12, 42575
84777, 2012-03-17 18:40:01, 43022
84778, 2012-03-17 18:45:05, 43255
84779, 2012-03-17 18:50:01, 43303
84780, 2012-03-17 18:55:01, 43405
84781, 2012-03-17 19:00:02, 43496
84782, 2012-03-17 19:05:10, 43497
84783, 2012-03-17 19:10:01, 43519
84784, 2012-03-17 19:15:04, 43387
84785, 2012-03-17 19:20:11, 43210
84786, 2012-03-17 19:25:01, 43096
84787, 2012-03-17 19:30:01, 42863
84788, 2012-03-17 19:35:04, 42638
84789, 2012-03-17 19:40:02, 42369
84790, 2012-03-17 19:45:07, 42208
84791, 2012-03-17 19:50:01, 41884
84792, 2012-03-17 19:55:04, 41739
84793, 2012-03-17 20:00:01, 41610
84794, 2012-03-17 20:05:11, 41327
84795, 2012-03-17 20:10:01, 41256
84796, 2012-03-17 20:15:01, 41189
84797, 2012-03-17 20:20:01, 40866
84798, 2012-03-17 20:25:01, 40533
84799, 2012-03-17 20:30:04, 40374
84800, 2012-03-17 20:35:16, 40106
84801, 2012-03-17 20:40:01, 39780
84802, 2012-03-17 20:45:06, 39572
84803, 2012-03-17 20:50:01, 39312
84804, 2012-03-17 20:55:01, 39068
84805, 2012-03-17 21:00:04, 38942
84806, 2012-03-17 21:05:13, 38676
84807, 2012-03-17 21:10:01, 38629
84808, 2012-03-17 21:15:05, 38322
84809, 2012-03-17 21:20:02, 38026
84810, 2012-03-17 21:25:01, 37901
84811, 2012-03-17 21:30:01, 37786
84812, 2012-03-17 21:35:10, 37520
84813, 2012-03-17 21:40:01, 37290
84814, 2012-03-17 21:45:05, 37107
84815, 2012-03-17 21:50:03, 36926
84816, 2012-03-17 21:55:04, 36734
84817, 2012-03-17 22:00:01, 36512
84818, 2012-03-17 22:05:01, 36275
84819, 2012-03-17 22:10:01, 36084
84820, 2012-03-17 22:15:04, 35878
84821, 2012-03-17 22:20:01, 35709
84822, 2012-03-17 22:25:05, 35378
84823, 2012-03-17 22:30:01, 35027
84824, 2012-03-17 22:35:12, 34714
84825, 2012-03-17 22:40:02, 34886
84826, 2012-03-17 22:45:04, 34933
84827, 2012-03-17 22:50:01, 34735
84828, 2012-03-17 22:55:01, 34432
84829, 2012-03-17 23:00:01, 34179
84830, 2012-03-17 23:05:01, 33930
84831, 2012-03-17 23:10:01, 33743
84832, 2012-03-17 23:15:06, 33398
84833, 2012-03-17 23:20:01, 33167
84834, 2012-03-17 23:25:06, 32891
84835, 2012-03-17 23:30:01, 32465
84836, 2012-03-17 23:35:11, 32187
84837, 2012-03-17 23:40:01, 32199
84838, 2012-03-17 23:45:04, 32142
84839, 2012-03-17 23:50:02, 32007
84840, 2012-03-17 23:55:01, 31847
84841, 2012-03-18 00:00:01, 31658
84842, 2012-03-18 00:05:12, 31454
84843, 2012-03-18 00:10:01, 31680
84844, 2012-03-18 00:15:09, 31854
84845, 2012-03-18 00:20:01, 31958
84846, 2012-03-18 00:25:05, 31908
84847, 2012-03-18 00:30:01, 31808
84848, 2012-03-18 00:35:01, 31559
84849, 2012-03-18 00:40:01, 31624
84850, 2012-03-18 00:45:01, 31757
84851, 2012-03-18 00:50:01, 31785
84852, 2012-03-18 00:55:04, 31708
84853, 2012-03-18 01:00:01, 31533
84854, 2012-03-18 01:05:15, 31572
84855, 2012-03-18 01:10:04, 31677
84856, 2012-03-18 01:15:07, 31560
84857, 2012-03-18 01:20:01, 31321
84858, 2012-03-18 01:25:06, 31021
84859, 2012-03-18 01:30:01, 30827
84860, 2012-03-18 01:35:08, 30871
84861, 2012-03-18 01:40:01, 31010
84862, 2012-03-18 01:45:04, 30903
84863, 2012-03-18 01:50:01, 30825
84864, 2012-03-18 01:55:02, 30721
84865, 2012-03-18 02:00:04, 30618
84866, 2012-03-18 02:05:17, 30682
84867, 2012-03-18 02:10:01, 30802
84868, 2012-03-18 02:15:07, 30811
84869, 2012-03-18 02:20:01, 30733
84870, 2012-03-18 02:25:01, 30664
84871, 2012-03-18 02:30:01, 30507
84872, 2012-03-18 02:35:11, 30386
84873, 2012-03-18 02:40:01, 30618
84874, 2012-03-18 02:45:04, 30634
84875, 2012-03-18 02:50:01, 30563
84876, 2012-03-18 02:55:01, 30409
84877, 2012-03-18 03:00:01, 30235
84878, 2012-03-18 03:05:14, 30297
84879, 2012-03-18 03:10:01, 30290
84880, 2012-03-18 03:15:04, 29913
84881, 2012-03-18 03:20:01, 30060
84882, 2012-03-18 03:25:07, 29995
84883, 2012-03-18 03:30:01, 29835
84884, 2012-03-18 03:35:04, 29731
84885, 2012-03-18 03:40:01, 29750
84886, 2012-03-18 03:45:01, 29648
84887, 2012-03-18 03:50:01, 29439
84888, 2012-03-18 03:55:03, 29293
84889, 2012-03-18 04:00:05, 29071
84890, 2012-03-18 04:05:11, 28933
84891, 2012-03-18 04:10:01, 29317
84892, 2012-03-18 04:15:09, 29357
84893, 2012-03-18 04:20:01, 29320
84894, 2012-03-18 04:25:07, 29181
84895, 2012-03-18 04:30:01, 29005
84896, 2012-03-18 04:35:01, 29062
84897, 2012-03-18 04:40:01, 28978
84898, 2012-03-18 04:45:01, 28860
84899, 2012-03-18 04:50:01, 28753
84900, 2012-03-18 04:55:02, 28768
84901, 2012-03-18 05:00:01, 28711
84902, 2012-03-18 05:05:03, 28641
84903, 2012-03-18 05:10:03, 28759
84904, 2012-03-18 05:15:01, 28738
84905, 2012-03-18 05:20:01, 28786
84906, 2012-03-18 05:25:08, 28799
84907, 2012-03-18 05:30:01, 28796
84908, 2012-03-18 05:35:11, 28789
84909, 2012-03-18 05:40:01, 28866
84910, 2012-03-18 05:45:01, 28906
84911, 2012-03-18 05:50:03, 28926
84912, 2012-03-18 05:55:04, 28995
84913, 2012-03-18 06:00:20, 29018
84914, 2012-03-18 06:05:14, 28987
84915, 2012-03-18 06:10:01, 29016
84916, 2012-03-18 06:15:01, 29114
84917, 2012-03-18 06:20:01, 29123
84918, 2012-03-18 06:25:05, 29180
84919, 2012-03-18 06:30:02, 29173
84920, 2012-03-18 06:35:21, 29233
84921, 2012-03-18 06:40:02, 29303
84922, 2012-03-18 06:45:05, 29362
84923, 2012-03-18 06:50:02, 29521
84924, 2012-03-18 06:55:05, 29614
84925, 2012-03-18 07:00:04, 29652
84926, 2012-03-18 07:05:14, 29781
84927, 2012-03-18 07:10:01, 29654
84928, 2012-03-18 07:15:01, 29831
84929, 2012-03-18 07:20:01, 29971
84930, 2012-03-18 07:25:02, 30136
84931, 2012-03-18 07:30:01, 30305
84932, 2012-03-18 07:35:01, 30422
84933, 2012-03-18 07:40:04, 30387
84934, 2012-03-18 07:45:01, 30390
84935, 2012-03-18 07:50:01, 30595
84936, 2012-03-18 07:55:05, 30764
84937, 2012-03-18 08:00:01, 30838
84938, 2012-03-18 08:05:02, 30922
84939, 2012-03-18 08:10:01, 30914
84940, 2012-03-18 08:15:09, 31101
84941, 2012-03-18 08:20:01, 31209
84942, 2012-03-18 08:25:04, 31585
84943, 2012-03-18 08:30:01, 32033
84944, 2012-03-18 08:35:12, 32267
84945, 2012-03-18 08:40:01, 32524
84946, 2012-03-18 08:45:05, 32757
84947, 2012-03-18 08:50:01, 33050
84948, 2012-03-18 08:55:02, 33263
84949, 2012-03-18 09:00:01, 33589
84950, 2012-03-18 09:05:16, 33871
84951, 2012-03-18 09:10:01, 34188
84952, 2012-03-18 09:15:02, 34395
84953, 2012-03-18 09:20:02, 34654
84954, 2012-03-18 09:25:07, 34815
84955, 2012-03-18 09:30:01, 35122
84956, 2012-03-18 09:35:12, 35433
84957, 2012-03-18 09:40:01, 35608
84958, 2012-03-18 09:45:05, 35779
84959, 2012-03-18 09:50:03, 35927
84960, 2012-03-18 09:55:05, 36107
84961, 2012-03-18 10:00:01, 36249
84962, 2012-03-18 10:05:11, 36398
84963, 2012-03-18 10:10:01, 36601
84964, 2012-03-18 10:15:05, 36751
84965, 2012-03-18 10:20:04, 36751
84966, 2012-03-18 10:25:05, 36819
84967, 2012-03-18 10:30:01, 36894
84968, 2012-03-18 10:35:10, 37007
84969, 2012-03-18 10:40:02, 37135
84970, 2012-03-18 10:45:06, 37138
84971, 2012-03-18 10:50:01, 37150
84972, 2012-03-18 10:55:05, 37129
84973, 2012-03-18 11:00:01, 37162
84974, 2012-03-18 11:05:11, 37238
84975, 2012-03-18 11:10:01, 37349
84976, 2012-03-18 11:15:11, 37377
84977, 2012-03-18 11:20:01, 37418
84978, 2012-03-18 11:25:12, 37458
84979, 2012-03-18 11:30:01, 37457
84980, 2012-03-18 11:35:11, 37463
84981, 2012-03-18 11:40:01, 37481
84982, 2012-03-18 11:45:01, 37524
84983, 2012-03-18 11:50:02, 37571
84984, 2012-03-18 11:55:04, 37556
84985, 2012-03-18 12:00:01, 37562
84986, 2012-03-18 12:05:11, 37556
84987, 2012-03-18 12:10:01, 37667
84988, 2012-03-18 12:15:05, 37726
84989, 2012-03-18 12:20:01, 37772
84990, 2012-03-18 12:25:07, 37766
84991, 2012-03-18 12:30:01, 37701
84992, 2012-03-18 12:35:01, 37601
84993, 2012-03-18 12:40:01, 37652
84994, 2012-03-18 12:45:01, 37644
84995, 2012-03-18 12:50:01, 37656
84996, 2012-03-18 12:55:18, 37620
84997, 2012-03-18 13:00:01, 37529
84998, 2012-03-18 13:05:07, 37444
84999, 2012-03-18 13:10:01, 37383
85000, 2012-03-18 13:15:04, 37348
85001, 2012-03-18 13:20:01, 37265
85002, 2012-03-18 13:25:01, 37258
85003, 2012-03-18 13:30:01, 37194
85004, 2012-03-18 13:35:11, 37132
85005, 2012-03-18 13:40:01, 37045
85006, 2012-03-18 13:45:01, 36947
85007, 2012-03-18 13:50:01, 36842
85008, 2012-03-18 13:55:05, 36729
85009, 2012-03-18 14:00:04, 36625
85010, 2012-03-18 14:05:14, 36519
85011, 2012-03-18 14:10:01, 36698
85012, 2012-03-18 14:15:07, 36704
85013, 2012-03-18 14:20:01, 36593
85014, 2012-03-18 14:25:01, 36558
85015, 2012-03-18 14:30:01, 36594
85016, 2012-03-18 14:35:20, 36529
85017, 2012-03-18 14:40:01, 36466
85018, 2012-03-18 14:45:04, 36374
85019, 2012-03-18 14:50:01, 36284
85020, 2012-03-18 14:55:05, 36165
85021, 2012-03-18 15:00:01, 36147
85022, 2012-03-18 15:05:01, 36179
85023, 2012-03-18 15:10:01, 36223
85024, 2012-03-18 15:15:08, 36154
85025, 2012-03-18 15:20:01, 36106
85026, 2012-03-18 15:25:19, 36084
85027, 2012-03-18 15:30:01, 36033
85028, 2012-03-18 15:35:04, 36073
85029, 2012-03-18 15:40:03, 36124
85030, 2012-03-18 15:45:01, 36111
85031, 2012-03-18 15:50:01, 36231
85032, 2012-03-18 15:55:05, 36336
85033, 2012-03-18 16:00:01, 36458
85034, 2012-03-18 16:05:10, 36515
85035, 2012-03-18 16:10:01, 36550
85036, 2012-03-18 16:15:02, 36604
85037, 2012-03-18 16:20:02, 36613
85038, 2012-03-18 16:25:01, 36684
85039, 2012-03-18 16:30:01, 36725
85040, 2012-03-18 16:35:11, 36811
85041, 2012-03-18 16:40:01, 36822
85042, 2012-03-18 16:45:06, 36887
85043, 2012-03-18 16:50:01, 37028
85044, 2012-03-18 16:55:01, 37179
85045, 2012-03-18 17:00:02, 37325
85046, 2012-03-18 17:05:10, 37405
85047, 2012-03-18 17:10:01, 37579
85048, 2012-03-18 17:15:04, 37606
85049, 2012-03-18 17:20:01, 37740
85050, 2012-03-18 17:25:07, 37847
85051, 2012-03-18 17:30:01, 37795
85052, 2012-03-18 17:35:04, 37823
85053, 2012-03-18 17:40:01, 38009
85054, 2012-03-18 17:45:01, 38131
85055, 2012-03-18 17:50:04, 38259
85056, 2012-03-18 17:55:03, 38422
85057, 2012-03-18 18:00:04, 38544
85058, 2012-03-18 18:05:13, 38879
85059, 2012-03-18 18:10:02, 39140
85060, 2012-03-18 18:15:05, 39326
85061, 2012-03-18 18:20:01, 39632
85062, 2012-03-18 18:25:01, 39950
85063, 2012-03-18 18:30:01, 40265
85064, 2012-03-18 18:35:08, 40895
85065, 2012-03-18 18:40:01, 41571
85066, 2012-03-18 18:45:03, 41943
85067, 2012-03-18 18:50:01, 42302
85068, 2012-03-18 18:55:01, 42446
85069, 2012-03-18 19:00:01, 42484
85070, 2012-03-18 19:05:11, 42501
85071, 2012-03-18 19:10:01, 42508
85072, 2012-03-18 19:15:10, 42461
85073, 2012-03-18 19:20:02, 42458
85074, 2012-03-18 19:25:01, 42515
85075, 2012-03-18 19:30:04, 42488
85076, 2012-03-18 19:35:01, 42479
85077, 2012-03-18 19:40:02, 42425
85078, 2012-03-18 19:45:05, 42313
85079, 2012-03-18 19:50:01, 42127
85080, 2012-03-18 19:55:05, 41952
85081, 2012-03-18 20:00:04, 41952
85082, 2012-03-18 20:05:09, 41798
85083, 2012-03-18 20:10:01, 41862
85084, 2012-03-18 20:15:01, 41856
85085, 2012-03-18 20:20:04, 41677
85086, 2012-03-18 20:25:02, 41553
85087, 2012-03-18 20:30:04, 41278
85088, 2012-03-18 20:35:11, 41042
85089, 2012-03-18 20:40:01, 40996
85090, 2012-03-18 20:45:05, 40716
85091, 2012-03-18 20:50:01, 40547
85092, 2012-03-18 20:55:01, 40402
85093, 2012-03-18 21:00:02, 40074
85094, 2012-03-18 21:05:01, 39774
85095, 2012-03-18 21:10:03, 39671
85096, 2012-03-18 21:15:06, 39485
85097, 2012-03-18 21:20:01, 39051
85098, 2012-03-18 21:25:04, 38957
85099, 2012-03-18 21:30:01, 38675
85100, 2012-03-18 21:35:17, 38342
85101, 2012-03-18 21:40:01, 38169
85102, 2012-03-18 21:45:01, 37807
85103, 2012-03-18 21:50:01, 37423
85104, 2012-03-18 21:55:03, 37055
85105, 2012-03-18 22:00:01, 36681
85106, 2012-03-18 22:05:11, 36528
85107, 2012-03-18 22:10:01, 36562
85108, 2012-03-18 22:15:05, 36250
85109, 2012-03-18 22:20:01, 35889
85110, 2012-03-18 22:25:01, 35576
85111, 2012-03-18 22:30:04, 35163
85112, 2012-03-18 22:35:11, 34814
85113, 2012-03-18 22:40:01, 34893
85114, 2012-03-18 22:45:05, 34719
85115, 2012-03-18 22:50:01, 34218
85116, 2012-03-18 22:55:01, 33983
85117, 2012-03-18 23:00:01, 33746
85118, 2012-03-18 23:05:11, 33477
85119, 2012-03-18 23:10:02, 33396
85120, 2012-03-18 23:15:10, 33230
85121, 2012-03-18 23:20:01, 32864
85122, 2012-03-18 23:25:04, 32845
85123, 2012-03-18 23:30:01, 32567
85124, 2012-03-18 23:35:11, 32329
85125, 2012-03-18 23:40:01, 32276
85126, 2012-03-18 23:45:01, 32133
85127, 2012-03-18 23:50:01, 32093
85128, 2012-03-18 23:55:02, 31986
85129, 2012-03-19 00:00:01, 31820
85130, 2012-03-19 00:05:12, 31793
85131, 2012-03-19 00:10:01, 32052
85132, 2012-03-19 00:15:01, 32240
85133, 2012-03-19 00:20:01, 32370
85134, 2012-03-19 00:25:01, 32404
85135, 2012-03-19 00:30:02, 32436
85136, 2012-03-19 00:37:44, 32446
85137, 2012-03-19 00:40:02, 32560
85138, 2012-03-19 00:45:06, 32538
85139, 2012-03-19 00:50:01, 32481
85140, 2012-03-19 00:55:02, 32420
85141, 2012-03-19 01:00:01, 32443
85142, 2012-03-19 01:05:03, 32359
85143, 2012-03-19 01:10:01, 32621
85144, 2012-03-19 01:15:05, 32563
85145, 2012-03-19 01:20:01, 32483
85146, 2012-03-19 01:25:05, 32335
85147, 2012-03-19 01:30:02, 32258
85148, 2012-03-19 01:35:01, 32134
85149, 2012-03-19 01:40:01, 32138
85150, 2012-03-19 01:45:06, 32109
85151, 2012-03-19 01:50:02, 32023
85152, 2012-03-19 01:55:06, 31928
85153, 2012-03-19 02:00:01, 31728
85154, 2012-03-19 02:05:13, 31673
85155, 2012-03-19 02:10:01, 31849
85156, 2012-03-19 02:15:01, 31891
85157, 2012-03-19 02:20:01, 31830
85158, 2012-03-19 02:25:10, 31729
85159, 2012-03-19 02:30:02, 31598
85160, 2012-03-19 02:35:11, 31554
85161, 2012-03-19 02:40:01, 31834
85162, 2012-03-19 02:45:01, 31807
85163, 2012-03-19 02:50:01, 31738
85164, 2012-03-19 02:55:07, 31708
85165, 2012-03-19 03:00:03, 31544
85166, 2012-03-19 03:05:05, 31425
85167, 2012-03-19 03:10:03, 31319
85168, 2012-03-19 03:15:01, 31141
85169, 2012-03-19 03:20:01, 31028
85170, 2012-03-19 03:25:01, 31018
85171, 2012-03-19 03:30:01, 31043
85172, 2012-03-19 03:35:10, 31002
85173, 2012-03-19 03:40:01, 30979
85174, 2012-03-19 03:45:01, 30837
85175, 2012-03-19 03:50:01, 30717
85176, 2012-03-19 03:55:01, 30698
85177, 2012-03-19 04:00:01, 30563
85178, 2012-03-19 04:05:11, 30496
85179, 2012-03-19 04:10:01, 30537
85180, 2012-03-19 04:15:07, 30509
85181, 2012-03-19 04:20:01, 30522
85182, 2012-03-19 04:25:04, 30518
85183, 2012-03-19 04:30:01, 30471
85184, 2012-03-19 04:35:01, 30339
85185, 2012-03-19 04:40:04, 30399
85186, 2012-03-19 04:45:01, 30407
85187, 2012-03-19 04:50:04, 30326
85188, 2012-03-19 04:55:04, 30296
85189, 2012-03-19 05:00:01, 30297
85190, 2012-03-19 05:05:12, 30254
85191, 2012-03-19 05:10:01, 30302
85192, 2012-03-19 05:15:01, 30397
85193, 2012-03-19 05:20:01, 30283
85194, 2012-03-19 05:25:01, 30564
85195, 2012-03-19 05:30:01, 30829
85196, 2012-03-19 05:35:11, 30978
85197, 2012-03-19 05:40:01, 31468
85198, 2012-03-19 05:45:05, 31673
85199, 2012-03-19 05:50:01, 31778
85200, 2012-03-19 05:55:04, 31746
85201, 2012-03-19 06:00:02, 31658
85202, 2012-03-19 06:05:14, 31700
85203, 2012-03-19 06:10:01, 32050
85204, 2012-03-19 06:15:01, 32611
85205, 2012-03-19 06:20:04, 33068
85206, 2012-03-19 06:25:08, 33444
85207, 2012-03-19 06:30:01, 33816
85208, 2012-03-19 06:35:01, 34152
85209, 2012-03-19 06:40:04, 34626
85210, 2012-03-19 06:45:01, 35307
85211, 2012-03-19 06:50:01, 35962
85212, 2012-03-19 06:55:05, 36572
85213, 2012-03-19 07:00:01, 37109
85214, 2012-03-19 07:05:13, 37811
85215, 2012-03-19 07:10:01, 38466
85216, 2012-03-19 07:15:10, 39201
85217, 2012-03-19 07:20:01, 39713
85218, 2012-03-19 07:25:01, 40038
85219, 2012-03-19 07:30:02, 40477
85220, 2012-03-19 07:35:01, 40717
85221, 2012-03-19 07:40:01, 40765
85222, 2012-03-19 07:45:01, 40909
85223, 2012-03-19 07:50:01, 41257
85224, 2012-03-19 07:55:13, 41587
85225, 2012-03-19 08:00:01, 41863
85226, 2012-03-19 08:05:01, 42014
85227, 2012-03-19 08:10:01, 42126
85228, 2012-03-19 08:15:04, 42456
85229, 2012-03-19 08:20:04, 42727
85230, 2012-03-19 08:25:08, 42914
85231, 2012-03-19 08:30:02, 42960
85232, 2012-03-19 08:35:01, 42877
85233, 2012-03-19 08:40:01, 42982
85234, 2012-03-19 08:45:07, 42994
85235, 2012-03-19 08:50:01, 43036
85236, 2012-03-19 08:55:05, 43058
85237, 2012-03-19 09:00:01, 43241
85238, 2012-03-19 09:05:04, 43328
85239, 2012-03-19 09:10:01, 43468
85240, 2012-03-19 09:15:07, 43461
85241, 2012-03-19 09:20:01, 43370
85242, 2012-03-19 09:25:05, 43585
85243, 2012-03-19 09:30:01, 43646
85244, 2012-03-19 09:35:01, 43765
85245, 2012-03-19 09:40:01, 43741
85246, 2012-03-19 09:45:05, 43753
85247, 2012-03-19 09:50:01, 43795
85248, 2012-03-19 09:55:08, 43743
85249, 2012-03-19 10:00:01, 43680
85250, 2012-03-19 10:05:03, 43645
85251, 2012-03-19 10:10:04, 43624
85252, 2012-03-19 10:15:05, 43470
85253, 2012-03-19 10:20:01, 43432
85254, 2012-03-19 10:25:12, 43514
85255, 2012-03-19 10:30:01, 43560
85256, 2012-03-19 10:35:04, 43561
85257, 2012-03-19 10:40:01, 43641
85258, 2012-03-19 10:45:11, 43601
85259, 2012-03-19 10:50:38, 43545
85260, 2012-03-19 10:55:01, 43586
85261, 2012-03-19 11:00:01, 43534
85262, 2012-03-19 11:05:14, 43516
85263, 2012-03-19 11:10:01, 43498
85264, 2012-03-19 11:15:02, 43500
85265, 2012-03-19 11:20:01, 43493
85266, 2012-03-19 11:25:15, 43533
85267, 2012-03-19 11:30:01, 43522
85268, 2012-03-19 11:35:19, 43498
85269, 2012-03-19 11:40:01, 43513
85270, 2012-03-19 11:45:07, 43619
85271, 2012-03-19 11:50:01, 43685
85272, 2012-03-19 11:55:03, 43723
85273, 2012-03-19 12:00:02, 43704
85274, 2012-03-19 12:05:16, 43718
85275, 2012-03-19 12:10:01, 43748
85276, 2012-03-19 12:15:07, 43678
85277, 2012-03-19 12:20:03, 43671
85278, 2012-03-19 12:25:06, 43671
85279, 2012-03-19 12:30:01, 43663
85280, 2012-03-19 12:35:08, 43664
85281, 2012-03-19 12:40:01, 43678
85282, 2012-03-19 12:45:07, 43554
85283, 2012-03-19 12:50:01, 43433
85284, 2012-03-19 12:55:01, 43346
85285, 2012-03-19 13:00:02, 43231
85286, 2012-03-19 13:05:01, 43176
85287, 2012-03-19 13:10:01, 43236
85288, 2012-03-19 13:15:07, 43137
85289, 2012-03-19 13:20:01, 43040
85290, 2012-03-19 13:25:07, 43070
85291, 2012-03-19 13:30:01, 42958
85292, 2012-03-19 13:35:02, 42930
85293, 2012-03-19 13:40:01, 42905
85294, 2012-03-19 13:45:05, 42955
85295, 2012-03-19 13:50:01, 42879
85296, 2012-03-19 13:55:08, 42858
85297, 2012-03-19 14:00:01, 42767
85298, 2012-03-19 14:06:03, 42647
85299, 2012-03-19 14:10:01, 42709
85300, 2012-03-19 14:15:01, 42852
85301, 2012-03-19 14:20:01, 42754
85302, 2012-03-19 14:25:13, 42655
85303, 2012-03-19 14:30:04, 42640
85304, 2012-03-19 14:35:40, 42514
85305, 2012-03-19 14:40:01, 42494
85306, 2012-03-19 14:46:03, 42460
85307, 2012-03-19 14:50:01, 42355
85308, 2012-03-19 14:55:01, 42315
85309, 2012-03-19 15:00:01, 42316
85310, 2012-03-19 15:05:01, 42080
85311, 2012-03-19 15:10:01, 42097
85312, 2012-03-19 15:15:04, 42118
85313, 2012-03-19 15:20:01, 42146
85314, 2012-03-19 15:25:05, 42067
85315, 2012-03-19 15:30:02, 41987
85316, 2012-03-19 15:35:01, 41932
85317, 2012-03-19 15:40:01, 41909
85318, 2012-03-19 15:45:08, 41980
85319, 2012-03-19 15:50:01, 42085
85320, 2012-03-19 15:55:08, 42212
85321, 2012-03-19 16:00:02, 42366
85322, 2012-03-19 16:05:14, 42556
85323, 2012-03-19 16:10:01, 42674
85324, 2012-03-19 16:15:01, 42836
85325, 2012-03-19 16:20:02, 42994
85326, 2012-03-19 16:25:06, 43103
85327, 2012-03-19 16:30:03, 43248
85328, 2012-03-19 16:35:11, 43410
85329, 2012-03-19 16:40:02, 43534
85330, 2012-03-19 16:45:01, 43679
85331, 2012-03-19 16:50:01, 43827
85332, 2012-03-19 16:55:07, 43965
85333, 2012-03-19 17:00:01, 44109
85334, 2012-03-19 17:05:16, 44324
85335, 2012-03-19 17:10:01, 44341
85336, 2012-03-19 17:15:07, 44335
85337, 2012-03-19 17:20:01, 44314
85338, 2012-03-19 17:25:01, 44494
85339, 2012-03-19 17:30:01, 44618
85340, 2012-03-19 17:35:18, 44602
85341, 2012-03-19 17:40:01, 44662
85342, 2012-03-19 17:45:06, 44605
85343, 2012-03-19 17:50:01, 44530
85344, 2012-03-19 17:55:01, 44617
85345, 2012-03-19 18:00:01, 44590
85346, 2012-03-19 18:05:04, 44754
85347, 2012-03-19 18:10:01, 45278
85348, 2012-03-19 18:15:09, 45592
85349, 2012-03-19 18:20:01, 45853
85350, 2012-03-19 18:25:03, 46262
85351, 2012-03-19 18:30:04, 46678
85352, 2012-03-19 18:35:10, 47252
85353, 2012-03-19 18:40:02, 48036
85354, 2012-03-19 18:45:01, 48514
85355, 2012-03-19 18:50:01, 48784
85356, 2012-03-19 18:55:11, 48980
85357, 2012-03-19 19:00:01, 49058
85358, 2012-03-19 19:05:18, 48983
85359, 2012-03-19 19:10:04, 48696
85360, 2012-03-19 19:15:05, 48537
85361, 2012-03-19 19:20:02, 48469
85362, 2012-03-19 19:25:01, 48239
85363, 2012-03-19 19:30:01, 47976
85364, 2012-03-19 19:35:10, 47778
85365, 2012-03-19 19:40:03, 47742
85366, 2012-03-19 19:45:01, 47286
85367, 2012-03-19 19:50:01, 47150
85368, 2012-03-19 19:55:04, 46658
85369, 2012-03-19 20:00:01, 46200
85370, 2012-03-19 20:05:12, 46034
85371, 2012-03-19 20:10:01, 46359
85372, 2012-03-19 20:15:06, 46007
85373, 2012-03-19 20:20:01, 45637
85374, 2012-03-19 20:25:01, 45198
85375, 2012-03-19 20:30:05, 44853
85376, 2012-03-19 20:35:11, 44462
85377, 2012-03-19 20:40:04, 44325
85378, 2012-03-19 20:45:01, 43982
85379, 2012-03-19 20:50:05, 43835
85380, 2012-03-19 20:55:08, 43293
85381, 2012-03-19 21:00:03, 42823
85382, 2012-03-19 21:05:05, 43119
85383, 2012-03-19 21:10:01, 43259
85384, 2012-03-19 21:15:06, 42859
85385, 2012-03-19 21:20:01, 42478
85386, 2012-03-19 21:25:02, 42091
85387, 2012-03-19 21:30:01, 41523
85388, 2012-03-19 21:35:01, 41049
85389, 2012-03-19 21:40:01, 40763
85390, 2012-03-19 21:45:07, 40225
85391, 2012-03-19 21:50:01, 39787
85392, 2012-03-19 21:55:04, 39457
85393, 2012-03-19 22:00:02, 39146
85394, 2012-03-19 22:05:16, 38668
85395, 2012-03-19 22:10:01, 38638
85396, 2012-03-19 22:15:02, 38200
85397, 2012-03-19 22:20:01, 37750
85398, 2012-03-19 22:25:04, 37205
85399, 2012-03-19 22:30:02, 36734
85400, 2012-03-19 22:35:11, 36283
85401, 2012-03-19 22:40:01, 36075
85402, 2012-03-19 22:45:08, 35772
85403, 2012-03-19 22:50:02, 35275
85404, 2012-03-19 22:55:01, 34887
85405, 2012-03-19 23:00:01, 34543
85406, 2012-03-19 23:05:14, 34391
85407, 2012-03-19 23:10:01, 34379
85408, 2012-03-19 23:15:05, 34302
85409, 2012-03-19 23:20:01, 34151
85410, 2012-03-19 23:25:04, 33843
85411, 2012-03-19 23:30:04, 33574
85412, 2012-03-19 23:35:04, 33541
85413, 2012-03-19 23:40:01, 33542
85414, 2012-03-19 23:45:01, 33414
85415, 2012-03-19 23:50:01, 33164
85416, 2012-03-19 23:55:01, 32964
85417, 2012-03-20 00:00:01, 32600
85418, 2012-03-20 00:05:01, 32600
85419, 2012-03-20 00:10:30, 32857
85420, 2012-03-20 00:15:08, 33160
85421, 2012-03-20 00:20:01, 33365
85422, 2012-03-20 00:25:08, 33305
85423, 2012-03-20 00:30:01, 33265
85424, 2012-03-20 00:35:02, 33134
85425, 2012-03-20 00:40:01, 33248
85426, 2012-03-20 00:45:01, 33385
85427, 2012-03-20 00:50:02, 33340
85428, 2012-03-20 00:55:10, 33162
85429, 2012-03-20 01:00:02, 32960
85430, 2012-03-20 01:05:16, 32865
85431, 2012-03-20 01:10:01, 33107
85432, 2012-03-20 01:15:07, 33121
85433, 2012-03-20 01:20:01, 33010
85434, 2012-03-20 01:25:05, 32913
85435, 2012-03-20 01:30:01, 32921
85436, 2012-03-20 01:35:12, 32833
85437, 2012-03-20 01:40:02, 33033
85438, 2012-03-20 01:45:05, 32979
85439, 2012-03-20 01:50:01, 32636
85440, 2012-03-20 01:55:04, 32502
85441, 2012-03-20 02:00:01, 32333
85442, 2012-03-20 02:05:01, 32245
85443, 2012-03-20 02:10:01, 32247
85444, 2012-03-20 02:15:07, 32150
85445, 2012-03-20 02:20:02, 32087
85446, 2012-03-20 02:25:08, 32166
85447, 2012-03-20 02:30:01, 32133
85448, 2012-03-20 02:35:12, 32162
85449, 2012-03-20 02:40:01, 32375
85450, 2012-03-20 02:45:08, 32355
85451, 2012-03-20 02:50:01, 32298
85452, 2012-03-20 02:55:16, 32187
85453, 2012-03-20 03:00:01, 31869
85454, 2012-03-20 03:05:16, 31652
85455, 2012-03-20 03:10:01, 31580
85456, 2012-03-20 03:15:05, 31393
85457, 2012-03-20 03:20:01, 31387
85458, 2012-03-20 03:25:06, 31377
85459, 2012-03-20 03:30:01, 31342
85460, 2012-03-20 03:35:16, 31215
85461, 2012-03-20 03:40:01, 31147
85462, 2012-03-20 03:45:06, 31011
85463, 2012-03-20 03:50:01, 30895
85464, 2012-03-20 03:55:06, 30857
85465, 2012-03-20 04:00:01, 30573
85466, 2012-03-20 04:05:11, 30505
85467, 2012-03-20 04:10:01, 30429
85468, 2012-03-20 04:15:01, 30361
85469, 2012-03-20 04:20:01, 30409
85470, 2012-03-20 04:25:06, 30569
85471, 2012-03-20 04:30:02, 30592
85472, 2012-03-20 04:35:14, 30573
85473, 2012-03-20 04:40:04, 30595
85474, 2012-03-20 04:45:06, 30612
85475, 2012-03-20 04:50:01, 30643
85476, 2012-03-20 04:55:06, 30690
85477, 2012-03-20 05:00:01, 30629
85478, 2012-03-20 05:05:09, 30266
85479, 2012-03-20 05:10:01, 30255
85480, 2012-03-20 05:15:02, 30821
85481, 2012-03-20 05:20:01, 31021
85482, 2012-03-20 05:25:06, 31062
85483, 2012-03-20 05:30:02, 31116
85484, 2012-03-20 05:35:01, 31304
85485, 2012-03-20 05:40:01, 31510
85486, 2012-03-20 05:45:04, 31734
85487, 2012-03-20 05:50:01, 31924
85488, 2012-03-20 05:55:06, 32129
85489, 2012-03-20 06:00:05, 32408
85490, 2012-03-20 06:05:10, 32614
85491, 2012-03-20 06:10:01, 33125
85492, 2012-03-20 06:15:16, 33612
85493, 2012-03-20 06:20:02, 33787
85494, 2012-03-20 06:25:04, 33898
85495, 2012-03-20 06:30:02, 34289
85496, 2012-03-20 06:35:01, 34803
85497, 2012-03-20 06:40:01, 35294
85498, 2012-03-20 06:45:04, 35862
85499, 2012-03-20 06:50:01, 36452
85500, 2012-03-20 06:55:01, 37043
85501, 2012-03-20 07:00:01, 37620
85502, 2012-03-20 07:05:16, 38018
85503, 2012-03-20 07:10:01, 38322
85504, 2012-03-20 07:15:01, 38757
85505, 2012-03-20 07:20:01, 39204
85506, 2012-03-20 07:25:06, 39667
85507, 2012-03-20 07:30:01, 39970
85508, 2012-03-20 07:35:01, 40218
85509, 2012-03-20 07:40:01, 40376
85510, 2012-03-20 07:45:01, 40763
85511, 2012-03-20 07:50:01, 41043
85512, 2012-03-20 07:55:04, 41093
85513, 2012-03-20 08:00:01, 41264
85514, 2012-03-20 08:05:12, 41504
85515, 2012-03-20 08:10:01, 41802
85516, 2012-03-20 08:15:01, 42054
85517, 2012-03-20 08:20:01, 42148
85518, 2012-03-20 08:25:01, 42168
85519, 2012-03-20 08:30:04, 42242
85520, 2012-03-20 08:35:25, 42258
85521, 2012-03-20 08:40:01, 42234
85522, 2012-03-20 08:45:12, 42267
85523, 2012-03-20 08:50:02, 42301
85524, 2012-03-20 08:55:04, 42440
85525, 2012-03-20 09:00:05, 42577
85526, 2012-03-20 09:05:01, 42764
85527, 2012-03-20 09:10:01, 42902
85528, 2012-03-20 09:15:15, 43102
85529, 2012-03-20 09:20:01, 43127
85530, 2012-03-20 09:25:07, 43161
85531, 2012-03-20 09:30:01, 43140
85532, 2012-03-20 09:35:22, 43124
85533, 2012-03-20 09:40:01, 43151
85534, 2012-03-20 09:45:09, 43209
85535, 2012-03-20 09:50:01, 43187
85536, 2012-03-20 09:55:10, 43082
85537, 2012-03-20 10:00:01, 43113
85538, 2012-03-20 10:05:04, 43088
85539, 2012-03-20 10:10:02, 42984
85540, 2012-03-20 10:15:09, 42943
85541, 2012-03-20 10:20:01, 42833
85542, 2012-03-20 10:25:01, 42748
85543, 2012-03-20 10:30:01, 42772
85544, 2012-03-20 10:35:14, 42760
85545, 2012-03-20 10:40:01, 42687
85546, 2012-03-20 10:45:09, 42642
85547, 2012-03-20 10:50:01, 42581
85548, 2012-03-20 10:55:07, 42615
85549, 2012-03-20 11:00:01, 42587
85550, 2012-03-20 11:06:55, 42605
85551, 2012-03-20 11:10:01, 42605
85552, 2012-03-20 11:15:10, 42587
85553, 2012-03-20 11:20:01, 42617
85554, 2012-03-20 11:25:06, 42637
85555, 2012-03-20 11:30:01, 42579
85556, 2012-03-20 11:35:15, 42545
85557, 2012-03-20 11:40:01, 42567
85558, 2012-03-20 11:45:01, 42568
85559, 2012-03-20 11:50:01, 42591
85560, 2012-03-20 11:55:01, 42618
85561, 2012-03-20 12:00:01, 42644
85562, 2012-03-20 12:05:02, 42667
85563, 2012-03-20 12:10:01, 42772
85564, 2012-03-20 12:15:06, 42747
85565, 2012-03-20 12:20:01, 42797
85566, 2012-03-20 12:25:06, 42773
85567, 2012-03-20 12:30:01, 42776
85568, 2012-03-20 12:35:01, 42758
85569, 2012-03-20 12:40:01, 42670
85570, 2012-03-20 12:45:01, 42651
85571, 2012-03-20 12:50:01, 42619
85572, 2012-03-20 12:55:05, 42529
85573, 2012-03-20 13:00:01, 42344
85574, 2012-03-20 13:05:16, 42287
85575, 2012-03-20 13:10:01, 42327
85576, 2012-03-20 13:15:02, 42285
85577, 2012-03-20 13:20:01, 42191
85578, 2012-03-20 13:25:05, 42179
85579, 2012-03-20 13:30:02, 42102
85580, 2012-03-20 13:35:03, 42069
85581, 2012-03-20 13:40:01, 42139
85582, 2012-03-20 13:45:08, 42156
85583, 2012-03-20 13:50:01, 42095
85584, 2012-03-20 13:55:06, 41963
85585, 2012-03-20 14:00:02, 41864
85586, 2012-03-20 14:05:01, 41832
85587, 2012-03-20 14:10:01, 41917
85588, 2012-03-20 14:15:13, 41547
85589, 2012-03-20 14:20:01, 41898
85590, 2012-03-20 14:25:10, 41924
85591, 2012-03-20 14:30:01, 41867
85592, 2012-03-20 14:35:15, 41860
85593, 2012-03-20 14:40:01, 41794
85594, 2012-03-20 14:45:07, 41715
85595, 2012-03-20 14:50:01, 41686
85596, 2012-03-20 14:55:13, 41614
85597, 2012-03-20 15:00:04, 41569
85598, 2012-03-20 15:05:09, 41604
85599, 2012-03-20 15:10:01, 41630
85600, 2012-03-20 15:15:06, 41604
85601, 2012-03-20 15:20:01, 41463
85602, 2012-03-20 15:25:02, 41413
85603, 2012-03-20 15:30:01, 41369
85604, 2012-03-20 15:40:01, 41369
85605, 2012-03-20 15:41:52, 41804
85606, 2012-03-20 15:45:06, 41804
85607, 2012-03-20 15:50:04, 41979
85608, 2012-03-20 15:55:01, 42176
85609, 2012-03-20 16:00:01, 42351
85610, 2012-03-20 16:05:07, 42509
85611, 2012-03-20 16:10:01, 42569
85612, 2012-03-20 16:15:12, 42732
85613, 2012-03-20 16:20:02, 42857
85614, 2012-03-20 16:25:01, 42981
85615, 2012-03-20 16:30:01, 43102
85616, 2012-03-20 16:35:01, 43164
85617, 2012-03-20 16:40:01, 43342
85618, 2012-03-20 16:45:05, 43491
85619, 2012-03-20 16:50:01, 43627
85620, 2012-03-20 16:55:07, 43731
85621, 2012-03-20 17:00:01, 43806
85622, 2012-03-20 17:05:14, 43974
85623, 2012-03-20 17:10:01, 43995
85624, 2012-03-20 17:15:02, 44115
85625, 2012-03-20 17:20:01, 44119
85626, 2012-03-20 17:25:07, 44126
85627, 2012-03-20 17:30:01, 44086
85628, 2012-03-20 17:35:13, 43989
85629, 2012-03-20 17:40:04, 43916
85630, 2012-03-20 17:45:07, 43893
85631, 2012-03-20 17:50:04, 43827
85632, 2012-03-20 17:55:10, 43862
85633, 2012-03-20 18:00:01, 43914
85634, 2012-03-20 18:05:11, 44118
85635, 2012-03-20 18:10:02, 44425
85636, 2012-03-20 18:15:01, 44727
85637, 2012-03-20 18:20:01, 44917
85638, 2012-03-20 18:25:06, 45059
85639, 2012-03-20 18:30:01, 45332
85640, 2012-03-20 18:35:11, 45700
85641, 2012-03-20 18:40:01, 46489
85642, 2012-03-20 18:45:01, 47073
85643, 2012-03-20 18:50:01, 47374
85644, 2012-03-20 18:55:01, 47593
85645, 2012-03-20 19:00:02, 47615
85646, 2012-03-20 19:05:12, 47772
85647, 2012-03-20 19:10:02, 47873
85648, 2012-03-20 19:15:08, 47681
85649, 2012-03-20 19:20:01, 47536
85650, 2012-03-20 19:25:05, 47561
85651, 2012-03-20 19:30:01, 47274
85652, 2012-03-20 19:35:13, 47049
85653, 2012-03-20 19:40:01, 47091
85654, 2012-03-20 19:45:01, 46736
85655, 2012-03-20 19:50:01, 46391
85656, 2012-03-20 19:55:01, 46087
85657, 2012-03-20 20:00:01, 45729
85658, 2012-03-20 20:05:11, 45754
85659, 2012-03-20 20:10:03, 46146
85660, 2012-03-20 20:15:05, 45902
85661, 2012-03-20 20:20:01, 45566
85662, 2012-03-20 20:25:05, 45354
85663, 2012-03-20 20:30:01, 45013
85664, 2012-03-20 20:35:02, 44669
85665, 2012-03-20 20:40:01, 44433
85666, 2012-03-20 20:45:09, 44219
85667, 2012-03-20 20:50:01, 43725
85668, 2012-03-20 20:55:14, 43467
85669, 2012-03-20 21:00:01, 43267
85670, 2012-03-20 21:05:14, 43042
85671, 2012-03-20 21:10:02, 43119
85672, 2012-03-20 21:15:01, 42336
85673, 2012-03-20 21:20:03, 41896
85674, 2012-03-20 21:25:03, 41594
85675, 2012-03-20 21:30:01, 41223
85676, 2012-03-20 21:35:11, 40856
85677, 2012-03-20 21:40:01, 40658
85678, 2012-03-20 21:45:01, 40185
85679, 2012-03-20 21:50:02, 39711
85680, 2012-03-20 21:55:01, 39462
85681, 2012-03-20 22:00:01, 39099
85682, 2012-03-20 22:06:38, 38765
85683, 2012-03-20 22:10:01, 38647
85684, 2012-03-20 22:15:04, 38140
85685, 2012-03-20 22:20:01, 37663
85686, 2012-03-20 22:25:08, 37173
85687, 2012-03-20 22:30:01, 36712
85688, 2012-03-20 22:35:04, 36420
85689, 2012-03-20 22:40:01, 36477
85690, 2012-03-20 22:45:09, 36154
85691, 2012-03-20 22:50:01, 35725
85692, 2012-03-20 22:55:16, 35332
85693, 2012-03-20 23:00:01, 34892
85694, 2012-03-20 23:05:10, 34549
85695, 2012-03-20 23:10:06, 34408
85696, 2012-03-20 23:15:05, 34230
85697, 2012-03-20 23:20:03, 33868
85698, 2012-03-20 23:25:08, 33612
85699, 2012-03-20 23:30:01, 33383
85700, 2012-03-20 23:35:09, 33159
85701, 2012-03-20 23:40:01, 33196
85702, 2012-03-20 23:45:01, 32996
85703, 2012-03-20 23:50:01, 33117
85704, 2012-03-20 23:55:02, 32958
85705, 2012-03-21 00:00:01, 32685
85706, 2012-03-21 00:05:12, 32494
85707, 2012-03-21 00:10:01, 32684
85708, 2012-03-21 00:15:01, 32899
85709, 2012-03-21 00:20:01, 33048
85710, 2012-03-21 00:25:01, 33039
85711, 2012-03-21 00:30:02, 33030
85712, 2012-03-21 00:35:02, 33150
85713, 2012-03-21 00:40:01, 33331
85714, 2012-03-21 00:45:05, 33204
85715, 2012-03-21 00:50:01, 33169
85716, 2012-03-21 00:55:06, 33106
85717, 2012-03-21 01:00:01, 33054
85718, 2012-03-21 01:05:08, 33133
85719, 2012-03-21 01:10:01, 33372
85720, 2012-03-21 01:15:08, 33365
85721, 2012-03-21 01:20:06, 33335
85722, 2012-03-21 01:25:10, 33165
85723, 2012-03-21 01:30:01, 32983
85724, 2012-03-21 01:35:01, 32934
85725, 2012-03-21 01:40:01, 32882
85726, 2012-03-21 01:45:02, 32783
85727, 2012-03-21 01:50:02, 32610
85728, 2012-03-21 01:55:05, 32464
85729, 2012-03-21 02:00:01, 32362
85730, 2012-03-21 02:07:28, 32250
85731, 2012-03-21 02:10:02, 32230
85732, 2012-03-21 02:15:05, 32187
85733, 2012-03-21 02:20:01, 31997
85734, 2012-03-21 02:25:04, 32023
85735, 2012-03-21 02:30:01, 31968
85736, 2012-03-21 02:35:10, 31891
85737, 2012-03-21 02:40:01, 32077
85738, 2012-03-21 02:45:05, 32036
85739, 2012-03-21 02:50:01, 32078
85740, 2012-03-21 02:55:01, 32113
85741, 2012-03-21 03:00:01, 31994
85742, 2012-03-21 03:05:09, 31844
85743, 2012-03-21 03:10:02, 31752
85744, 2012-03-21 03:15:01, 31644
85745, 2012-03-21 03:20:01, 31630
85746, 2012-03-21 03:25:01, 31527
85747, 2012-03-21 03:30:01, 31393
85748, 2012-03-21 03:35:04, 31157
85749, 2012-03-21 03:40:01, 31141
85750, 2012-03-21 03:45:04, 31082
85751, 2012-03-21 03:50:01, 31036
85752, 2012-03-21 03:55:07, 30968
85753, 2012-03-21 04:00:01, 30837
85754, 2012-03-21 04:05:01, 30834
85755, 2012-03-21 04:10:01, 30801
85756, 2012-03-21 04:15:05, 30645
85757, 2012-03-21 04:20:01, 30739
85758, 2012-03-21 04:25:05, 30735
85759, 2012-03-21 04:30:01, 30680
85760, 2012-03-21 04:35:13, 30632
85761, 2012-03-21 04:40:02, 30746
85762, 2012-03-21 04:45:01, 30696
85763, 2012-03-21 04:50:01, 30726
85764, 2012-03-21 04:55:01, 30726
85765, 2012-03-21 05:00:04, 30691
85766, 2012-03-21 05:05:16, 30533
85767, 2012-03-21 05:10:01, 30262
85768, 2012-03-21 05:15:06, 30740
85769, 2012-03-21 05:20:01, 31117
85770, 2012-03-21 05:25:01, 31424
85771, 2012-03-21 05:30:06, 31480
85772, 2012-03-21 05:35:01, 31672
85773, 2012-03-21 05:40:01, 31743
85774, 2012-03-21 05:45:05, 31759
85775, 2012-03-21 05:50:02, 31737
85776, 2012-03-21 05:55:05, 31584
85777, 2012-03-21 06:00:02, 31633
85778, 2012-03-21 06:05:11, 31716
85779, 2012-03-21 06:10:01, 32191
85780, 2012-03-21 06:15:01, 33025
85781, 2012-03-21 06:20:01, 33656
85782, 2012-03-21 06:25:06, 33999
85783, 2012-03-21 06:30:02, 34495
85784, 2012-03-21 06:35:01, 34843
85785, 2012-03-21 06:40:01, 35341
85786, 2012-03-21 06:45:01, 35953
85787, 2012-03-21 06:50:01, 36515
85788, 2012-03-21 06:55:16, 37039
85789, 2012-03-21 07:00:01, 37746
85790, 2012-03-21 07:05:08, 37981
85791, 2012-03-21 07:10:01, 38083
85792, 2012-03-21 07:15:07, 38843
85793, 2012-03-21 07:20:01, 39398
85794, 2012-03-21 07:25:01, 39800
85795, 2012-03-21 07:30:01, 40254
85796, 2012-03-21 07:35:01, 40468
85797, 2012-03-21 07:40:04, 40588
85798, 2012-03-21 07:45:09, 40817
85799, 2012-03-21 07:50:01, 41192
85800, 2012-03-21 07:55:04, 41392
85801, 2012-03-21 08:00:01, 41547
85802, 2012-03-21 08:05:21, 41568
85803, 2012-03-21 08:10:01, 41828
85804, 2012-03-21 08:15:08, 42068
85805, 2012-03-21 08:20:01, 42138
85806, 2012-03-21 08:25:01, 42203
85807, 2012-03-21 08:30:01, 42362
85808, 2012-03-21 08:35:01, 42428
85809, 2012-03-21 08:40:01, 42405
85810, 2012-03-21 08:45:06, 42318
85811, 2012-03-21 08:50:01, 42348
85812, 2012-03-21 08:55:04, 42507
85813, 2012-03-21 09:00:01, 42706
85814, 2012-03-21 09:05:01, 42765
85815, 2012-03-21 09:10:01, 42893
85816, 2012-03-21 09:15:08, 43013
85817, 2012-03-21 09:20:01, 43007
85818, 2012-03-21 09:25:05, 43046
85819, 2012-03-21 09:30:01, 43118
85820, 2012-03-21 09:35:01, 42980
85821, 2012-03-21 09:40:01, 43055
85822, 2012-03-21 09:45:06, 43215
85823, 2012-03-21 09:50:04, 43292
85824, 2012-03-21 09:55:06, 43256
85825, 2012-03-21 10:00:01, 43317
85826, 2012-03-21 10:05:01, 43363
85827, 2012-03-21 10:10:02, 43323
85828, 2012-03-21 10:15:06, 43173
85829, 2012-03-21 10:20:01, 43062
85830, 2012-03-21 10:25:10, 42978
85831, 2012-03-21 10:30:01, 42991
85832, 2012-03-21 10:35:13, 42943
85833, 2012-03-21 10:40:01, 43063
85834, 2012-03-21 10:45:04, 42991
85835, 2012-03-21 10:50:02, 43014
85836, 2012-03-21 10:55:01, 42996
85837, 2012-03-21 11:00:01, 43000
85838, 2012-03-21 11:05:10, 43086
85839, 2012-03-21 11:10:01, 43107
85840, 2012-03-21 11:15:05, 43200
85841, 2012-03-21 11:20:01, 43234
85842, 2012-03-21 11:25:01, 43153
85843, 2012-03-21 11:30:01, 43132
85844, 2012-03-21 11:35:10, 43157
85845, 2012-03-21 11:40:01, 43121
85846, 2012-03-21 11:45:05, 43103
85847, 2012-03-21 11:50:01, 43125
85848, 2012-03-21 11:55:05, 43142
85849, 2012-03-21 12:00:01, 43123
85850, 2012-03-21 12:05:02, 43054
85851, 2012-03-21 12:10:01, 43171
85852, 2012-03-21 12:15:04, 43223
85853, 2012-03-21 12:20:02, 43127
85854, 2012-03-21 12:25:09, 43129
85855, 2012-03-21 12:30:01, 43071
85856, 2012-03-21 12:35:01, 43007
85857, 2012-03-21 12:40:01, 42943
85858, 2012-03-21 12:45:07, 42866
85859, 2012-03-21 12:50:01, 42783
85860, 2012-03-21 12:55:05, 42745
85861, 2012-03-21 13:00:01, 42689
85862, 2012-03-21 13:05:01, 42623
85863, 2012-03-21 13:10:01, 42601
85864, 2012-03-21 13:15:05, 42578
85865, 2012-03-21 13:20:01, 42466
85866, 2012-03-21 13:25:06, 42445
85867, 2012-03-21 13:30:01, 42269
85868, 2012-03-21 13:35:01, 42126
85869, 2012-03-21 13:40:01, 42265
85870, 2012-03-21 13:45:04, 42284
85871, 2012-03-21 13:50:01, 42215
85872, 2012-03-21 13:55:06, 42119
85873, 2012-03-21 14:00:01, 42103
85874, 2012-03-21 14:05:09, 42102
85875, 2012-03-21 14:10:01, 42100
85876, 2012-03-21 14:15:04, 42100
85877, 2012-03-21 14:20:01, 42100
85878, 2012-03-21 14:25:01, 42100
85879, 2012-03-21 14:30:01, 42100
85880, 2012-03-21 14:35:01, 42100
85881, 2012-03-21 14:40:01, 42100
85882, 2012-03-21 14:45:13, 41970
85883, 2012-03-21 14:50:01, 41723
85884, 2012-03-21 14:55:01, 41672
85885, 2012-03-21 15:00:02, 41604
85886, 2012-03-21 15:05:01, 41379
85887, 2012-03-21 15:10:01, 41352
85888, 2012-03-21 15:15:05, 41412
85889, 2012-03-21 15:20:02, 41414
85890, 2012-03-21 15:25:06, 41385
85891, 2012-03-21 15:30:01, 41390
85892, 2012-03-21 15:35:01, 41497
85893, 2012-03-21 15:40:01, 41625
85894, 2012-03-21 15:45:05, 41695
85895, 2012-03-21 15:50:01, 41809
85896, 2012-03-21 15:55:06, 41864
85897, 2012-03-21 16:00:04, 41951
85898, 2012-03-21 16:05:09, 42137
85899, 2012-03-21 16:10:04, 42275
85900, 2012-03-21 16:15:01, 42378
85901, 2012-03-21 16:20:04, 42406
85902, 2012-03-21 16:25:02, 42485
85903, 2012-03-21 16:30:01, 42623
85904, 2012-03-21 16:35:08, 42726
85905, 2012-03-21 16:40:02, 42955
85906, 2012-03-21 16:45:05, 43044
85907, 2012-03-21 16:50:01, 43168
85908, 2012-03-21 16:55:01, 43323
85909, 2012-03-21 17:00:01, 43395
85910, 2012-03-21 17:05:10, 43577
85911, 2012-03-21 17:10:01, 43584
85912, 2012-03-21 17:15:06, 43533
85913, 2012-03-21 17:20:01, 43533
85914, 2012-03-21 17:25:06, 43767
85915, 2012-03-21 17:30:01, 43841
85916, 2012-03-21 17:35:12, 43768
85917, 2012-03-21 17:40:01, 43641
85918, 2012-03-21 17:45:08, 43734
85919, 2012-03-21 17:50:02, 43798
85920, 2012-03-21 17:55:05, 43834
85921, 2012-03-21 18:00:01, 43797
85922, 2012-03-21 18:05:01, 43994
85923, 2012-03-21 18:10:01, 44251
85924, 2012-03-21 18:15:05, 44306
85925, 2012-03-21 18:20:01, 44300
85926, 2012-03-21 18:25:06, 44402
85927, 2012-03-21 18:30:01, 44517
85928, 2012-03-21 18:35:10, 44894
85929, 2012-03-21 18:40:01, 45623
85930, 2012-03-21 18:45:10, 46236
85931, 2012-03-21 18:50:01, 46764
85932, 2012-03-21 18:55:06, 47352
85933, 2012-03-21 19:00:01, 47501
85934, 2012-03-21 19:05:10, 47726
85935, 2012-03-21 19:10:01, 47753
85936, 2012-03-21 19:15:01, 47590
85937, 2012-03-21 19:20:01, 47635
85938, 2012-03-21 19:25:08, 47301
85939, 2012-03-21 19:30:01, 47184
85940, 2012-03-21 19:35:08, 47151
85941, 2012-03-21 19:40:01, 47116
85942, 2012-03-21 19:45:05, 46761
85943, 2012-03-21 19:50:01, 46423
85944, 2012-03-21 19:55:04, 46150
85945, 2012-03-21 20:00:01, 45974
85946, 2012-03-21 20:05:09, 45894
85947, 2012-03-21 20:10:01, 45916
85948, 2012-03-21 20:15:02, 45704
85949, 2012-03-21 20:20:01, 45420
85950, 2012-03-21 20:25:02, 45034
85951, 2012-03-21 20:30:01, 44855
85952, 2012-03-21 20:35:11, 44549
85953, 2012-03-21 20:40:01, 44228
85954, 2012-03-21 20:45:02, 44024
85955, 2012-03-21 20:50:01, 43941
85956, 2012-03-21 20:55:12, 43537
85957, 2012-03-21 21:00:01, 43039
85958, 2012-03-21 21:05:12, 42779
85959, 2012-03-21 21:10:01, 42696
85960, 2012-03-21 21:15:06, 42267
85961, 2012-03-21 21:20:02, 42073
85962, 2012-03-21 21:25:05, 41765
85963, 2012-03-21 21:30:01, 41325
85964, 2012-03-21 21:35:01, 40899
85965, 2012-03-21 21:40:01, 40495
85966, 2012-03-21 21:45:08, 40102
85967, 2012-03-21 21:50:01, 39739
85968, 2012-03-21 21:55:05, 39316
85969, 2012-03-21 22:00:01, 38941
85970, 2012-03-21 22:05:11, 38728
85971, 2012-03-21 22:10:01, 38702
85972, 2012-03-21 22:15:05, 38178
85973, 2012-03-21 22:20:02, 37683
85974, 2012-03-21 22:25:08, 37162
85975, 2012-03-21 22:30:04, 36722
85976, 2012-03-21 22:35:12, 36422
85977, 2012-03-21 22:40:01, 36327
85978, 2012-03-21 22:45:12, 36132
85979, 2012-03-21 22:50:01, 35716
85980, 2012-03-21 22:55:01, 35244
85981, 2012-03-21 23:00:05, 34851
85982, 2012-03-21 23:05:12, 34452
85983, 2012-03-21 23:10:01, 34339
85984, 2012-03-21 23:15:07, 33972
85985, 2012-03-21 23:20:04, 33444
85986, 2012-03-21 23:25:01, 33179
85987, 2012-03-21 23:30:01, 33080
85988, 2012-03-21 23:35:08, 32884
85989, 2012-03-21 23:40:01, 32916
85990, 2012-03-21 23:45:04, 32719
85991, 2012-03-21 23:50:01, 32484
85992, 2012-03-21 23:55:05, 32358
85993, 2012-03-22 00:00:04, 32249
85994, 2012-03-22 00:05:10, 32243
85995, 2012-03-22 00:10:01, 32444
85996, 2012-03-22 00:15:01, 32626
85997, 2012-03-22 00:20:01, 32773
85998, 2012-03-22 00:25:08, 32778
85999, 2012-03-22 00:30:01, 32703
86000, 2012-03-22 00:35:10, 32531
86001, 2012-03-22 00:40:01, 32679
86002, 2012-03-22 00:45:05, 32762
86003, 2012-03-22 00:50:01, 32799
86004, 2012-03-22 00:55:05, 32793
86005, 2012-03-22 01:00:01, 32659
86006, 2012-03-22 01:05:06, 32605
86007, 2012-03-22 01:10:01, 32872
86008, 2012-03-22 01:15:14, 32813
86009, 2012-03-22 01:20:01, 32620
86010, 2012-03-22 01:25:17, 32414
86011, 2012-03-22 01:30:02, 32329
86012, 2012-03-22 01:35:09, 32231
86013, 2012-03-22 01:40:04, 32260
86014, 2012-03-22 01:45:01, 32153
86015, 2012-03-22 01:50:03, 32000
86016, 2012-03-22 01:55:02, 31940
86017, 2012-03-22 02:00:01, 31820
86018, 2012-03-22 02:05:11, 31679
86019, 2012-03-22 02:10:03, 31659
86020, 2012-03-22 02:15:04, 31633
86021, 2012-03-22 02:20:01, 31595
86022, 2012-03-22 02:25:09, 31544
86023, 2012-03-22 02:30:01, 31412
86024, 2012-03-22 02:35:27, 31326
86025, 2012-03-22 02:40:01, 31517
86026, 2012-03-22 02:45:10, 31502
86027, 2012-03-22 02:50:01, 31441
86028, 2012-03-22 02:55:06, 31352
86029, 2012-03-22 03:00:01, 31223
86030, 2012-03-22 03:05:08, 31059
86031, 2012-03-22 03:10:01, 31065
86032, 2012-03-22 03:15:03, 31006
86033, 2012-03-22 03:20:02, 30948
86034, 2012-03-22 03:25:08, 30878
86035, 2012-03-22 03:30:01, 30701
86036, 2012-03-22 03:35:13, 30593
86037, 2012-03-22 03:40:04, 30623
86038, 2012-03-22 03:45:05, 30538
86039, 2012-03-22 03:50:02, 30392
86040, 2012-03-22 03:55:05, 30263
86041, 2012-03-22 04:00:02, 30188
86042, 2012-03-22 04:05:01, 30136
86043, 2012-03-22 04:10:01, 30100
86044, 2012-03-22 04:15:06, 30105
86045, 2012-03-22 04:20:01, 30172
86046, 2012-03-22 04:25:01, 30113
86047, 2012-03-22 04:30:02, 29956
86048, 2012-03-22 04:35:11, 29927
86049, 2012-03-22 04:40:03, 30042
86050, 2012-03-22 04:45:01, 30049
86051, 2012-03-22 04:50:01, 30048
86052, 2012-03-22 04:55:11, 30076
86053, 2012-03-22 05:00:04, 30058
86054, 2012-03-22 05:05:01, 29984
86055, 2012-03-22 05:10:02, 29777
86056, 2012-03-22 05:15:06, 30075
86057, 2012-03-22 05:20:01, 30441
86058, 2012-03-22 05:25:09, 30432
86059, 2012-03-22 05:30:01, 30537
86060, 2012-03-22 05:35:01, 30712
86061, 2012-03-22 05:40:01, 30935
86062, 2012-03-22 05:45:05, 31127
86063, 2012-03-22 05:50:03, 31392
86064, 2012-03-22 05:55:05, 31434
86065, 2012-03-22 06:00:01, 31631
86066, 2012-03-22 06:05:01, 31862
86067, 2012-03-22 06:10:01, 32149
86068, 2012-03-22 06:15:08, 32713
86069, 2012-03-22 06:20:01, 33153
86070, 2012-03-22 06:25:09, 33441
86071, 2012-03-22 06:30:01, 33877
86072, 2012-03-22 06:35:10, 34188
86073, 2012-03-22 06:40:01, 34797
86074, 2012-03-22 06:45:01, 35446
86075, 2012-03-22 06:50:01, 35891
86076, 2012-03-22 06:55:03, 36402
86077, 2012-03-22 07:00:14, 36944
86078, 2012-03-22 07:05:12, 37178
86079, 2012-03-22 07:10:01, 37542
86080, 2012-03-22 07:15:01, 38199
86081, 2012-03-22 07:20:01, 38767
86082, 2012-03-22 07:25:06, 39239
86083, 2012-03-22 07:30:01, 39661
86084, 2012-03-22 07:35:11, 40037
86085, 2012-03-22 07:40:01, 40254
86086, 2012-03-22 07:45:01, 40454
86087, 2012-03-22 07:50:02, 40506
86088, 2012-03-22 07:55:09, 40690
86089, 2012-03-22 08:00:01, 40969
86090, 2012-03-22 08:05:30, 41086
86091, 2012-03-22 08:10:01, 41346
86092, 2012-03-22 08:15:01, 41638
86093, 2012-03-22 08:20:01, 41706
86094, 2012-03-22 08:25:05, 41878
86095, 2012-03-22 08:30:01, 41922
86096, 2012-03-22 08:35:09, 41976
86097, 2012-03-22 08:40:02, 42052
86098, 2012-03-22 08:45:04, 42048
86099, 2012-03-22 08:50:01, 41978
86100, 2012-03-22 08:55:04, 42031
86101, 2012-03-22 09:01:19, 42014
86102, 2012-03-22 09:05:11, 42119
86103, 2012-03-22 09:10:01, 42290
86104, 2012-03-22 09:15:01, 42483
86105, 2012-03-22 09:20:01, 42545
86106, 2012-03-22 09:25:07, 42486
86107, 2012-03-22 09:30:01, 42595
86108, 2012-03-22 09:35:19, 42557
86109, 2012-03-22 09:40:02, 42604
86110, 2012-03-22 09:45:05, 42572
86111, 2012-03-22 09:50:01, 42507
86112, 2012-03-22 09:55:06, 42522
86113, 2012-03-22 10:00:01, 42489
86114, 2012-03-22 10:05:12, 42421
86115, 2012-03-22 10:10:01, 42399
86116, 2012-03-22 10:15:08, 42295
86117, 2012-03-22 10:20:01, 42237
86118, 2012-03-22 10:25:16, 42302
86119, 2012-03-22 10:30:20, 42375
86120, 2012-03-22 10:35:07, 42263
86121, 2012-03-22 10:40:01, 42420
86122, 2012-03-22 10:45:06, 42428
86123, 2012-03-22 10:50:01, 42449
86124, 2012-03-22 10:55:01, 42341
86125, 2012-03-22 11:00:02, 42306
86126, 2012-03-22 11:05:01, 42334
86127, 2012-03-22 11:10:01, 42442
86128, 2012-03-22 11:15:12, 42479
86129, 2012-03-22 11:20:01, 42458
86130, 2012-03-22 11:25:12, 42369
86131, 2012-03-22 11:30:01, 42325
86132, 2012-03-22 11:35:13, 42328
86133, 2012-03-22 11:40:01, 42265
86134, 2012-03-22 11:45:01, 42217
86135, 2012-03-22 11:50:01, 42165
86136, 2012-03-22 11:55:07, 42218
86137, 2012-03-22 12:00:01, 42240
86138, 2012-03-22 12:05:01, 42220
86139, 2012-03-22 12:10:01, 42200
86140, 2012-03-22 12:15:03, 42168
86141, 2012-03-22 12:20:01, 42187
86142, 2012-03-22 12:25:03, 42085
86143, 2012-03-22 12:30:01, 42044
86144, 2012-03-22 12:35:02, 41912
86145, 2012-03-22 12:40:01, 41987
86146, 2012-03-22 12:45:08, 41944
86147, 2012-03-22 12:50:01, 41868
86148, 2012-03-22 12:55:08, 41734
86149, 2012-03-22 13:00:03, 41714
86150, 2012-03-22 13:05:01, 41740
86151, 2012-03-22 13:10:01, 41800
86152, 2012-03-22 13:15:05, 41831
86153, 2012-03-22 13:20:01, 41733
86154, 2012-03-22 13:25:03, 41660
86155, 2012-03-22 13:30:03, 41541
86156, 2012-03-22 13:35:08, 41411
86157, 2012-03-22 13:40:01, 41425
86158, 2012-03-22 13:45:01, 41437
86159, 2012-03-22 13:50:01, 41438
86160, 2012-03-22 13:55:06, 41399
86161, 2012-03-22 14:00:01, 41340
86162, 2012-03-22 14:05:10, 41229
86163, 2012-03-22 14:10:01, 41207
86164, 2012-03-22 14:15:11, 41272
86165, 2012-03-22 14:20:33, 41273
86166, 2012-03-22 14:25:13, 41297
86167, 2012-03-22 14:30:01, 41174
86168, 2012-03-22 14:35:19, 41087
86169, 2012-03-22 14:40:12, 40976
86170, 2012-03-22 14:45:05, 40857
86171, 2012-03-22 14:50:01, 40749
86172, 2012-03-22 14:55:05, 40667
86173, 2012-03-22 15:03:11, 40626
86174, 2012-03-22 15:05:09, 40591
86175, 2012-03-22 15:10:01, 40625
86176, 2012-03-22 15:15:02, 40594
86177, 2012-03-22 15:20:02, 40597
86178, 2012-03-22 15:25:09, 40658
86179, 2012-03-22 15:30:01, 40677
86180, 2012-03-22 15:35:04, 40646
86181, 2012-03-22 15:40:01, 40716
86182, 2012-03-22 15:45:04, 40803
86183, 2012-03-22 15:50:01, 40906
86184, 2012-03-22 15:55:09, 41080
86185, 2012-03-22 16:00:01, 41164
86186, 2012-03-22 16:05:09, 41309
86187, 2012-03-22 16:10:02, 41390
86188, 2012-03-22 16:15:01, 41535
86189, 2012-03-22 16:20:01, 41682
86190, 2012-03-22 16:25:11, 41861
86191, 2012-03-22 16:30:01, 41966
86192, 2012-03-22 16:35:08, 42130
86193, 2012-03-22 16:40:01, 42312
86194, 2012-03-22 16:45:06, 42419
86195, 2012-03-22 16:50:10, 42454
86196, 2012-03-22 16:55:01, 42565
86197, 2012-03-22 17:00:02, 42673
86198, 2012-03-22 17:05:01, 42821
86199, 2012-03-22 17:10:01, 42867
86200, 2012-03-22 17:15:01, 42903
86201, 2012-03-22 17:20:01, 42907
86202, 2012-03-22 17:25:05, 43026
86203, 2012-03-22 17:30:01, 43076
86204, 2012-03-22 17:35:10, 43179
86205, 2012-03-22 17:40:11, 43294
86206, 2012-03-22 17:45:02, 43253
86207, 2012-03-22 17:50:01, 43335
86208, 2012-03-22 17:55:09, 43354
86209, 2012-03-22 18:00:04, 43311
86210, 2012-03-22 18:05:01, 43452
86211, 2012-03-22 18:10:01, 43754
86212, 2012-03-22 18:15:01, 43882
86213, 2012-03-22 18:20:01, 44119
86214, 2012-03-22 18:25:13, 44309
86215, 2012-03-22 18:30:01, 44603
86216, 2012-03-22 18:35:13, 45012
86217, 2012-03-22 18:40:10, 45627
86218, 2012-03-22 18:45:04, 46097
86219, 2012-03-22 18:50:01, 46433
86220, 2012-03-22 18:55:04, 46700
86221, 2012-03-22 19:00:01, 46935
86222, 2012-03-22 19:05:11, 46921
86223, 2012-03-22 19:10:01, 46950
86224, 2012-03-22 19:15:05, 46853
86225, 2012-03-22 19:20:38, 46808
86226, 2012-03-22 19:25:01, 46766
86227, 2012-03-22 19:30:01, 46527
86228, 2012-03-22 19:35:09, 46426
86229, 2012-03-22 19:40:01, 46486
86230, 2012-03-22 19:45:05, 46203
86231, 2012-03-22 19:50:01, 46006
86232, 2012-03-22 19:55:04, 45789
86233, 2012-03-22 20:00:21, 45560
86234, 2012-03-22 20:05:01, 45477
86235, 2012-03-22 20:10:02, 45536
86236, 2012-03-22 20:15:01, 45188
86237, 2012-03-22 20:20:01, 44909
86238, 2012-03-22 20:25:06, 44409
86239, 2012-03-22 20:30:01, 44080
86240, 2012-03-22 20:35:08, 43946
86241, 2012-03-22 20:40:34, 43774
86242, 2012-03-22 20:45:01, 43424
86243, 2012-03-22 20:50:01, 43169
86244, 2012-03-22 20:55:10, 42800
86245, 2012-03-22 21:00:05, 42420
86246, 2012-03-22 21:05:11, 42157
86247, 2012-03-22 21:10:01, 42434
86248, 2012-03-22 21:15:07, 41924
86249, 2012-03-22 21:20:01, 41527
86250, 2012-03-22 21:25:01, 41133
86251, 2012-03-22 21:30:01, 40643
86252, 2012-03-22 21:35:12, 40245
86253, 2012-03-22 21:40:01, 39919
86254, 2012-03-22 21:45:04, 39454
86255, 2012-03-22 21:50:17, 39178
86256, 2012-03-22 21:55:01, 39228
86257, 2012-03-22 22:00:01, 38488
86258, 2012-03-22 22:05:20, 38115
86259, 2012-03-22 22:10:01, 38153
86260, 2012-03-22 22:15:06, 37774
86261, 2012-03-22 22:20:01, 37317
86262, 2012-03-22 22:25:10, 36851
86263, 2012-03-22 22:30:01, 36347
86264, 2012-03-22 22:35:01, 35844
86265, 2012-03-22 22:40:02, 35982
86266, 2012-03-22 22:45:04, 35799
86267, 2012-03-22 22:50:01, 35442
86268, 2012-03-22 22:55:07, 35017
86269, 2012-03-22 23:00:01, 34639
86270, 2012-03-22 23:05:09, 34496
86271, 2012-03-22 23:10:01, 34607
86272, 2012-03-22 23:15:04, 34328
86273, 2012-03-22 23:20:12, 34200
86274, 2012-03-22 23:25:01, 34059
86275, 2012-03-22 23:30:01, 33606
86276, 2012-03-22 23:35:01, 33392
86277, 2012-03-22 23:40:02, 33441
86278, 2012-03-22 23:45:06, 33383
86279, 2012-03-22 23:50:03, 33155
86280, 2012-03-22 23:55:03, 32724
86281, 2012-03-23 00:00:04, 32682
86282, 2012-03-23 00:05:01, 32591
86283, 2012-03-23 00:10:01, 32716
86284, 2012-03-23 00:15:01, 32839
86285, 2012-03-23 00:20:04, 32948
86286, 2012-03-23 00:25:06, 33047
86287, 2012-03-23 00:30:01, 32956
86288, 2012-03-23 00:35:01, 32956
86289, 2012-03-23 00:40:51, 33012
86290, 2012-03-23 00:45:05, 32985
86291, 2012-03-23 00:50:01, 32982
86292, 2012-03-23 00:55:04, 32913
86293, 2012-03-23 01:00:01, 32792
86294, 2012-03-23 01:05:11, 32737
86295, 2012-03-23 01:10:01, 32835
86296, 2012-03-23 01:15:05, 32750
86297, 2012-03-23 01:20:17, 32628
86298, 2012-03-23 01:25:01, 32516
86299, 2012-03-23 01:30:01, 32355
86300, 2012-03-23 01:35:08, 32224
86301, 2012-03-23 01:40:03, 32201
86302, 2012-03-23 01:45:08, 32093
86303, 2012-03-23 01:50:01, 31953
86304, 2012-03-23 01:55:03, 31794
86305, 2012-03-23 02:00:04, 31616
86306, 2012-03-23 02:05:10, 31603
86307, 2012-03-23 02:10:01, 31645
86308, 2012-03-23 02:15:02, 31598
86309, 2012-03-23 02:20:01, 31474
86310, 2012-03-23 02:25:11, 31411
86311, 2012-03-23 02:30:01, 31208
86312, 2012-03-23 02:35:01, 31175
86313, 2012-03-23 02:40:02, 31507
86314, 2012-03-23 02:45:05, 31494
86315, 2012-03-23 02:50:01, 31363
86316, 2012-03-23 02:55:05, 31337
86317, 2012-03-23 03:00:02, 31266
86318, 2012-03-23 03:05:08, 31231
86319, 2012-03-23 03:10:01, 31457
86320, 2012-03-23 03:15:01, 31326
86321, 2012-03-23 03:20:01, 31283
86322, 2012-03-23 03:25:07, 31155
86323, 2012-03-23 03:30:01, 31003
86324, 2012-03-23 03:35:10, 30856
86325, 2012-03-23 03:40:01, 30901
86326, 2012-03-23 03:45:04, 30811
86327, 2012-03-23 03:50:02, 30769
86328, 2012-03-23 03:55:05, 30728
86329, 2012-03-23 04:00:01, 30614
86330, 2012-03-23 04:05:02, 30611
86331, 2012-03-23 04:10:01, 30734
86332, 2012-03-23 04:15:01, 30652
86333, 2012-03-23 04:20:04, 30616
86334, 2012-03-23 04:25:07, 30603
86335, 2012-03-23 04:30:02, 30560
86336, 2012-03-23 04:35:08, 30549
86337, 2012-03-23 04:40:08, 30629
86338, 2012-03-23 04:45:01, 30585
86339, 2012-03-23 04:50:10, 30502
86340, 2012-03-23 04:55:03, 30582
86341, 2012-03-23 05:00:01, 30621
86342, 2012-03-23 05:05:10, 30590
86343, 2012-03-23 05:10:06, 30533
86344, 2012-03-23 05:15:01, 30565
86345, 2012-03-23 05:20:03, 30739
86346, 2012-03-23 05:25:07, 30889
86347, 2012-03-23 05:30:01, 31002
86348, 2012-03-23 05:35:03, 31005
86349, 2012-03-23 05:40:01, 31199
86350, 2012-03-23 05:45:05, 31414
86351, 2012-03-23 05:50:02, 31507
86352, 2012-03-23 05:55:05, 31553
86353, 2012-03-23 06:00:01, 31676
86354, 2012-03-23 06:05:01, 31823
86355, 2012-03-23 06:10:01, 32189
86356, 2012-03-23 06:15:05, 32567
86357, 2012-03-23 06:20:03, 32808
86358, 2012-03-23 06:25:12, 33060
86359, 2012-03-23 06:30:01, 33172
86360, 2012-03-23 06:35:01, 33614
86361, 2012-03-23 06:40:02, 34220
86362, 2012-03-23 06:45:01, 34923
86363, 2012-03-23 06:50:01, 35372
86364, 2012-03-23 06:55:05, 35674
86365, 2012-03-23 07:00:01, 36206
86366, 2012-03-23 07:05:01, 36648
86367, 2012-03-23 07:10:01, 37199
86368, 2012-03-23 07:15:01, 37848
86369, 2012-03-23 07:20:01, 38508
86370, 2012-03-23 07:25:05, 38902
86371, 2012-03-23 07:30:02, 39322
86372, 2012-03-23 07:35:11, 39602
86373, 2012-03-23 07:40:02, 39748
86374, 2012-03-23 07:45:13, 39941
86375, 2012-03-23 07:50:11, 40167
86376, 2012-03-23 07:55:01, 40400
86377, 2012-03-23 08:00:01, 40649
86378, 2012-03-23 08:05:16, 40852
86379, 2012-03-23 08:10:02, 41096
86380, 2012-03-23 08:15:01, 41374
86381, 2012-03-23 08:20:01, 41654
86382, 2012-03-23 08:25:06, 41814
86383, 2012-03-23 08:30:02, 41918
86384, 2012-03-23 08:35:08, 41934
86385, 2012-03-23 08:40:01, 41922
86386, 2012-03-23 08:45:05, 41983
86387, 2012-03-23 08:50:01, 41979
86388, 2012-03-23 08:55:01, 42075
86389, 2012-03-23 09:00:01, 42202
86390, 2012-03-23 09:05:01, 42363
86391, 2012-03-23 09:10:01, 42517
86392, 2012-03-23 09:15:08, 42701
86393, 2012-03-23 09:20:02, 42688
86394, 2012-03-23 09:25:08, 42681
86395, 2012-03-23 09:30:01, 42661
86396, 2012-03-23 09:35:14, 42649
86397, 2012-03-23 09:40:14, 42708
86398, 2012-03-23 09:45:01, 42682
86399, 2012-03-23 09:50:01, 42650
86400, 2012-03-23 09:55:05, 42612
86401, 2012-03-23 10:00:03, 42563
86402, 2012-03-23 10:05:12, 42561
86403, 2012-03-23 10:10:01, 42496
86404, 2012-03-23 10:15:01, 42473
86405, 2012-03-23 10:20:02, 42374
86406, 2012-03-23 10:25:20, 42403
86407, 2012-03-23 10:30:02, 42413
86408, 2012-03-23 10:35:09, 42409
86409, 2012-03-23 10:40:02, 42453
86410, 2012-03-23 10:45:01, 42370
86411, 2012-03-23 10:50:01, 42328
86412, 2012-03-23 10:55:06, 42295
86413, 2012-03-23 11:00:01, 42189
86414, 2012-03-23 11:05:02, 42194
86415, 2012-03-23 11:10:01, 42262
86416, 2012-03-23 11:15:01, 42269
86417, 2012-03-23 11:20:04, 42263
86418, 2012-03-23 11:25:01, 42242
86419, 2012-03-23 11:30:01, 42184
86420, 2012-03-23 11:35:09, 42126
86421, 2012-03-23 11:40:01, 42075
86422, 2012-03-23 11:45:05, 42069
86423, 2012-03-23 11:50:12, 42079
86424, 2012-03-23 11:55:02, 42137
86425, 2012-03-23 12:00:01, 42092
86426, 2012-03-23 12:05:01, 42093
86427, 2012-03-23 12:10:01, 41980
86428, 2012-03-23 12:15:05, 41926
86429, 2012-03-23 12:20:01, 41948
86430, 2012-03-23 12:25:07, 41880
86431, 2012-03-23 12:30:01, 41786
86432, 2012-03-23 12:35:01, 41656
86433, 2012-03-23 12:40:02, 41632
86434, 2012-03-23 12:45:08, 41548
86435, 2012-03-23 12:50:01, 41412
86436, 2012-03-23 12:55:09, 41347
86437, 2012-03-23 13:00:01, 41305
86438, 2012-03-23 13:05:02, 41212
86439, 2012-03-23 13:10:01, 41121
86440, 2012-03-23 13:15:09, 40943
86441, 2012-03-23 13:20:01, 40872
86442, 2012-03-23 13:25:16, 40791
86443, 2012-03-23 13:30:01, 40707
86444, 2012-03-23 13:35:01, 40628
86445, 2012-03-23 13:40:01, 40544
86446, 2012-03-23 13:45:02, 40486
86447, 2012-03-23 13:50:01, 40475
86448, 2012-03-23 13:55:05, 40378
86449, 2012-03-23 14:00:01, 40322
86450, 2012-03-23 14:05:12, 40284
86451, 2012-03-23 14:10:01, 40414
86452, 2012-03-23 14:15:07, 40368
86453, 2012-03-23 14:20:01, 40259
86454, 2012-03-23 14:25:15, 40191
86455, 2012-03-23 14:30:01, 40056
86456, 2012-03-23 14:35:01, 39949
86457, 2012-03-23 14:40:01, 39928
86458, 2012-03-23 14:46:59, 39786
86459, 2012-03-23 14:50:04, 39786
86460, 2012-03-23 14:55:18, 39736
86461, 2012-03-23 15:00:42, 39646
86462, 2012-03-23 15:05:04, 39595
86463, 2012-03-23 15:10:01, 39510
86464, 2012-03-23 15:15:07, 39483
86465, 2012-03-23 15:20:01, 39423
86466, 2012-03-23 15:25:04, 39396
86467, 2012-03-23 15:30:36, 39399
86468, 2012-03-23 15:35:05, 39431
86469, 2012-03-23 15:40:02, 39501
86470, 2012-03-23 15:45:16, 39504
86471, 2012-03-23 15:50:01, 39597
86472, 2012-03-23 15:55:20, 39744
86473, 2012-03-23 16:00:01, 39840
86474, 2012-03-23 16:05:27, 39891
86475, 2012-03-23 16:10:01, 39936
86476, 2012-03-23 16:15:05, 39963
86477, 2012-03-23 16:20:02, 40060
86478, 2012-03-23 16:25:11, 40192
86479, 2012-03-23 16:30:02, 40326
86480, 2012-03-23 16:35:01, 40457
86481, 2012-03-23 16:40:02, 40658
86482, 2012-03-23 16:45:01, 40809
86483, 2012-03-23 16:50:10, 40955
86484, 2012-03-23 16:55:04, 41020
86485, 2012-03-23 17:00:01, 41026
86486, 2012-03-23 17:05:30, 41197
86487, 2012-03-23 17:10:05, 41276
86488, 2012-03-23 17:15:17, 41279
86489, 2012-03-23 17:22:08, 41344
86490, 2012-03-23 17:25:32, 41433
86491, 2012-03-23 17:31:06, 41476
86492, 2012-03-23 17:35:16, 41573
86493, 2012-03-23 17:40:14, 41625
86494, 2012-03-23 17:45:07, 41590
86495, 2012-03-23 17:50:01, 41466
86496, 2012-03-23 17:55:02, 41470
86497, 2012-03-23 18:00:05, 41482
86498, 2012-03-23 18:05:10, 41694
86499, 2012-03-23 18:10:09, 42011
86500, 2012-03-23 18:15:03, 42057
86501, 2012-03-23 18:20:01, 42123
86502, 2012-03-23 18:25:13, 42352
86503, 2012-03-23 18:30:01, 42602
86504, 2012-03-23 18:35:09, 42964
86505, 2012-03-23 18:40:14, 43566
86506, 2012-03-23 18:45:01, 44093
86507, 2012-03-23 18:50:02, 44564
86508, 2012-03-23 18:55:05, 44992
86509, 2012-03-23 19:00:01, 45004
86510, 2012-03-23 19:05:11, 45143
86511, 2012-03-23 19:10:01, 45220
86512, 2012-03-23 19:15:06, 45033
86513, 2012-03-23 19:20:25, 45048
86514, 2012-03-23 19:25:01, 44826
86515, 2012-03-23 19:30:02, 44695
86516, 2012-03-23 19:35:11, 44660
86517, 2012-03-23 19:40:01, 44497
86518, 2012-03-23 19:45:04, 44238
86519, 2012-03-23 19:50:01, 43985
86520, 2012-03-23 19:55:05, 43830
86521, 2012-03-23 20:00:15, 43485
86522, 2012-03-23 20:05:01, 43252
86523, 2012-03-23 20:10:01, 43579
86524, 2012-03-23 20:15:07, 43317
86525, 2012-03-23 20:20:01, 42797
86526, 2012-03-23 20:25:12, 42526
86527, 2012-03-23 20:30:01, 42166
86528, 2012-03-23 20:35:12, 41898
86529, 2012-03-23 20:40:01, 41559
86530, 2012-03-23 20:45:02, 41155
86531, 2012-03-23 20:50:01, 40911
86532, 2012-03-23 20:55:07, 40508
86533, 2012-03-23 21:00:01, 40278
86534, 2012-03-23 21:05:05, 40217
86535, 2012-03-23 21:10:01, 40130
86536, 2012-03-23 21:15:07, 39828
86537, 2012-03-23 21:20:09, 39566
86538, 2012-03-23 21:25:01, 39271
86539, 2012-03-23 21:30:02, 39010
86540, 2012-03-23 21:35:10, 38738
86541, 2012-03-23 21:40:01, 38395
86542, 2012-03-23 21:45:16, 38055
86543, 2012-03-23 21:50:02, 37556
86544, 2012-03-23 21:55:01, 37296
86545, 2012-03-23 22:00:14, 37100
86546, 2012-03-23 22:05:01, 36844
86547, 2012-03-23 22:10:02, 36819
86548, 2012-03-23 22:15:06, 36346
86549, 2012-03-23 22:20:01, 35958
86550, 2012-03-23 22:25:19, 35525
86551, 2012-03-23 22:30:01, 35262
86552, 2012-03-23 22:35:04, 34985
86553, 2012-03-23 22:40:02, 34937
86554, 2012-03-23 22:45:01, 34843
86555, 2012-03-23 22:50:02, 34601
86556, 2012-03-23 22:55:12, 34289
86557, 2012-03-23 23:00:01, 33955
86558, 2012-03-23 23:05:10, 33556
86559, 2012-03-23 23:10:01, 33405
86560, 2012-03-23 23:15:05, 33160
86561, 2012-03-23 23:20:10, 32774
86562, 2012-03-23 23:25:01, 32376
86563, 2012-03-23 23:30:01, 32102
86564, 2012-03-23 23:35:01, 31819
86565, 2012-03-23 23:40:01, 31800
86566, 2012-03-23 23:45:09, 31697
86567, 2012-03-23 23:50:01, 31517
86568, 2012-03-23 23:55:06, 31356
86569, 2012-03-24 00:00:01, 31067
86570, 2012-03-24 00:05:17, 30963
86571, 2012-03-24 00:10:01, 31241
86572, 2012-03-24 00:15:01, 31507
86573, 2012-03-24 00:20:01, 31734
86574, 2012-03-24 00:25:16, 31682
86575, 2012-03-24 00:30:04, 31541
86576, 2012-03-24 00:35:09, 31390
86577, 2012-03-24 00:40:06, 31488
86578, 2012-03-24 00:45:05, 31494
86579, 2012-03-24 00:50:01, 31626
86580, 2012-03-24 00:55:01, 31609
86581, 2012-03-24 01:00:01, 31529
86582, 2012-03-24 01:05:10, 31420
86583, 2012-03-24 01:10:01, 31428
86584, 2012-03-24 01:15:07, 31347
86585, 2012-03-24 01:20:19, 31280
86586, 2012-03-24 01:25:05, 31300
86587, 2012-03-24 01:30:01, 31131
86588, 2012-03-24 01:35:11, 30982
86589, 2012-03-24 01:40:01, 30926
86590, 2012-03-24 01:45:09, 30792
86591, 2012-03-24 01:50:04, 30618
86592, 2012-03-24 01:55:05, 30498
86593, 2012-03-24 02:02:39, 30562
86594, 2012-03-24 02:09:05, 30317
86595, 2012-03-24 02:10:01, 30004
86596, 2012-03-24 02:15:08, 29852
86597, 2012-03-24 02:20:20, 29689
86598, 2012-03-24 02:25:20, 29581
86599, 2012-03-24 02:30:01, 29424
86600, 2012-03-24 02:35:01, 29304
86601, 2012-03-24 02:40:01, 29459
86602, 2012-03-24 02:45:06, 29478
86603, 2012-03-24 02:50:02, 29381
86604, 2012-03-24 02:55:05, 29216
86605, 2012-03-24 03:00:10, 29121
86606, 2012-03-24 03:05:16, 29072
86607, 2012-03-24 03:10:01, 29173
86608, 2012-03-24 03:15:06, 29065
86609, 2012-03-24 03:20:01, 28938
86610, 2012-03-24 03:25:13, 28861
86611, 2012-03-24 03:30:16, 28743
86612, 2012-03-24 03:35:01, 28585
86613, 2012-03-24 03:40:14, 28642
86614, 2012-03-24 03:45:01, 28527
86615, 2012-03-24 03:50:01, 28478
86616, 2012-03-24 03:55:01, 28391
86617, 2012-03-24 04:00:09, 28348
86618, 2012-03-24 04:05:12, 28293
86619, 2012-03-24 04:10:01, 28335
86620, 2012-03-24 04:15:07, 28325
86621, 2012-03-24 04:20:25, 28335
86622, 2012-03-24 04:25:22, 28246
86623, 2012-03-24 04:30:52, 28158
86624, 2012-03-24 04:35:02, 27998
86625, 2012-03-24 04:40:01, 28063
86626, 2012-03-24 04:45:05, 28142
86627, 2012-03-24 04:50:06, 28100
86628, 2012-03-24 04:55:04, 28044
86629, 2012-03-24 05:00:01, 27956
86630, 2012-03-24 05:05:18, 27888
86631, 2012-03-24 05:10:29, 27729
86632, 2012-03-24 05:15:02, 27829
86633, 2012-03-24 05:20:02, 27900
86634, 2012-03-24 05:25:17, 27951
86635, 2012-03-24 05:30:25, 27962
86636, 2012-03-24 05:35:08, 27948
86637, 2012-03-24 05:40:01, 28074
86638, 2012-03-24 05:45:07, 28096
86639, 2012-03-24 05:50:11, 28019
86640, 2012-03-24 05:55:07, 27939
86641, 2012-03-24 06:00:01, 27940
86642, 2012-03-24 06:05:19, 28010
86643, 2012-03-24 06:10:27, 28286
86644, 2012-03-24 06:15:07, 28632
86645, 2012-03-24 06:20:01, 28823
86646, 2012-03-24 06:25:01, 28981
86647, 2012-03-24 06:30:15, 29106
86648, 2012-03-24 06:35:09, 29225
86649, 2012-03-24 06:40:01, 29188
86650, 2012-03-24 06:45:09, 29280
86651, 2012-03-24 06:50:09, 29512
86652, 2012-03-24 06:55:05, 29557
86653, 2012-03-24 07:00:15, 29628
86654, 2012-03-24 07:05:13, 29741
86655, 2012-03-24 07:10:14, 29826
86656, 2012-03-24 07:15:05, 30223
86657, 2012-03-24 07:20:04, 30559
86658, 2012-03-24 07:25:13, 30802
86659, 2012-03-24 07:30:01, 31007
86660, 2012-03-24 07:35:01, 31213
86661, 2012-03-24 07:40:04, 31338
86662, 2012-03-24 07:45:14, 31505
86663, 2012-03-24 07:50:15, 31764
86664, 2012-03-24 07:55:05, 32049
86665, 2012-03-24 08:00:01, 32318
86666, 2012-03-24 08:05:01, 32697
86667, 2012-03-24 08:10:43, 33178
86668, 2012-03-24 08:15:21, 33658
86669, 2012-03-24 08:20:04, 33959
86670, 2012-03-24 08:25:12, 34250
86671, 2012-03-24 08:30:01, 34596
86672, 2012-03-24 08:35:01, 34954
86673, 2012-03-24 08:40:01, 35173
86674, 2012-03-24 08:45:07, 35388
86675, 2012-03-24 08:50:11, 35653
86676, 2012-03-24 08:55:07, 35957
86677, 2012-03-24 09:00:01, 36174
86678, 2012-03-24 09:05:16, 36411
86679, 2012-03-24 09:10:03, 36695
86680, 2012-03-24 09:15:10, 36746
86681, 2012-03-24 09:20:10, 36882
86682, 2012-03-24 09:25:07, 36925
86683, 2012-03-24 09:30:01, 36896
86684, 2012-03-24 09:35:10, 37037
86685, 2012-03-24 09:40:10, 37082
86686, 2012-03-24 09:45:02, 37071
86687, 2012-03-24 09:50:01, 37033
86688, 2012-03-24 09:55:01, 37310
86689, 2012-03-24 10:00:01, 37344
86690, 2012-03-24 10:05:01, 37293
86691, 2012-03-24 10:10:13, 37280
86692, 2012-03-24 10:15:01, 37326
86693, 2012-03-24 10:20:01, 37359
86694, 2012-03-24 10:25:17, 37329
86695, 2012-03-24 10:30:01, 37333
86696, 2012-03-24 10:35:01, 37352
86697, 2012-03-24 10:40:02, 37293
86698, 2012-03-24 10:45:01, 37297
86699, 2012-03-24 10:50:01, 37201
86700, 2012-03-24 10:55:09, 37154
86701, 2012-03-24 11:00:01, 37160
86702, 2012-03-24 11:05:13, 37164
86703, 2012-03-24 11:10:17, 37208
86704, 2012-03-24 11:15:01, 37147
86705, 2012-03-24 11:20:01, 37091
86706, 2012-03-24 11:25:07, 36998
86707, 2012-03-24 11:30:04, 36849
86708, 2012-03-24 11:35:13, 36747
86709, 2012-03-24 11:40:01, 36785
86710, 2012-03-24 11:45:15, 36715
86711, 2012-03-24 11:50:14, 36628
86712, 2012-03-24 11:55:01, 36579
86713, 2012-03-24 12:00:01, 36506
86714, 2012-03-24 12:05:13, 36472
86715, 2012-03-24 12:10:02, 36456
86716, 2012-03-24 12:15:04, 36391
86717, 2012-03-24 12:20:01, 36252
86718, 2012-03-24 12:25:06, 36156
86719, 2012-03-24 12:30:01, 36065
86720, 2012-03-24 12:35:12, 36047
86721, 2012-03-24 12:40:01, 36047
86722, 2012-03-24 12:45:06, 35894
86723, 2012-03-24 12:50:13, 35855
86724, 2012-03-24 12:55:02, 35745
86725, 2012-03-24 13:00:01, 35647
86726, 2012-03-24 13:05:14, 35526
86727, 2012-03-24 13:10:01, 35419
86728, 2012-03-24 13:15:05, 35316
86729, 2012-03-24 13:20:13, 35149
86730, 2012-03-24 13:25:02, 35079
86731, 2012-03-24 13:30:01, 34958
86732, 2012-03-24 13:35:08, 34834
86733, 2012-03-24 13:40:01, 34768
86734, 2012-03-24 13:45:09, 34734
86735, 2012-03-24 13:50:07, 34642
86736, 2012-03-24 13:55:02, 34466
86737, 2012-03-24 14:00:01, 34371
86738, 2012-03-24 14:05:01, 34254
86739, 2012-03-24 14:10:02, 34229
86740, 2012-03-24 14:15:10, 34132
86741, 2012-03-24 14:20:01, 34012
86742, 2012-03-24 14:25:14, 33907
86743, 2012-03-24 14:30:01, 33831
86744, 2012-03-24 14:35:12, 33720
86745, 2012-03-24 14:40:46, 33643
86746, 2012-03-24 14:45:06, 33528
86747, 2012-03-24 14:50:01, 33446
86748, 2012-03-24 14:55:06, 33449
86749, 2012-03-24 15:00:01, 33471
86750, 2012-03-24 15:05:09, 33460
86751, 2012-03-24 15:10:01, 33490
86752, 2012-03-24 15:15:06, 33415
86753, 2012-03-24 15:20:04, 33429
86754, 2012-03-24 15:25:14, 33435
86755, 2012-03-24 15:30:01, 33393
86756, 2012-03-24 15:35:13, 33394
86757, 2012-03-24 15:40:01, 33375
86758, 2012-03-24 15:45:06, 33415
86759, 2012-03-24 15:50:01, 33430
86760, 2012-03-24 15:55:07, 33487
86761, 2012-03-24 16:00:15, 33504
86762, 2012-03-24 16:05:04, 33516
86763, 2012-03-24 16:10:01, 33592
86764, 2012-03-24 16:15:01, 33670
86765, 2012-03-24 16:20:02, 33776
86766, 2012-03-24 16:25:13, 33942
86767, 2012-03-24 16:30:01, 33964
86768, 2012-03-24 16:35:11, 34124
86769, 2012-03-24 16:40:01, 34359
86770, 2012-03-24 16:45:06, 34491
86771, 2012-03-24 16:50:11, 34685
86772, 2012-03-24 16:55:09, 34855
86773, 2012-03-24 17:00:01, 34984
86774, 2012-03-24 17:05:07, 35179
86775, 2012-03-24 17:10:01, 35365
86776, 2012-03-24 17:15:06, 35537
86777, 2012-03-24 17:20:12, 35794
86778, 2012-03-24 17:25:01, 35967
86779, 2012-03-24 17:30:01, 36166
86780, 2012-03-24 17:35:06, 36336
86781, 2012-03-24 17:40:01, 36525
86782, 2012-03-24 17:45:05, 36658
86783, 2012-03-24 17:50:01, 36794
86784, 2012-03-24 17:55:07, 36871
86785, 2012-03-24 18:00:11, 37055
86786, 2012-03-24 18:05:11, 37199
86787, 2012-03-24 18:10:01, 37479
86788, 2012-03-24 18:15:01, 37734
86789, 2012-03-24 18:20:01, 37919
86790, 2012-03-24 18:25:05, 38233
86791, 2012-03-24 18:30:01, 38484
86792, 2012-03-24 18:35:09, 38944
86793, 2012-03-24 18:40:01, 39476
86794, 2012-03-24 18:45:05, 39917
86795, 2012-03-24 18:50:14, 40412
86796, 2012-03-24 18:55:01, 40655
86797, 2012-03-24 19:00:01, 40713
86798, 2012-03-24 19:05:01, 40812
86799, 2012-03-24 19:10:01, 40891
86800, 2012-03-24 19:15:03, 40761
86801, 2012-03-24 19:20:03, 40659
86802, 2012-03-24 19:25:05, 40544
86803, 2012-03-24 19:30:02, 40321
86804, 2012-03-24 19:35:09, 40225
86805, 2012-03-24 19:40:15, 40014
86806, 2012-03-24 19:45:02, 39930
86807, 2012-03-24 19:50:01, 39666
86808, 2012-03-24 19:55:01, 39450
86809, 2012-03-24 20:00:02, 39244
86810, 2012-03-24 20:05:05, 39171
86811, 2012-03-24 20:10:01, 39159
86812, 2012-03-24 20:15:06, 38691
86813, 2012-03-24 20:20:02, 38499
86814, 2012-03-24 20:25:01, 38384
86815, 2012-03-24 20:30:01, 38208
86816, 2012-03-24 20:35:09, 37924
86817, 2012-03-24 20:40:05, 37902
86818, 2012-03-24 20:45:01, 37636
86819, 2012-03-24 20:50:01, 37332
86820, 2012-03-24 20:55:05, 37209
86821, 2012-03-24 21:00:01, 36973
86822, 2012-03-24 21:05:13, 36711
86823, 2012-03-24 21:10:01, 36614
86824, 2012-03-24 21:15:06, 36427
86825, 2012-03-24 21:20:01, 36049
86826, 2012-03-24 21:25:01, 35927
86827, 2012-03-24 21:30:01, 35809
86828, 2012-03-24 21:35:09, 35542
86829, 2012-03-24 21:40:01, 35370
86830, 2012-03-24 21:45:01, 35278
86831, 2012-03-24 21:50:01, 35100
86832, 2012-03-24 21:55:07, 34663
86833, 2012-03-24 22:00:01, 34457
86834, 2012-03-24 22:05:01, 34351
86835, 2012-03-24 22:10:01, 34249
86836, 2012-03-24 22:15:04, 34049
86837, 2012-03-24 22:20:02, 33680
86838, 2012-03-24 22:25:13, 33430
86839, 2012-03-24 22:30:01, 33248
86840, 2012-03-24 22:35:09, 33029
86841, 2012-03-24 22:40:04, 32994
86842, 2012-03-24 22:45:05, 32759
86843, 2012-03-24 22:50:02, 32571
86844, 2012-03-24 22:55:06, 32315
86845, 2012-03-24 23:00:12, 32058
86846, 2012-03-24 23:05:01, 31762
86847, 2012-03-24 23:10:02, 31511
86848, 2012-03-24 23:15:05, 31209
86849, 2012-03-24 23:20:01, 31084
86850, 2012-03-24 23:25:05, 30985
86851, 2012-03-24 23:30:01, 30951
86852, 2012-03-24 23:35:06, 30761
86853, 2012-03-24 23:40:02, 30756
86854, 2012-03-24 23:45:10, 30744
86855, 2012-03-24 23:50:12, 30597
86856, 2012-03-24 23:55:06, 30285
86857, 2012-03-25 00:00:01, 30047
86858, 2012-03-25 00:05:03, 29780
86859, 2012-03-25 00:10:01, 29978
86860, 2012-03-25 00:15:01, 30121
86861, 2012-03-25 00:20:16, 30145
86862, 2012-03-25 00:25:06, 30074
86863, 2012-03-25 00:30:01, 29974
86864, 2012-03-25 00:35:02, 29978
86865, 2012-03-25 00:40:34, 30146
86866, 2012-03-25 00:45:01, 30165
86867, 2012-03-25 00:50:01, 30136
86868, 2012-03-25 00:55:08, 29976
86869, 2012-03-25 01:00:01, 29839
86870, 2012-03-25 01:05:15, 29788
86871, 2012-03-25 01:10:21, 30207
86872, 2012-03-25 01:15:01, 29507
86873, 2012-03-25 01:20:01, 29352
86874, 2012-03-25 01:25:16, 29165
86875, 2012-03-25 01:30:04, 28966
86876, 2012-03-25 01:35:08, 28837
86877, 2012-03-25 01:40:15, 28883
86878, 2012-03-25 01:45:01, 28765
86879, 2012-03-25 01:50:01, 28571
86880, 2012-03-25 01:55:01, 26447
86881, 2012-03-25 02:00:01, 29084
86882, 2012-03-25 02:05:12, 28938
86883, 2012-03-25 02:10:10, 28887
86884, 2012-03-25 02:15:01, 28813
86885, 2012-03-25 02:20:01, 28746
86886, 2012-03-25 02:25:01, 28655
86887, 2012-03-25 02:30:02, 28535
86888, 2012-03-25 02:35:09, 28457
86889, 2012-03-25 02:40:03, 28580
86890, 2012-03-25 02:45:05, 28504
86891, 2012-03-25 02:50:20, 28418
86892, 2012-03-25 02:55:01, 28383
86893, 2012-03-25 03:00:01, 28294
86894, 2012-03-25 03:05:13, 27936
86895, 2012-03-25 03:10:01, 28023
86896, 2012-03-25 03:15:01, 27992
86897, 2012-03-25 03:20:01, 27896
86898, 2012-03-25 03:25:05, 27791
86899, 2012-03-25 03:30:02, 27701
86900, 2012-03-25 03:35:08, 27604
86901, 2012-03-25 03:40:11, 27598
86902, 2012-03-25 03:45:04, 27531
86903, 2012-03-25 03:50:01, 27457
86904, 2012-03-25 03:55:04, 27404
86905, 2012-03-25 04:00:17, 27339
86906, 2012-03-25 04:05:08, 27391
86907, 2012-03-25 04:10:01, 27423
86908, 2012-03-25 04:15:04, 27388
86909, 2012-03-25 04:20:01, 27371
86910, 2012-03-25 04:25:17, 27300
86911, 2012-03-25 04:30:09, 27315
86912, 2012-03-25 04:35:07, 27315
86913, 2012-03-25 04:40:01, 27347
86914, 2012-03-25 04:45:04, 27312
86915, 2012-03-25 04:50:16, 27229
86916, 2012-03-25 04:55:05, 27179
86917, 2012-03-25 05:00:03, 27144
86918, 2012-03-25 05:05:06, 27170
86919, 2012-03-25 05:10:20, 27332
86920, 2012-03-25 05:15:05, 27481
86921, 2012-03-25 05:20:01, 27576
86922, 2012-03-25 05:25:01, 27635
86923, 2012-03-25 05:30:20, 27716
86924, 2012-03-25 05:35:08, 27779
86925, 2012-03-25 05:40:01, 27871
86926, 2012-03-25 05:45:09, 27885
86927, 2012-03-25 05:50:07, 27733
86928, 2012-03-25 05:55:10, 27624
86929, 2012-03-25 06:00:01, 27684
86930, 2012-03-25 06:05:15, 27757
86931, 2012-03-25 06:10:16, 27786
86932, 2012-03-25 06:15:05, 27894
86933, 2012-03-25 06:20:14, 28028
86934, 2012-03-25 06:25:05, 28071
86935, 2012-03-25 06:30:01, 28252
86936, 2012-03-25 06:35:16, 28395
86937, 2012-03-25 06:40:01, 28436
86938, 2012-03-25 06:45:01, 28483
86939, 2012-03-25 06:50:01, 28448
86940, 2012-03-25 06:55:07, 28454
86941, 2012-03-25 07:00:01, 28488
86942, 2012-03-25 07:05:10, 28533
86943, 2012-03-25 07:10:01, 28584
86944, 2012-03-25 07:15:05, 28856
86945, 2012-03-25 07:20:01, 29236
86946, 2012-03-25 07:25:20, 29517
86947, 2012-03-25 07:30:01, 29699
86948, 2012-03-25 07:35:11, 29835
86949, 2012-03-25 07:40:18, 29770
86950, 2012-03-25 07:45:01, 29934
86951, 2012-03-25 07:50:01, 30166
86952, 2012-03-25 07:55:14, 30457
86953, 2012-03-25 08:00:20, 30722
86954, 2012-03-25 08:05:14, 30907
86955, 2012-03-25 08:10:01, 31328
86956, 2012-03-25 08:15:04, 31633
86957, 2012-03-25 08:20:02, 31946
86958, 2012-03-25 08:25:05, 32235
86959, 2012-03-25 08:30:36, 32510
86960, 2012-03-25 08:35:10, 32666
86961, 2012-03-25 08:40:14, 32755
86962, 2012-03-25 08:45:04, 32970
86963, 2012-03-25 08:50:01, 33201
86964, 2012-03-25 08:55:03, 33359
86965, 2012-03-25 09:00:01, 33495
86966, 2012-03-25 09:05:09, 33585
86967, 2012-03-25 09:10:01, 33735
86968, 2012-03-25 09:15:05, 33894
86969, 2012-03-25 09:20:20, 34035
86970, 2012-03-25 09:25:14, 34128
86971, 2012-03-25 09:30:01, 34164
86972, 2012-03-25 09:35:08, 34238
86973, 2012-03-25 09:40:10, 34465
86974, 2012-03-25 09:45:07, 34844
86975, 2012-03-25 09:50:22, 34974
86976, 2012-03-25 09:55:17, 35024
86977, 2012-03-25 10:00:04, 35051
86978, 2012-03-25 10:05:01, 35066
86979, 2012-03-25 10:10:01, 35194
86980, 2012-03-25 10:15:13, 35312
86981, 2012-03-25 10:20:01, 35359
86982, 2012-03-25 10:25:14, 35429
86983, 2012-03-25 10:30:25, 35319
86984, 2012-03-25 10:35:01, 35267
86985, 2012-03-25 10:40:01, 35403
86986, 2012-03-25 10:45:05, 35417
86987, 2012-03-25 10:50:01, 35516
86988, 2012-03-25 10:55:05, 35435
86989, 2012-03-25 11:00:26, 35414
86990, 2012-03-25 11:05:01, 35462
86991, 2012-03-25 11:10:01, 35552
86992, 2012-03-25 11:15:05, 35587
86993, 2012-03-25 11:20:01, 35601
86994, 2012-03-25 11:25:07, 35538
86995, 2012-03-25 11:30:01, 35395
86996, 2012-03-25 11:35:10, 35353
86997, 2012-03-25 11:40:02, 35371
86998, 2012-03-25 11:45:01, 35314
86999, 2012-03-25 11:50:01, 35207
87000, 2012-03-25 11:55:07, 35109
87001, 2012-03-25 12:00:02, 35024
87002, 2012-03-25 12:05:07, 34942
87003, 2012-03-25 12:10:01, 34857
87004, 2012-03-25 12:15:10, 34794
87005, 2012-03-25 12:20:10, 34611
87006, 2012-03-25 12:25:01, 34498
87007, 2012-03-25 12:30:02, 34413
87008, 2012-03-25 12:35:13, 34317
87009, 2012-03-25 12:40:04, 34346
87010, 2012-03-25 12:45:05, 34248
87011, 2012-03-25 12:50:04, 34099
87012, 2012-03-25 12:55:08, 33969
87013, 2012-03-25 13:00:01, 33924
87014, 2012-03-25 13:05:01, 33866
87015, 2012-03-25 13:10:03, 33882
87016, 2012-03-25 13:15:03, 33823
87017, 2012-03-25 13:20:01, 33680
87018, 2012-03-25 13:25:07, 33593
87019, 2012-03-25 13:30:04, 33505
87020, 2012-03-25 13:35:08, 33458
87021, 2012-03-25 13:40:12, 33446
87022, 2012-03-25 13:45:01, 33303
87023, 2012-03-25 13:50:01, 33287
87024, 2012-03-25 13:55:01, 33233
87025, 2012-03-25 14:00:01, 33126
87026, 2012-03-25 14:05:13, 33110
87027, 2012-03-25 14:10:02, 33070
87028, 2012-03-25 14:15:07, 33119
87029, 2012-03-25 14:20:01, 33078
87030, 2012-03-25 14:25:01, 33109
87031, 2012-03-25 14:30:01, 33075
87032, 2012-03-25 14:35:14, 32971
87033, 2012-03-25 14:40:01, 33032
87034, 2012-03-25 14:45:04, 33074
87035, 2012-03-25 14:50:02, 33118
87036, 2012-03-25 14:55:17, 33197
87037, 2012-03-25 15:02:18, 33270
87038, 2012-03-25 15:05:11, 33282
87039, 2012-03-25 15:10:01, 33244
87040, 2012-03-25 15:15:05, 33312
87041, 2012-03-25 15:20:02, 33365
87042, 2012-03-25 15:25:08, 33462
87043, 2012-03-25 15:31:26, 33529
87044, 2012-03-25 15:35:09, 33549
87045, 2012-03-25 15:40:01, 33646
87046, 2012-03-25 15:45:02, 33746
87047, 2012-03-25 15:50:01, 33844
87048, 2012-03-25 15:55:13, 34043
87049, 2012-03-25 16:00:01, 34177
87050, 2012-03-25 16:05:12, 34284
87051, 2012-03-25 16:10:04, 34365
87052, 2012-03-25 16:15:05, 34392
87053, 2012-03-25 16:20:01, 34488
87054, 2012-03-25 16:25:01, 34573
87055, 2012-03-25 16:30:01, 34628
87056, 2012-03-25 16:35:11, 34719
87057, 2012-03-25 16:40:01, 34865
87058, 2012-03-25 16:45:05, 34949
87059, 2012-03-25 16:50:10, 35039
87060, 2012-03-25 16:55:02, 35121
87061, 2012-03-25 17:00:01, 35170
87062, 2012-03-25 17:05:08, 35227
87063, 2012-03-25 17:10:01, 35295
87064, 2012-03-25 17:15:04, 35328
87065, 2012-03-25 17:20:11, 35365
87066, 2012-03-25 17:25:01, 35509
87067, 2012-03-25 17:30:01, 35560
87068, 2012-03-25 17:35:01, 35566
87069, 2012-03-25 17:40:01, 35586
87070, 2012-03-25 17:45:04, 35651
87071, 2012-03-25 17:50:01, 35648
87072, 2012-03-25 17:55:11, 35801
87073, 2012-03-25 18:00:01, 35991
87074, 2012-03-25 18:05:14, 36124
87075, 2012-03-25 18:10:01, 36239
87076, 2012-03-25 18:15:02, 36262
87077, 2012-03-25 18:20:02, 36343
87078, 2012-03-25 18:25:08, 36495
87079, 2012-03-25 18:30:01, 36858
87080, 2012-03-25 18:35:06, 36926
87081, 2012-03-25 18:40:02, 37122
87082, 2012-03-25 18:45:06, 37671
87083, 2012-03-25 18:50:22, 38226
87084, 2012-03-25 18:55:02, 38866
87085, 2012-03-25 19:00:01, 39302
87086, 2012-03-25 19:05:11, 39410
87087, 2012-03-25 19:10:01, 39955
87088, 2012-03-25 19:15:06, 40198
87089, 2012-03-25 19:20:01, 39892
87090, 2012-03-25 19:25:09, 39728
87091, 2012-03-25 19:30:01, 39705
87092, 2012-03-25 19:35:02, 39492
87093, 2012-03-25 19:40:02, 39434
87094, 2012-03-25 19:45:06, 39336
87095, 2012-03-25 19:50:04, 39208
87096, 2012-03-25 19:55:07, 38924
87097, 2012-03-25 20:00:01, 38739
87098, 2012-03-25 20:05:13, 38848
87099, 2012-03-25 20:10:23, 38888
87100, 2012-03-25 20:15:01, 38615
87101, 2012-03-25 20:20:01, 38267
87102, 2012-03-25 20:25:06, 38165
87103, 2012-03-25 20:30:01, 37790
87104, 2012-03-25 20:35:09, 37295
87105, 2012-03-25 20:40:01, 37091
87106, 2012-03-25 20:45:06, 36887
87107, 2012-03-25 20:50:19, 36445
87108, 2012-03-25 20:55:01, 36247
87109, 2012-03-25 21:00:01, 35786
87110, 2012-03-25 21:05:11, 35503
87111, 2012-03-25 21:10:01, 35666
87112, 2012-03-25 21:15:07, 35309
87113, 2012-03-25 21:20:01, 34963
87114, 2012-03-25 21:25:08, 34636
87115, 2012-03-25 21:30:01, 34257
87116, 2012-03-25 21:35:14, 33889
87117, 2012-03-25 21:40:04, 33685
87118, 2012-03-25 21:45:01, 33216
87119, 2012-03-25 21:50:02, 32806
87120, 2012-03-25 21:55:01, 32514
87121, 2012-03-25 22:00:02, 32131
87122, 2012-03-25 22:05:12, 31682
87123, 2012-03-25 22:10:05, 31417
87124, 2012-03-25 22:15:10, 31066
87125, 2012-03-25 22:20:02, 30731
87126, 2012-03-25 22:25:01, 30609
87127, 2012-03-25 22:30:01, 30444
87128, 2012-03-25 22:35:01, 30189
87129, 2012-03-25 22:40:01, 29954
87130, 2012-03-25 22:45:05, 29685
87131, 2012-03-25 22:50:01, 29360
87132, 2012-03-25 22:55:05, 29116
87133, 2012-03-25 23:00:01, 28972
87134, 2012-03-25 23:05:10, 28726
87135, 2012-03-25 23:10:18, 28726
87136, 2012-03-25 23:15:01, 28726
87137, 2012-03-25 23:20:04, 28726
87138, 2012-03-25 23:25:01, 28726
87139, 2012-03-25 23:30:01, 28726
87140, 2012-03-25 23:35:09, 28726
87141, 2012-03-25 23:40:01, 28726
87142, 2012-03-25 23:45:04, 28726
87143, 2012-03-25 23:50:01, 28726
87144, 2012-03-25 23:55:04, 28726
87145, 2012-03-26 00:00:41, 28726
87146, 2012-03-26 00:05:04, 28289
87147, 2012-03-26 00:10:02, 28661
87148, 2012-03-26 00:15:05, 28724
87149, 2012-03-26 00:20:01, 28841
87150, 2012-03-26 00:25:03, 28869
87151, 2012-03-26 00:30:10, 28822
87152, 2012-03-26 00:35:10, 28832
87153, 2012-03-26 00:40:01, 29146
87154, 2012-03-26 00:45:01, 29198
87155, 2012-03-26 00:50:01, 29191
87156, 2012-03-26 00:55:03, 29181
87157, 2012-03-26 01:00:01, 29124
87158, 2012-03-26 01:05:10, 29100
87159, 2012-03-26 01:10:01, 29103
87160, 2012-03-26 01:15:06, 29059
87161, 2012-03-26 01:20:01, 28965
87162, 2012-03-26 01:25:10, 28886
87163, 2012-03-26 01:30:08, 28832
87164, 2012-03-26 01:35:01, 28723
87165, 2012-03-26 01:40:04, 28720
87166, 2012-03-26 01:45:06, 28654
87167, 2012-03-26 01:50:01, 28611
87168, 2012-03-26 01:55:08, 28547
87169, 2012-03-26 02:00:04, 28368
87170, 2012-03-26 02:05:10, 28388
87171, 2012-03-26 02:10:01, 28576
87172, 2012-03-26 02:15:05, 28515
87173, 2012-03-26 02:20:11, 28497
87174, 2012-03-26 02:25:06, 28508
87175, 2012-03-26 02:30:01, 28405
87176, 2012-03-26 02:35:11, 28429
87177, 2012-03-26 02:40:02, 28447
87178, 2012-03-26 02:45:06, 28332
87179, 2012-03-26 02:50:12, 28220
87180, 2012-03-26 02:55:01, 28179
87181, 2012-03-26 03:00:04, 28207
87182, 2012-03-26 03:05:05, 28175
87183, 2012-03-26 03:10:01, 28162
87184, 2012-03-26 03:15:09, 28184
87185, 2012-03-26 03:20:01, 28150
87186, 2012-03-26 03:25:08, 28099
87187, 2012-03-26 03:30:01, 28041
87188, 2012-03-26 03:35:11, 28063
87189, 2012-03-26 03:40:08, 28130
87190, 2012-03-26 03:45:01, 28048
87191, 2012-03-26 03:50:01, 28041
87192, 2012-03-26 03:55:01, 28078
87193, 2012-03-26 04:00:03, 28142
87194, 2012-03-26 04:05:09, 28283
87195, 2012-03-26 04:10:01, 28279
87196, 2012-03-26 04:15:02, 28312
87197, 2012-03-26 04:20:01, 28607
87198, 2012-03-26 04:25:06, 28756
87199, 2012-03-26 04:30:02, 28938
87200, 2012-03-26 04:35:01, 29035
87201, 2012-03-26 04:40:01, 29159
87202, 2012-03-26 04:45:06, 29352
87203, 2012-03-26 04:50:07, 29367
87204, 2012-03-26 04:55:07, 29551
87205, 2012-03-26 05:00:03, 29720
87206, 2012-03-26 05:05:08, 29823
87207, 2012-03-26 05:10:14, 30297
87208, 2012-03-26 05:15:01, 30782
87209, 2012-03-26 05:20:01, 31068
87210, 2012-03-26 05:25:01, 31552
87211, 2012-03-26 05:30:01, 31997
87212, 2012-03-26 05:35:08, 32473
87213, 2012-03-26 05:40:01, 33137
87214, 2012-03-26 05:45:09, 33640
87215, 2012-03-26 05:50:01, 33989
87216, 2012-03-26 05:55:07, 34368
87217, 2012-03-26 06:00:14, 34894
87218, 2012-03-26 06:05:02, 35388
87219, 2012-03-26 06:10:01, 36254
87220, 2012-03-26 06:15:04, 37262
87221, 2012-03-26 06:20:02, 38089
87222, 2012-03-26 06:25:05, 38533
87223, 2012-03-26 06:30:01, 38943
87224, 2012-03-26 06:35:08, 39225
87225, 2012-03-26 06:40:02, 39690
87226, 2012-03-26 06:45:01, 40244
87227, 2012-03-26 06:50:01, 40607
87228, 2012-03-26 06:55:04, 40806
87229, 2012-03-26 07:00:01, 41038
87230, 2012-03-26 07:05:08, 41170
87231, 2012-03-26 07:10:01, 41234
87232, 2012-03-26 07:15:05, 41530
87233, 2012-03-26 07:20:04, 41801
87234, 2012-03-26 07:25:05, 41957
87235, 2012-03-26 07:30:01, 41969
87236, 2012-03-26 07:35:01, 42024
87237, 2012-03-26 07:40:01, 41839
87238, 2012-03-26 07:45:07, 41690
87239, 2012-03-26 07:50:01, 41676
87240, 2012-03-26 07:55:11, 41692
87241, 2012-03-26 08:00:01, 41793
87242, 2012-03-26 08:05:17, 41881
87243, 2012-03-26 08:10:01, 42183
87244, 2012-03-26 08:15:11, 42405
87245, 2012-03-26 08:20:02, 42479
87246, 2012-03-26 08:25:07, 42476
87247, 2012-03-26 08:30:01, 42481
87248, 2012-03-26 08:35:01, 42483
87249, 2012-03-26 08:40:01, 42369
87250, 2012-03-26 08:45:10, 42300
87251, 2012-03-26 08:50:01, 42336
87252, 2012-03-26 08:55:14, 42281
87253, 2012-03-26 09:00:01, 42235
87254, 2012-03-26 09:05:01, 42246
87255, 2012-03-26 09:10:01, 42188
87256, 2012-03-26 09:15:06, 42168
87257, 2012-03-26 09:20:01, 42115
87258, 2012-03-26 09:25:07, 42049
87259, 2012-03-26 09:30:01, 42040
87260, 2012-03-26 09:35:26, 42029
87261, 2012-03-26 09:40:01, 42014
87262, 2012-03-26 09:45:06, 41929
87263, 2012-03-26 09:50:01, 41943
87264, 2012-03-26 09:55:12, 41953
87265, 2012-03-26 10:00:01, 41953
87266, 2012-03-26 10:05:02, 41910
87267, 2012-03-26 10:10:02, 41896
87268, 2012-03-26 10:15:04, 41799
87269, 2012-03-26 10:20:01, 41835
87270, 2012-03-26 10:25:03, 41854
87271, 2012-03-26 10:30:01, 41818
87272, 2012-03-26 10:35:01, 41841
87273, 2012-03-26 10:40:01, 41817
87274, 2012-03-26 10:45:02, 41748
87275, 2012-03-26 10:50:01, 41637
87276, 2012-03-26 10:55:06, 41623
87277, 2012-03-26 11:00:01, 41605
87278, 2012-03-26 11:05:29, 41676
87279, 2012-03-26 11:10:22, 41691
87280, 2012-03-26 11:15:01, 41674
87281, 2012-03-26 11:20:02, 41538
87282, 2012-03-26 11:25:01, 41426
87283, 2012-03-26 11:30:02, 41391
87284, 2012-03-26 11:35:16, 41332
87285, 2012-03-26 11:40:01, 41279
87286, 2012-03-26 11:45:05, 41189
87287, 2012-03-26 11:50:01, 41089
87288, 2012-03-26 11:55:05, 40992
87289, 2012-03-26 12:00:01, 40879
87290, 2012-03-26 12:05:08, 40843
87291, 2012-03-26 12:10:14, 40850
87292, 2012-03-26 12:15:02, 40776
87293, 2012-03-26 12:20:01, 40645
87294, 2012-03-26 12:25:01, 40628
87295, 2012-03-26 12:30:02, 40473
87296, 2012-03-26 12:35:58, 40390
87297, 2012-03-26 12:40:01, 40454
87298, 2012-03-26 12:45:05, 40384
87299, 2012-03-26 12:51:45, 40322
87300, 2012-03-26 12:55:01, 40221
87301, 2012-03-26 13:00:02, 40132
87302, 2012-03-26 13:05:01, 40054
87303, 2012-03-26 13:10:01, 40097
87304, 2012-03-26 13:15:05, 40123
87305, 2012-03-26 13:20:02, 40050
87306, 2012-03-26 13:25:07, 40059
87307, 2012-03-26 13:30:05, 40085
87308, 2012-03-26 13:35:01, 39968
87309, 2012-03-26 13:40:01, 39920
87310, 2012-03-26 13:45:09, 39844
87311, 2012-03-26 13:50:01, 39767
87312, 2012-03-26 13:55:09, 39762
87313, 2012-03-26 14:00:01, 39687
87314, 2012-03-26 14:05:03, 39632
87315, 2012-03-26 14:10:02, 39558
87316, 2012-03-26 14:15:25, 39499
87317, 2012-03-26 14:20:01, 39443
87318, 2012-03-26 14:25:06, 39393
87319, 2012-03-26 14:30:01, 39369
87320, 2012-03-26 14:35:08, 39430
87321, 2012-03-26 14:40:01, 39541
87322, 2012-03-26 14:45:01, 39619
87323, 2012-03-26 14:50:04, 39732
87324, 2012-03-26 14:55:05, 39865
87325, 2012-03-26 15:00:01, 39933
87326, 2012-03-26 15:05:14, 40055
87327, 2012-03-26 15:10:01, 40085
87328, 2012-03-26 15:15:20, 40122
87329, 2012-03-26 15:20:01, 40200
87330, 2012-03-26 15:38:39, 40443
87331, 2012-03-26 15:40:01, 40443
87332, 2012-03-26 15:45:08, 40513
87333, 2012-03-26 15:50:01, 40652
87334, 2012-03-26 15:55:05, 40765
87335, 2012-03-26 16:00:01, 40857
87336, 2012-03-26 16:05:01, 41091
87337, 2012-03-26 16:10:01, 41013
87338, 2012-03-26 16:15:01, 40909
87339, 2012-03-26 16:20:01, 40910
87340, 2012-03-26 16:25:05, 40967
87341, 2012-03-26 16:30:01, 40970
87342, 2012-03-26 16:35:12, 40860
87343, 2012-03-26 16:40:10, 40780
87344, 2012-03-26 16:45:04, 40683
87345, 2012-03-26 16:50:04, 40620
87346, 2012-03-26 16:55:06, 40575
87347, 2012-03-26 17:00:01, 40477
87348, 2012-03-26 17:05:10, 40530
87349, 2012-03-26 17:10:01, 40621
87350, 2012-03-26 17:15:05, 40553
87351, 2012-03-26 17:20:04, 40505
87352, 2012-03-26 17:25:05, 40451
87353, 2012-03-26 17:30:01, 40356
87354, 2012-03-26 17:35:19, 40354
87355, 2012-03-26 17:40:01, 40420
87356, 2012-03-26 17:45:04, 40398
87357, 2012-03-26 17:50:02, 40409
87358, 2012-03-26 17:55:01, 40396
87359, 2012-03-26 18:00:01, 40252
87360, 2012-03-26 18:05:11, 40206
87361, 2012-03-26 18:10:01, 40300
87362, 2012-03-26 18:15:05, 40272
87363, 2012-03-26 18:20:01, 40378
87364, 2012-03-26 18:25:06, 40602
87365, 2012-03-26 18:30:14, 40627
87366, 2012-03-26 18:35:01, 40809
87367, 2012-03-26 18:40:01, 41266
87368, 2012-03-26 18:45:05, 41378
87369, 2012-03-26 18:50:01, 41782
87370, 2012-03-26 18:55:05, 42594
87371, 2012-03-26 19:00:01, 42909
87372, 2012-03-26 19:05:16, 43146
87373, 2012-03-26 19:10:14, 43623
87374, 2012-03-26 19:15:01, 43529
87375, 2012-03-26 19:20:01, 43310
87376, 2012-03-26 19:25:05, 43077
87377, 2012-03-26 19:30:01, 42886
87378, 2012-03-26 19:35:10, 42927
87379, 2012-03-26 19:40:11, 43078
87380, 2012-03-26 19:45:06, 42668
87381, 2012-03-26 19:50:27, 42617
87382, 2012-03-26 19:55:07, 42447
87383, 2012-03-26 20:00:01, 42069
87384, 2012-03-26 20:05:10, 42118
87385, 2012-03-26 20:10:01, 41995
87386, 2012-03-26 20:15:06, 41495
87387, 2012-03-26 20:20:01, 41153
87388, 2012-03-26 20:25:09, 40713
87389, 2012-03-26 20:30:02, 40257
87390, 2012-03-26 20:35:10, 39819
87391, 2012-03-26 20:40:01, 39553
87392, 2012-03-26 20:45:06, 39319
87393, 2012-03-26 20:50:10, 39046
87394, 2012-03-26 20:55:01, 38782
87395, 2012-03-26 21:00:01, 38344
87396, 2012-03-26 21:05:18, 37934
87397, 2012-03-26 21:10:02, 37952
87398, 2012-03-26 21:15:05, 37501
87399, 2012-03-26 21:20:02, 36959
87400, 2012-03-26 21:25:04, 36520
87401, 2012-03-26 21:30:08, 36108
87402, 2012-03-26 21:35:01, 35637
87403, 2012-03-26 21:40:01, 35499
87404, 2012-03-26 21:45:01, 35124
87405, 2012-03-26 21:50:01, 34596
87406, 2012-03-26 21:55:05, 34210
87407, 2012-03-26 22:00:01, 33715
87408, 2012-03-26 22:05:24, 33158
87409, 2012-03-26 22:10:02, 32761
87410, 2012-03-26 22:15:05, 32315
87411, 2012-03-26 22:20:11, 31895
87412, 2012-03-26 22:25:01, 31543
87413, 2012-03-26 22:30:01, 31143
87414, 2012-03-26 22:35:11, 30851
87415, 2012-03-26 22:40:01, 30702
87416, 2012-03-26 22:45:09, 30414
87417, 2012-03-26 22:50:01, 30230
87418, 2012-03-26 22:55:04, 30135
87419, 2012-03-26 23:00:11, 29968
87420, 2012-03-26 23:05:01, 29809
87421, 2012-03-26 23:10:01, 29809
87422, 2012-03-26 23:15:01, 29809
87423, 2012-03-26 23:20:01, 29809
87424, 2012-03-26 23:25:01, 29809
87425, 2012-03-26 23:30:01, 29809
87426, 2012-03-26 23:35:09, 29809
87427, 2012-03-26 23:40:02, 29809
87428, 2012-03-26 23:45:04, 29809
87429, 2012-03-26 23:50:14, 29809
87430, 2012-03-26 23:55:01, 29809
87431, 2012-03-27 00:00:01, 29809
87432, 2012-03-27 00:05:13, 28650
87433, 2012-03-27 00:10:26, 28847
87434, 2012-03-27 00:15:21, 29225
87435, 2012-03-27 00:23:57, 29434
87436, 2012-03-27 00:25:08, 29451
87437, 2012-03-27 00:30:07, 29382
87438, 2012-03-27 00:35:02, 29336
87439, 2012-03-27 00:40:01, 29662
87440, 2012-03-27 00:45:06, 29794
87441, 2012-03-27 00:50:01, 29779
87442, 2012-03-27 00:55:05, 29685
87443, 2012-03-27 01:00:04, 29658
87444, 2012-03-27 01:05:07, 29348
87445, 2012-03-27 01:10:01, 29363
87446, 2012-03-27 01:15:07, 29506
87447, 2012-03-27 01:20:11, 29422
87448, 2012-03-27 01:25:01, 29451
87449, 2012-03-27 01:30:01, 29355
87450, 2012-03-27 01:35:16, 29227
87451, 2012-03-27 01:40:04, 29320
87452, 2012-03-27 01:45:01, 29317
87453, 2012-03-27 01:50:01, 29238
87454, 2012-03-27 01:55:01, 29185
87455, 2012-03-27 02:00:01, 29103
87456, 2012-03-27 02:05:39, 28913
87457, 2012-03-27 02:10:04, 28904
87458, 2012-03-27 02:15:11, 28909
87459, 2012-03-27 02:20:08, 28849
87460, 2012-03-27 02:25:01, 28838
87461, 2012-03-27 02:30:01, 28742
87462, 2012-03-27 02:35:01, 28667
87463, 2012-03-27 02:40:01, 28688
87464, 2012-03-27 02:45:06, 28672
87465, 2012-03-27 02:50:01, 28575
87466, 2012-03-27 02:55:13, 28549
87467, 2012-03-27 03:00:01, 28512
87468, 2012-03-27 03:05:09, 28545
87469, 2012-03-27 03:10:05, 28728
87470, 2012-03-27 03:15:01, 28819
87471, 2012-03-27 03:20:01, 28749
87472, 2012-03-27 03:25:07, 28721
87473, 2012-03-27 03:30:01, 28668
87474, 2012-03-27 03:35:09, 28635
87475, 2012-03-27 03:40:01, 28741
87476, 2012-03-27 03:45:07, 28783
87477, 2012-03-27 03:50:21, 28792
87478, 2012-03-27 03:55:05, 28861
87479, 2012-03-27 04:00:01, 28863
87480, 2012-03-27 04:05:13, 28760
87481, 2012-03-27 04:10:01, 28582
87482, 2012-03-27 04:15:10, 28662
87483, 2012-03-27 04:20:19, 28687
87484, 2012-03-27 04:25:01, 28820
87485, 2012-03-27 04:30:01, 28938
87486, 2012-03-27 04:35:21, 29076
87487, 2012-03-27 04:40:01, 29314
87488, 2012-03-27 04:45:07, 29293
87489, 2012-03-27 04:50:19, 29541
87490, 2012-03-27 04:55:01, 29650
87491, 2012-03-27 05:00:01, 29870
87492, 2012-03-27 05:05:10, 29977
87493, 2012-03-27 05:10:01, 30405
87494, 2012-03-27 05:15:04, 31231
87495, 2012-03-27 05:20:01, 31858
87496, 2012-03-27 05:25:01, 32256
87497, 2012-03-27 05:30:04, 32686
87498, 2012-03-27 05:35:15, 33133
87499, 2012-03-27 05:40:01, 33583
87500, 2012-03-27 05:45:09, 34150
87501, 2012-03-27 05:50:02, 34521
87502, 2012-03-27 05:55:01, 34941
87503, 2012-03-27 06:00:02, 35344
87504, 2012-03-27 06:05:06, 35924
87505, 2012-03-27 06:10:01, 36735
87506, 2012-03-27 06:15:07, 37657
87507, 2012-03-27 06:20:09, 38352
87508, 2012-03-27 06:25:01, 38842
87509, 2012-03-27 06:30:01, 39360
87510, 2012-03-27 06:35:10, 39788
87511, 2012-03-27 06:40:01, 40083
87512, 2012-03-27 06:45:07, 40445
87513, 2012-03-27 06:50:10, 40759
87514, 2012-03-27 06:55:01, 40896
87515, 2012-03-27 07:00:02, 41119
87516, 2012-03-27 07:05:15, 41309
87517, 2012-03-27 07:10:01, 41502
87518, 2012-03-27 07:15:09, 41751
87519, 2012-03-27 07:20:17, 41873
87520, 2012-03-27 07:25:01, 41965
87521, 2012-03-27 07:30:01, 42009
87522, 2012-03-27 07:35:17, 41973
87523, 2012-03-27 07:40:01, 41832
87524, 2012-03-27 07:45:10, 41769
87525, 2012-03-27 07:50:24, 41681
87526, 2012-03-27 07:55:01, 41749
87527, 2012-03-27 08:00:01, 41900
87528, 2012-03-27 08:05:14, 41897
87529, 2012-03-27 08:10:01, 41986
87530, 2012-03-27 08:15:05, 42128
87531, 2012-03-27 08:20:16, 42213
87532, 2012-03-27 08:25:01, 42171
87533, 2012-03-27 08:30:01, 42162
87534, 2012-03-27 08:35:01, 42139
87535, 2012-03-27 08:40:01, 42101
87536, 2012-03-27 08:45:19, 42129
87537, 2012-03-27 08:50:01, 42019
87538, 2012-03-27 08:55:41, 41974
87539, 2012-03-27 09:00:01, 41838
87540, 2012-03-27 09:05:07, 41735
87541, 2012-03-27 09:10:16, 41662
87542, 2012-03-27 09:15:01, 41558
87543, 2012-03-27 09:22:46, 41469
87544, 2012-03-27 09:26:03, 41435
87545, 2012-03-27 09:33:12, 41477
87546, 2012-03-27 09:35:27, 41356
87547, 2012-03-27 09:40:10, 41393
87548, 2012-03-27 09:45:02, 41335
87549, 2012-03-27 09:50:01, 41339
87550, 2012-03-27 09:55:28, 41257
87551, 2012-03-27 10:00:17, 41178
87552, 2012-03-27 10:05:21, 41123
87553, 2012-03-27 10:10:02, 41194
87554, 2012-03-27 10:15:01, 41230
87555, 2012-03-27 10:20:01, 41110
87556, 2012-03-27 10:25:18, 41142
87557, 2012-03-27 10:30:02, 41045
87558, 2012-03-27 10:35:01, 40936
87559, 2012-03-27 10:40:01, 40999
87560, 2012-03-27 10:45:04, 40947
87561, 2012-03-27 10:50:01, 40982
87562, 2012-03-27 10:55:06, 41027
87563, 2012-03-27 11:00:01, 41083
87564, 2012-03-27 11:05:03, 41046
87565, 2012-03-27 11:10:01, 41084
87566, 2012-03-27 11:15:14, 41035
87567, 2012-03-27 11:20:12, 41077
87568, 2012-03-27 11:25:01, 40284
87569, 2012-03-27 11:30:01, 41023
87570, 2012-03-27 11:35:04, 40771
87571, 2012-03-27 11:40:01, 40702
87572, 2012-03-27 11:45:13, 40528
87573, 2012-03-27 11:50:01, 40520
87574, 2012-03-27 11:55:06, 40536
87575, 2012-03-27 12:00:01, 40422
87576, 2012-03-27 12:05:03, 40247
87577, 2012-03-27 12:10:04, 40219
87578, 2012-03-27 12:15:05, 40265
87579, 2012-03-27 12:20:01, 40208
87580, 2012-03-27 12:25:05, 40106
87581, 2012-03-27 12:30:01, 39986
87582, 2012-03-27 12:35:12, 39867
87583, 2012-03-27 12:40:01, 39975
87584, 2012-03-27 12:45:05, 39948
87585, 2012-03-27 12:53:39, 39901
87586, 2012-03-27 12:55:07, 39884
87587, 2012-03-27 13:00:10, 39831
87588, 2012-03-27 13:05:01, 39740
87589, 2012-03-27 13:10:01, 39827
87590, 2012-03-27 13:15:01, 39839
87591, 2012-03-27 13:20:01, 39809
87592, 2012-03-27 13:25:07, 39766
87593, 2012-03-27 13:30:01, 39660
87594, 2012-03-27 13:35:54, 39656
87595, 2012-03-27 13:40:01, 39581
87596, 2012-03-27 13:45:01, 39515
87597, 2012-03-27 13:50:01, 39427
87598, 2012-03-27 13:55:04, 39405
87599, 2012-03-27 14:00:01, 39235
87600, 2012-03-27 14:05:13, 39148
87601, 2012-03-27 14:10:01, 39191
87602, 2012-03-27 14:15:06, 39140
87603, 2012-03-27 14:20:09, 39028
87604, 2012-03-27 14:25:01, 38970
87605, 2012-03-27 14:30:01, 39019
87606, 2012-03-27 14:35:02, 39140
87607, 2012-03-27 14:40:01, 39195
87608, 2012-03-27 14:45:04, 39295
87609, 2012-03-27 14:50:01, 39361
87610, 2012-03-27 14:55:04, 39398
87611, 2012-03-27 15:00:43, 39460
87612, 2012-03-27 15:05:21, 39552
87613, 2012-03-27 15:10:12, 39670
87614, 2012-03-27 15:15:09, 39788
87615, 2012-03-27 15:20:01, 39921
87616, 2012-03-27 15:25:07, 39947
87617, 2012-03-27 15:30:01, 40016
87618, 2012-03-27 15:35:05, 40199
87619, 2012-03-27 15:40:01, 40339
87620, 2012-03-27 15:45:11, 40568
87621, 2012-03-27 15:50:01, 40656
87622, 2012-03-27 15:55:05, 40709
87623, 2012-03-27 16:00:01, 40813
87624, 2012-03-27 16:05:01, 40961
87625, 2012-03-27 16:10:02, 40983
87626, 2012-03-27 16:15:01, 40902
87627, 2012-03-27 16:20:01, 40811
87628, 2012-03-27 16:25:05, 40885
87629, 2012-03-27 16:30:02, 40979
87630, 2012-03-27 16:35:17, 40985
87631, 2012-03-27 16:40:08, 40894
87632, 2012-03-27 16:45:01, 40702
87633, 2012-03-27 16:50:01, 40524
87634, 2012-03-27 16:55:01, 40554
87635, 2012-03-27 17:00:01, 40392
87636, 2012-03-27 17:05:13, 40399
87637, 2012-03-27 17:10:01, 40434
87638, 2012-03-27 17:15:07, 40292
87639, 2012-03-27 17:20:14, 40250
87640, 2012-03-27 17:25:01, 40269
87641, 2012-03-27 17:30:01, 40199
87642, 2012-03-27 17:35:20, 40062
87643, 2012-03-27 17:40:01, 40157
87644, 2012-03-27 17:45:05, 40124
87645, 2012-03-27 17:50:01, 40130
87646, 2012-03-27 17:55:02, 40121
87647, 2012-03-27 18:00:01, 39970
87648, 2012-03-27 18:05:10, 39789
87649, 2012-03-27 18:10:01, 39834
87650, 2012-03-27 18:15:06, 39899
87651, 2012-03-27 18:20:08, 40087
87652, 2012-03-27 18:25:01, 40124
87653, 2012-03-27 18:30:01, 40214
87654, 2012-03-27 18:35:01, 40470
87655, 2012-03-27 18:40:01, 40693
87656, 2012-03-27 18:45:06, 40882
87657, 2012-03-27 18:50:01, 41199
87658, 2012-03-27 18:55:04, 41526
87659, 2012-03-27 19:00:01, 41986
87660, 2012-03-27 19:05:14, 42658
87661, 2012-03-27 19:10:15, 43189
87662, 2012-03-27 19:15:01, 43161
87663, 2012-03-27 19:20:02, 42971
87664, 2012-03-27 19:25:01, 42844
87665, 2012-03-27 19:30:01, 42577
87666, 2012-03-27 19:35:23, 42385
87667, 2012-03-27 19:40:01, 42203
87668, 2012-03-27 19:45:04, 42055
87669, 2012-03-27 19:50:02, 41977
87670, 2012-03-27 19:55:01, 41964
87671, 2012-03-27 20:00:01, 41923
87672, 2012-03-27 20:05:11, 41784
87673, 2012-03-27 20:10:01, 41735
87674, 2012-03-27 20:15:06, 41264
87675, 2012-03-27 20:20:01, 40871
87676, 2012-03-27 20:25:07, 40597
87677, 2012-03-27 20:30:09, 40221
87678, 2012-03-27 20:35:01, 39731
87679, 2012-03-27 20:40:01, 39366
87680, 2012-03-27 20:45:02, 39086
87681, 2012-03-27 20:50:01, 38818
87682, 2012-03-27 20:55:06, 38545
87683, 2012-03-27 21:00:01, 38187
87684, 2012-03-27 21:05:10, 37956
87685, 2012-03-27 21:10:01, 37962
87686, 2012-03-27 21:15:10, 37488
87687, 2012-03-27 21:20:12, 36982
87688, 2012-03-27 21:25:07, 36470
87689, 2012-03-27 21:30:01, 35978
87690, 2012-03-27 21:35:01, 35571
87691, 2012-03-27 21:40:01, 35329
87692, 2012-03-27 21:45:06, 35056
87693, 2012-03-27 21:50:01, 34611
87694, 2012-03-27 21:55:05, 34036
87695, 2012-03-27 22:00:01, 33596
87696, 2012-03-27 22:05:02, 33229
87697, 2012-03-27 22:10:01, 32836
87698, 2012-03-27 22:15:05, 32483
87699, 2012-03-27 22:20:01, 32274
87700, 2012-03-27 22:25:08, 32046
87701, 2012-03-27 22:30:01, 31596
87702, 2012-03-27 22:35:16, 31132
87703, 2012-03-27 22:40:10, 31065
87704, 2012-03-27 22:45:01, 30804
87705, 2012-03-27 22:50:01, 30658
87706, 2012-03-27 22:55:01, 30563
87707, 2012-03-27 23:00:01, 30305
87708, 2012-03-27 23:05:10, 30003
87709, 2012-03-27 23:10:01, 30003
87710, 2012-03-27 23:15:06, 30003
87711, 2012-03-27 23:20:01, 30003
87712, 2012-03-27 23:25:04, 30003
87713, 2012-03-27 23:30:10, 30003
87714, 2012-03-27 23:35:13, 30003
87715, 2012-03-27 23:40:01, 30003
87716, 2012-03-27 23:45:01, 30003
87717, 2012-03-27 23:50:01, 30003
87718, 2012-03-27 23:55:05, 30003
87719, 2012-03-28 00:00:01, 30003
87720, 2012-03-28 00:05:17, 29068
87721, 2012-03-28 00:10:25, 29307
87722, 2012-03-28 00:15:02, 29381
87723, 2012-03-28 00:20:01, 29414
87724, 2012-03-28 00:25:09, 29398
87725, 2012-03-28 00:30:04, 29538
87726, 2012-03-28 00:35:19, 29594
87727, 2012-03-28 00:40:15, 29842
87728, 2012-03-28 00:45:01, 30003
87729, 2012-03-28 00:50:04, 30012
87730, 2012-03-28 00:55:01, 29991
87731, 2012-03-28 01:00:01, 29974
87732, 2012-03-28 01:05:16, 29855
87733, 2012-03-28 01:10:01, 29831
87734, 2012-03-28 01:15:15, 29653
87735, 2012-03-28 01:20:01, 29591
87736, 2012-03-28 01:25:06, 29617
87737, 2012-03-28 01:30:13, 29541
87738, 2012-03-28 01:35:01, 29384
87739, 2012-03-28 01:40:01, 29340
87740, 2012-03-28 01:45:01, 29217
87741, 2012-03-28 01:50:01, 29152
87742, 2012-03-28 01:55:08, 29092
87743, 2012-03-28 02:00:04, 29000
87744, 2012-03-28 02:05:01, 29000
87745, 2012-03-28 02:10:16, 28871
87746, 2012-03-28 02:15:01, 28923
87747, 2012-03-28 02:20:01, 28930
87748, 2012-03-28 02:25:06, 28918
87749, 2012-03-28 02:30:02, 28871
87750, 2012-03-28 02:35:17, 28916
87751, 2012-03-28 02:40:15, 28964
87752, 2012-03-28 02:45:01, 28967
87753, 2012-03-28 02:50:01, 28944
87754, 2012-03-28 02:55:01, 29020
87755, 2012-03-28 03:00:01, 29012
87756, 2012-03-28 03:05:09, 28962
87757, 2012-03-28 03:10:01, 29033
87758, 2012-03-28 03:15:08, 28950
87759, 2012-03-28 03:20:10, 28904
87760, 2012-03-28 03:25:06, 28907
87761, 2012-03-28 03:30:12, 28870
87762, 2012-03-28 03:35:26, 28650
87763, 2012-03-28 03:40:11, 28676
87764, 2012-03-28 03:45:06, 28669
87765, 2012-03-28 03:50:01, 28696
87766, 2012-03-28 03:55:10, 28904
87767, 2012-03-28 04:00:01, 28813
87768, 2012-03-28 04:05:01, 28799
87769, 2012-03-28 04:10:02, 28792
87770, 2012-03-28 04:15:10, 28893
87771, 2012-03-28 04:20:01, 28978
87772, 2012-03-28 04:25:05, 29101
87773, 2012-03-28 04:30:01, 29057
87774, 2012-03-28 04:35:17, 29154
87775, 2012-03-28 04:40:01, 29330
87776, 2012-03-28 04:45:02, 29565
87777, 2012-03-28 04:50:15, 29791
87778, 2012-03-28 04:55:08, 30006
87779, 2012-03-28 05:00:11, 30064
87780, 2012-03-28 05:05:10, 30471
87781, 2012-03-28 05:10:01, 30955
87782, 2012-03-28 05:15:01, 31701
87783, 2012-03-28 05:20:10, 32365
87784, 2012-03-28 05:25:05, 32639
87785, 2012-03-28 05:30:14, 33017
87786, 2012-03-28 05:35:18, 33317
87787, 2012-03-28 05:40:09, 33755
87788, 2012-03-28 05:45:05, 34130
87789, 2012-03-28 05:50:01, 34524
87790, 2012-03-28 05:55:08, 34889
87791, 2012-03-28 06:00:18, 35386
87792, 2012-03-28 06:05:02, 35991
87793, 2012-03-28 06:10:01, 36742
87794, 2012-03-28 06:15:14, 37501
87795, 2012-03-28 06:20:32, 38214
87796, 2012-03-28 06:25:14, 38698
87797, 2012-03-28 06:30:02, 39030
87798, 2012-03-28 06:35:17, 39347
87799, 2012-03-28 06:40:13, 39635
87800, 2012-03-28 06:45:01, 40016
87801, 2012-03-28 06:50:01, 40229
87802, 2012-03-28 06:55:06, 40418
87803, 2012-03-28 07:00:01, 40696
87804, 2012-03-28 07:05:10, 40830
87805, 2012-03-28 07:10:01, 41059
87806, 2012-03-28 07:15:10, 41290
87807, 2012-03-28 07:20:19, 41330
87808, 2012-03-28 07:25:02, 41407
87809, 2012-03-28 07:30:01, 41413
87810, 2012-03-28 07:35:14, 41363
87811, 2012-03-28 07:40:01, 41258
87812, 2012-03-28 07:45:02, 41317
87813, 2012-03-28 07:50:01, 41213
87814, 2012-03-28 07:55:01, 41158
87815, 2012-03-28 08:00:01, 41279
87816, 2012-03-28 08:05:27, 41330
87817, 2012-03-28 08:10:01, 41514
87818, 2012-03-28 08:15:15, 41663
87819, 2012-03-28 08:20:18, 41690
87820, 2012-03-28 08:25:05, 41703
87821, 2012-03-28 08:30:01, 41717
87822, 2012-03-28 08:36:12, 41699
87823, 2012-03-28 08:40:22, 41646
87824, 2012-03-28 08:45:01, 41613
87825, 2012-03-28 08:50:01, 41487
87826, 2012-03-28 08:55:08, 41400
87827, 2012-03-28 09:00:01, 41327
87828, 2012-03-28 09:05:17, 41345
87829, 2012-03-28 09:10:17, 41316
87830, 2012-03-28 09:15:01, 41245
87831, 2012-03-28 09:20:01, 41185
87832, 2012-03-28 09:25:06, 41196
87833, 2012-03-28 09:30:02, 41230
87834, 2012-03-28 09:35:01, 41066
87835, 2012-03-28 09:40:03, 41037
87836, 2012-03-28 09:45:07, 41020
87837, 2012-03-28 09:50:01, 40956
87838, 2012-03-28 09:55:12, 41003
87839, 2012-03-28 10:00:06, 40925
87840, 2012-03-28 10:05:01, 40837
87841, 2012-03-28 10:10:01, 40867
87842, 2012-03-28 10:15:11, 40999
87843, 2012-03-28 10:20:01, 40971
87844, 2012-03-28 10:25:05, 40934
87845, 2012-03-28 10:30:20, 40920
87846, 2012-03-28 10:35:01, 40931
87847, 2012-03-28 10:40:01, 40845
87848, 2012-03-28 10:45:06, 40789
87849, 2012-03-28 10:50:01, 40766
87850, 2012-03-28 10:55:16, 40738
87851, 2012-03-28 11:00:01, 40740
87852, 2012-03-28 11:05:19, 40708
87853, 2012-03-28 11:10:01, 40706
87854, 2012-03-28 11:15:01, 40668
87855, 2012-03-28 11:20:01, 40548
87856, 2012-03-28 11:25:06, 40484
87857, 2012-03-28 11:30:01, 40492
87858, 2012-03-28 11:35:15, 40422
87859, 2012-03-28 11:40:01, 40373
87860, 2012-03-28 11:45:10, 40267
87861, 2012-03-28 11:50:01, 40160
87862, 2012-03-28 11:55:08, 40110
87863, 2012-03-28 12:00:53, 39973
87864, 2012-03-28 12:05:04, 39894
87865, 2012-03-28 12:10:01, 39850
87866, 2012-03-28 12:15:16, 39820
87867, 2012-03-28 12:20:01, 39817
87868, 2012-03-28 12:25:06, 39783
87869, 2012-03-28 12:30:10, 39660
87870, 2012-03-28 12:35:01, 39586
87871, 2012-03-28 12:40:01, 39679
87872, 2012-03-28 12:45:01, 39568
87873, 2012-03-28 12:50:01, 39515
87874, 2012-03-28 12:55:05, 39450
87875, 2012-03-28 13:00:01, 39319
87876, 2012-03-28 13:05:14, 39244
87877, 2012-03-28 13:10:14, 39361
87878, 2012-03-28 13:15:01, 39409
87879, 2012-03-28 13:20:01, 39381
87880, 2012-03-28 13:25:17, 39484
87881, 2012-03-28 13:30:04, 39387
87882, 2012-03-28 13:35:01, 39236
87883, 2012-03-28 13:40:01, 39182
87884, 2012-03-28 13:45:09, 39074
87885, 2012-03-28 13:50:01, 39028
87886, 2012-03-28 13:55:05, 39046
87887, 2012-03-28 14:00:01, 39033
87888, 2012-03-28 14:05:10, 38945
87889, 2012-03-28 14:10:16, 38936
87890, 2012-03-28 14:15:01, 38918
87891, 2012-03-28 14:20:04, 38820
87892, 2012-03-28 14:25:02, 38783
87893, 2012-03-28 14:30:01, 38786
87894, 2012-03-28 14:35:15, 38868
87895, 2012-03-28 14:40:17, 38934
87896, 2012-03-28 14:45:01, 39070
87897, 2012-03-28 14:50:04, 39047
87898, 2012-03-28 14:55:07, 39207
87899, 2012-03-28 15:00:01, 39330
87900, 2012-03-28 15:05:01, 39475
87901, 2012-03-28 15:10:01, 39572
87902, 2012-03-28 15:15:01, 39720
87903, 2012-03-28 15:20:01, 39814
87904, 2012-03-28 15:25:07, 39875
87905, 2012-03-28 15:30:01, 39970
87906, 2012-03-28 15:35:25, 40073
87907, 2012-03-28 15:40:01, 40182
87908, 2012-03-28 15:45:06, 40248
87909, 2012-03-28 15:50:01, 40323
87910, 2012-03-28 15:55:05, 40364
87911, 2012-03-28 16:00:01, 40413
87912, 2012-03-28 16:05:10, 40531
87913, 2012-03-28 16:10:12, 40568
87914, 2012-03-28 16:15:01, 40480
87915, 2012-03-28 16:20:01, 40437
87916, 2012-03-28 16:25:03, 40495
87917, 2012-03-28 16:30:01, 40535
87918, 2012-03-28 16:35:16, 40624
87919, 2012-03-28 16:40:02, 40633
87920, 2012-03-28 16:45:06, 40538
87921, 2012-03-28 16:50:41, 40389
87922, 2012-03-28 16:55:01, 40276
87923, 2012-03-28 17:00:01, 40101
87924, 2012-03-28 17:05:09, 40121
87925, 2012-03-28 17:10:01, 40244
87926, 2012-03-28 17:15:06, 40098
87927, 2012-03-28 17:20:01, 39949
87928, 2012-03-28 17:25:07, 39870
87929, 2012-03-28 17:30:05, 39754
87930, 2012-03-28 17:35:01, 39550
87931, 2012-03-28 17:40:01, 39497
87932, 2012-03-28 17:45:04, 39478
87933, 2012-03-28 17:50:01, 39435
87934, 2012-03-28 17:55:04, 39418
87935, 2012-03-28 18:00:02, 39363
87936, 2012-03-28 18:05:06, 39414
87937, 2012-03-28 18:10:02, 39452
87938, 2012-03-28 18:15:09, 39416
87939, 2012-03-28 18:20:02, 39610
87940, 2012-03-28 18:25:01, 39653
87941, 2012-03-28 18:30:05, 39658
87942, 2012-03-28 18:35:09, 40017
87943, 2012-03-28 18:40:01, 40398
87944, 2012-03-28 18:45:04, 40689
87945, 2012-03-28 18:50:02, 41112
87946, 2012-03-28 18:55:06, 41770
87947, 2012-03-28 19:00:14, 42282
87948, 2012-03-28 19:05:01, 42648
87949, 2012-03-28 19:10:01, 42895
87950, 2012-03-28 19:15:02, 42693
87951, 2012-03-28 19:20:01, 42621
87952, 2012-03-28 19:25:04, 42573
87953, 2012-03-28 19:30:01, 42444
87954, 2012-03-28 19:35:08, 42378
87955, 2012-03-28 19:40:01, 42353
87956, 2012-03-28 19:45:03, 42213
87957, 2012-03-28 19:50:11, 42010
87958, 2012-03-28 19:55:01, 41794
87959, 2012-03-28 20:00:01, 41504
87960, 2012-03-28 20:05:08, 41200
87961, 2012-03-28 20:10:01, 41243
87962, 2012-03-28 20:15:07, 40847
87963, 2012-03-28 20:20:10, 40421
87964, 2012-03-28 20:25:05, 40071
87965, 2012-03-28 20:30:04, 39647
87966, 2012-03-28 20:35:01, 39230
87967, 2012-03-28 20:40:01, 38912
87968, 2012-03-28 20:45:03, 38630
87969, 2012-03-28 20:50:01, 38435
87970, 2012-03-28 20:55:05, 38148
87971, 2012-03-28 21:00:02, 37760
87972, 2012-03-28 21:05:11, 37342
87973, 2012-03-28 21:10:15, 37331
87974, 2012-03-28 21:15:01, 36928
87975, 2012-03-28 21:20:01, 36261
87976, 2012-03-28 21:25:01, 35841
87977, 2012-03-28 21:30:02, 35560
87978, 2012-03-28 21:35:08, 35300
87979, 2012-03-28 21:40:01, 34949
87980, 2012-03-28 21:45:05, 34551
87981, 2012-03-28 21:50:01, 34143
87982, 2012-03-28 21:55:04, 33761
87983, 2012-03-28 22:00:12, 33358
87984, 2012-03-28 22:05:04, 32883
87985, 2012-03-28 22:10:01, 32755
87986, 2012-03-28 22:15:01, 32660
87987, 2012-03-28 22:20:01, 32473
87988, 2012-03-28 22:25:04, 32194
87989, 2012-03-28 22:30:02, 32061
87990, 2012-03-28 22:35:09, 31719
87991, 2012-03-28 22:40:04, 31571
87992, 2012-03-28 22:45:06, 31399
87993, 2012-03-28 22:50:11, 31294
87994, 2012-03-28 22:55:01, 31061
87995, 2012-03-28 23:00:01, 30799
87996, 2012-03-28 23:05:12, 30472
87997, 2012-03-28 23:10:01, 30472
87998, 2012-03-28 23:15:05, 30472
87999, 2012-03-28 23:20:01, 30472
88000, 2012-03-28 23:25:04, 30472
88001, 2012-03-28 23:30:11, 30472
88002, 2012-03-28 23:35:02, 30472
88003, 2012-03-28 23:40:01, 30472
88004, 2012-03-28 23:45:01, 30472
88005, 2012-03-28 23:50:09, 30472
88006, 2012-03-28 23:55:06, 30472
88007, 2012-03-29 00:00:02, 30472
88008, 2012-03-29 00:05:11, 29174
88009, 2012-03-29 00:10:20, 29537
88010, 2012-03-29 00:15:01, 29654
88011, 2012-03-29 00:20:02, 29752
88012, 2012-03-29 00:25:12, 29750
88013, 2012-03-29 00:30:01, 29689
88014, 2012-03-29 00:35:08, 29518
88015, 2012-03-29 00:40:08, 29768
88016, 2012-03-29 00:45:01, 29858
88017, 2012-03-29 00:50:01, 29911
88018, 2012-03-29 00:55:02, 29854
88019, 2012-03-29 01:00:01, 29752
88020, 2012-03-29 01:05:13, 29663
88021, 2012-03-29 01:10:01, 29675
88022, 2012-03-29 01:15:08, 29612
88023, 2012-03-29 01:20:02, 29439
88024, 2012-03-29 01:25:10, 29370
88025, 2012-03-29 01:30:12, 29187
88026, 2012-03-29 01:35:04, 29100
88027, 2012-03-29 01:40:01, 29295
88028, 2012-03-29 01:45:01, 29310
88029, 2012-03-29 01:50:01, 29278
88030, 2012-03-29 01:55:05, 29187
88031, 2012-03-29 02:00:01, 29120
88032, 2012-03-29 02:05:17, 28973
88033, 2012-03-29 02:10:14, 28953
88034, 2012-03-29 02:15:01, 29020
88035, 2012-03-29 02:20:01, 29009
88036, 2012-03-29 02:25:01, 28934
88037, 2012-03-29 02:30:01, 28856
88038, 2012-03-29 02:35:12, 28826
88039, 2012-03-29 02:40:01, 28813
88040, 2012-03-29 02:45:05, 28724
88041, 2012-03-29 02:50:01, 28668
88042, 2012-03-29 02:55:05, 28617
88043, 2012-03-29 03:00:08, 28581
88044, 2012-03-29 03:05:04, 28554
88045, 2012-03-29 03:10:01, 28507
88046, 2012-03-29 03:15:01, 28519
88047, 2012-03-29 03:20:01, 28505
88048, 2012-03-29 03:25:05, 28416
88049, 2012-03-29 03:30:01, 28354
88050, 2012-03-29 03:35:11, 28345
88051, 2012-03-29 03:40:02, 28386
88052, 2012-03-29 03:45:12, 28373
88053, 2012-03-29 03:50:12, 28337
88054, 2012-03-29 03:55:01, 28294
88055, 2012-03-29 04:00:01, 28220
88056, 2012-03-29 04:05:13, 28335
88057, 2012-03-29 04:10:01, 28400
88058, 2012-03-29 04:15:08, 28541
88059, 2012-03-29 04:20:15, 28661
88060, 2012-03-29 04:25:01, 28755
88061, 2012-03-29 04:30:04, 28770
88062, 2012-03-29 04:35:01, 28903
88063, 2012-03-29 04:40:01, 29177
88064, 2012-03-29 04:45:05, 29284
88065, 2012-03-29 04:50:02, 29438
88066, 2012-03-29 04:55:05, 29694
88067, 2012-03-29 05:00:01, 29931
88068, 2012-03-29 05:05:10, 30174
88069, 2012-03-29 05:10:01, 30536
88070, 2012-03-29 05:15:01, 31205
88071, 2012-03-29 05:20:01, 31622
88072, 2012-03-29 05:25:01, 31866
88073, 2012-03-29 05:30:01, 32150
88074, 2012-03-29 05:35:08, 32192
88075, 2012-03-29 05:40:01, 32619
88076, 2012-03-29 05:45:06, 33033
88077, 2012-03-29 05:50:10, 33460
88078, 2012-03-29 05:55:01, 33802
88079, 2012-03-29 06:00:02, 34354
88080, 2012-03-29 06:05:01, 34928
88081, 2012-03-29 06:10:01, 35634
88082, 2012-03-29 06:15:08, 36426
88083, 2012-03-29 06:20:02, 37110
88084, 2012-03-29 06:25:25, 37532
88085, 2012-03-29 06:30:01, 37908
88086, 2012-03-29 06:35:09, 38321
88087, 2012-03-29 06:40:03, 38657
88088, 2012-03-29 06:45:02, 39060
88089, 2012-03-29 06:50:01, 39388
88090, 2012-03-29 06:55:01, 39551
88091, 2012-03-29 07:00:01, 39773
88092, 2012-03-29 07:05:07, 39993
88093, 2012-03-29 07:10:01, 40164
88094, 2012-03-29 07:15:06, 40335
88095, 2012-03-29 07:20:41, 40341
88096, 2012-03-29 07:25:01, 40477
88097, 2012-03-29 07:30:01, 40459
88098, 2012-03-29 07:35:10, 40416
88099, 2012-03-29 07:40:02, 40377
88100, 2012-03-29 07:45:07, 40453
88101, 2012-03-29 07:50:01, 40415
88102, 2012-03-29 07:55:06, 40397
88103, 2012-03-29 08:00:01, 40514
88104, 2012-03-29 08:05:01, 40597
88105, 2012-03-29 08:10:01, 40823
88106, 2012-03-29 08:15:21, 40914
88107, 2012-03-29 08:20:03, 40979
88108, 2012-03-29 08:25:07, 40952
88109, 2012-03-29 08:30:17, 40873
88110, 2012-03-29 08:35:01, 40436
88111, 2012-03-29 08:40:02, 40543
88112, 2012-03-29 08:45:07, 40945
88113, 2012-03-29 08:50:01, 40817
88114, 2012-03-29 08:55:05, 40777
88115, 2012-03-29 09:00:01, 40805
88116, 2012-03-29 09:05:01, 40808
88117, 2012-03-29 09:10:01, 40724
88118, 2012-03-29 09:15:02, 40608
88119, 2012-03-29 09:20:02, 40474
88120, 2012-03-29 09:25:01, 40474
88121, 2012-03-29 09:30:04, 40474
88122, 2012-03-29 09:35:02, 40474
88123, 2012-03-29 09:40:01, 40474
88124, 2012-03-29 09:45:01, 40474
88125, 2012-03-29 09:50:01, 40474
88126, 2012-03-29 09:55:01, 40474
88127, 2012-03-29 10:00:02, 40474
88128, 2012-03-29 10:05:01, 40474
88129, 2012-03-29 10:10:01, 40474
88130, 2012-03-29 10:15:01, 40474
88131, 2012-03-29 10:20:01, 40474
88132, 2012-03-29 10:25:01, 40474
88133, 2012-03-29 10:30:01, 40474
88134, 2012-03-29 10:35:02, 40474
88135, 2012-03-29 10:40:04, 40474
88136, 2012-03-29 10:45:01, 40474
88137, 2012-03-29 10:50:01, 40474
88138, 2012-03-29 10:55:01, 40474
88139, 2012-03-29 11:00:01, 40474
88140, 2012-03-29 11:05:02, 40474
88141, 2012-03-29 11:10:01, 40474
88142, 2012-03-29 11:15:01, 40474
88143, 2012-03-29 11:20:02, 40474
88144, 2012-03-29 11:25:01, 40474
88145, 2012-03-29 11:30:01, 40474
88146, 2012-03-29 11:35:37, 40339
88147, 2012-03-29 11:40:19, 40207
88148, 2012-03-29 11:45:24, 40056
88149, 2012-03-29 11:50:02, 40042
88150, 2012-03-29 11:55:06, 39990
88151, 2012-03-29 12:00:34, 39897
88152, 2012-03-29 12:05:01, 39710
88153, 2012-03-29 12:10:01, 39706
88154, 2012-03-29 12:15:11, 39581
88155, 2012-03-29 12:20:01, 39492
88156, 2012-03-29 12:25:07, 39524
88157, 2012-03-29 12:30:01, 39454
88158, 2012-03-29 12:35:12, 39392
88159, 2012-03-29 12:40:01, 39469
88160, 2012-03-29 12:45:01, 39526
88161, 2012-03-29 12:50:01, 39468
88162, 2012-03-29 12:55:05, 39296
88163, 2012-03-29 13:00:01, 39113
88164, 2012-03-29 13:05:32, 39065
88165, 2012-03-29 13:10:01, 39111
88166, 2012-03-29 13:15:01, 39173
88167, 2012-03-29 13:20:01, 39033
88168, 2012-03-29 13:25:05, 39043
88169, 2012-03-29 13:30:01, 38989
88170, 2012-03-29 13:35:02, 38948
88171, 2012-03-29 13:40:05, 38902
88172, 2012-03-29 13:45:09, 38855
88173, 2012-03-29 13:50:01, 38784
88174, 2012-03-29 13:55:06, 38755
88175, 2012-03-29 14:00:01, 38666
88176, 2012-03-29 14:05:03, 38620
88177, 2012-03-29 14:10:01, 38592
88178, 2012-03-29 14:15:01, 38582
88179, 2012-03-29 14:20:01, 38576
88180, 2012-03-29 14:25:10, 38577
88181, 2012-03-29 14:30:01, 38605
88182, 2012-03-29 14:35:02, 38577
88183, 2012-03-29 14:40:01, 38741
88184, 2012-03-29 14:45:02, 38833
88185, 2012-03-29 14:50:01, 38936
88186, 2012-03-29 14:55:06, 39010
88187, 2012-03-29 15:00:02, 39039
88188, 2012-03-29 15:05:09, 39220
88189, 2012-03-29 15:10:02, 39323
88190, 2012-03-29 15:15:09, 39449
88191, 2012-03-29 15:20:01, 39503
88192, 2012-03-29 15:25:08, 39532
88193, 2012-03-29 15:30:26, 39672
88194, 2012-03-29 15:35:01, 39804
88195, 2012-03-29 15:40:01, 39863
88196, 2012-03-29 15:45:11, 39939
88197, 2012-03-29 15:50:01, 39994
88198, 2012-03-29 15:55:07, 40121
88199, 2012-03-29 16:00:01, 40260
88200, 2012-03-29 16:05:09, 40526
88201, 2012-03-29 16:10:13, 40540
88202, 2012-03-29 16:15:01, 40379
88203, 2012-03-29 16:20:01, 40313
88204, 2012-03-29 16:25:08, 40361
88205, 2012-03-29 16:30:01, 40376
88206, 2012-03-29 16:35:09, 40296
88207, 2012-03-29 16:40:01, 40156
88208, 2012-03-29 16:45:14, 40110
88209, 2012-03-29 16:50:01, 40011
88210, 2012-03-29 16:55:01, 39874
88211, 2012-03-29 17:00:01, 39694
88212, 2012-03-29 17:05:08, 39713
88213, 2012-03-29 17:10:01, 39763
88214, 2012-03-29 17:15:25, 39635
88215, 2012-03-29 17:20:01, 39599
88216, 2012-03-29 17:25:01, 39509
88217, 2012-03-29 17:30:01, 39393
88218, 2012-03-29 17:35:09, 39387
88219, 2012-03-29 17:40:01, 39423
88220, 2012-03-29 17:45:09, 39443
88221, 2012-03-29 17:50:04, 39419
88222, 2012-03-29 17:55:04, 39346
88223, 2012-03-29 18:00:40, 39337
88224, 2012-03-29 18:05:01, 39253
88225, 2012-03-29 18:10:01, 39314
88226, 2012-03-29 18:15:10, 39296
88227, 2012-03-29 18:20:01, 39361
88228, 2012-03-29 18:25:08, 39499
88229, 2012-03-29 18:30:02, 39418
88230, 2012-03-29 18:35:08, 39583
88231, 2012-03-29 18:40:03, 40131
88232, 2012-03-29 18:45:07, 40273
88233, 2012-03-29 18:50:04, 40645
88234, 2012-03-29 18:55:04, 41130
88235, 2012-03-29 19:00:01, 41540
88236, 2012-03-29 19:05:09, 41920
88237, 2012-03-29 19:10:01, 42364
88238, 2012-03-29 19:15:09, 42352
88239, 2012-03-29 19:20:03, 42399
88240, 2012-03-29 19:25:08, 42223
88241, 2012-03-29 19:30:02, 41932
88242, 2012-03-29 19:35:13, 41888
88243, 2012-03-29 19:40:01, 41758
88244, 2012-03-29 19:45:11, 41494
88245, 2012-03-29 19:50:02, 41167
88246, 2012-03-29 19:55:04, 41203
88247, 2012-03-29 20:00:01, 40852
88248, 2012-03-29 20:05:01, 40693
88249, 2012-03-29 20:10:01, 40745
88250, 2012-03-29 20:15:09, 40424
88251, 2012-03-29 20:20:01, 40114
88252, 2012-03-29 20:25:06, 39768
88253, 2012-03-29 20:30:01, 39298
88254, 2012-03-29 20:35:10, 38977
88255, 2012-03-29 20:40:01, 38667
88256, 2012-03-29 20:45:01, 38268
88257, 2012-03-29 20:50:03, 38066
88258, 2012-03-29 20:55:09, 37878
88259, 2012-03-29 21:00:02, 37527
88260, 2012-03-29 21:05:11, 37142
88261, 2012-03-29 21:10:01, 37015
88262, 2012-03-29 21:15:21, 36516
88263, 2012-03-29 21:20:01, 36126
88264, 2012-03-29 21:25:06, 35739
88265, 2012-03-29 21:30:01, 35266
88266, 2012-03-29 21:35:02, 34940
88267, 2012-03-29 21:40:02, 34812
88268, 2012-03-29 21:45:01, 34556
88269, 2012-03-29 21:50:02, 34197
88270, 2012-03-29 21:55:04, 33715
88271, 2012-03-29 22:00:04, 33297
88272, 2012-03-29 22:05:17, 32939
88273, 2012-03-29 22:10:01, 32608
88274, 2012-03-29 22:15:09, 32139
88275, 2012-03-29 22:20:01, 31800
88276, 2012-03-29 22:25:04, 31598
88277, 2012-03-29 22:30:05, 31255
88278, 2012-03-29 22:35:09, 30962
88279, 2012-03-29 22:40:01, 31007
88280, 2012-03-29 22:45:13, 30961
88281, 2012-03-29 22:50:01, 30791
88282, 2012-03-29 22:55:08, 30492
88283, 2012-03-29 23:00:02, 30298
88284, 2012-03-29 23:05:11, 30080
88285, 2012-03-29 23:10:01, 30080
88286, 2012-03-29 23:15:11, 30080
88287, 2012-03-29 23:20:30, 30080
88288, 2012-03-29 23:25:04, 30080
88289, 2012-03-29 23:30:01, 30080
88290, 2012-03-29 23:35:10, 30080
88291, 2012-03-29 23:40:03, 30080
88292, 2012-03-29 23:45:06, 30080
88293, 2012-03-29 23:50:01, 30080
88294, 2012-03-29 23:55:03, 30080
88295, 2012-03-30 00:00:02, 30080
88296, 2012-03-30 00:05:10, 28508
88297, 2012-03-30 00:10:01, 28836
88298, 2012-03-30 00:15:08, 29002
88299, 2012-03-30 00:21:08, 29235
88300, 2012-03-30 00:25:05, 29199
88301, 2012-03-30 00:30:01, 29215
88302, 2012-03-30 00:35:01, 29227
88303, 2012-03-30 00:40:07, 29476
88304, 2012-03-30 00:45:15, 29456
88305, 2012-03-30 00:50:03, 29440
88306, 2012-03-30 00:55:01, 29416
88307, 2012-03-30 01:00:02, 29186
88308, 2012-03-30 01:05:08, 28898
88309, 2012-03-30 01:10:15, 28875
88310, 2012-03-30 01:15:02, 28788
88311, 2012-03-30 01:20:02, 28924
88312, 2012-03-30 01:25:06, 28859
88313, 2012-03-30 01:30:26, 28729
88314, 2012-03-30 01:35:01, 28642
88315, 2012-03-30 01:40:01, 28674
88316, 2012-03-30 01:45:07, 28676
88317, 2012-03-30 01:50:09, 28616
88318, 2012-03-30 01:55:01, 28599
88319, 2012-03-30 02:00:01, 28531
88320, 2012-03-30 02:05:01, 28531
88321, 2012-03-30 02:10:27, 28376
88322, 2012-03-30 02:15:01, 28452
88323, 2012-03-30 02:20:40, 28369
88324, 2012-03-30 02:25:06, 28324
88325, 2012-03-30 02:30:21, 28182
88326, 2012-03-30 02:35:11, 28146
88327, 2012-03-30 02:40:13, 28279
88328, 2012-03-30 02:45:11, 28300
88329, 2012-03-30 02:50:08, 28284
88330, 2012-03-30 02:55:03, 28297
88331, 2012-03-30 03:00:15, 28259
88332, 2012-03-30 03:05:09, 28277
88333, 2012-03-30 03:10:26, 28244
88334, 2012-03-30 03:15:13, 28257
88335, 2012-03-30 03:20:02, 28332
88336, 2012-03-30 03:25:01, 28339
88337, 2012-03-30 03:30:01, 28332
88338, 2012-03-30 03:35:09, 28331
88339, 2012-03-30 03:40:38, 28401
88340, 2012-03-30 03:45:15, 28357
88341, 2012-03-30 03:50:01, 28265
88342, 2012-03-30 03:55:06, 28349
88343, 2012-03-30 04:00:01, 28389
88344, 2012-03-30 04:05:11, 28315
88345, 2012-03-30 04:10:04, 28551
88346, 2012-03-30 04:15:10, 28556
88347, 2012-03-30 04:20:28, 28687
88348, 2012-03-30 04:25:01, 28862
88349, 2012-03-30 04:30:01, 28972
88350, 2012-03-30 04:35:09, 29032
88351, 2012-03-30 04:40:04, 29117
88352, 2012-03-30 04:45:12, 29292
88353, 2012-03-30 04:50:02, 29451
88354, 2012-03-30 04:55:04, 29765
88355, 2012-03-30 05:00:02, 29938
88356, 2012-03-30 05:05:06, 30125
88357, 2012-03-30 05:10:02, 30481
88358, 2012-03-30 05:15:06, 31015
88359, 2012-03-30 05:20:01, 31365
88360, 2012-03-30 05:25:07, 31689
88361, 2012-03-30 05:30:01, 31792
88362, 2012-03-30 05:35:07, 32024
88363, 2012-03-30 05:40:14, 32324
88364, 2012-03-30 05:45:04, 32656
88365, 2012-03-30 05:50:01, 32949
88366, 2012-03-30 05:55:03, 33323
88367, 2012-03-30 06:00:01, 33925
88368, 2012-03-30 06:05:09, 34679
88369, 2012-03-30 06:10:01, 35405
88370, 2012-03-30 06:15:11, 36166
88371, 2012-03-30 06:20:01, 36741
88372, 2012-03-30 06:25:01, 37214
88373, 2012-03-30 06:30:01, 37647
88374, 2012-03-30 06:35:01, 37988
88375, 2012-03-30 06:40:01, 38398
88376, 2012-03-30 06:45:17, 38782
88377, 2012-03-30 06:50:01, 38992
88378, 2012-03-30 06:55:05, 39214
88379, 2012-03-30 07:00:01, 39528
88380, 2012-03-30 07:05:01, 39709
88381, 2012-03-30 07:10:02, 39948
88382, 2012-03-30 07:15:01, 40218
88383, 2012-03-30 07:20:01, 40331
88384, 2012-03-30 07:25:05, 40657
88385, 2012-03-30 07:30:01, 40812
88386, 2012-03-30 07:35:10, 40790
88387, 2012-03-30 07:40:12, 40662
88388, 2012-03-30 07:45:01, 40568
88389, 2012-03-30 07:50:02, 40588
88390, 2012-03-30 07:55:06, 40684
88391, 2012-03-30 08:00:01, 40721
88392, 2012-03-30 08:05:18, 40871
88393, 2012-03-30 08:10:01, 41002
88394, 2012-03-30 08:15:11, 41086
88395, 2012-03-30 08:20:01, 41192
88396, 2012-03-30 08:25:07, 41216
88397, 2012-03-30 08:30:01, 41285
88398, 2012-03-30 08:35:02, 41339
88399, 2012-03-30 08:40:01, 41276
88400, 2012-03-30 08:45:12, 41199
88401, 2012-03-30 08:50:20, 41251
88402, 2012-03-30 08:55:01, 41271
88403, 2012-03-30 09:00:01, 41188
88404, 2012-03-30 09:05:01, 41245
88405, 2012-03-30 09:10:01, 41259
88406, 2012-03-30 09:15:16, 41269
88407, 2012-03-30 09:20:01, 41171
88408, 2012-03-30 09:25:08, 41200
88409, 2012-03-30 09:30:01, 40278
88410, 2012-03-30 09:35:02, 40262
88411, 2012-03-30 09:40:01, 40247
88412, 2012-03-30 09:45:16, 40302
88413, 2012-03-30 09:50:01, 40279
88414, 2012-03-30 09:55:24, 40318
88415, 2012-03-30 10:01:08, 40276
88416, 2012-03-30 10:05:12, 40178
88417, 2012-03-30 10:10:02, 40301
88418, 2012-03-30 10:15:14, 41008
88419, 2012-03-30 10:20:01, 40951
88420, 2012-03-30 10:25:26, 40876
88421, 2012-03-30 10:30:01, 40802
88422, 2012-03-30 10:35:20, 40847
88423, 2012-03-30 10:40:01, 40924
88424, 2012-03-30 10:45:12, 40903
88425, 2012-03-30 10:50:15, 40796
88426, 2012-03-30 10:55:01, 40789
88427, 2012-03-30 11:00:01, 40804
88428, 2012-03-30 11:05:18, 40704
88429, 2012-03-30 11:10:02, 40771
88430, 2012-03-30 11:15:13, 40704
88431, 2012-03-30 11:20:02, 40671
88432, 2012-03-30 11:25:01, 40664
88433, 2012-03-30 11:30:04, 40634
88434, 2012-03-30 11:35:02, 40604
88435, 2012-03-30 11:40:01, 40498
88436, 2012-03-30 11:45:15, 40497
88437, 2012-03-30 11:50:01, 40394
88438, 2012-03-30 11:55:07, 40294
88439, 2012-03-30 12:00:01, 40224
88440, 2012-03-30 12:05:01, 40039
88441, 2012-03-30 12:10:01, 39907
88442, 2012-03-30 12:15:01, 39942
88443, 2012-03-30 12:20:02, 39849
88444, 2012-03-30 12:25:09, 39808
88445, 2012-03-30 12:30:01, 39707
88446, 2012-03-30 12:35:13, 39584
88447, 2012-03-30 12:40:03, 39569
88448, 2012-03-30 12:45:19, 39561
88449, 2012-03-30 12:50:01, 39488
88450, 2012-03-30 12:55:02, 39342
88451, 2012-03-30 13:00:01, 39184
88452, 2012-03-30 13:05:14, 39129
88453, 2012-03-30 13:10:01, 39028
88454, 2012-03-30 13:15:12, 39064
88455, 2012-03-30 13:20:01, 39044
88456, 2012-03-30 13:25:11, 38995
88457, 2012-03-30 13:30:02, 38944
88458, 2012-03-30 13:35:11, 38886
88459, 2012-03-30 13:40:01, 38793
88460, 2012-03-30 13:45:12, 38747
88461, 2012-03-30 13:50:01, 38643
88462, 2012-03-30 13:55:02, 38605
88463, 2012-03-30 14:00:01, 38482
88464, 2012-03-30 14:05:15, 38386
88465, 2012-03-30 14:10:12, 38269
88466, 2012-03-30 14:15:01, 38141
88467, 2012-03-30 14:20:01, 38138
88468, 2012-03-30 14:25:11, 38076
88469, 2012-03-30 14:30:44, 38046
88470, 2012-03-30 14:35:15, 38081
88471, 2012-03-30 14:40:02, 38016
88472, 2012-03-30 14:45:15, 37949
88473, 2012-03-30 14:50:01, 38066
88474, 2012-03-30 14:55:08, 38081
88475, 2012-03-30 15:00:02, 38121
88476, 2012-03-30 15:06:28, 38190
88477, 2012-03-30 15:10:01, 38216
88478, 2012-03-30 15:15:16, 38269
88479, 2012-03-30 15:20:58, 38242
88480, 2012-03-30 15:25:23, 38261
88481, 2012-03-30 15:30:01, 38350
88482, 2012-03-30 15:35:18, 38413
88483, 2012-03-30 15:41:34, 38510
88484, 2012-03-30 15:45:09, 38618
88485, 2012-03-30 15:50:01, 38687
88486, 2012-03-30 15:55:01, 38747
88487, 2012-03-30 16:00:01, 38691
88488, 2012-03-30 16:05:34, 38899
88489, 2012-03-30 16:10:01, 38998
88490, 2012-03-30 16:15:23, 38960
88491, 2012-03-30 16:20:03, 38866
88492, 2012-03-30 16:25:10, 38905
88493, 2012-03-30 16:30:25, 38865
88494, 2012-03-30 16:35:20, 38852
88495, 2012-03-30 16:40:02, 38821
88496, 2012-03-30 16:45:09, 38738
88497, 2012-03-30 16:50:01, 38608
88498, 2012-03-30 16:55:02, 38682
88499, 2012-03-30 17:00:01, 38521
88500, 2012-03-30 17:05:16, 38487
88501, 2012-03-30 17:10:01, 38616
88502, 2012-03-30 17:15:08, 38597
88503, 2012-03-30 17:20:14, 38504
88504, 2012-03-30 17:25:01, 38462
88505, 2012-03-30 17:30:01, 38317
88506, 2012-03-30 17:35:14, 38212
88507, 2012-03-30 17:40:01, 38333
88508, 2012-03-30 17:45:18, 38318
88509, 2012-03-30 17:50:01, 38324
88510, 2012-03-30 17:55:06, 38311
88511, 2012-03-30 18:00:01, 38241
88512, 2012-03-30 18:05:01, 38200
88513, 2012-03-30 18:10:01, 38199
88514, 2012-03-30 18:15:15, 38087
88515, 2012-03-30 18:20:01, 38061
88516, 2012-03-30 18:25:07, 38103
88517, 2012-03-30 18:30:01, 38072
88518, 2012-03-30 18:35:12, 38273
88519, 2012-03-30 18:40:01, 38545
88520, 2012-03-30 18:45:01, 38609
88521, 2012-03-30 18:50:01, 38956
88522, 2012-03-30 18:55:01, 39244
88523, 2012-03-30 19:00:01, 39518
88524, 2012-03-30 19:05:11, 39910
88525, 2012-03-30 19:10:03, 40491
88526, 2012-03-30 19:15:18, 40450
88527, 2012-03-30 19:20:01, 40356
88528, 2012-03-30 19:25:08, 40218
88529, 2012-03-30 19:30:02, 40048
88530, 2012-03-30 19:35:16, 39863
88531, 2012-03-30 19:40:09, 39827
88532, 2012-03-30 19:45:01, 39645
88533, 2012-03-30 19:50:01, 39599
88534, 2012-03-30 19:55:01, 39340
88535, 2012-03-30 20:00:03, 39001
88536, 2012-03-30 20:05:01, 38976
88537, 2012-03-30 20:10:01, 38908
88538, 2012-03-30 20:15:01, 38624
88539, 2012-03-30 20:20:01, 38280
88540, 2012-03-30 20:25:08, 38028
88541, 2012-03-30 20:30:01, 37637
88542, 2012-03-30 20:35:13, 37243
88543, 2012-03-30 20:40:01, 37070
88544, 2012-03-30 20:45:17, 36813
88545, 2012-03-30 20:50:09, 36485
88546, 2012-03-30 20:55:13, 36231
88547, 2012-03-30 21:00:01, 35865
88548, 2012-03-30 21:05:24, 35584
88549, 2012-03-30 21:10:17, 35686
88550, 2012-03-30 21:15:13, 35157
88551, 2012-03-30 21:20:01, 34844
88552, 2012-03-30 21:25:08, 34546
88553, 2012-03-30 21:30:01, 34246
88554, 2012-03-30 21:35:10, 33959
88555, 2012-03-30 21:40:02, 33860
88556, 2012-03-30 21:45:01, 33588
88557, 2012-03-30 21:50:01, 33331
88558, 2012-03-30 21:55:08, 32996
88559, 2012-03-30 22:00:01, 32636
88560, 2012-03-30 22:06:25, 32267
88561, 2012-03-30 22:10:44, 32247
88562, 2012-03-30 22:15:08, 32205
88563, 2012-03-30 22:20:01, 31962
88564, 2012-03-30 22:25:07, 31497
88565, 2012-03-30 22:30:26, 31361
88566, 2012-03-30 22:35:09, 31263
88567, 2012-03-30 22:40:12, 31081
88568, 2012-03-30 22:45:25, 30884
88569, 2012-03-30 22:50:01, 30638
88570, 2012-03-30 22:55:02, 30298
88571, 2012-03-30 23:00:07, 29912
88572, 2012-03-30 23:05:01, 29583
88573, 2012-03-30 23:10:30, 29583
88574, 2012-03-30 23:15:09, 29583
88575, 2012-03-30 23:20:01, 29583
88576, 2012-03-30 23:25:01, 29583
88577, 2012-03-30 23:30:01, 29583
88578, 2012-03-30 23:35:14, 29583
88579, 2012-03-30 23:40:04, 29583
88580, 2012-03-30 23:45:15, 29583
88581, 2012-03-30 23:50:19, 29583
88582, 2012-03-30 23:55:01, 29583
88583, 2012-03-31 00:00:03, 29583
88584, 2012-03-31 00:05:01, 27839
88585, 2012-03-31 00:10:01, 28221
88586, 2012-03-31 00:15:13, 28593
88587, 2012-03-31 00:26:18, 28698
88588, 2012-03-31 00:30:01, 28633
88589, 2012-03-31 00:35:14, 28544
88590, 2012-03-31 00:40:03, 28758
88591, 2012-03-31 00:45:08, 28896
88592, 2012-03-31 00:50:01, 28963
88593, 2012-03-31 00:55:07, 28902
88594, 2012-03-31 01:00:24, 28783
88595, 2012-03-31 01:05:01, 28670
88596, 2012-03-31 01:10:02, 28573
88597, 2012-03-31 01:15:16, 28476
88598, 2012-03-31 01:20:01, 28404
88599, 2012-03-31 01:25:08, 28471
88600, 2012-03-31 01:30:20, 28455
88601, 2012-03-31 01:35:17, 28402
88602, 2012-03-31 01:40:01, 28436
88603, 2012-03-31 01:45:14, 28299
88604, 2012-03-31 01:50:01, 28129
88605, 2012-03-31 01:55:07, 28028
88606, 2012-03-31 02:00:20, 27904
88607, 2012-03-31 02:05:18, 27829
88608, 2012-03-31 02:10:02, 27900
88609, 2012-03-31 02:15:12, 27856
88610, 2012-03-31 02:20:01, 27787
88611, 2012-03-31 02:25:07, 27851
88612, 2012-03-31 02:30:23, 27797
88613, 2012-03-31 02:35:01, 27703
88614, 2012-03-31 02:40:01, 27662
88615, 2012-03-31 02:45:02, 27552
88616, 2012-03-31 02:50:01, 27541
88617, 2012-03-31 02:55:07, 27582
88618, 2012-03-31 03:00:01, 27522
88619, 2012-03-31 03:05:09, 27393
88620, 2012-03-31 03:10:01, 27344
88621, 2012-03-31 03:15:06, 27259
88622, 2012-03-31 03:20:12, 27152
88623, 2012-03-31 03:25:01, 27082
88624, 2012-03-31 03:30:01, 26989
88625, 2012-03-31 03:35:01, 26970
88626, 2012-03-31 03:40:01, 26940
88627, 2012-03-31 03:45:13, 26927
88628, 2012-03-31 03:50:01, 26753
88629, 2012-03-31 03:55:08, 26610
88630, 2012-03-31 04:00:01, 26580
88631, 2012-03-31 04:05:15, 26479
88632, 2012-03-31 04:10:17, 26562
88633, 2012-03-31 04:15:06, 26643
88634, 2012-03-31 04:20:01, 26606
88635, 2012-03-31 04:25:01, 26612
88636, 2012-03-31 04:30:29, 26570
88637, 2012-03-31 04:35:01, 26573
88638, 2012-03-31 04:40:01, 26663
88639, 2012-03-31 04:45:14, 26741
88640, 2012-03-31 04:50:22, 26821
88641, 2012-03-31 04:55:05, 26874
88642, 2012-03-31 05:00:43, 27049
88643, 2012-03-31 05:05:10, 27240
88644, 2012-03-31 05:10:21, 27488
88645, 2012-03-31 05:15:12, 27560
88646, 2012-03-31 05:20:02, 27517
88647, 2012-03-31 05:25:09, 27517
88648, 2012-03-31 05:30:01, 27518
88649, 2012-03-31 05:35:14, 27360
88650, 2012-03-31 05:40:01, 27211
88651, 2012-03-31 05:45:11, 27220
88652, 2012-03-31 05:50:01, 27286
88653, 2012-03-31 05:55:06, 27477
88654, 2012-03-31 06:00:02, 27601
88655, 2012-03-31 06:05:18, 27851
88656, 2012-03-31 06:10:41, 28352
88657, 2012-03-31 06:15:09, 28825
88658, 2012-03-31 06:20:21, 29043
88659, 2012-03-31 06:25:06, 29251
88660, 2012-03-31 06:30:01, 29541
88661, 2012-03-31 06:35:09, 29930
88662, 2012-03-31 06:40:11, 30248
88663, 2012-03-31 06:45:20, 30520
88664, 2012-03-31 06:50:01, 30814
88665, 2012-03-31 06:55:06, 31065
88666, 2012-03-31 07:00:02, 31320
88667, 2012-03-31 07:05:01, 31685
88668, 2012-03-31 07:10:01, 32030
88669, 2012-03-31 07:15:13, 32467
88670, 2012-03-31 07:20:24, 32731
88671, 2012-03-31 07:25:08, 33023
88672, 2012-03-31 07:30:14, 33358
88673, 2012-03-31 07:35:14, 33597
88674, 2012-03-31 07:40:10, 33754
88675, 2012-03-31 07:45:01, 33872
88676, 2012-03-31 07:50:02, 34054
88677, 2012-03-31 07:55:02, 34397
88678, 2012-03-31 08:00:01, 34487
88679, 2012-03-31 08:05:01, 34823
88680, 2012-03-31 08:10:18, 35236
88681, 2012-03-31 08:15:01, 35619
88682, 2012-03-31 08:20:02, 35722
88683, 2012-03-31 08:25:06, 35856
88684, 2012-03-31 08:30:17, 35943
88685, 2012-03-31 08:35:01, 36028
88686, 2012-03-31 08:40:01, 36132
88687, 2012-03-31 08:45:10, 36203
88688, 2012-03-31 08:50:12, 36338
88689, 2012-03-31 08:55:01, 36427
88690, 2012-03-31 09:00:01, 36411
88691, 2012-03-31 09:05:13, 36490
88692, 2012-03-31 09:10:14, 36628
88693, 2012-03-31 09:15:01, 36769
88694, 2012-03-31 09:20:01, 36875
88695, 2012-03-31 09:25:08, 36846
88696, 2012-03-31 09:30:15, 36814
88697, 2012-03-31 09:35:01, 36805
88698, 2012-03-31 09:40:01, 36757
88699, 2012-03-31 09:45:08, 36795
88700, 2012-03-31 09:50:02, 36796
88701, 2012-03-31 09:55:07, 36834
88702, 2012-03-31 10:00:02, 36845
88703, 2012-03-31 10:05:10, 36826
88704, 2012-03-31 10:10:01, 36865
88705, 2012-03-31 10:15:01, 36870
88706, 2012-03-31 10:20:01, 36884
88707, 2012-03-31 10:25:07, 36863
88708, 2012-03-31 10:30:01, 36784
88709, 2012-03-31 10:35:11, 36709
88710, 2012-03-31 10:40:01, 36830
88711, 2012-03-31 10:45:08, 36815
88712, 2012-03-31 10:50:02, 36831
88713, 2012-03-31 10:55:01, 36827
88714, 2012-03-31 11:00:01, 36756
88715, 2012-03-31 11:05:21, 36839
88716, 2012-03-31 11:10:01, 36862
88717, 2012-03-31 11:15:14, 36877
88718, 2012-03-31 11:20:19, 36844
88719, 2012-03-31 11:25:02, 36821
88720, 2012-03-31 11:30:01, 36758
88721, 2012-03-31 11:35:13, 36695
88722, 2012-03-31 11:40:04, 36665
88723, 2012-03-31 11:45:14, 36643
88724, 2012-03-31 11:50:01, 36572
88725, 2012-03-31 11:55:01, 36552
88726, 2012-03-31 12:00:01, 36441
88727, 2012-03-31 12:05:19, 36283
88728, 2012-03-31 12:10:01, 36130
88729, 2012-03-31 12:15:08, 36075
88730, 2012-03-31 12:20:11, 36012
88731, 2012-03-31 12:25:01, 35923
88732, 2012-03-31 12:30:01, 35793
88733, 2012-03-31 12:35:01, 35664
88734, 2012-03-31 12:40:01, 35615
88735, 2012-03-31 12:45:07, 35512
88736, 2012-03-31 12:50:01, 35440
88737, 2012-03-31 12:55:10, 35306
88738, 2012-03-31 13:00:01, 35099
88739, 2012-03-31 13:05:16, 34980
88740, 2012-03-31 13:10:12, 35095
88741, 2012-03-31 13:15:01, 35126
88742, 2012-03-31 13:20:01, 35024
88743, 2012-03-31 13:25:08, 34924
88744, 2012-03-31 13:30:01, 34814
88745, 2012-03-31 13:35:12, 34758
88746, 2012-03-31 13:40:02, 34757
88747, 2012-03-31 13:45:07, 34744
88748, 2012-03-31 13:50:10, 34628
88749, 2012-03-31 13:55:01, 34572
88750, 2012-03-31 14:00:01, 34449
88751, 2012-03-31 14:05:12, 34340
88752, 2012-03-31 14:10:01, 34335
88753, 2012-03-31 14:15:07, 34215
88754, 2012-03-31 14:20:02, 34130
88755, 2012-03-31 14:25:04, 34101
88756, 2012-03-31 14:30:04, 34128
88757, 2012-03-31 14:35:01, 34135
88758, 2012-03-31 14:41:39, 34127
88759, 2012-03-31 14:45:10, 34098
88760, 2012-03-31 14:50:02, 34164
88761, 2012-03-31 14:55:09, 34241
88762, 2012-03-31 15:00:01, 34333
88763, 2012-03-31 15:05:13, 34314
88764, 2012-03-31 15:10:01, 34309
88765, 2012-03-31 15:15:01, 34382
88766, 2012-03-31 15:20:01, 34520
88767, 2012-03-31 15:25:08, 34589
88768, 2012-03-31 15:30:01, 34586
88769, 2012-03-31 15:35:12, 34725
88770, 2012-03-31 15:40:02, 34825
88771, 2012-03-31 15:45:17, 34915
88772, 2012-03-31 15:50:16, 35158
88773, 2012-03-31 15:55:01, 35246
88774, 2012-03-31 16:00:02, 35322
88775, 2012-03-31 16:05:14, 35513
88776, 2012-03-31 16:10:01, 35737
88777, 2012-03-31 16:15:12, 35847
88778, 2012-03-31 16:20:01, 35906
88779, 2012-03-31 16:25:12, 35962
88780, 2012-03-31 16:30:12, 36151
88781, 2012-03-31 16:35:01, 36263
88782, 2012-03-31 16:40:04, 36340
88783, 2012-03-31 16:45:11, 36310
88784, 2012-03-31 16:50:01, 36328
88785, 2012-03-31 16:55:12, 36392
88786, 2012-03-31 17:00:01, 36401
88787, 2012-03-31 17:05:11, 36420
88788, 2012-03-31 17:10:01, 36487
88789, 2012-03-31 17:15:01, 36502
88790, 2012-03-31 17:20:01, 36475
88791, 2012-03-31 17:25:08, 36584
88792, 2012-03-31 17:30:01, 36563
88793, 2012-03-31 17:35:09, 36514
88794, 2012-03-31 17:40:01, 36690
88795, 2012-03-31 17:45:11, 36691
88796, 2012-03-31 17:50:16, 36653
88797, 2012-03-31 17:55:01, 36629
88798, 2012-03-31 18:00:01, 36603
88799, 2012-03-31 18:05:11, 36560
88800, 2012-03-31 18:10:01, 36736
88801, 2012-03-31 18:15:15, 36705
88802, 2012-03-31 18:20:27, 36636
88803, 2012-03-31 18:25:01, 36518
88804, 2012-03-31 18:30:01, 36529
88805, 2012-03-31 18:35:16, 36529
88806, 2012-03-31 18:40:01, 36654
88807, 2012-03-31 18:45:15, 36635
88808, 2012-03-31 18:50:01, 36633
88809, 2012-03-31 18:55:06, 36973
88810, 2012-03-31 19:00:14, 37180
88811, 2012-03-31 19:05:01, 37344
88812, 2012-03-31 19:10:02, 37829
88813, 2012-03-31 19:15:03, 37919
88814, 2012-03-31 19:20:02, 37832
88815, 2012-03-31 19:25:08, 37696
88816, 2012-03-31 19:30:01, 38037
88817, 2012-03-31 19:35:15, 37826
88818, 2012-03-31 19:40:13, 37538
88819, 2012-03-31 19:45:01, 37489
88820, 2012-03-31 19:50:01, 37314
88821, 2012-03-31 19:55:01, 37085
88822, 2012-03-31 20:00:01, 36804
88823, 2012-03-31 20:05:13, 36833
88824, 2012-03-31 20:10:01, 36569
88825, 2012-03-31 20:15:12, 36466
88826, 2012-03-31 20:20:19, 36533
88827, 2012-03-31 20:25:02, 36243
88828, 2012-03-31 20:30:01, 36040
88829, 2012-03-31 20:35:12, 35847
88830, 2012-03-31 20:40:01, 35585
88831, 2012-03-31 20:45:21, 35329
88832, 2012-03-31 20:50:01, 35200
88833, 2012-03-31 20:55:06, 34938
88834, 2012-03-31 21:00:13, 34748
88835, 2012-03-31 21:05:01, 34558
88836, 2012-03-31 21:10:01, 34430
88837, 2012-03-31 21:15:01, 34270
88838, 2012-03-31 21:20:01, 33930
88839, 2012-03-31 21:25:09, 33623
88840, 2012-03-31 21:30:01, 33438
88841, 2012-03-31 21:35:12, 33303
88842, 2012-03-31 21:40:01, 33091
88843, 2012-03-31 21:45:12, 32864
88844, 2012-03-31 21:50:16, 32593
88845, 2012-03-31 21:55:01, 32294
88846, 2012-03-31 22:00:01, 31949
88847, 2012-03-31 22:05:14, 31669
88848, 2012-03-31 22:10:01, 31481
88849, 2012-03-31 22:15:20, 31239
88850, 2012-03-31 22:20:02, 30945
88851, 2012-03-31 22:25:14, 30609
88852, 2012-03-31 22:30:29, 30345
88853, 2012-03-31 22:35:02, 30085
88854, 2012-03-31 22:40:01, 29909
88855, 2012-03-31 22:45:12, 29683
88856, 2012-03-31 22:50:01, 29370
88857, 2012-03-31 22:55:09, 29312
88858, 2012-03-31 23:00:01, 29078
88859, 2012-03-31 23:05:18, 28789
88860, 2012-03-31 23:10:01, 28789
88861, 2012-03-31 23:15:09, 28789
88862, 2012-03-31 23:20:05, 28789
88863, 2012-03-31 23:25:01, 28789
88864, 2012-03-31 23:30:01, 28789
88865, 2012-03-31 23:35:13, 28789
88866, 2012-03-31 23:40:02, 28789
88867, 2012-03-31 23:45:10, 28789
88868, 2012-03-31 23:50:01, 28789
88869, 2012-03-31 23:55:07, 28789
88870, 2012-04-01 00:00:23, 28789
88871, 2012-04-01 00:05:01, 28294
88872, 2012-04-01 00:10:01, 28526
88873, 2012-04-01 00:15:13, 28618
88874, 2012-04-01 00:20:01, 28584
88875, 2012-04-01 00:25:16, 28664
88876, 2012-04-01 00:30:01, 28652
88877, 2012-04-01 00:35:01, 28649
88878, 2012-04-01 00:40:01, 28912
88879, 2012-04-01 00:45:18, 28905
88880, 2012-04-01 00:50:01, 28891
88881, 2012-04-01 00:55:08, 28818
88882, 2012-04-01 01:00:37, 28772
88883, 2012-04-01 01:05:01, 28768
88884, 2012-04-01 01:10:01, 29067
88885, 2012-04-01 01:15:12, 29134
88886, 2012-04-01 01:20:01, 29132
88887, 2012-04-01 01:25:12, 29052
88888, 2012-04-01 01:30:01, 28993
88889, 2012-04-01 01:35:09, 28949
88890, 2012-04-01 01:40:12, 28971
88891, 2012-04-01 01:45:01, 28743
88892, 2012-04-01 01:50:01, 28668
88893, 2012-04-01 01:55:01, 28590
88894, 2012-04-01 02:00:01, 28450
88895, 2012-04-01 02:05:14, 28593
88896, 2012-04-01 02:10:01, 28773
88897, 2012-04-01 02:15:14, 28842
88898, 2012-04-01 02:20:01, 28826
88899, 2012-04-01 02:25:01, 28790
88900, 2012-04-01 02:30:01, 28711
88901, 2012-04-01 02:35:07, 28547
88902, 2012-04-01 02:40:01, 28565
88903, 2012-04-01 02:45:20, 28523
88904, 2012-04-01 02:50:01, 28426
88905, 2012-04-01 02:55:04, 28346
88906, 2012-04-01 03:00:02, 28207
88907, 2012-04-01 03:05:11, 28126
88908, 2012-04-01 03:10:01, 28168
88909, 2012-04-01 03:15:01, 28124
88910, 2012-04-01 03:20:01, 28036
88911, 2012-04-01 03:25:01, 27966
88912, 2012-04-01 03:30:01, 27933
88913, 2012-04-01 03:35:14, 27825
88914, 2012-04-01 03:40:01, 27845
88915, 2012-04-01 03:45:11, 27781
88916, 2012-04-01 03:50:01, 27651
88917, 2012-04-01 03:55:08, 27564
88918, 2012-04-01 04:00:18, 27477
88919, 2012-04-01 04:05:15, 27411
88920, 2012-04-01 04:10:01, 27427
88921, 2012-04-01 04:15:15, 27436
88922, 2012-04-01 04:20:01, 27455
88923, 2012-04-01 04:25:08, 27462
88924, 2012-04-01 04:30:11, 27422
88925, 2012-04-01 04:35:01, 27397
88926, 2012-04-01 04:40:01, 27467
88927, 2012-04-01 04:45:02, 27540
88928, 2012-04-01 04:50:05, 27555
88929, 2012-04-01 04:55:07, 27582
88930, 2012-04-01 05:00:01, 27558
88931, 2012-04-01 05:05:21, 27632
88932, 2012-04-01 05:10:01, 27892
88933, 2012-04-01 05:15:08, 28061
88934, 2012-04-01 05:20:10, 28173
88935, 2012-04-01 05:25:01, 28181
88936, 2012-04-01 05:30:01, 28085
88937, 2012-04-01 05:35:10, 28002
88938, 2012-04-01 05:40:01, 27967
88939, 2012-04-01 05:45:15, 27976
88940, 2012-04-01 05:50:04, 28045
88941, 2012-04-01 05:55:06, 28080
88942, 2012-04-01 06:00:54, 28080
88943, 2012-04-01 06:05:13, 28232
88944, 2012-04-01 06:10:01, 28233
88945, 2012-04-01 06:15:08, 28187
88946, 2012-04-01 06:20:01, 28300
88947, 2012-04-01 06:25:11, 28288
88948, 2012-04-01 06:30:01, 28339
88949, 2012-04-01 06:35:29, 28535
88950, 2012-04-01 06:40:01, 28535
88951, 2012-04-01 06:45:08, 28738
88952, 2012-04-01 06:50:01, 28808
88953, 2012-04-01 06:55:07, 28914
88954, 2012-04-01 07:00:17, 29170
88955, 2012-04-01 07:05:03, 29365
88956, 2012-04-01 07:10:01, 29465
88957, 2012-04-01 07:15:13, 29715
88958, 2012-04-01 07:20:01, 29968
88959, 2012-04-01 07:25:09, 30230
88960, 2012-04-01 07:30:01, 30548
88961, 2012-04-01 07:35:10, 30916
88962, 2012-04-01 07:40:16, 31085
88963, 2012-04-01 07:45:01, 31170
88964, 2012-04-01 07:50:01, 31338
88965, 2012-04-01 07:55:11, 31585
88966, 2012-04-01 08:00:01, 31705
88967, 2012-04-01 08:05:16, 31922
88968, 2012-04-01 08:10:01, 32212
88969, 2012-04-01 08:15:01, 32530
88970, 2012-04-01 08:20:01, 32719
88971, 2012-04-01 08:25:10, 32976
88972, 2012-04-01 08:30:01, 33135
88973, 2012-04-01 08:35:12, 33279
88974, 2012-04-01 08:40:12, 33466
88975, 2012-04-01 08:45:01, 33518
88976, 2012-04-01 08:50:01, 33624
88977, 2012-04-01 08:55:06, 33809
88978, 2012-04-01 09:00:01, 33985
88979, 2012-04-01 09:05:15, 34101
88980, 2012-04-01 09:10:03, 34297
88981, 2012-04-01 09:15:03, 34399
88982, 2012-04-01 09:20:01, 34454
88983, 2012-04-01 09:25:01, 34464
88984, 2012-04-01 09:30:02, 34469
88985, 2012-04-01 09:35:13, 34534
88986, 2012-04-01 09:40:12, 34635
88987, 2012-04-01 09:45:01, 34636
88988, 2012-04-01 09:50:01, 34586
88989, 2012-04-01 09:55:01, 34604
88990, 2012-04-01 10:00:02, 34620
88991, 2012-04-01 10:05:17, 34688
88992, 2012-04-01 10:10:02, 34770
88993, 2012-04-01 10:15:08, 34803
88994, 2012-04-01 10:20:01, 34890
88995, 2012-04-01 10:25:08, 34920
88996, 2012-04-01 10:30:38, 34868
88997, 2012-04-01 10:35:02, 34842
88998, 2012-04-01 10:40:01, 34832
88999, 2012-04-01 10:45:11, 34797
89000, 2012-04-01 10:50:01, 34737
89001, 2012-04-01 10:55:07, 34737
89002, 2012-04-01 11:00:02, 34816
89003, 2012-04-01 11:05:01, 34764
89004, 2012-04-01 11:10:01, 34847
89005, 2012-04-01 11:15:15, 34926
89006, 2012-04-01 11:20:01, 34838
89007, 2012-04-01 11:25:07, 34835
89008, 2012-04-01 11:30:01, 34798
89009, 2012-04-01 11:35:12, 34768
89010, 2012-04-01 11:40:01, 34797
89011, 2012-04-01 11:45:01, 34743
89012, 2012-04-01 11:50:01, 34685
89013, 2012-04-01 11:55:07, 34656
89014, 2012-04-01 12:00:01, 34538
89015, 2012-04-01 12:05:14, 34416
89016, 2012-04-01 12:10:19, 34364
89017, 2012-04-01 12:15:01, 34280
89018, 2012-04-01 12:20:01, 34109
89019, 2012-04-01 12:25:08, 34054
89020, 2012-04-01 12:30:01, 33905
89021, 2012-04-01 12:35:11, 33832
89022, 2012-04-01 12:40:01, 33877
89023, 2012-04-01 12:45:14, 33772
89024, 2012-04-01 12:50:10, 33612
89025, 2012-04-01 12:55:02, 33419
89026, 2012-04-01 13:00:01, 33304
89027, 2012-04-01 13:05:12, 33288
89028, 2012-04-01 13:10:01, 33367
89029, 2012-04-01 13:15:09, 33375
89030, 2012-04-01 13:20:01, 33313
89031, 2012-04-01 13:25:11, 33162
89032, 2012-04-01 13:30:30, 33154
89033, 2012-04-01 13:35:02, 33086
89034, 2012-04-01 13:40:01, 33029
89035, 2012-04-01 13:45:01, 32896
89036, 2012-04-01 13:50:02, 32788
89037, 2012-04-01 13:55:07, 32590
89038, 2012-04-01 14:00:01, 32440
89039, 2012-04-01 14:05:13, 32485
89040, 2012-04-01 14:10:01, 32605
89041, 2012-04-01 14:15:01, 32609
89042, 2012-04-01 14:20:01, 32558
89043, 2012-04-01 14:25:01, 32578
89044, 2012-04-01 14:30:01, 32535
89045, 2012-04-01 14:35:01, 32535
89046, 2012-04-01 14:40:01, 32558
89047, 2012-04-01 14:45:09, 32546
89048, 2012-04-01 14:50:44, 32657
89049, 2012-04-01 14:55:01, 32806
89050, 2012-04-01 15:00:01, 32905
89051, 2012-04-01 15:05:01, 32876
89052, 2012-04-01 15:10:01, 32977
89053, 2012-04-01 15:15:04, 33033
89054, 2012-04-01 15:20:01, 33085
89055, 2012-04-01 15:25:08, 33121
89056, 2012-04-01 15:30:01, 33148
89057, 2012-04-01 15:35:01, 33263
89058, 2012-04-01 15:40:01, 33422
89059, 2012-04-01 15:45:01, 33482
89060, 2012-04-01 15:50:01, 33625
89061, 2012-04-01 15:55:02, 33707
89062, 2012-04-01 16:00:02, 33816
89063, 2012-04-01 16:05:10, 33936
89064, 2012-04-01 16:10:03, 34100
89065, 2012-04-01 16:15:10, 34172
89066, 2012-04-01 16:20:16, 34145
89067, 2012-04-01 16:25:01, 34184
89068, 2012-04-01 16:30:03, 34262
89069, 2012-04-01 16:35:10, 34320
89070, 2012-04-01 16:40:01, 34431
89071, 2012-04-01 16:45:08, 34429
89072, 2012-04-01 16:50:01, 34478
89073, 2012-04-01 16:55:07, 34536
89074, 2012-04-01 17:00:38, 34573
89075, 2012-04-01 17:05:01, 34584
89076, 2012-04-01 17:10:01, 34643
89077, 2012-04-01 17:15:09, 34629
89078, 2012-04-01 17:20:01, 34691
89079, 2012-04-01 17:25:09, 34713
89080, 2012-04-01 17:30:01, 34686
89081, 2012-04-01 17:35:11, 34611
89082, 2012-04-01 17:40:01, 34679
89083, 2012-04-01 17:45:02, 34753
89084, 2012-04-01 17:50:01, 34756
89085, 2012-04-01 17:55:01, 34786
89086, 2012-04-01 18:00:05, 34751
89087, 2012-04-01 18:05:15, 34813
89088, 2012-04-01 18:10:01, 35031
89089, 2012-04-01 18:15:17, 35037
89090, 2012-04-01 18:20:01, 35090
89091, 2012-04-01 18:25:07, 35086
89092, 2012-04-01 18:30:02, 35130
89093, 2012-04-01 18:35:01, 35267
89094, 2012-04-01 18:40:01, 35566
89095, 2012-04-01 18:45:09, 35809
89096, 2012-04-01 18:50:05, 35973
89097, 2012-04-01 18:55:07, 36293
89098, 2012-04-01 19:00:01, 36689
89099, 2012-04-01 19:05:13, 37299
89100, 2012-04-01 19:10:01, 38318
89101, 2012-04-01 19:15:02, 38481
89102, 2012-04-01 19:20:01, 38531
89103, 2012-04-01 19:25:08, 38560
89104, 2012-04-01 19:30:01, 38475
89105, 2012-04-01 19:35:11, 38383
89106, 2012-04-01 19:40:01, 38374
89107, 2012-04-01 19:45:13, 38211
89108, 2012-04-01 19:50:25, 37985
89109, 2012-04-01 19:55:01, 37813
89110, 2012-04-01 20:00:03, 37722
89111, 2012-04-01 20:05:18, 37700
89112, 2012-04-01 20:10:01, 37801
89113, 2012-04-01 20:15:08, 37400
89114, 2012-04-01 20:20:03, 37105
89115, 2012-04-01 20:25:09, 36753
89116, 2012-04-01 20:30:20, 36479
89117, 2012-04-01 20:35:01, 36226
89118, 2012-04-01 20:40:01, 35886
89119, 2012-04-01 20:45:08, 35550
89120, 2012-04-01 20:50:01, 35264
89121, 2012-04-01 20:55:07, 35131
89122, 2012-04-01 21:00:01, 34826
89123, 2012-04-01 21:05:11, 34569
89124, 2012-04-01 21:10:16, 34784
89125, 2012-04-01 21:15:01, 34508
89126, 2012-04-01 21:20:01, 34110
89127, 2012-04-01 21:25:01, 33772
89128, 2012-04-01 21:30:01, 33291
89129, 2012-04-01 21:35:12, 32892
89130, 2012-04-01 21:40:01, 32791
89131, 2012-04-01 21:45:09, 32505
89132, 2012-04-01 21:50:11, 32076
89133, 2012-04-01 21:55:06, 31704
89134, 2012-04-01 22:00:01, 31343
89135, 2012-04-01 22:05:01, 30986
89136, 2012-04-01 22:10:01, 30871
89137, 2012-04-01 22:15:11, 30855
89138, 2012-04-01 22:20:01, 30897
89139, 2012-04-01 22:25:09, 30597
89140, 2012-04-01 22:30:01, 30261
89141, 2012-04-01 22:35:10, 29947
89142, 2012-04-01 22:40:34, 29752
89143, 2012-04-01 22:45:01, 29506
89144, 2012-04-01 22:50:01, 29308
89145, 2012-04-01 22:55:07, 29063
89146, 2012-04-01 23:00:01, 28923
89147, 2012-04-01 23:05:12, 28625
89148, 2012-04-01 23:10:01, 28625
89149, 2012-04-01 23:15:08, 28625
89150, 2012-04-01 23:20:14, 28625
89151, 2012-04-01 23:25:01, 28625
89152, 2012-04-01 23:30:01, 28625
89153, 2012-04-01 23:35:10, 28625
89154, 2012-04-01 23:40:01, 28625
89155, 2012-04-01 23:45:09, 28625
89156, 2012-04-01 23:50:01, 28625
89157, 2012-04-01 23:55:04, 28625
89158, 2012-04-02 00:00:16, 28625
89159, 2012-04-02 00:05:04, 27968
89160, 2012-04-02 00:10:01, 28420
89161, 2012-04-02 00:15:07, 28666
89162, 2012-04-02 00:20:01, 28709
89163, 2012-04-02 00:25:17, 28773
89164, 2012-04-02 00:30:01, 28734
89165, 2012-04-02 00:35:11, 28742
89166, 2012-04-02 00:40:10, 29071
89167, 2012-04-02 00:45:01, 29207
89168, 2012-04-02 00:50:01, 29249
89169, 2012-04-02 00:55:01, 29290
89170, 2012-04-02 01:00:01, 29268
89171, 2012-04-02 01:05:10, 29223
89172, 2012-04-02 01:10:01, 29245
89173, 2012-04-02 01:15:11, 29256
89174, 2012-04-02 01:20:01, 29224
89175, 2012-04-02 01:25:08, 29173
89176, 2012-04-02 01:30:01, 29017
89177, 2012-04-02 01:35:01, 28882
89178, 2012-04-02 01:40:01, 28949
89179, 2012-04-02 01:45:06, 29038
89180, 2012-04-02 01:50:01, 28917
89181, 2012-04-02 01:55:06, 28860
89182, 2012-04-02 02:00:02, 28801
89183, 2012-04-02 02:05:01, 28634
89184, 2012-04-02 02:10:02, 28587
89185, 2012-04-02 02:15:01, 28542
89186, 2012-04-02 02:20:01, 28490
89187, 2012-04-02 02:25:01, 28433
89188, 2012-04-02 02:30:01, 28323
89189, 2012-04-02 02:35:11, 28353
89190, 2012-04-02 02:40:01, 28503
89191, 2012-04-02 02:45:09, 28518
89192, 2012-04-02 02:50:03, 28412
89193, 2012-04-02 02:55:01, 28301
89194, 2012-04-02 03:00:01, 28262
89195, 2012-04-02 03:05:01, 28200
89196, 2012-04-02 03:10:01, 28230
89197, 2012-04-02 03:15:08, 28257
89198, 2012-04-02 03:20:02, 28152
89199, 2012-04-02 03:25:07, 28160
89200, 2012-04-02 03:30:01, 28122
89201, 2012-04-02 03:35:14, 28011
89202, 2012-04-02 03:40:10, 28119
89203, 2012-04-02 03:45:01, 28242
89204, 2012-04-02 03:50:01, 28202
89205, 2012-04-02 03:55:01, 28275
89206, 2012-04-02 04:00:01, 28265
89207, 2012-04-02 04:05:01, 28163
89208, 2012-04-02 04:10:01, 27910
89209, 2012-04-02 04:15:01, 27981
89210, 2012-04-02 04:20:01, 28084
89211, 2012-04-02 04:25:08, 28231
89212, 2012-04-02 04:30:02, 28455
89213, 2012-04-02 04:35:18, 28639
89214, 2012-04-02 04:40:11, 29152
89215, 2012-04-02 04:45:01, 29360
89216, 2012-04-02 04:50:02, 29558
89217, 2012-04-02 04:55:08, 29772
89218, 2012-04-02 05:00:01, 29905
89219, 2012-04-02 05:05:10, 30224
89220, 2012-04-02 05:10:14, 30934
89221, 2012-04-02 05:15:01, 31400
89222, 2012-04-02 05:20:01, 31590
89223, 2012-04-02 05:25:01, 31577
89224, 2012-04-02 05:30:01, 31813
89225, 2012-04-02 05:35:10, 32014
89226, 2012-04-02 05:40:01, 32157
89227, 2012-04-02 05:45:09, 32539
89228, 2012-04-02 05:50:02, 32965
89229, 2012-04-02 05:55:01, 33366
89230, 2012-04-02 06:00:01, 33738
89231, 2012-04-02 06:05:01, 34183
89232, 2012-04-02 06:10:01, 34801
89233, 2012-04-02 06:15:12, 35563
89234, 2012-04-02 06:20:01, 36128
89235, 2012-04-02 06:25:07, 36532
89236, 2012-04-02 06:30:02, 36917
89237, 2012-04-02 06:35:10, 37415
89238, 2012-04-02 06:40:01, 37759
89239, 2012-04-02 06:45:01, 38249
89240, 2012-04-02 06:50:01, 38650
89241, 2012-04-02 06:55:07, 38977
89242, 2012-04-02 07:00:03, 39291
89243, 2012-04-02 07:05:10, 39524
89244, 2012-04-02 07:10:04, 39815
89245, 2012-04-02 07:15:11, 40289
89246, 2012-04-02 07:20:02, 40577
89247, 2012-04-02 07:25:01, 40842
89248, 2012-04-02 07:30:01, 41154
89249, 2012-04-02 07:35:12, 41267
89250, 2012-04-02 07:40:01, 41294
89251, 2012-04-02 07:45:26, 41368
89252, 2012-04-02 07:50:22, 41561
89253, 2012-04-02 07:55:01, 41736
89254, 2012-04-02 08:00:01, 41916
89255, 2012-04-02 08:05:16, 41934
89256, 2012-04-02 08:10:01, 42156
89257, 2012-04-02 08:15:16, 42400
89258, 2012-04-02 08:20:01, 42523
89259, 2012-04-02 08:25:01, 42517
89260, 2012-04-02 08:30:04, 42593
89261, 2012-04-02 08:35:17, 42608
89262, 2012-04-02 08:40:01, 42733
89263, 2012-04-02 08:45:09, 42781
89264, 2012-04-02 08:50:01, 42711
89265, 2012-04-02 08:55:08, 42626
89266, 2012-04-02 09:00:01, 42597
89267, 2012-04-02 09:05:01, 42545
89268, 2012-04-02 09:10:01, 42473
89269, 2012-04-02 09:15:09, 42442
89270, 2012-04-02 09:20:01, 42525
89271, 2012-04-02 09:25:09, 42424
89272, 2012-04-02 09:30:16, 42413
89273, 2012-04-02 09:35:01, 42391
89274, 2012-04-02 09:40:01, 42527
89275, 2012-04-02 09:45:14, 42542
89276, 2012-04-02 09:50:02, 42498
89277, 2012-04-02 09:55:06, 42488
89278, 2012-04-02 10:00:02, 42385
89279, 2012-04-02 10:05:01, 42340
89280, 2012-04-02 10:10:01, 42426
89281, 2012-04-02 10:15:01, 42456
89282, 2012-04-02 10:20:02, 42426
89283, 2012-04-02 10:25:16, 42397
89284, 2012-04-02 10:30:01, 42428
89285, 2012-04-02 10:35:01, 42463
89286, 2012-04-02 10:40:01, 42549
89287, 2012-04-02 10:45:19, 42443
89288, 2012-04-02 10:50:01, 42385
89289, 2012-04-02 10:55:16, 42389
89290, 2012-04-02 11:00:17, 42382
89291, 2012-04-02 11:05:12, 42380
89292, 2012-04-02 11:10:05, 42413
89293, 2012-04-02 11:15:33, 42503
89294, 2012-04-02 11:20:01, 42526
89295, 2012-04-02 11:25:17, 42474
89296, 2012-04-02 11:30:01, 42402
89297, 2012-04-02 11:35:13, 42341
89298, 2012-04-02 11:40:01, 42279
89299, 2012-04-02 11:45:11, 42171
89300, 2012-04-02 11:50:01, 42076
89301, 2012-04-02 11:55:08, 41990
89302, 2012-04-02 12:00:01, 41936
89303, 2012-04-02 12:05:01, 41812
89304, 2012-04-02 12:10:04, 41787
89305, 2012-04-02 12:15:09, 41826
89306, 2012-04-02 12:20:04, 41778
89307, 2012-04-02 12:25:18, 41787
89308, 2012-04-02 12:30:07, 41750
89309, 2012-04-02 12:35:04, 41686
89310, 2012-04-02 12:40:01, 41754
89311, 2012-04-02 12:45:12, 41741
89312, 2012-04-02 12:50:01, 41644
89313, 2012-04-02 12:55:08, 41564
89314, 2012-04-02 13:00:26, 41488
89315, 2012-04-02 13:05:01, 41457
89316, 2012-04-02 13:10:01, 41548
89317, 2012-04-02 13:15:01, 41606
89318, 2012-04-02 13:20:01, 41490
89319, 2012-04-02 13:25:16, 41525
89320, 2012-04-02 13:30:01, 41457
89321, 2012-04-02 13:35:34, 41350
89322, 2012-04-02 13:40:26, 41250
89323, 2012-04-02 13:45:01, 41158
89324, 2012-04-02 13:50:01, 41170
89325, 2012-04-02 13:55:15, 41147
89326, 2012-04-02 14:00:01, 41116
89327, 2012-04-02 14:05:01, 41034
89328, 2012-04-02 14:10:01, 41061
89329, 2012-04-02 14:15:26, 41079
89330, 2012-04-02 14:20:01, 41124
89331, 2012-04-02 14:25:15, 41188
89332, 2012-04-02 14:30:01, 41029
89333, 2012-04-02 14:35:16, 41041
89334, 2012-04-02 14:40:14, 41007
89335, 2012-04-02 14:45:01, 41006
89336, 2012-04-02 14:50:01, 41006
89337, 2012-04-02 14:55:12, 41079
89338, 2012-04-02 15:02:15, 39685
89339, 2012-04-02 15:05:15, 39356
89340, 2012-04-02 15:10:02, 41161
89341, 2012-04-02 15:15:12, 41238
89342, 2012-04-02 15:20:05, 41371
89343, 2012-04-02 15:25:01, 41531
89344, 2012-04-02 15:30:01, 41682
89345, 2012-04-02 15:35:01, 41763
89346, 2012-04-02 15:40:02, 41922
89347, 2012-04-02 15:45:13, 41968
89348, 2012-04-02 15:50:01, 42034
89349, 2012-04-02 15:55:09, 42123
89350, 2012-04-02 16:00:09, 42256
89351, 2012-04-02 16:05:01, 42412
89352, 2012-04-02 16:10:01, 42469
89353, 2012-04-02 16:15:11, 42516
89354, 2012-04-02 16:20:01, 42574
89355, 2012-04-02 16:25:11, 42632
89356, 2012-04-02 16:30:01, 42658
89357, 2012-04-02 16:35:04, 42604
89358, 2012-04-02 16:40:11, 42505
89359, 2012-04-02 16:45:01, 42465
89360, 2012-04-02 16:50:04, 42376
89361, 2012-04-02 16:55:01, 42459
89362, 2012-04-02 17:00:01, 42338
89363, 2012-04-02 17:05:20, 42412
89364, 2012-04-02 17:10:02, 42593
89365, 2012-04-02 17:15:09, 42467
89366, 2012-04-02 17:20:01, 42358
89367, 2012-04-02 17:25:10, 42360
89368, 2012-04-02 17:30:01, 42244
89369, 2012-04-02 17:35:01, 42254
89370, 2012-04-02 17:40:01, 42313
89371, 2012-04-02 17:45:10, 42230
89372, 2012-04-02 17:50:01, 42165
89373, 2012-04-02 17:55:07, 42024
89374, 2012-04-02 18:00:03, 42017
89375, 2012-04-02 18:05:12, 42059
89376, 2012-04-02 18:10:01, 42120
89377, 2012-04-02 18:15:01, 42058
89378, 2012-04-02 18:20:01, 41994
89379, 2012-04-02 18:25:01, 41937
89380, 2012-04-02 18:30:01, 41808
89381, 2012-04-02 18:35:10, 41936
89382, 2012-04-02 18:40:01, 42230
89383, 2012-04-02 18:45:09, 42266
89384, 2012-04-02 18:50:01, 42504
89385, 2012-04-02 18:55:06, 42614
89386, 2012-04-02 19:00:01, 42717
89387, 2012-04-02 19:05:02, 43117
89388, 2012-04-02 19:10:01, 43591
89389, 2012-04-02 19:15:10, 43363
89390, 2012-04-02 19:20:01, 43296
89391, 2012-04-02 19:25:08, 43182
89392, 2012-04-02 19:30:03, 42992
89393, 2012-04-02 19:35:12, 42950
89394, 2012-04-02 19:40:02, 43008
89395, 2012-04-02 19:45:01, 42738
89396, 2012-04-02 19:50:01, 42748
89397, 2012-04-02 19:55:09, 42251
89398, 2012-04-02 20:00:01, 41885
89399, 2012-04-02 20:05:12, 41962
89400, 2012-04-02 20:10:01, 41980
89401, 2012-04-02 20:15:10, 41400
89402, 2012-04-02 20:20:16, 41007
89403, 2012-04-02 20:25:02, 40598
89404, 2012-04-02 20:30:01, 40190
89405, 2012-04-02 20:35:08, 39825
89406, 2012-04-02 20:40:01, 39465
89407, 2012-04-02 20:45:14, 39074
89408, 2012-04-02 20:50:01, 38725
89409, 2012-04-02 20:55:07, 38576
89410, 2012-04-02 21:00:01, 38312
89411, 2012-04-02 21:05:01, 37962
89412, 2012-04-02 21:10:01, 38049
89413, 2012-04-02 21:15:01, 37642
89414, 2012-04-02 21:20:02, 37180
89415, 2012-04-02 21:25:09, 36794
89416, 2012-04-02 21:30:01, 36316
89417, 2012-04-02 21:35:14, 35842
89418, 2012-04-02 21:40:01, 35598
89419, 2012-04-02 21:45:01, 35196
89420, 2012-04-02 21:50:01, 34753
89421, 2012-04-02 21:55:06, 34318
89422, 2012-04-02 22:00:01, 33851
89423, 2012-04-02 22:05:17, 33424
89424, 2012-04-02 22:10:33, 33423
89425, 2012-04-02 22:15:09, 33270
89426, 2012-04-02 22:20:01, 33066
89427, 2012-04-02 22:25:11, 32628
89428, 2012-04-02 22:30:02, 32288
89429, 2012-04-02 22:35:12, 32175
89430, 2012-04-02 22:40:08, 32074
89431, 2012-04-02 22:45:01, 31800
89432, 2012-04-02 22:50:01, 31598
89433, 2012-04-02 22:55:01, 31309
89434, 2012-04-02 23:00:01, 31015
89435, 2012-04-02 23:05:11, 30716
89436, 2012-04-02 23:10:01, 30716
89437, 2012-04-02 23:15:10, 30716
89438, 2012-04-02 23:20:01, 30716
89439, 2012-04-02 23:25:07, 30716
89440, 2012-04-02 23:30:01, 30716
89441, 2012-04-02 23:35:01, 30716
89442, 2012-04-02 23:40:01, 30716
89443, 2012-04-02 23:45:11, 30716
89444, 2012-04-02 23:50:01, 30716
89445, 2012-04-02 23:55:05, 30716
89446, 2012-04-03 00:00:01, 30716
89447, 2012-04-03 00:05:01, 29325
89448, 2012-04-03 00:10:02, 29749
89449, 2012-04-03 00:15:21, 30045
89450, 2012-04-03 00:20:01, 30162
89451, 2012-04-03 00:25:21, 30324
89452, 2012-04-03 00:30:12, 30384
89453, 2012-04-03 00:35:01, 30489
89454, 2012-04-03 00:40:01, 30797
89455, 2012-04-03 00:45:01, 30895
89456, 2012-04-03 00:50:01, 30754
89457, 2012-04-03 00:55:07, 30753
89458, 2012-04-03 01:00:01, 30786
89459, 2012-04-03 01:05:13, 30746
89460, 2012-04-03 01:10:01, 30737
89461, 2012-04-03 01:15:01, 30709
89462, 2012-04-03 01:20:01, 30574
89463, 2012-04-03 01:25:12, 30502
89464, 2012-04-03 01:30:04, 30516
89465, 2012-04-03 01:35:02, 30604
89466, 2012-04-03 01:40:01, 30661
89467, 2012-04-03 01:45:01, 30594
89468, 2012-04-03 01:50:01, 30404
89469, 2012-04-03 01:55:06, 30484
89470, 2012-04-03 02:00:03, 30456
89471, 2012-04-03 02:08:53, 30393
89472, 2012-04-03 02:10:03, 30393
89473, 2012-04-03 02:15:08, 30257
89474, 2012-04-03 02:20:01, 30248
89475, 2012-04-03 02:25:06, 30247
89476, 2012-04-03 02:30:17, 30139
89477, 2012-04-03 02:35:02, 30027
89478, 2012-04-03 02:40:01, 30030
89479, 2012-04-03 02:45:09, 30075
89480, 2012-04-03 02:50:01, 29959
89481, 2012-04-03 02:55:07, 29920
89482, 2012-04-03 03:00:02, 29802
89483, 2012-04-03 03:05:09, 29715
89484, 2012-04-03 03:10:14, 29815
89485, 2012-04-03 03:15:04, 29805
89486, 2012-04-03 03:20:03, 29773
89487, 2012-04-03 03:25:11, 29710
89488, 2012-04-03 03:30:01, 29561
89489, 2012-04-03 03:35:15, 29532
89490, 2012-04-03 03:40:15, 29655
89491, 2012-04-03 03:45:01, 29654
89492, 2012-04-03 03:50:01, 29572
89493, 2012-04-03 03:55:08, 29572
89494, 2012-04-03 04:00:01, 29525
89495, 2012-04-03 04:05:01, 29298
89496, 2012-04-03 04:10:02, 29141
89497, 2012-04-03 04:15:21, 29089
89498, 2012-04-03 04:20:01, 29370
89499, 2012-04-03 04:25:16, 29663
89500, 2012-04-03 04:30:18, 29777
89501, 2012-04-03 04:35:04, 29844
89502, 2012-04-03 04:40:01, 29886
89503, 2012-04-03 04:45:05, 30156
89504, 2012-04-03 04:50:02, 30263
89505, 2012-04-03 04:55:09, 30186
89506, 2012-04-03 05:00:03, 30369
89507, 2012-04-03 05:05:09, 30328
89508, 2012-04-03 05:10:14, 30658
89509, 2012-04-03 05:15:01, 31290
89510, 2012-04-03 05:20:01, 31725
89511, 2012-04-03 05:25:04, 32152
89512, 2012-04-03 05:30:02, 32397
89513, 2012-04-03 05:35:14, 32616
89514, 2012-04-03 05:40:01, 33047
89515, 2012-04-03 05:45:07, 33473
89516, 2012-04-03 05:50:12, 33864
89517, 2012-04-03 05:55:01, 34191
89518, 2012-04-03 06:00:01, 34618
89519, 2012-04-03 06:05:11, 34959
89520, 2012-04-03 06:10:01, 35559
89521, 2012-04-03 06:15:08, 36209
89522, 2012-04-03 06:20:01, 36737
89523, 2012-04-03 06:25:09, 37101
89524, 2012-04-03 06:30:02, 37494
89525, 2012-04-03 06:35:10, 37730
89526, 2012-04-03 06:40:01, 37961
89527, 2012-04-03 06:45:10, 38334
89528, 2012-04-03 06:50:01, 38743
89529, 2012-04-03 06:55:05, 38928
89530, 2012-04-03 07:00:01, 39363
89531, 2012-04-03 07:05:01, 39687
89532, 2012-04-03 07:10:01, 40015
89533, 2012-04-03 07:15:10, 40435
89534, 2012-04-03 07:20:01, 40736
89535, 2012-04-03 07:25:08, 40975
89536, 2012-04-03 07:30:01, 41287
89537, 2012-04-03 07:35:11, 41439
89538, 2012-04-03 07:40:01, 41438
89539, 2012-04-03 07:45:01, 41555
89540, 2012-04-03 07:50:01, 41620
89541, 2012-04-03 07:55:05, 41813
89542, 2012-04-03 08:00:01, 42011
89543, 2012-04-03 08:05:16, 42125
89544, 2012-04-03 08:10:01, 42352
89545, 2012-04-03 08:15:20, 42488
89546, 2012-04-03 08:20:01, 42531
89547, 2012-04-03 08:25:16, 42548
89548, 2012-04-03 08:30:26, 42572
89549, 2012-04-03 08:35:09, 42659
89550, 2012-04-03 08:40:02, 42660
89551, 2012-04-03 08:45:15, 42680
89552, 2012-04-03 08:50:19, 42645
89553, 2012-04-03 08:55:01, 42617
89554, 2012-04-03 09:00:01, 42587
89555, 2012-04-03 09:05:01, 42720
89556, 2012-04-03 09:10:01, 42778
89557, 2012-04-03 09:15:19, 42673
89558, 2012-04-03 09:21:11, 42653
89559, 2012-04-03 09:25:36, 42665
89560, 2012-04-03 09:30:01, 42685
89561, 2012-04-03 09:35:02, 42656
89562, 2012-04-03 09:40:01, 42736
89563, 2012-04-03 09:45:09, 42709
89564, 2012-04-03 09:50:01, 42715
89565, 2012-04-03 09:55:07, 42697
89566, 2012-04-03 10:00:01, 42679
89567, 2012-04-03 10:05:16, 42771
89568, 2012-04-03 10:10:01, 42819
89569, 2012-04-03 10:15:11, 42843
89570, 2012-04-03 10:20:01, 42868
89571, 2012-04-03 10:25:05, 42934
89572, 2012-04-03 10:30:01, 42913
89573, 2012-04-03 10:35:01, 42891
89574, 2012-04-03 10:40:01, 42959
89575, 2012-04-03 10:45:12, 42795
89576, 2012-04-03 10:50:01, 42786
89577, 2012-04-03 10:55:10, 42955
89578, 2012-04-03 11:00:01, 42979
89579, 2012-04-03 11:05:02, 42996
89580, 2012-04-03 11:10:01, 43069
89581, 2012-04-03 11:15:11, 43144
89582, 2012-04-03 11:20:01, 43197
89583, 2012-04-03 11:25:08, 43196
89584, 2012-04-03 11:30:33, 43104
89585, 2012-04-03 11:35:01, 42970
89586, 2012-04-03 11:40:01, 42841
89587, 2012-04-03 11:45:04, 42835
89588, 2012-04-03 11:50:01, 42872
89589, 2012-04-03 11:55:09, 42798
89590, 2012-04-03 12:00:01, 42674
89591, 2012-04-03 12:05:02, 42543
89592, 2012-04-03 12:10:01, 42508
89593, 2012-04-03 12:15:11, 42524
89594, 2012-04-03 12:20:01, 42432
89595, 2012-04-03 12:25:09, 42361
89596, 2012-04-03 12:30:01, 42295
89597, 2012-04-03 12:35:12, 42272
89598, 2012-04-03 12:40:01, 42385
89599, 2012-04-03 12:45:01, 42392
89600, 2012-04-03 12:50:01, 42323
89601, 2012-04-03 12:55:05, 42218
89602, 2012-04-03 13:00:01, 42032
89603, 2012-04-03 13:05:12, 42055
89604, 2012-04-03 13:10:21, 42135
89605, 2012-04-03 13:15:01, 42139
89606, 2012-04-03 13:20:02, 42064
89607, 2012-04-03 13:25:08, 41987
89608, 2012-04-03 13:30:02, 41937
89609, 2012-04-03 13:35:08, 41917
89610, 2012-04-03 13:40:01, 41905
89611, 2012-04-03 13:45:01, 41922
89612, 2012-04-03 13:50:02, 41893
89613, 2012-04-03 13:55:01, 41864
89614, 2012-04-03 14:00:02, 41815
89615, 2012-04-03 14:05:13, 41713
89616, 2012-04-03 14:10:01, 41740
89617, 2012-04-03 14:15:01, 41727
89618, 2012-04-03 14:20:04, 41655
89619, 2012-04-03 14:25:07, 41668
89620, 2012-04-03 14:30:04, 41667
89621, 2012-04-03 14:35:01, 41680
89622, 2012-04-03 14:40:01, 41722
89623, 2012-04-03 14:45:19, 41818
89624, 2012-04-03 14:50:01, 41882
89625, 2012-04-03 14:55:06, 41818
89626, 2012-04-03 15:00:01, 41824
89627, 2012-04-03 15:05:18, 42031
89628, 2012-04-03 15:10:01, 42033
89629, 2012-04-03 15:15:10, 42071
89630, 2012-04-03 15:20:01, 42221
89631, 2012-04-03 15:25:08, 42287
89632, 2012-04-03 15:30:01, 42390
89633, 2012-04-03 15:35:13, 42602
89634, 2012-04-03 15:40:01, 42759
89635, 2012-04-03 15:45:09, 42813
89636, 2012-04-03 15:50:01, 42901
89637, 2012-04-03 15:55:09, 43049
89638, 2012-04-03 16:00:12, 43075
89639, 2012-04-03 16:05:02, 43318
89640, 2012-04-03 16:10:01, 43441
89641, 2012-04-03 16:15:14, 43364
89642, 2012-04-03 16:20:01, 43339
89643, 2012-04-03 16:25:15, 43392
89644, 2012-04-03 16:30:01, 43415
89645, 2012-04-03 16:35:15, 43448
89646, 2012-04-03 16:40:01, 43443
89647, 2012-04-03 16:45:02, 43329
89648, 2012-04-03 16:50:01, 43262
89649, 2012-04-03 16:55:01, 43284
89650, 2012-04-03 17:00:02, 43167
89651, 2012-04-03 17:05:16, 43202
89652, 2012-04-03 17:10:19, 43454
89653, 2012-04-03 17:15:01, 43458
89654, 2012-04-03 17:20:02, 43467
89655, 2012-04-03 17:25:01, 43368
89656, 2012-04-03 17:30:01, 43230
89657, 2012-04-03 17:35:10, 43272
89658, 2012-04-03 17:40:01, 43423
89659, 2012-04-03 17:45:07, 43392
89660, 2012-04-03 17:50:02, 43323
89661, 2012-04-03 17:55:07, 43290
89662, 2012-04-03 18:00:14, 43268
89663, 2012-04-03 18:05:01, 43159
89664, 2012-04-03 18:10:01, 43246
89665, 2012-04-03 18:15:01, 43189
89666, 2012-04-03 18:20:01, 43198
89667, 2012-04-03 18:25:05, 43089
89668, 2012-04-03 18:30:04, 42870
89669, 2012-04-03 18:35:14, 42950
89670, 2012-04-03 18:40:02, 43182
89671, 2012-04-03 18:45:07, 43105
89672, 2012-04-03 18:50:11, 43017
89673, 2012-04-03 18:55:01, 43023
89674, 2012-04-03 19:00:01, 43134
89675, 2012-04-03 19:05:11, 43468
89676, 2012-04-03 19:10:01, 44043
89677, 2012-04-03 19:15:09, 43824
89678, 2012-04-03 19:20:19, 43627
89679, 2012-04-03 19:26:58, 43602
89680, 2012-04-03 19:30:01, 43543
89681, 2012-04-03 19:35:14, 43389
89682, 2012-04-03 19:40:04, 43228
89683, 2012-04-03 19:45:06, 43155
89684, 2012-04-03 19:50:18, 43004
89685, 2012-04-03 19:55:01, 42479
89686, 2012-04-03 20:00:03, 42248
89687, 2012-04-03 20:05:15, 42024
89688, 2012-04-03 20:10:02, 42186
89689, 2012-04-03 20:15:14, 41648
89690, 2012-04-03 20:20:01, 41131
89691, 2012-04-03 20:25:08, 40857
89692, 2012-04-03 20:30:12, 40494
89693, 2012-04-03 20:35:01, 40063
89694, 2012-04-03 20:40:01, 39766
89695, 2012-04-03 20:45:02, 39431
89696, 2012-04-03 20:50:01, 39088
89697, 2012-04-03 20:55:10, 38874
89698, 2012-04-03 21:00:04, 38558
89699, 2012-04-03 21:05:16, 38118
89700, 2012-04-03 21:10:14, 38156
89701, 2012-04-03 21:15:01, 37724
89702, 2012-04-03 21:20:01, 37198
89703, 2012-04-03 21:25:05, 36845
89704, 2012-04-03 21:30:01, 36438
89705, 2012-04-03 21:35:10, 35954
89706, 2012-04-03 21:40:01, 35768
89707, 2012-04-03 21:45:09, 35428
89708, 2012-04-03 21:50:31, 34992
89709, 2012-04-03 21:55:02, 34621
89710, 2012-04-03 22:00:01, 34180
89711, 2012-04-03 22:05:18, 33727
89712, 2012-04-03 22:10:01, 33511
89713, 2012-04-03 22:15:09, 33215
89714, 2012-04-03 22:20:01, 32771
89715, 2012-04-03 22:25:08, 32271
89716, 2012-04-03 22:30:04, 31926
89717, 2012-04-03 22:35:14, 31621
89718, 2012-04-03 22:40:01, 31588
89719, 2012-04-03 22:45:01, 31542
89720, 2012-04-03 22:50:02, 31373
89721, 2012-04-03 22:55:12, 31352
89722, 2012-04-03 23:00:01, 30991
89723, 2012-04-03 23:05:11, 30683
89724, 2012-04-03 23:10:02, 30683
89725, 2012-04-03 23:15:08, 30683
89726, 2012-04-03 23:20:11, 30683
89727, 2012-04-03 23:25:01, 30683
89728, 2012-04-03 23:30:01, 30683
89729, 2012-04-03 23:35:01, 30683
89730, 2012-04-03 23:40:01, 30683
89731, 2012-04-03 23:45:10, 30683
89732, 2012-04-03 23:50:01, 30683
89733, 2012-04-03 23:55:07, 30683
89734, 2012-04-04 00:00:03, 30683
89735, 2012-04-04 00:05:01, 29301
89736, 2012-04-04 00:10:02, 29848
89737, 2012-04-04 00:15:01, 30127
89738, 2012-04-04 00:20:01, 30225
89739, 2012-04-04 00:25:24, 30245
89740, 2012-04-04 00:30:01, 30287
89741, 2012-04-04 00:35:11, 30332
89742, 2012-04-04 00:40:01, 30700
89743, 2012-04-04 00:45:01, 30866
89744, 2012-04-04 00:50:01, 30969
89745, 2012-04-04 00:55:01, 31069
89746, 2012-04-04 01:00:01, 31089
89747, 2012-04-04 01:05:22, 31028
89748, 2012-04-04 01:10:01, 31096
89749, 2012-04-04 01:15:02, 30984
89750, 2012-04-04 01:20:02, 30904
89751, 2012-04-04 01:25:11, 30858
89752, 2012-04-04 01:30:01, 30860
89753, 2012-04-04 01:35:14, 30910
89754, 2012-04-04 01:40:14, 31125
89755, 2012-04-04 01:45:01, 31052
89756, 2012-04-04 01:50:01, 30838
89757, 2012-04-04 01:55:01, 30717
89758, 2012-04-04 02:00:01, 30666
89759, 2012-04-04 02:09:46, 30580
89760, 2012-04-04 02:10:01, 30688
89761, 2012-04-04 02:15:01, 30690
89762, 2012-04-04 02:20:01, 30597
89763, 2012-04-04 02:25:01, 30510
89764, 2012-04-04 02:30:01, 30644
89765, 2012-04-04 02:35:09, 30602
89766, 2012-04-04 02:40:01, 30654
89767, 2012-04-04 02:45:07, 30664
89768, 2012-04-04 02:50:01, 30571
89769, 2012-04-04 02:55:07, 30575
89770, 2012-04-04 03:00:01, 30487
89771, 2012-04-04 03:05:01, 30426
89772, 2012-04-04 03:10:01, 30448
89773, 2012-04-04 03:15:01, 30430
89774, 2012-04-04 03:20:01, 30411
89775, 2012-04-04 03:25:07, 30311
89776, 2012-04-04 03:30:01, 30229
89777, 2012-04-04 03:35:16, 30178
89778, 2012-04-04 03:40:14, 30249
89779, 2012-04-04 03:45:01, 30270
89780, 2012-04-04 03:50:01, 30239
89781, 2012-04-04 03:55:01, 30348
89782, 2012-04-04 04:00:01, 30333
89783, 2012-04-04 04:05:15, 30289
89784, 2012-04-04 04:10:01, 30087
89785, 2012-04-04 04:15:22, 29933
89786, 2012-04-04 04:20:21, 29880
89787, 2012-04-04 04:25:01, 29875
89788, 2012-04-04 04:30:01, 29851
89789, 2012-04-04 04:35:11, 29746
89790, 2012-04-04 04:40:01, 30030
89791, 2012-04-04 04:45:12, 30224
89792, 2012-04-04 04:50:02, 30455
89793, 2012-04-04 04:55:13, 30696
89794, 2012-04-04 05:00:32, 30867
89795, 2012-04-04 05:05:02, 30914
89796, 2012-04-04 05:10:01, 31216
89797, 2012-04-04 05:15:07, 31759
89798, 2012-04-04 05:20:01, 32111
89799, 2012-04-04 05:25:08, 32582
89800, 2012-04-04 05:30:01, 32962
89801, 2012-04-04 05:35:10, 33153
89802, 2012-04-04 05:40:01, 33630
89803, 2012-04-04 05:45:08, 33906
89804, 2012-04-04 05:50:01, 34360
89805, 2012-04-04 05:55:01, 34865
89806, 2012-04-04 06:00:02, 35212
89807, 2012-04-04 06:05:18, 35525
89808, 2012-04-04 06:10:01, 36095
89809, 2012-04-04 06:15:06, 36717
89810, 2012-04-04 06:20:12, 37252
89811, 2012-04-04 06:25:01, 37680
89812, 2012-04-04 06:30:01, 38025
89813, 2012-04-04 06:35:09, 38329
89814, 2012-04-04 06:40:01, 38596
89815, 2012-04-04 06:45:07, 39024
89816, 2012-04-04 06:50:05, 39532
89817, 2012-04-04 06:55:02, 39991
89818, 2012-04-04 07:00:01, 40266
89819, 2012-04-04 07:05:01, 40595
89820, 2012-04-04 07:10:01, 40904
89821, 2012-04-04 07:15:07, 41325
89822, 2012-04-04 07:20:01, 41683
89823, 2012-04-04 07:25:07, 41879
89824, 2012-04-04 07:30:01, 42080
89825, 2012-04-04 07:35:12, 42231
89826, 2012-04-04 07:40:12, 42355
89827, 2012-04-04 07:45:01, 42436
89828, 2012-04-04 07:50:01, 42468
89829, 2012-04-04 07:55:10, 42472
89830, 2012-04-04 08:00:03, 42833
89831, 2012-04-04 08:05:01, 42944
89832, 2012-04-04 08:10:01, 43212
89833, 2012-04-04 08:15:17, 43430
89834, 2012-04-04 08:20:05, 43541
89835, 2012-04-04 08:25:08, 43723
89836, 2012-04-04 08:30:01, 43813
89837, 2012-04-04 08:35:16, 43821
89838, 2012-04-04 08:40:01, 43864
89839, 2012-04-04 08:45:22, 43891
89840, 2012-04-04 08:50:01, 43910
89841, 2012-04-04 08:55:07, 43936
89842, 2012-04-04 09:00:02, 44114
89843, 2012-04-04 09:05:01, 44164
89844, 2012-04-04 09:10:01, 44232
89845, 2012-04-04 09:15:01, 44270
89846, 2012-04-04 09:20:01, 44303
89847, 2012-04-04 09:25:07, 44337
89848, 2012-04-04 09:30:01, 44359
89849, 2012-04-04 09:35:18, 44433
89850, 2012-04-04 09:40:02, 44491
89851, 2012-04-04 09:45:10, 44516
89852, 2012-04-04 09:50:01, 44571
89853, 2012-04-04 09:55:01, 44554
89854, 2012-04-04 10:00:01, 44532
89855, 2012-04-04 10:05:11, 44508
89856, 2012-04-04 10:10:01, 44540
89857, 2012-04-04 10:15:10, 44649
89858, 2012-04-04 10:20:16, 44624
89859, 2012-04-04 10:25:01, 44670
89860, 2012-04-04 10:30:01, 44587
89861, 2012-04-04 10:35:01, 44593
89862, 2012-04-04 10:40:01, 44640
89863, 2012-04-04 10:45:01, 44570
89864, 2012-04-04 10:50:01, 44530
89865, 2012-04-04 10:55:08, 44481
89866, 2012-04-04 11:00:01, 44506
89867, 2012-04-04 11:05:20, 44525
89868, 2012-04-04 11:10:26, 44582
89869, 2012-04-04 11:15:11, 44561
89870, 2012-04-04 11:20:01, 44597
89871, 2012-04-04 11:25:08, 44581
89872, 2012-04-04 11:30:01, 44492
89873, 2012-04-04 11:35:01, 44426
89874, 2012-04-04 11:40:01, 44366
89875, 2012-04-04 11:45:09, 44256
89876, 2012-04-04 11:50:01, 44206
89877, 2012-04-04 11:55:05, 44191
89878, 2012-04-04 12:00:01, 44149
89879, 2012-04-04 12:05:01, 44144
89880, 2012-04-04 12:10:01, 44106
89881, 2012-04-04 12:15:04, 44072
89882, 2012-04-04 12:20:01, 43940
89883, 2012-04-04 12:25:07, 43969
89884, 2012-04-04 12:30:01, 43850
89885, 2012-04-04 12:35:14, 43769
89886, 2012-04-04 12:40:01, 43851
89887, 2012-04-04 12:45:05, 43832
89888, 2012-04-04 12:50:01, 43784
89889, 2012-04-04 12:55:07, 43699
89890, 2012-04-04 13:00:02, 43571
89891, 2012-04-04 13:05:13, 43549
89892, 2012-04-04 13:10:09, 43800
89893, 2012-04-04 13:15:01, 43949
89894, 2012-04-04 13:20:01, 43587
89895, 2012-04-04 13:25:01, 43631
89896, 2012-04-04 13:30:01, 43564
89897, 2012-04-04 13:35:11, 43426
89898, 2012-04-04 13:40:01, 43320
89899, 2012-04-04 13:45:01, 43200
89900, 2012-04-04 13:50:02, 43099
89901, 2012-04-04 13:55:01, 43221
89902, 2012-04-04 14:00:01, 43163
89903, 2012-04-04 14:05:10, 43115
89904, 2012-04-04 14:10:36, 43125
89905, 2012-04-04 14:15:01, 43170
89906, 2012-04-04 14:20:01, 43142
89907, 2012-04-04 14:25:13, 43126
89908, 2012-04-04 14:30:01, 43291
89909, 2012-04-04 14:35:14, 43375
89910, 2012-04-04 14:40:01, 43398
89911, 2012-04-04 14:45:08, 43377
89912, 2012-04-04 14:50:01, 43450
89913, 2012-04-04 14:55:07, 43458
89914, 2012-04-04 15:00:01, 43402
89915, 2012-04-04 15:05:11, 43471
89916, 2012-04-04 15:10:15, 43419
89917, 2012-04-04 15:15:01, 43534
89918, 2012-04-04 15:20:01, 43569
89919, 2012-04-04 15:25:07, 43545
89920, 2012-04-04 15:30:02, 43601
89921, 2012-04-04 15:35:01, 43705
89922, 2012-04-04 15:40:01, 43763
89923, 2012-04-04 15:45:01, 43823
89924, 2012-04-04 15:50:01, 43856
89925, 2012-04-04 15:55:09, 43882
89926, 2012-04-04 16:00:02, 43890
89927, 2012-04-04 16:05:18, 44042
89928, 2012-04-04 16:10:28, 44027
89929, 2012-04-04 16:15:01, 44003
89930, 2012-04-04 16:20:01, 43950
89931, 2012-04-04 16:25:10, 43979
89932, 2012-04-04 16:30:01, 44021
89933, 2012-04-04 16:35:13, 43967
89934, 2012-04-04 16:40:14, 43935
89935, 2012-04-04 16:45:02, 43841
89936, 2012-04-04 16:50:01, 43695
89937, 2012-04-04 16:55:06, 43737
89938, 2012-04-04 17:00:01, 43714
89939, 2012-04-04 17:05:15, 43675
89940, 2012-04-04 17:10:01, 43721
89941, 2012-04-04 17:15:11, 43631
89942, 2012-04-04 17:20:10, 43580
89943, 2012-04-04 17:25:01, 43570
89944, 2012-04-04 17:30:03, 43506
89945, 2012-04-04 17:35:10, 43386
89946, 2012-04-04 17:40:01, 43389
89947, 2012-04-04 17:45:07, 43247
89948, 2012-04-04 17:50:01, 43068
89949, 2012-04-04 17:55:07, 43057
89950, 2012-04-04 18:00:05, 42989
89951, 2012-04-04 18:05:10, 42958
89952, 2012-04-04 18:10:01, 42871
89953, 2012-04-04 18:15:18, 42818
89954, 2012-04-04 18:20:01, 42925
89955, 2012-04-04 18:25:07, 42730
89956, 2012-04-04 18:30:17, 42669
89957, 2012-04-04 18:35:04, 42838
89958, 2012-04-04 18:40:01, 43137
89959, 2012-04-04 18:45:11, 43213
89960, 2012-04-04 18:50:01, 43236
89961, 2012-04-04 18:55:07, 43273
89962, 2012-04-04 19:00:01, 43377
89963, 2012-04-04 19:05:11, 43748
89964, 2012-04-04 19:10:11, 44138
89965, 2012-04-04 19:15:01, 44281
89966, 2012-04-04 19:20:01, 44221
89967, 2012-04-04 19:25:01, 44080
89968, 2012-04-04 19:30:01, 43965
89969, 2012-04-04 19:35:10, 43835
89970, 2012-04-04 19:40:01, 43784
89971, 2012-04-04 19:45:08, 43843
89972, 2012-04-04 19:50:06, 43534
89973, 2012-04-04 19:55:02, 43287
89974, 2012-04-04 20:00:01, 42965
89975, 2012-04-04 20:05:14, 42642
89976, 2012-04-04 20:10:01, 42768
89977, 2012-04-04 20:15:07, 42353
89978, 2012-04-04 20:20:24, 41932
89979, 2012-04-04 20:25:01, 41588
89980, 2012-04-04 20:30:01, 41353
89981, 2012-04-04 20:35:11, 41100
89982, 2012-04-04 20:40:02, 40733
89983, 2012-04-04 20:45:08, 40340
89984, 2012-04-04 20:50:16, 40009
89985, 2012-04-04 20:55:01, 39762
89986, 2012-04-04 21:00:01, 39419
89987, 2012-04-04 21:05:02, 38926
89988, 2012-04-04 21:10:04, 38842
89989, 2012-04-04 21:15:05, 38495
89990, 2012-04-04 21:20:01, 37985
89991, 2012-04-04 21:25:10, 37484
89992, 2012-04-04 21:30:01, 37072
89993, 2012-04-04 21:35:11, 36655
89994, 2012-04-04 21:40:21, 36513
89995, 2012-04-04 21:45:01, 36170
89996, 2012-04-04 21:50:02, 35812
89997, 2012-04-04 21:55:01, 35353
89998, 2012-04-04 22:00:01, 34758
89999, 2012-04-04 22:05:08, 34413
90000, 2012-04-04 22:10:01, 34261
90001, 2012-04-04 22:15:06, 34181
90002, 2012-04-04 22:20:33, 33843
90003, 2012-04-04 22:25:01, 33320
90004, 2012-04-04 22:30:01, 32842
90005, 2012-04-04 22:35:10, 32528
90006, 2012-04-04 22:40:01, 32401
90007, 2012-04-04 22:45:07, 32139
90008, 2012-04-04 22:50:01, 31836
90009, 2012-04-04 22:55:07, 31655
90010, 2012-04-04 23:00:09, 31384
90011, 2012-04-04 23:05:01, 31009
90012, 2012-04-04 23:10:01, 31009
90013, 2012-04-04 23:15:04, 31009
90014, 2012-04-04 23:20:01, 31009
90015, 2012-04-04 23:25:08, 31009
90016, 2012-04-04 23:30:01, 31009
90017, 2012-04-04 23:35:10, 31009
90018, 2012-04-04 23:40:01, 31009
90019, 2012-04-04 23:45:06, 31009
90020, 2012-04-04 23:50:08, 31009
90021, 2012-04-04 23:55:01, 31009
90022, 2012-04-05 00:00:01, 31009
90023, 2012-04-05 00:05:29, 30110
90024, 2012-04-05 00:10:01, 30698
90025, 2012-04-05 00:15:10, 30837
90026, 2012-04-05 00:20:01, 30899
90027, 2012-04-05 00:25:01, 30998
90028, 2012-04-05 00:30:01, 31002
90029, 2012-04-05 00:35:09, 31027
90030, 2012-04-05 00:40:08, 31455
90031, 2012-04-05 00:45:10, 31701
90032, 2012-04-05 00:50:01, 31750
90033, 2012-04-05 00:55:01, 31743
90034, 2012-04-05 01:00:01, 31786
90035, 2012-04-05 01:05:11, 31700
90036, 2012-04-05 01:10:01, 31744
90037, 2012-04-05 01:15:09, 31683
90038, 2012-04-05 01:20:01, 31551
90039, 2012-04-05 01:25:10, 31544
90040, 2012-04-05 01:30:12, 31453
90041, 2012-04-05 01:35:01, 31468
90042, 2012-04-05 01:40:01, 31672
90043, 2012-04-05 01:45:01, 31621
90044, 2012-04-05 01:50:01, 31590
90045, 2012-04-05 01:55:07, 31489
90046, 2012-04-05 02:00:01, 31358
90047, 2012-04-05 02:05:01, 31358
90048, 2012-04-05 02:10:30, 31279
90049, 2012-04-05 02:15:03, 31358
90050, 2012-04-05 02:20:01, 31339
90051, 2012-04-05 02:25:05, 31408
90052, 2012-04-05 02:30:13, 31389
90053, 2012-04-05 02:35:01, 31346
90054, 2012-04-05 02:40:02, 31294
90055, 2012-04-05 02:45:01, 31252
90056, 2012-04-05 02:50:01, 31194
90057, 2012-04-05 02:55:07, 31099
90058, 2012-04-05 03:00:01, 31032
90059, 2012-04-05 03:05:14, 30880
90060, 2012-04-05 03:10:01, 30884
90061, 2012-04-05 03:15:06, 30871
90062, 2012-04-05 03:20:01, 30819
90063, 2012-04-05 03:25:01, 30776
90064, 2012-04-05 03:30:01, 30779
90065, 2012-04-05 03:35:13, 30689
90066, 2012-04-05 03:40:01, 30722
90067, 2012-04-05 03:45:09, 30700
90068, 2012-04-05 03:50:01, 30639
90069, 2012-04-05 03:55:26, 30704
90070, 2012-04-05 04:00:18, 30657
90071, 2012-04-05 04:05:14, 30604
90072, 2012-04-05 04:10:01, 30277
90073, 2012-04-05 04:15:09, 30186
90074, 2012-04-05 04:20:13, 30160
90075, 2012-04-05 04:25:01, 30166
90076, 2012-04-05 04:30:04, 30195
90077, 2012-04-05 04:35:10, 30273
90078, 2012-04-05 04:40:01, 30557
90079, 2012-04-05 04:45:10, 30841
90080, 2012-04-05 04:50:14, 31024
90081, 2012-04-05 04:55:01, 31214
90082, 2012-04-05 05:00:01, 31292
90083, 2012-04-05 05:05:10, 31317
90084, 2012-04-05 05:10:01, 31480
90085, 2012-04-05 05:15:07, 32115
90086, 2012-04-05 05:20:01, 32515
90087, 2012-04-05 05:25:08, 32848
90088, 2012-04-05 05:30:02, 33012
90089, 2012-04-05 05:35:01, 33227
90090, 2012-04-05 05:40:01, 33569
90091, 2012-04-05 05:45:01, 33925
90092, 2012-04-05 05:50:01, 34291
90093, 2012-04-05 05:55:01, 34659
90094, 2012-04-05 06:00:03, 35107
90095, 2012-04-05 06:05:11, 35573
90096, 2012-04-05 06:10:01, 36205
90097, 2012-04-05 06:15:08, 36686
90098, 2012-04-05 06:20:01, 37241
90099, 2012-04-05 06:25:09, 37686
90100, 2012-04-05 06:30:02, 38163
90101, 2012-04-05 06:35:01, 38452
90102, 2012-04-05 06:40:01, 38745
90103, 2012-04-05 06:45:08, 39139
90104, 2012-04-05 06:50:01, 39543
90105, 2012-04-05 06:55:08, 39836
90106, 2012-04-05 07:00:01, 40257
90107, 2012-04-05 07:05:12, 40679
90108, 2012-04-05 07:10:30, 41085
90109, 2012-04-05 07:15:01, 41468
90110, 2012-04-05 07:20:02, 41835
90111, 2012-04-05 07:25:07, 42097
90112, 2012-04-05 07:30:01, 42260
90113, 2012-04-05 07:35:12, 42325
90114, 2012-04-05 07:40:01, 42520
90115, 2012-04-05 07:45:11, 42629
90116, 2012-04-05 07:50:17, 42716
90117, 2012-04-05 07:55:13, 42848
90118, 2012-04-05 08:00:01, 43021
90119, 2012-04-05 08:07:33, 43173
90120, 2012-04-05 08:10:01, 43426
90121, 2012-04-05 08:15:21, 43668
90122, 2012-04-05 08:20:37, 43870
90123, 2012-04-05 08:25:01, 44009
90124, 2012-04-05 08:30:01, 44065
90125, 2012-04-05 08:35:10, 44111
90126, 2012-04-05 08:40:02, 44156
90127, 2012-04-05 08:45:22, 44164
90128, 2012-04-05 08:50:31, 44087
90129, 2012-04-05 08:55:19, 44067
90130, 2012-04-05 09:00:01, 44047
90131, 2012-04-05 09:05:01, 44058
90132, 2012-04-05 09:10:01, 44045
90133, 2012-04-05 09:15:11, 43978
90134, 2012-04-05 09:20:01, 43951
90135, 2012-04-05 09:25:18, 43939
90136, 2012-04-05 09:30:17, 43949
90137, 2012-04-05 09:35:01, 43926
90138, 2012-04-05 09:40:01, 43970
90139, 2012-04-05 09:45:18, 43941
90140, 2012-04-05 09:50:01, 43991
90141, 2012-04-05 09:55:10, 43983
90142, 2012-04-05 10:00:56, 44018
90143, 2012-04-05 10:05:08, 44024
90144, 2012-04-05 10:10:01, 44039
90145, 2012-04-05 10:15:06, 44038
90146, 2012-04-05 10:20:01, 44044
90147, 2012-04-05 10:25:12, 43981
90148, 2012-04-05 10:30:12, 43804
90149, 2012-04-05 10:35:04, 43701
90150, 2012-04-05 10:40:01, 43749
90151, 2012-04-05 10:45:01, 43876
90152, 2012-04-05 10:50:01, 44040
90153, 2012-04-05 10:55:09, 43982
90154, 2012-04-05 11:00:01, 43963
90155, 2012-04-05 11:05:26, 44021
90156, 2012-04-05 11:10:01, 43954
90157, 2012-04-05 11:15:01, 43934
90158, 2012-04-05 11:20:01, 43897
90159, 2012-04-05 11:25:01, 43902
90160, 2012-04-05 11:30:04, 43842
90161, 2012-04-05 11:35:01, 43834
90162, 2012-04-05 11:40:02, 43701
90163, 2012-04-05 11:45:01, 43621
90164, 2012-04-05 11:50:01, 43497
90165, 2012-04-05 11:55:07, 43431
90166, 2012-04-05 12:00:01, 43374
90167, 2012-04-05 12:05:16, 43303
90168, 2012-04-05 12:10:15, 43199
90169, 2012-04-05 12:15:01, 43226
90170, 2012-04-05 12:20:01, 43192
90171, 2012-04-05 12:25:11, 43123
90172, 2012-04-05 12:30:01, 43048
90173, 2012-04-05 12:35:01, 43033
90174, 2012-04-05 12:40:02, 42965
90175, 2012-04-05 12:45:11, 42942
90176, 2012-04-05 12:50:01, 42792
90177, 2012-04-05 12:55:13, 42734
90178, 2012-04-05 13:00:01, 42663
90179, 2012-04-05 13:05:20, 42549
90180, 2012-04-05 13:10:02, 42542
90181, 2012-04-05 13:15:22, 42599
90182, 2012-04-05 13:20:09, 42588
90183, 2012-04-05 13:25:04, 42597
90184, 2012-04-05 13:30:03, 42507
90185, 2012-04-05 13:35:30, 42373
90186, 2012-04-05 13:40:01, 42398
90187, 2012-04-05 13:45:08, 42329
90188, 2012-04-05 13:50:22, 42200
90189, 2012-04-05 13:55:01, 42126
90190, 2012-04-05 14:00:01, 42000
90191, 2012-04-05 14:05:11, 41851
90192, 2012-04-05 14:10:01, 41807
90193, 2012-04-05 14:15:09, 41787
90194, 2012-04-05 14:20:48, 41633
90195, 2012-04-05 14:25:01, 41597
90196, 2012-04-05 14:30:01, 41543
90197, 2012-04-05 14:35:01, 41573
90198, 2012-04-05 14:40:01, 41561
90199, 2012-04-05 14:45:09, 41566
90200, 2012-04-05 14:50:01, 41578
90201, 2012-04-05 14:55:08, 41577
90202, 2012-04-05 15:00:05, 41567
90203, 2012-04-05 15:05:01, 41563
90204, 2012-04-05 15:10:01, 41445
90205, 2012-04-05 15:15:09, 41440
90206, 2012-04-05 15:20:01, 41463
90207, 2012-04-05 15:25:19, 41542
90208, 2012-04-05 15:30:01, 41589
90209, 2012-04-05 15:35:35, 41574
90210, 2012-04-05 15:40:01, 41577
90211, 2012-04-05 15:45:02, 41705
90212, 2012-04-05 15:50:16, 41732
90213, 2012-04-05 15:55:01, 41734
90214, 2012-04-05 16:00:01, 41719
90215, 2012-04-05 16:05:10, 41873
90216, 2012-04-05 16:10:01, 41907
90217, 2012-04-05 16:15:14, 41860
90218, 2012-04-05 16:20:04, 41792
90219, 2012-04-05 16:25:11, 41880
90220, 2012-04-05 16:30:01, 41814
90221, 2012-04-05 16:35:10, 41774
90222, 2012-04-05 16:40:04, 41819
90223, 2012-04-05 16:45:08, 41734
90224, 2012-04-05 16:50:11, 41722
90225, 2012-04-05 16:55:01, 41723
90226, 2012-04-05 17:00:01, 41620
90227, 2012-04-05 17:05:01, 41546
90228, 2012-04-05 17:10:01, 41645
90229, 2012-04-05 17:15:07, 41646
90230, 2012-04-05 17:20:01, 41629
90231, 2012-04-05 17:29:10, 41559
90232, 2012-04-05 17:30:14, 41482
90233, 2012-04-05 17:35:18, 41416
90234, 2012-04-05 17:40:01, 41385
90235, 2012-04-05 17:45:10, 41243
90236, 2012-04-05 17:50:05, 41256
90237, 2012-04-05 17:55:01, 41352
90238, 2012-04-05 18:00:01, 41311
90239, 2012-04-05 18:05:12, 41264
90240, 2012-04-05 18:10:02, 41307
90241, 2012-04-05 18:15:09, 41162
90242, 2012-04-05 18:20:17, 41154
90243, 2012-04-05 18:25:01, 41248
90244, 2012-04-05 18:30:01, 41148
90245, 2012-04-05 18:35:12, 41172
90246, 2012-04-05 18:40:01, 41446
90247, 2012-04-05 18:45:07, 41456
90248, 2012-04-05 18:50:01, 41444
90249, 2012-04-05 18:55:02, 41505
90250, 2012-04-05 19:00:01, 41753
90251, 2012-04-05 19:05:09, 42140
90252, 2012-04-05 19:10:01, 42773
90253, 2012-04-05 19:15:08, 42971
90254, 2012-04-05 19:20:04, 43136
90255, 2012-04-05 19:25:07, 43184
90256, 2012-04-05 19:30:14, 43048
90257, 2012-04-05 19:35:01, 43038
90258, 2012-04-05 19:40:01, 42949
90259, 2012-04-05 19:45:01, 42518
90260, 2012-04-05 19:50:01, 42206
90261, 2012-04-05 19:55:07, 42171
90262, 2012-04-05 20:00:04, 42009
90263, 2012-04-05 20:05:11, 41906
90264, 2012-04-05 20:10:01, 42109
90265, 2012-04-05 20:15:09, 41661
90266, 2012-04-05 20:20:17, 41269
90267, 2012-04-05 20:25:01, 41023
90268, 2012-04-05 20:30:01, 40717
90269, 2012-04-05 20:35:12, 40339
90270, 2012-04-05 20:40:01, 39949
90271, 2012-04-05 20:45:05, 39647
90272, 2012-04-05 20:50:13, 39325
90273, 2012-04-05 20:55:01, 39158
90274, 2012-04-05 21:00:01, 38819
90275, 2012-04-05 21:05:10, 38517
90276, 2012-04-05 21:10:01, 38357
90277, 2012-04-05 21:15:12, 37936
90278, 2012-04-05 21:20:01, 37474
90279, 2012-04-05 21:25:08, 37071
90280, 2012-04-05 21:30:10, 36679
90281, 2012-04-05 21:35:01, 36266
90282, 2012-04-05 21:40:01, 36158
90283, 2012-04-05 21:45:02, 35998
90284, 2012-04-05 21:50:01, 35640
90285, 2012-04-05 21:55:08, 35319
90286, 2012-04-05 22:00:01, 34844
90287, 2012-04-05 22:05:20, 34511
90288, 2012-04-05 22:10:37, 34283
90289, 2012-04-05 22:15:02, 33937
90290, 2012-04-05 22:20:01, 33474
90291, 2012-04-05 22:25:06, 33151
90292, 2012-04-05 22:30:01, 32663
90293, 2012-04-05 22:35:10, 32298
90294, 2012-04-05 22:40:12, 32135
90295, 2012-04-05 22:45:02, 31937
90296, 2012-04-05 22:50:01, 31732
90297, 2012-04-05 22:55:01, 31555
90298, 2012-04-05 23:00:01, 31568
90299, 2012-04-05 23:05:09, 31560
90300, 2012-04-05 23:10:01, 31560
90301, 2012-04-05 23:15:07, 31560
90302, 2012-04-05 23:20:01, 31560
90303, 2012-04-05 23:25:08, 31560
90304, 2012-04-05 23:30:24, 31560
90305, 2012-04-05 23:35:01, 31560
90306, 2012-04-05 23:40:01, 31560
90307, 2012-04-05 23:45:01, 31560
90308, 2012-04-05 23:50:01, 31560
90309, 2012-04-05 23:55:06, 31560
90310, 2012-04-06 00:00:01, 31560
90311, 2012-04-06 00:05:12, 30224
90312, 2012-04-06 00:10:01, 30732
90313, 2012-04-06 00:15:09, 30905
90314, 2012-04-06 00:20:22, 30942
90315, 2012-04-06 00:25:13, 30844
90316, 2012-04-06 00:30:01, 30770
90317, 2012-04-06 00:35:14, 30830
90318, 2012-04-06 00:40:01, 31249
90319, 2012-04-06 00:45:01, 31412
90320, 2012-04-06 00:50:01, 31502
90321, 2012-04-06 00:55:06, 31687
90322, 2012-04-06 01:00:01, 31690
90323, 2012-04-06 01:05:12, 31654
90324, 2012-04-06 01:10:01, 31727
90325, 2012-04-06 01:15:10, 31663
90326, 2012-04-06 01:20:10, 31573
90327, 2012-04-06 01:25:01, 31501
90328, 2012-04-06 01:30:01, 31235
90329, 2012-04-06 01:35:01, 31150
90330, 2012-04-06 01:40:01, 31209
90331, 2012-04-06 01:45:06, 31193
90332, 2012-04-06 01:50:01, 31293
90333, 2012-04-06 01:55:05, 31351
90334, 2012-04-06 02:00:04, 31259
90335, 2012-04-06 02:05:11, 31153
90336, 2012-04-06 02:10:01, 31175
90337, 2012-04-06 02:15:07, 31093
90338, 2012-04-06 02:20:01, 31085
90339, 2012-04-06 02:25:07, 31083
90340, 2012-04-06 02:30:17, 30994
90341, 2012-04-06 02:35:01, 30874
90342, 2012-04-06 02:40:01, 30809
90343, 2012-04-06 02:45:01, 30765
90344, 2012-04-06 02:50:01, 30649
90345, 2012-04-06 02:55:06, 30550
90346, 2012-04-06 03:00:02, 30392
90347, 2012-04-06 03:05:12, 30329
90348, 2012-04-06 03:10:15, 30315
90349, 2012-04-06 03:15:01, 30281
90350, 2012-04-06 03:20:01, 30232
90351, 2012-04-06 03:25:01, 30180
90352, 2012-04-06 03:30:01, 30080
90353, 2012-04-06 03:35:18, 29986
90354, 2012-04-06 03:40:01, 30256
90355, 2012-04-06 03:45:01, 30232
90356, 2012-04-06 03:50:01, 30146
90357, 2012-04-06 03:55:08, 30166
90358, 2012-04-06 04:00:01, 30159
90359, 2012-04-06 04:05:15, 30128
90360, 2012-04-06 04:10:01, 30056
90361, 2012-04-06 04:15:15, 29981
90362, 2012-04-06 04:20:01, 29962
90363, 2012-04-06 04:25:18, 29997
90364, 2012-04-06 04:30:01, 29966
90365, 2012-04-06 04:35:18, 29976
90366, 2012-04-06 04:40:22, 30019
90367, 2012-04-06 04:45:01, 30103
90368, 2012-04-06 04:50:02, 30177
90369, 2012-04-06 04:55:02, 30266
90370, 2012-04-06 05:00:04, 30328
90371, 2012-04-06 05:05:10, 30413
90372, 2012-04-06 05:10:01, 30444
90373, 2012-04-06 05:15:08, 30808
90374, 2012-04-06 05:20:01, 30894
90375, 2012-04-06 05:25:08, 30818
90376, 2012-04-06 05:30:13, 30430
90377, 2012-04-06 05:35:01, 30309
90378, 2012-04-06 05:40:01, 30814
90379, 2012-04-06 05:45:11, 31051
90380, 2012-04-06 05:50:01, 31127
90381, 2012-04-06 05:55:09, 31102
90382, 2012-04-06 06:00:01, 31074
90383, 2012-04-06 06:05:11, 31136
90384, 2012-04-06 06:10:01, 31373
90385, 2012-04-06 06:15:02, 32031
90386, 2012-04-06 06:20:01, 32393
90387, 2012-04-06 06:25:05, 32483
90388, 2012-04-06 06:30:01, 32628
90389, 2012-04-06 06:35:10, 32877
90390, 2012-04-06 06:40:01, 33134
90391, 2012-04-06 06:45:08, 33449
90392, 2012-04-06 06:50:10, 33583
90393, 2012-04-06 06:55:01, 33844
90394, 2012-04-06 07:00:01, 34162
90395, 2012-04-06 07:05:01, 34243
90396, 2012-04-06 07:10:01, 34328
90397, 2012-04-06 07:15:12, 34611
90398, 2012-04-06 07:20:01, 34951
90399, 2012-04-06 07:25:08, 35151
90400, 2012-04-06 07:30:02, 35293
90401, 2012-04-06 07:35:13, 35473
90402, 2012-04-06 07:40:14, 35472
90403, 2012-04-06 07:45:01, 35584
90404, 2012-04-06 07:50:01, 35668
90405, 2012-04-06 07:55:01, 35853
90406, 2012-04-06 08:00:01, 36083
90407, 2012-04-06 08:05:11, 36314
90408, 2012-04-06 08:10:01, 36639
90409, 2012-04-06 08:15:02, 36835
90410, 2012-04-06 08:20:01, 36904
90411, 2012-04-06 08:25:10, 36962
90412, 2012-04-06 08:30:01, 37162
90413, 2012-04-06 08:35:20, 37151
90414, 2012-04-06 08:40:13, 37319
90415, 2012-04-06 08:45:01, 37466
90416, 2012-04-06 08:50:01, 37488
90417, 2012-04-06 08:55:01, 37528
90418, 2012-04-06 09:00:01, 37559
90419, 2012-04-06 09:05:12, 37607
90420, 2012-04-06 09:10:21, 37721
90421, 2012-04-06 09:15:01, 37841
90422, 2012-04-06 09:20:01, 37879
90423, 2012-04-06 09:25:01, 37815
90424, 2012-04-06 09:30:01, 37932
90425, 2012-04-06 09:35:14, 37887
90426, 2012-04-06 09:40:01, 37897
90427, 2012-04-06 09:45:08, 37809
90428, 2012-04-06 09:50:14, 37830
90429, 2012-04-06 09:55:01, 37803
90430, 2012-04-06 10:00:01, 37827
90431, 2012-04-06 10:05:14, 37828
90432, 2012-04-06 10:10:01, 37888
90433, 2012-04-06 10:15:11, 37855
90434, 2012-04-06 10:20:10, 37799
90435, 2012-04-06 10:25:01, 37819
90436, 2012-04-06 10:30:01, 37705
90437, 2012-04-06 10:35:01, 37595
90438, 2012-04-06 10:40:01, 37640
90439, 2012-04-06 10:45:08, 37667
90440, 2012-04-06 10:50:01, 37660
90441, 2012-04-06 10:55:11, 37582
90442, 2012-04-06 11:00:01, 37564
90443, 2012-04-06 11:05:22, 37609
90444, 2012-04-06 11:10:22, 37691
90445, 2012-04-06 11:15:01, 37725
90446, 2012-04-06 11:20:01, 37602
90447, 2012-04-06 11:25:10, 37501
90448, 2012-04-06 11:30:01, 37457
90449, 2012-04-06 11:35:07, 37331
90450, 2012-04-06 11:40:09, 37338
90451, 2012-04-06 11:45:01, 37291
90452, 2012-04-06 11:50:01, 37219
90453, 2012-04-06 11:55:11, 37146
90454, 2012-04-06 12:00:01, 37056
90455, 2012-04-06 12:05:12, 37031
90456, 2012-04-06 12:10:01, 37042
90457, 2012-04-06 12:15:11, 36966
90458, 2012-04-06 12:20:13, 36924
90459, 2012-04-06 12:25:01, 36810
90460, 2012-04-06 12:30:01, 36694
90461, 2012-04-06 12:35:13, 36607
90462, 2012-04-06 12:40:01, 36666
90463, 2012-04-06 12:45:11, 36700
90464, 2012-04-06 12:50:01, 36570
90465, 2012-04-06 12:55:09, 36460
90466, 2012-04-06 13:00:10, 36403
90467, 2012-04-06 13:05:01, 36369
90468, 2012-04-06 13:10:01, 36408
90469, 2012-04-06 13:15:01, 36449
90470, 2012-04-06 13:20:01, 36416
90471, 2012-04-06 13:25:14, 36325
90472, 2012-04-06 13:30:01, 36325
90473, 2012-04-06 13:35:01, 36210
90474, 2012-04-06 13:40:01, 36225
90475, 2012-04-06 13:45:01, 36187
90476, 2012-04-06 13:50:01, 36011
90477, 2012-04-06 13:55:13, 35910
90478, 2012-04-06 14:00:01, 35818
90479, 2012-04-06 14:05:07, 35813
90480, 2012-04-06 14:10:01, 35852
90481, 2012-04-06 14:15:14, 35885
90482, 2012-04-06 14:20:11, 35881
90483, 2012-04-06 14:25:01, 35920
90484, 2012-04-06 14:30:01, 35982
90485, 2012-04-06 14:35:01, 35967
90486, 2012-04-06 14:40:01, 36019
90487, 2012-04-06 14:45:08, 36036
90488, 2012-04-06 14:50:12, 35925
90489, 2012-04-06 14:55:01, 35970
90490, 2012-04-06 15:00:01, 36063
90491, 2012-04-06 15:05:12, 36120
90492, 2012-04-06 15:10:26, 36099
90493, 2012-04-06 15:15:01, 36169
90494, 2012-04-06 15:20:04, 36214
90495, 2012-04-06 15:25:06, 36293
90496, 2012-04-06 15:30:01, 36375
90497, 2012-04-06 15:35:25, 36571
90498, 2012-04-06 15:40:01, 36838
90499, 2012-04-06 15:45:01, 37042
90500, 2012-04-06 15:50:01, 37186
90501, 2012-04-06 15:55:07, 37342
90502, 2012-04-06 16:00:02, 37585
90503, 2012-04-06 16:05:14, 37829
90504, 2012-04-06 16:10:01, 38069
90505, 2012-04-06 16:15:06, 38153
90506, 2012-04-06 16:20:18, 38287
90507, 2012-04-06 16:25:01, 38550
90508, 2012-04-06 16:30:01, 38661
90509, 2012-04-06 16:35:16, 38768
90510, 2012-04-06 16:40:01, 38810
90511, 2012-04-06 16:45:09, 38759
90512, 2012-04-06 16:50:11, 38720
90513, 2012-04-06 16:55:01, 38715
90514, 2012-04-06 17:00:02, 38598
90515, 2012-04-06 17:05:09, 38593
90516, 2012-04-06 17:10:01, 38713
90517, 2012-04-06 17:15:07, 38698
90518, 2012-04-06 17:20:01, 38798
90519, 2012-04-06 17:25:10, 38737
90520, 2012-04-06 17:30:11, 38723
90521, 2012-04-06 17:35:01, 38646
90522, 2012-04-06 17:40:01, 38743
90523, 2012-04-06 17:45:01, 38744
90524, 2012-04-06 17:50:01, 38717
90525, 2012-04-06 17:55:06, 38738
90526, 2012-04-06 18:00:01, 38604
90527, 2012-04-06 18:05:11, 38553
90528, 2012-04-06 18:10:01, 38573
90529, 2012-04-06 18:15:02, 38522
90530, 2012-04-06 18:20:01, 38529
90531, 2012-04-06 18:25:01, 38418
90532, 2012-04-06 18:30:02, 38359
90533, 2012-04-06 18:35:15, 38499
90534, 2012-04-06 18:40:01, 38514
90535, 2012-04-06 18:45:07, 38471
90536, 2012-04-06 18:50:13, 38571
90537, 2012-04-06 18:55:01, 38584
90538, 2012-04-06 19:00:01, 38627
90539, 2012-04-06 19:05:01, 38838
90540, 2012-04-06 19:10:01, 39255
90541, 2012-04-06 19:15:06, 39213
90542, 2012-04-06 19:20:01, 39165
90543, 2012-04-06 19:25:11, 39212
90544, 2012-04-06 19:30:01, 39221
90545, 2012-04-06 19:35:12, 39199
90546, 2012-04-06 19:40:04, 39178
90547, 2012-04-06 19:45:06, 38882
90548, 2012-04-06 19:50:01, 38833
90549, 2012-04-06 19:55:04, 38633
90550, 2012-04-06 20:00:05, 38320
90551, 2012-04-06 20:05:10, 38392
90552, 2012-04-06 20:10:26, 38419
90553, 2012-04-06 20:15:01, 38109
90554, 2012-04-06 20:20:02, 37953
90555, 2012-04-06 20:25:09, 37897
90556, 2012-04-06 20:30:01, 37523
90557, 2012-04-06 20:35:08, 37003
90558, 2012-04-06 20:40:01, 36671
90559, 2012-04-06 20:45:07, 36301
90560, 2012-04-06 20:50:01, 36029
90561, 2012-04-06 20:55:01, 35851
90562, 2012-04-06 21:00:04, 35736
90563, 2012-04-06 21:05:11, 35432
90564, 2012-04-06 21:10:01, 35538
90565, 2012-04-06 21:15:06, 35274
90566, 2012-04-06 21:20:07, 34993
90567, 2012-04-06 21:25:02, 34723
90568, 2012-04-06 21:30:01, 34162
90569, 2012-04-06 21:35:02, 33738
90570, 2012-04-06 21:40:01, 33800
90571, 2012-04-06 21:45:08, 33575
90572, 2012-04-06 21:50:01, 33191
90573, 2012-04-06 21:55:05, 32905
90574, 2012-04-06 22:00:01, 32697
90575, 2012-04-06 22:07:12, 32252
90576, 2012-04-06 22:10:01, 32114
90577, 2012-04-06 22:15:06, 31784
90578, 2012-04-06 22:20:01, 31405
90579, 2012-04-06 22:25:06, 31171
90580, 2012-04-06 22:30:01, 30891
90581, 2012-04-06 22:35:01, 30605
90582, 2012-04-06 22:40:01, 30563
90583, 2012-04-06 22:45:06, 30308
90584, 2012-04-06 22:50:01, 30074
90585, 2012-04-06 22:55:04, 29831
90586, 2012-04-06 23:00:15, 29750
90587, 2012-04-06 23:05:10, 29549
90588, 2012-04-06 23:10:01, 29549
90589, 2012-04-06 23:15:07, 29549
90590, 2012-04-06 23:20:01, 29549
90591, 2012-04-06 23:25:01, 29549
90592, 2012-04-06 23:30:15, 29549
90593, 2012-04-06 23:35:11, 29549
90594, 2012-04-06 23:40:01, 29549
90595, 2012-04-06 23:45:07, 29549
90596, 2012-04-06 23:50:14, 29549
90597, 2012-04-06 23:55:05, 29549
90598, 2012-04-07 00:00:01, 29549
90599, 2012-04-07 00:05:12, 28206
90600, 2012-04-07 00:10:01, 28652
90601, 2012-04-07 00:15:09, 28883
90602, 2012-04-07 00:20:01, 29032
90603, 2012-04-07 00:25:09, 29129
90604, 2012-04-07 00:30:13, 29110
90605, 2012-04-07 00:35:10, 29013
90606, 2012-04-07 00:40:08, 29371
90607, 2012-04-07 00:45:09, 29580
90608, 2012-04-07 00:50:11, 29654
90609, 2012-04-07 00:55:08, 29621
90610, 2012-04-07 01:00:10, 29572
90611, 2012-04-07 01:05:09, 29554
90612, 2012-04-07 01:10:01, 29693
90613, 2012-04-07 01:15:09, 29687
90614, 2012-04-07 01:20:11, 29631
90615, 2012-04-07 01:25:01, 29470
90616, 2012-04-07 01:30:01, 29258
90617, 2012-04-07 01:35:13, 29203
90618, 2012-04-07 01:40:01, 29338
90619, 2012-04-07 01:45:06, 29249
90620, 2012-04-07 01:50:13, 29135
90621, 2012-04-07 01:55:05, 29205
90622, 2012-04-07 02:00:02, 29064
90623, 2012-04-07 02:05:01, 28991
90624, 2012-04-07 02:10:15, 29102
90625, 2012-04-07 02:15:07, 29017
90626, 2012-04-07 02:20:01, 28912
90627, 2012-04-07 02:25:08, 28881
90628, 2012-04-07 02:30:01, 28815
90629, 2012-04-07 02:35:01, 28747
90630, 2012-04-07 02:40:27, 28858
90631, 2012-04-07 02:45:01, 28800
90632, 2012-04-07 02:50:02, 28625
90633, 2012-04-07 02:55:09, 28592
90634, 2012-04-07 03:00:02, 28481
90635, 2012-04-07 03:05:01, 28397
90636, 2012-04-07 03:10:01, 28416
90637, 2012-04-07 03:15:07, 28444
90638, 2012-04-07 03:20:23, 28484
90639, 2012-04-07 03:25:01, 28411
90640, 2012-04-07 03:30:01, 28348
90641, 2012-04-07 03:35:07, 28301
90642, 2012-04-07 03:40:13, 28301
90643, 2012-04-07 03:45:09, 28233
90644, 2012-04-07 03:50:01, 28092
90645, 2012-04-07 03:55:07, 28007
90646, 2012-04-07 04:00:39, 27998
90647, 2012-04-07 04:05:14, 27961
90648, 2012-04-07 04:10:01, 27800
90649, 2012-04-07 04:15:12, 27748
90650, 2012-04-07 04:20:31, 27715
90651, 2012-04-07 04:25:10, 27651
90652, 2012-04-07 04:30:02, 27590
90653, 2012-04-07 04:35:10, 27544
90654, 2012-04-07 04:40:01, 27484
90655, 2012-04-07 04:45:08, 27615
90656, 2012-04-07 04:50:03, 27780
90657, 2012-04-07 04:55:10, 27839
90658, 2012-04-07 05:00:08, 27928
90659, 2012-04-07 05:05:10, 28047
90660, 2012-04-07 05:10:01, 27996
90661, 2012-04-07 05:15:09, 28104
90662, 2012-04-07 05:20:15, 28133
90663, 2012-04-07 05:25:01, 28130
90664, 2012-04-07 05:30:01, 28209
90665, 2012-04-07 05:35:10, 28356
90666, 2012-04-07 05:40:12, 28209
90667, 2012-04-07 05:45:07, 28287
90668, 2012-04-07 05:50:01, 28273
90669, 2012-04-07 05:55:01, 28256
90670, 2012-04-07 06:00:12, 28236
90671, 2012-04-07 06:05:17, 28240
90672, 2012-04-07 06:10:02, 28337
90673, 2012-04-07 06:15:07, 28745
90674, 2012-04-07 06:20:13, 29091
90675, 2012-04-07 06:25:07, 29301
90676, 2012-04-07 06:30:15, 29525
90677, 2012-04-07 06:35:12, 29626
90678, 2012-04-07 06:40:01, 29821
90679, 2012-04-07 06:45:07, 30063
90680, 2012-04-07 06:50:15, 30231
90681, 2012-04-07 06:55:02, 30358
90682, 2012-04-07 07:00:01, 30730
90683, 2012-04-07 07:05:10, 31102
90684, 2012-04-07 07:10:13, 31649
90685, 2012-04-07 07:15:01, 32057
90686, 2012-04-07 07:20:01, 32470
90687, 2012-04-07 07:25:07, 32775
90688, 2012-04-07 07:30:25, 33024
90689, 2012-04-07 07:35:19, 33211
90690, 2012-04-07 07:40:01, 33288
90691, 2012-04-07 07:45:10, 33387
90692, 2012-04-07 07:50:18, 33577
90693, 2012-04-07 07:55:01, 33845
90694, 2012-04-07 08:00:01, 34070
90695, 2012-04-07 08:05:01, 34297
90696, 2012-04-07 08:10:01, 34018
90697, 2012-04-07 08:15:17, 34312
90698, 2012-04-07 08:20:01, 32555
90699, 2012-04-07 08:25:06, 32718
90700, 2012-04-07 08:30:01, 32810
90701, 2012-04-07 08:35:01, 32890
90702, 2012-04-07 08:40:01, 34933
90703, 2012-04-07 08:45:08, 35067
90704, 2012-04-07 08:50:02, 33188
90705, 2012-04-07 08:55:06, 33217
90706, 2012-04-07 09:00:01, 35889
90707, 2012-04-07 09:05:10, 35945
90708, 2012-04-07 09:10:01, 36065
90709, 2012-04-07 09:15:01, 36175
90710, 2012-04-07 09:20:01, 36230
90711, 2012-04-07 09:25:09, 36242
90712, 2012-04-07 09:30:01, 36272
90713, 2012-04-07 09:35:11, 36349
90714, 2012-04-07 09:40:01, 36372
90715, 2012-04-07 09:45:09, 36402
90716, 2012-04-07 09:50:10, 36451
90717, 2012-04-07 09:55:07, 36442
90718, 2012-04-07 10:00:10, 36491
90719, 2012-04-07 10:05:11, 36510
90720, 2012-04-07 10:10:01, 36586
90721, 2012-04-07 10:15:07, 36702
90722, 2012-04-07 10:20:01, 36657
90723, 2012-04-07 10:25:08, 36597
90724, 2012-04-07 10:30:01, 36535
90725, 2012-04-07 10:35:12, 36549
90726, 2012-04-07 10:40:01, 36602
90727, 2012-04-07 10:45:08, 36608
90728, 2012-04-07 10:50:14, 36623
90729, 2012-04-07 10:55:01, 36626
90730, 2012-04-07 11:00:02, 36663
90731, 2012-04-07 11:05:02, 36685
90732, 2012-04-07 11:10:01, 36665
90733, 2012-04-07 11:15:06, 36719
90734, 2012-04-07 11:20:01, 36636
90735, 2012-04-07 11:25:07, 36627
90736, 2012-04-07 11:30:04, 36606
90737, 2012-04-07 11:35:12, 36517
90738, 2012-04-07 11:40:01, 36491
90739, 2012-04-07 11:45:07, 36395
90740, 2012-04-07 11:50:01, 36326
90741, 2012-04-07 11:55:01, 36261
90742, 2012-04-07 12:00:01, 36129
90743, 2012-04-07 12:05:01, 36003
90744, 2012-04-07 12:10:01, 35900
90745, 2012-04-07 12:15:07, 35919
90746, 2012-04-07 12:20:01, 35845
90747, 2012-04-07 12:25:08, 35798
90748, 2012-04-07 12:30:01, 35689
90749, 2012-04-07 12:35:10, 35580
90750, 2012-04-07 12:40:01, 35594
90751, 2012-04-07 12:45:01, 35512
90752, 2012-04-07 12:50:01, 35469
90753, 2012-04-07 12:55:01, 35460
90754, 2012-04-07 13:00:01, 35347
90755, 2012-04-07 13:05:11, 35212
90756, 2012-04-07 13:10:02, 35365
90757, 2012-04-07 13:15:08, 35409
90758, 2012-04-07 13:20:11, 35322
90759, 2012-04-07 13:25:01, 35235
90760, 2012-04-07 13:30:01, 35154
90761, 2012-04-07 13:35:01, 35026
90762, 2012-04-07 13:40:01, 35036
90763, 2012-04-07 13:45:04, 35006
90764, 2012-04-07 13:50:01, 34943
90765, 2012-04-07 13:55:06, 34837
90766, 2012-04-07 14:00:02, 34783
90767, 2012-04-07 14:05:10, 34754
90768, 2012-04-07 14:10:01, 34803
90769, 2012-04-07 14:15:01, 34789
90770, 2012-04-07 14:20:01, 34810
90771, 2012-04-07 14:25:01, 34719
90772, 2012-04-07 14:30:01, 34768
90773, 2012-04-07 14:35:01, 34814
90774, 2012-04-07 14:41:14, 34874
90775, 2012-04-07 14:45:06, 34896
90776, 2012-04-07 14:50:01, 34866
90777, 2012-04-07 14:55:07, 34884
90778, 2012-04-07 15:01:11, 34959
90779, 2012-04-07 15:05:11, 35024
90780, 2012-04-07 15:10:25, 35021
90781, 2012-04-07 15:15:01, 35099
90782, 2012-04-07 15:20:01, 35167
90783, 2012-04-07 15:25:10, 35160
90784, 2012-04-07 15:30:01, 35227
90785, 2012-04-07 15:35:10, 35365
90786, 2012-04-07 15:40:15, 35377
90787, 2012-04-07 15:45:01, 35437
90788, 2012-04-07 15:50:01, 35626
90789, 2012-04-07 15:55:01, 35689
90790, 2012-04-07 16:00:01, 35865
90791, 2012-04-07 16:05:11, 36097
90792, 2012-04-07 16:10:01, 36227
90793, 2012-04-07 16:15:05, 36336
90794, 2012-04-07 16:20:01, 36539
90795, 2012-04-07 16:25:10, 36691
90796, 2012-04-07 16:30:01, 36736
90797, 2012-04-07 16:35:04, 36711
90798, 2012-04-07 16:40:01, 36790
90799, 2012-04-07 16:45:02, 36863
90800, 2012-04-07 16:50:01, 36866
90801, 2012-04-07 16:55:07, 36879
90802, 2012-04-07 17:00:01, 36875
90803, 2012-04-07 17:05:11, 36848
90804, 2012-04-07 17:10:02, 36841
90805, 2012-04-07 17:15:14, 36797
90806, 2012-04-07 17:20:14, 36680
90807, 2012-04-07 17:25:01, 36739
90808, 2012-04-07 17:30:01, 36745
90809, 2012-04-07 17:35:01, 36658
90810, 2012-04-07 17:40:01, 36709
90811, 2012-04-07 17:45:06, 36677
90812, 2012-04-07 17:50:01, 36629
90813, 2012-04-07 17:55:05, 36642
90814, 2012-04-07 18:00:01, 36640
90815, 2012-04-07 18:05:13, 36652
90816, 2012-04-07 18:10:14, 36681
90817, 2012-04-07 18:15:01, 36689
90818, 2012-04-07 18:20:02, 36678
90819, 2012-04-07 18:25:07, 36734
90820, 2012-04-07 18:30:01, 36571
90821, 2012-04-07 18:35:11, 36491
90822, 2012-04-07 18:40:01, 36555
90823, 2012-04-07 18:45:01, 36598
90824, 2012-04-07 18:50:01, 36605
90825, 2012-04-07 18:55:01, 36633
90826, 2012-04-07 19:00:01, 36735
90827, 2012-04-07 19:05:10, 36841
90828, 2012-04-07 19:10:01, 37250
90829, 2012-04-07 19:15:07, 37467
90830, 2012-04-07 19:20:01, 37460
90831, 2012-04-07 19:25:08, 37611
90832, 2012-04-07 19:30:01, 37714
90833, 2012-04-07 19:35:10, 37780
90834, 2012-04-07 19:40:01, 37804
90835, 2012-04-07 19:45:11, 37519
90836, 2012-04-07 19:50:01, 37220
90837, 2012-04-07 19:55:01, 37122
90838, 2012-04-07 20:00:02, 37079
90839, 2012-04-07 20:05:11, 36765
90840, 2012-04-07 20:10:01, 36467
90841, 2012-04-07 20:15:09, 36488
90842, 2012-04-07 20:20:01, 36334
90843, 2012-04-07 20:25:04, 36301
90844, 2012-04-07 20:30:03, 36105
90845, 2012-04-07 20:35:02, 35832
90846, 2012-04-07 20:40:01, 35523
90847, 2012-04-07 20:45:01, 35325
90848, 2012-04-07 20:50:01, 35079
90849, 2012-04-07 20:55:06, 34902
90850, 2012-04-07 21:00:03, 34759
90851, 2012-04-07 21:05:12, 34631
90852, 2012-04-07 21:10:01, 34566
90853, 2012-04-07 21:15:15, 34386
90854, 2012-04-07 21:20:18, 34059
90855, 2012-04-07 21:25:01, 33761
90856, 2012-04-07 21:30:01, 33416
90857, 2012-04-07 21:35:09, 33162
90858, 2012-04-07 21:40:01, 33219
90859, 2012-04-07 21:45:01, 32956
90860, 2012-04-07 21:50:01, 32621
90861, 2012-04-07 21:55:01, 32453
90862, 2012-04-07 22:00:01, 32165
90863, 2012-04-07 22:05:01, 31793
90864, 2012-04-07 22:10:01, 31572
90865, 2012-04-07 22:15:05, 31335
90866, 2012-04-07 22:20:01, 30966
90867, 2012-04-07 22:25:08, 30683
90868, 2012-04-07 22:30:01, 30328
90869, 2012-04-07 22:35:11, 30075
90870, 2012-04-07 22:40:01, 29908
90871, 2012-04-07 22:45:01, 29716
90872, 2012-04-07 22:50:01, 29460
90873, 2012-04-07 22:55:01, 29190
90874, 2012-04-07 23:00:01, 29042
90875, 2012-04-07 23:05:13, 28931
90876, 2012-04-07 23:10:01, 28931
90877, 2012-04-07 23:15:04, 28931
90878, 2012-04-07 23:20:01, 28931
90879, 2012-04-07 23:25:10, 28931
90880, 2012-04-07 23:30:16, 28931
90881, 2012-04-07 23:35:01, 28931
90882, 2012-04-07 23:40:02, 28931
90883, 2012-04-07 23:45:07, 28931
90884, 2012-04-07 23:50:01, 28931
90885, 2012-04-07 23:55:06, 28931
90886, 2012-04-08 00:00:01, 28931
90887, 2012-04-08 00:05:15, 27702
90888, 2012-04-08 00:10:31, 27857
90889, 2012-04-08 00:15:01, 25925
90890, 2012-04-08 00:20:01, 28012
90891, 2012-04-08 00:25:11, 28021
90892, 2012-04-08 00:30:01, 28004
90893, 2012-04-08 00:35:11, 27997
90894, 2012-04-08 00:40:12, 28317
90895, 2012-04-08 00:45:01, 28410
90896, 2012-04-08 00:50:01, 28417
90897, 2012-04-08 00:55:01, 28384
90898, 2012-04-08 01:00:01, 28463
90899, 2012-04-08 01:05:16, 28515
90900, 2012-04-08 01:10:01, 28567
90901, 2012-04-08 01:15:04, 28513
90902, 2012-04-08 01:20:06, 28492
90903, 2012-04-08 01:25:01, 28429
90904, 2012-04-08 01:30:01, 28337
90905, 2012-04-08 01:35:01, 28288
90906, 2012-04-08 01:40:01, 28346
90907, 2012-04-08 01:45:06, 28238
90908, 2012-04-08 01:50:01, 28122
90909, 2012-04-08 01:55:06, 28170
90910, 2012-04-08 02:00:01, 28094
90911, 2012-04-08 02:05:01, 28094
90912, 2012-04-08 02:10:53, 28025
90913, 2012-04-08 02:15:03, 28119
90914, 2012-04-08 02:20:01, 28184
90915, 2012-04-08 02:25:07, 28130
90916, 2012-04-08 02:30:01, 28061
90917, 2012-04-08 02:35:10, 28046
90918, 2012-04-08 02:40:01, 28094
90919, 2012-04-08 02:45:01, 28004
90920, 2012-04-08 02:50:01, 27870
90921, 2012-04-08 02:55:03, 27765
90922, 2012-04-08 03:00:04, 27677
90923, 2012-04-08 03:05:03, 27640
90924, 2012-04-08 03:10:01, 27877
90925, 2012-04-08 03:15:07, 27837
90926, 2012-04-08 03:20:01, 27724
90927, 2012-04-08 03:25:07, 27633
90928, 2012-04-08 03:30:14, 27479
90929, 2012-04-08 03:35:01, 27390
90930, 2012-04-08 03:40:01, 27443
90931, 2012-04-08 03:45:01, 27350
90932, 2012-04-08 03:50:01, 27264
90933, 2012-04-08 03:55:09, 27134
90934, 2012-04-08 04:00:01, 26991
90935, 2012-04-08 04:05:11, 26963
90936, 2012-04-08 04:10:02, 27154
90937, 2012-04-08 04:15:16, 27207
90938, 2012-04-08 04:20:15, 27178
90939, 2012-04-08 04:25:04, 27132
90940, 2012-04-08 04:30:01, 27032
90941, 2012-04-08 04:35:14, 27062
90942, 2012-04-08 04:40:01, 27138
90943, 2012-04-08 04:45:10, 27144
90944, 2012-04-08 04:50:27, 27113
90945, 2012-04-08 04:55:02, 27096
90946, 2012-04-08 05:00:01, 27146
90947, 2012-04-08 05:05:21, 27172
90948, 2012-04-08 05:10:01, 27256
90949, 2012-04-08 05:15:07, 27253
90950, 2012-04-08 05:20:01, 27203
90951, 2012-04-08 05:25:06, 27167
90952, 2012-04-08 05:30:01, 27055
90953, 2012-04-08 05:35:01, 26955
90954, 2012-04-08 05:40:01, 26892
90955, 2012-04-08 05:45:11, 26943
90956, 2012-04-08 05:50:01, 27016
90957, 2012-04-08 05:55:06, 27081
90958, 2012-04-08 06:00:01, 27118
90959, 2012-04-08 06:05:10, 27006
90960, 2012-04-08 06:10:01, 26838
90961, 2012-04-08 06:15:01, 26878
90962, 2012-04-08 06:20:04, 26888
90963, 2012-04-08 06:25:07, 26935
90964, 2012-04-08 06:30:01, 26909
90965, 2012-04-08 06:35:01, 27081
90966, 2012-04-08 06:40:01, 27210
90967, 2012-04-08 06:45:01, 27380
90968, 2012-04-08 06:50:01, 27601
90969, 2012-04-08 06:55:07, 27872
90970, 2012-04-08 07:00:01, 28173
90971, 2012-04-08 07:05:11, 28366
90972, 2012-04-08 07:10:01, 28336
90973, 2012-04-08 07:15:07, 28650
90974, 2012-04-08 07:20:28, 28922
90975, 2012-04-08 07:25:01, 29180
90976, 2012-04-08 07:30:01, 29346
90977, 2012-04-08 07:35:01, 29576
90978, 2012-04-08 07:40:01, 29670
90979, 2012-04-08 07:45:13, 29775
90980, 2012-04-08 07:50:01, 29943
90981, 2012-04-08 07:55:07, 30116
90982, 2012-04-08 08:00:07, 30289
90983, 2012-04-08 08:05:01, 30511
90984, 2012-04-08 08:10:01, 30863
90985, 2012-04-08 08:15:02, 31259
90986, 2012-04-08 08:20:01, 31503
90987, 2012-04-08 08:25:07, 31718
90988, 2012-04-08 08:30:01, 31982
90989, 2012-04-08 08:35:11, 32171
90990, 2012-04-08 08:40:01, 32312
90991, 2012-04-08 08:45:11, 32459
90992, 2012-04-08 08:50:03, 32582
90993, 2012-04-08 08:55:01, 32798
90994, 2012-04-08 09:00:01, 32925
90995, 2012-04-08 09:05:13, 33085
90996, 2012-04-08 09:10:01, 33329
90997, 2012-04-08 09:15:08, 33500
90998, 2012-04-08 09:20:25, 33657
90999, 2012-04-08 09:25:01, 33735
91000, 2012-04-08 09:30:01, 33848
91001, 2012-04-08 09:35:01, 33907
91002, 2012-04-08 09:40:01, 33985
91003, 2012-04-08 09:45:06, 34142
91004, 2012-04-08 09:50:01, 34201
91005, 2012-04-08 09:55:07, 34336
91006, 2012-04-08 10:00:01, 34382
91007, 2012-04-08 10:05:10, 34378
91008, 2012-04-08 10:10:01, 34508
91009, 2012-04-08 10:15:06, 34640
91010, 2012-04-08 10:20:01, 34743
91011, 2012-04-08 10:25:01, 34825
91012, 2012-04-08 10:30:01, 34844
91013, 2012-04-08 10:35:10, 34875
91014, 2012-04-08 10:40:01, 35014
91015, 2012-04-08 10:45:07, 35110
91016, 2012-04-08 10:50:01, 35224
91017, 2012-04-08 10:55:06, 35287
91018, 2012-04-08 11:00:10, 35324
91019, 2012-04-08 11:05:04, 35392
91020, 2012-04-08 11:10:01, 35523
91021, 2012-04-08 11:15:07, 35631
91022, 2012-04-08 11:20:02, 35679
91023, 2012-04-08 11:25:10, 35715
91024, 2012-04-08 11:30:01, 35760
91025, 2012-04-08 11:35:10, 35793
91026, 2012-04-08 11:40:22, 35834
91027, 2012-04-08 11:45:01, 35790
91028, 2012-04-08 11:50:01, 35716
91029, 2012-04-08 11:55:06, 35668
91030, 2012-04-08 12:00:04, 35620
91031, 2012-04-08 12:05:11, 35503
91032, 2012-04-08 12:10:14, 35289
91033, 2012-04-08 12:15:01, 35169
91034, 2012-04-08 12:20:01, 35032
91035, 2012-04-08 12:25:01, 34973
91036, 2012-04-08 12:30:02, 34880
91037, 2012-04-08 12:35:15, 34717
91038, 2012-04-08 12:40:04, 34698
91039, 2012-04-08 12:45:10, 34549
91040, 2012-04-08 12:50:12, 34371
91041, 2012-04-08 12:55:02, 34226
91042, 2012-04-08 13:00:01, 34058
91043, 2012-04-08 13:05:25, 34002
91044, 2012-04-08 13:10:13, 34104
91045, 2012-04-08 13:15:01, 34157
91046, 2012-04-08 13:20:01, 34030
91047, 2012-04-08 13:25:01, 33896
91048, 2012-04-08 13:30:01, 33824
91049, 2012-04-08 13:35:10, 33724
91050, 2012-04-08 13:40:01, 33710
91051, 2012-04-08 13:45:08, 33544
91052, 2012-04-08 13:50:01, 33366
91053, 2012-04-08 13:55:07, 33312
91054, 2012-04-08 14:00:10, 33290
91055, 2012-04-08 14:05:01, 33266
91056, 2012-04-08 14:10:01, 33291
91057, 2012-04-08 14:15:01, 33279
91058, 2012-04-08 14:20:01, 33150
91059, 2012-04-08 14:25:16, 33111
91060, 2012-04-08 14:30:02, 33146
91061, 2012-04-08 14:35:13, 33143
91062, 2012-04-08 14:40:01, 33151
91063, 2012-04-08 14:45:01, 33090
91064, 2012-04-08 14:50:01, 33064
91065, 2012-04-08 14:55:01, 33134
91066, 2012-04-08 15:00:01, 33167
91067, 2012-04-08 15:05:01, 33201
91068, 2012-04-08 15:10:01, 33190
91069, 2012-04-08 15:15:01, 33258
91070, 2012-04-08 15:20:01, 33348
91071, 2012-04-08 15:25:08, 33501
91072, 2012-04-08 15:30:01, 33510
91073, 2012-04-08 15:35:08, 33549
91074, 2012-04-08 15:40:10, 33515
91075, 2012-04-08 15:45:01, 33564
91076, 2012-04-08 15:50:01, 33632
91077, 2012-04-08 15:55:01, 33759
91078, 2012-04-08 16:00:03, 33864
91079, 2012-04-08 16:05:14, 33941
91080, 2012-04-08 16:10:01, 33972
91081, 2012-04-08 16:15:07, 33983
91082, 2012-04-08 16:20:01, 33991
91083, 2012-04-08 16:25:01, 34034
91084, 2012-04-08 16:30:02, 34009
91085, 2012-04-08 16:35:01, 34068
91086, 2012-04-08 16:40:04, 34018
91087, 2012-04-08 16:45:15, 33997
91088, 2012-04-08 16:50:01, 33982
91089, 2012-04-08 16:55:06, 33947
91090, 2012-04-08 17:00:01, 33878
91091, 2012-04-08 17:05:13, 33894
91092, 2012-04-08 17:10:01, 34057
91093, 2012-04-08 17:15:03, 34149
91094, 2012-04-08 17:20:02, 34120
91095, 2012-04-08 17:25:01, 34146
91096, 2012-04-08 17:30:01, 34123
91097, 2012-04-08 17:35:11, 34097
91098, 2012-04-08 17:40:01, 34185
91099, 2012-04-08 17:45:07, 34106
91100, 2012-04-08 17:50:12, 34075
91101, 2012-04-08 17:55:01, 34030
91102, 2012-04-08 18:00:10, 33998
91103, 2012-04-08 18:05:10, 33981
91104, 2012-04-08 18:10:01, 34054
91105, 2012-04-08 18:15:09, 34009
91106, 2012-04-08 18:20:14, 34037
91107, 2012-04-08 18:25:01, 34202
91108, 2012-04-08 18:30:01, 34188
91109, 2012-04-08 18:35:01, 34187
91110, 2012-04-08 18:40:02, 34301
91111, 2012-04-08 18:45:06, 34379
91112, 2012-04-08 18:50:01, 34360
91113, 2012-04-08 18:55:08, 34599
91114, 2012-04-08 19:00:01, 34727
91115, 2012-04-08 19:05:15, 34955
91116, 2012-04-08 19:10:14, 35363
91117, 2012-04-08 19:15:01, 35681
91118, 2012-04-08 19:20:01, 35813
91119, 2012-04-08 19:25:01, 35865
91120, 2012-04-08 19:30:01, 35934
91121, 2012-04-08 19:35:13, 35940
91122, 2012-04-08 19:40:01, 35692
91123, 2012-04-08 19:45:06, 35471
91124, 2012-04-08 19:50:01, 35421
91125, 2012-04-08 19:55:06, 35261
91126, 2012-04-08 20:00:13, 35159
91127, 2012-04-08 20:05:01, 35201
91128, 2012-04-08 20:10:01, 35253
91129, 2012-04-08 20:15:01, 34880
91130, 2012-04-08 20:20:01, 34663
91131, 2012-04-08 20:25:09, 34655
91132, 2012-04-08 20:30:01, 34356
91133, 2012-04-08 20:35:11, 34096
91134, 2012-04-08 20:40:01, 33827
91135, 2012-04-08 20:45:08, 33591
91136, 2012-04-08 20:50:12, 33440
91137, 2012-04-08 20:55:01, 33180
91138, 2012-04-08 21:00:01, 33097
91139, 2012-04-08 21:05:18, 32819
91140, 2012-04-08 21:10:01, 32904
91141, 2012-04-08 21:15:08, 32830
91142, 2012-04-08 21:20:01, 32484
91143, 2012-04-08 21:25:08, 32240
91144, 2012-04-08 21:30:15, 32002
91145, 2012-04-08 21:35:01, 31759
91146, 2012-04-08 21:40:01, 31685
91147, 2012-04-08 21:45:08, 31401
91148, 2012-04-08 21:50:01, 31050
91149, 2012-04-08 21:55:05, 30801
91150, 2012-04-08 22:00:01, 30517
91151, 2012-04-08 22:05:12, 30187
91152, 2012-04-08 22:10:01, 30236
91153, 2012-04-08 22:15:05, 30044
91154, 2012-04-08 22:20:26, 29737
91155, 2012-04-08 22:25:01, 29484
91156, 2012-04-08 22:30:01, 29351
91157, 2012-04-08 22:35:11, 29298
91158, 2012-04-08 22:40:01, 29268
91159, 2012-04-08 22:45:06, 29073
91160, 2012-04-08 22:50:02, 28544
91161, 2012-04-08 22:55:07, 28129
91162, 2012-04-08 23:00:18, 27914
91163, 2012-04-08 23:05:01, 27793
91164, 2012-04-08 23:10:01, 27793
91165, 2012-04-08 23:15:09, 27793
91166, 2012-04-08 23:20:01, 27793
91167, 2012-04-08 23:25:05, 27793
91168, 2012-04-08 23:30:01, 27793
91169, 2012-04-08 23:35:10, 27793
91170, 2012-04-08 23:40:12, 27793
91171, 2012-04-08 23:45:01, 27793
91172, 2012-04-08 23:50:01, 27793
91173, 2012-04-08 23:55:01, 27793
91174, 2012-04-09 00:00:01, 27793
91175, 2012-04-09 00:05:12, 26734
91176, 2012-04-09 00:10:14, 27105
91177, 2012-04-09 00:15:01, 27176
91178, 2012-04-09 00:20:02, 27635
91179, 2012-04-09 00:25:12, 27683
91180, 2012-04-09 00:30:01, 27694
91181, 2012-04-09 00:35:12, 27718
91182, 2012-04-09 00:40:11, 27961
91183, 2012-04-09 00:45:01, 28007
91184, 2012-04-09 00:50:01, 28203
91185, 2012-04-09 00:55:01, 28204
91186, 2012-04-09 01:00:01, 28164
91187, 2012-04-09 01:05:12, 28033
91188, 2012-04-09 01:10:02, 28104
91189, 2012-04-09 01:15:07, 28101
91190, 2012-04-09 01:20:01, 28048
91191, 2012-04-09 01:25:06, 28046
91192, 2012-04-09 01:30:09, 27998
91193, 2012-04-09 01:35:04, 28080
91194, 2012-04-09 01:40:01, 28193
91195, 2012-04-09 01:45:01, 28023
91196, 2012-04-09 01:50:02, 27843
91197, 2012-04-09 01:55:07, 27701
91198, 2012-04-09 02:00:01, 27680
91199, 2012-04-09 02:10:01, 27680
91200, 2012-04-09 02:11:48, 27548
91201, 2012-04-09 02:15:06, 27418
91202, 2012-04-09 02:20:01, 27293
91203, 2012-04-09 02:25:01, 27271
91204, 2012-04-09 02:30:01, 27200
91205, 2012-04-09 02:35:10, 27288
91206, 2012-04-09 02:40:01, 27342
91207, 2012-04-09 02:45:09, 27159
91208, 2012-04-09 02:50:01, 26972
91209, 2012-04-09 02:55:10, 26933
91210, 2012-04-09 03:00:19, 26869
91211, 2012-04-09 03:05:01, 26775
91212, 2012-04-09 03:10:01, 26747
91213, 2012-04-09 03:15:01, 26672
91214, 2012-04-09 03:20:04, 26640
91215, 2012-04-09 03:25:09, 26709
91216, 2012-04-09 03:30:01, 26584
91217, 2012-04-09 03:35:12, 26543
91218, 2012-04-09 03:40:01, 26537
91219, 2012-04-09 03:45:07, 26426
91220, 2012-04-09 03:50:19, 26375
91221, 2012-04-09 03:55:01, 26290
91222, 2012-04-09 04:00:01, 26130
91223, 2012-04-09 04:05:15, 25886
91224, 2012-04-09 04:10:01, 26000
91225, 2012-04-09 04:15:07, 26100
91226, 2012-04-09 04:20:26, 26144
91227, 2012-04-09 04:25:01, 26105
91228, 2012-04-09 04:30:01, 26114
91229, 2012-04-09 04:35:14, 26174
91230, 2012-04-09 04:40:10, 26266
91231, 2012-04-09 04:45:06, 26270
91232, 2012-04-09 04:50:02, 26338
91233, 2012-04-09 04:55:10, 26293
91234, 2012-04-09 05:00:57, 26395
91235, 2012-04-09 05:05:16, 26551
91236, 2012-04-09 05:10:01, 26770
91237, 2012-04-09 05:15:09, 26963
91238, 2012-04-09 05:20:02, 26993
91239, 2012-04-09 05:25:08, 27000
91240, 2012-04-09 05:30:12, 27154
91241, 2012-04-09 05:35:07, 27207
91242, 2012-04-09 05:40:01, 27128
91243, 2012-04-09 05:45:06, 27174
91244, 2012-04-09 05:50:01, 27285
91245, 2012-04-09 05:55:01, 27390
91246, 2012-04-09 06:00:01, 27341
91247, 2012-04-09 06:05:12, 27326
91248, 2012-04-09 06:10:15, 27207
91249, 2012-04-09 06:15:06, 27442
91250, 2012-04-09 06:20:02, 27682
91251, 2012-04-09 06:25:07, 27852
91252, 2012-04-09 06:30:01, 27942
91253, 2012-04-09 06:35:01, 28024
91254, 2012-04-09 06:40:01, 28063
91255, 2012-04-09 06:45:07, 28241
91256, 2012-04-09 06:50:10, 28452
91257, 2012-04-09 06:55:06, 28750
91258, 2012-04-09 07:00:01, 29024
91259, 2012-04-09 07:05:11, 29345
91260, 2012-04-09 07:10:01, 29288
91261, 2012-04-09 07:15:01, 29596
91262, 2012-04-09 07:20:01, 29932
91263, 2012-04-09 07:25:01, 30264
91264, 2012-04-09 07:30:01, 30494
91265, 2012-04-09 07:35:12, 30683
91266, 2012-04-09 07:40:01, 30740
91267, 2012-04-09 07:45:12, 30939
91268, 2012-04-09 07:50:02, 31208
91269, 2012-04-09 07:55:01, 31408
91270, 2012-04-09 08:00:01, 31677
91271, 2012-04-09 08:05:19, 31859
91272, 2012-04-09 08:10:18, 32195
91273, 2012-04-09 08:15:03, 32472
91274, 2012-04-09 08:20:04, 32733
91275, 2012-04-09 08:25:08, 33001
91276, 2012-04-09 08:30:01, 33152
91277, 2012-04-09 08:35:10, 33338
91278, 2012-04-09 08:40:01, 33571
91279, 2012-04-09 08:45:06, 33885
91280, 2012-04-09 08:50:11, 34025
91281, 2012-04-09 08:55:09, 34330
91282, 2012-04-09 09:00:01, 34710
91283, 2012-04-09 09:05:11, 34847
91284, 2012-04-09 09:10:01, 34977
91285, 2012-04-09 09:15:11, 35203
91286, 2012-04-09 09:20:04, 35328
91287, 2012-04-09 09:25:08, 35398
91288, 2012-04-09 09:30:01, 35528
91289, 2012-04-09 09:35:11, 35611
91290, 2012-04-09 09:40:02, 35667
91291, 2012-04-09 09:45:08, 35664
91292, 2012-04-09 09:50:01, 35678
91293, 2012-04-09 09:55:08, 35810
91294, 2012-04-09 10:00:14, 35820
91295, 2012-04-09 10:05:11, 35772
91296, 2012-04-09 10:10:14, 36002
91297, 2012-04-09 10:15:08, 36123
91298, 2012-04-09 10:20:01, 36120
91299, 2012-04-09 10:25:01, 36104
91300, 2012-04-09 10:30:02, 36059
91301, 2012-04-09 10:35:10, 36099
91302, 2012-04-09 10:40:01, 36322
91303, 2012-04-09 10:45:14, 36434
91304, 2012-04-09 10:50:02, 36423
91305, 2012-04-09 10:55:06, 36465
91306, 2012-04-09 11:00:12, 36458
91307, 2012-04-09 11:05:01, 36530
91308, 2012-04-09 11:10:01, 36589
91309, 2012-04-09 11:15:01, 36646
91310, 2012-04-09 11:20:01, 36664
91311, 2012-04-09 11:25:09, 36727
91312, 2012-04-09 11:30:01, 36719
91313, 2012-04-09 11:35:12, 36704
91314, 2012-04-09 11:40:12, 36718
91315, 2012-04-09 11:45:02, 36654
91316, 2012-04-09 11:50:01, 36568
91317, 2012-04-09 11:55:06, 36509
91318, 2012-04-09 12:00:01, 36405
91319, 2012-04-09 12:05:11, 36344
91320, 2012-04-09 12:10:01, 36408
91321, 2012-04-09 12:15:08, 36392
91322, 2012-04-09 12:20:02, 36339
91323, 2012-04-09 12:25:08, 36319
91324, 2012-04-09 12:30:01, 36285
91325, 2012-04-09 12:35:01, 36181
91326, 2012-04-09 12:40:01, 36269
91327, 2012-04-09 12:45:05, 36325
91328, 2012-04-09 12:50:01, 36212
91329, 2012-04-09 12:55:13, 35993
91330, 2012-04-09 13:00:01, 35869
91331, 2012-04-09 13:05:11, 35842
91332, 2012-04-09 13:10:01, 35922
91333, 2012-04-09 13:15:01, 35939
91334, 2012-04-09 13:20:01, 35957
91335, 2012-04-09 13:25:09, 35897
91336, 2012-04-09 13:30:01, 35737
91337, 2012-04-09 13:35:15, 35676
91338, 2012-04-09 13:40:12, 35678
91339, 2012-04-09 13:45:01, 35665
91340, 2012-04-09 13:50:01, 35709
91341, 2012-04-09 13:55:06, 35740
91342, 2012-04-09 14:00:01, 35674
91343, 2012-04-09 14:05:14, 35580
91344, 2012-04-09 14:10:01, 35589
91345, 2012-04-09 14:15:08, 35736
91346, 2012-04-09 14:20:01, 35806
91347, 2012-04-09 14:25:01, 35802
91348, 2012-04-09 14:30:01, 35667
91349, 2012-04-09 14:35:10, 35621
91350, 2012-04-09 14:40:01, 35672
91351, 2012-04-09 14:45:01, 35648
91352, 2012-04-09 14:50:01, 35734
91353, 2012-04-09 14:55:06, 35795
91354, 2012-04-09 15:00:01, 35838
91355, 2012-04-09 15:05:01, 35884
91356, 2012-04-09 15:10:01, 35999
91357, 2012-04-09 15:15:01, 36151
91358, 2012-04-09 15:20:01, 36194
91359, 2012-04-09 15:25:08, 36229
91360, 2012-04-09 15:30:35, 36288
91361, 2012-04-09 15:35:01, 36480
91362, 2012-04-09 15:40:01, 36755
91363, 2012-04-09 15:45:05, 36891
91364, 2012-04-09 15:50:01, 36971
91365, 2012-04-09 15:55:06, 37061
91366, 2012-04-09 16:00:01, 37199
91367, 2012-04-09 16:05:13, 37469
91368, 2012-04-09 16:10:11, 37693
91369, 2012-04-09 16:15:01, 37851
91370, 2012-04-09 16:20:01, 37927
91371, 2012-04-09 16:25:07, 38028
91372, 2012-04-09 16:30:02, 38113
91373, 2012-04-09 16:35:06, 38180
91374, 2012-04-09 16:40:01, 38265
91375, 2012-04-09 16:45:07, 38331
91376, 2012-04-09 16:50:01, 38275
91377, 2012-04-09 16:55:12, 38316
91378, 2012-04-09 17:00:10, 38196
91379, 2012-04-09 17:05:01, 38204
91380, 2012-04-09 17:10:01, 38500
91381, 2012-04-09 17:15:01, 38532
91382, 2012-04-09 17:20:01, 38424
91383, 2012-04-09 17:25:13, 38378
91384, 2012-04-09 17:30:01, 38313
91385, 2012-04-09 17:35:10, 38256
91386, 2012-04-09 17:40:01, 38335
91387, 2012-04-09 17:45:06, 38260
91388, 2012-04-09 17:50:02, 38222
91389, 2012-04-09 17:55:01, 38184
91390, 2012-04-09 18:00:01, 38176
91391, 2012-04-09 18:05:19, 38157
91392, 2012-04-09 18:10:01, 38151
91393, 2012-04-09 18:15:07, 38032
91394, 2012-04-09 18:20:10, 37993
91395, 2012-04-09 18:25:01, 38052
91396, 2012-04-09 18:30:01, 37884
91397, 2012-04-09 18:35:01, 37891
91398, 2012-04-09 18:40:02, 37960
91399, 2012-04-09 18:45:07, 37854
91400, 2012-04-09 18:50:01, 37927
91401, 2012-04-09 18:55:07, 38058
91402, 2012-04-09 19:00:01, 37902
91403, 2012-04-09 19:05:14, 37999
91404, 2012-04-09 19:10:12, 38580
91405, 2012-04-09 19:15:01, 38567
91406, 2012-04-09 19:20:01, 38534
91407, 2012-04-09 19:25:10, 38394
91408, 2012-04-09 19:30:01, 38233
91409, 2012-04-09 19:35:09, 38109
91410, 2012-04-09 19:40:01, 38121
91411, 2012-04-09 19:45:07, 37955
91412, 2012-04-09 19:50:11, 37935
91413, 2012-04-09 19:55:02, 37639
91414, 2012-04-09 20:00:01, 37462
91415, 2012-04-09 20:05:01, 37672
91416, 2012-04-09 20:10:01, 37709
91417, 2012-04-09 20:15:09, 37189
91418, 2012-04-09 20:20:01, 36883
91419, 2012-04-09 20:25:08, 36584
91420, 2012-04-09 20:30:01, 36282
91421, 2012-04-09 20:35:15, 35947
91422, 2012-04-09 20:40:19, 35735
91423, 2012-04-09 20:45:01, 35497
91424, 2012-04-09 20:50:01, 35203
91425, 2012-04-09 20:55:02, 35007
91426, 2012-04-09 21:00:01, 34735
91427, 2012-04-09 21:05:14, 34394
91428, 2012-04-09 21:10:01, 34643
91429, 2012-04-09 21:15:06, 34333
91430, 2012-04-09 21:20:03, 33863
91431, 2012-04-09 21:25:06, 33468
91432, 2012-04-09 21:30:01, 33183
91433, 2012-04-09 21:35:01, 32722
91434, 2012-04-09 21:40:01, 32465
91435, 2012-04-09 21:45:01, 32275
91436, 2012-04-09 21:50:02, 31850
91437, 2012-04-09 21:55:07, 31478
91438, 2012-04-09 22:00:01, 31162
91439, 2012-04-09 22:05:16, 30896
91440, 2012-04-09 22:10:04, 30665
91441, 2012-04-09 22:15:11, 30399
91442, 2012-04-09 22:20:16, 30104
91443, 2012-04-09 22:25:01, 29849
91444, 2012-04-09 22:30:04, 29422
91445, 2012-04-09 22:35:01, 29056
91446, 2012-04-09 22:40:01, 29078
91447, 2012-04-09 22:45:12, 28921
91448, 2012-04-09 22:50:01, 28808
91449, 2012-04-09 22:55:07, 28620
91450, 2012-04-09 23:00:01, 28375
91451, 2012-04-09 23:05:16, 28106
91452, 2012-04-09 23:10:01, 28106
91453, 2012-04-09 23:15:07, 28106
91454, 2012-04-09 23:20:13, 28106
91455, 2012-04-09 23:25:01, 28106
91456, 2012-04-09 23:30:01, 28106
91457, 2012-04-09 23:35:12, 28106
91458, 2012-04-09 23:40:02, 28106
91459, 2012-04-09 23:45:10, 28106
91460, 2012-04-09 23:50:01, 28106
91461, 2012-04-09 23:55:06, 28106
91462, 2012-04-10 00:00:17, 28106
91463, 2012-04-10 00:05:02, 26882
91464, 2012-04-10 00:10:01, 27071
91465, 2012-04-10 00:15:13, 27385
91466, 2012-04-10 00:20:01, 27516
91467, 2012-04-10 00:25:01, 27620
91468, 2012-04-10 00:30:01, 27558
91469, 2012-04-10 00:35:01, 27766
91470, 2012-04-10 00:40:01, 28035
91471, 2012-04-10 00:45:09, 28169
91472, 2012-04-10 00:50:01, 28099
91473, 2012-04-10 00:55:06, 28203
91474, 2012-04-10 01:00:01, 28266
91475, 2012-04-10 01:05:15, 28218
91476, 2012-04-10 01:10:01, 28258
91477, 2012-04-10 01:15:04, 28168
91478, 2012-04-10 01:20:01, 28017
91479, 2012-04-10 01:25:09, 27991
91480, 2012-04-10 01:30:01, 27854
91481, 2012-04-10 01:35:14, 27935
91482, 2012-04-10 01:40:09, 28063
91483, 2012-04-10 01:45:01, 27836
91484, 2012-04-10 01:50:01, 27669
91485, 2012-04-10 01:55:01, 27650
91486, 2012-04-10 02:00:01, 27516
91487, 2012-04-10 02:09:35, 27415
91488, 2012-04-10 02:11:01, 27641
91489, 2012-04-10 02:15:07, 27636
91490, 2012-04-10 02:20:01, 27677
91491, 2012-04-10 02:25:07, 27615
91492, 2012-04-10 02:30:01, 27638
91493, 2012-04-10 02:35:13, 27546
91494, 2012-04-10 02:40:10, 27537
91495, 2012-04-10 02:45:01, 27540
91496, 2012-04-10 02:50:01, 27397
91497, 2012-04-10 02:55:01, 27401
91498, 2012-04-10 03:00:01, 27430
91499, 2012-04-10 03:05:18, 27377
91500, 2012-04-10 03:10:02, 27310
91501, 2012-04-10 03:15:06, 27221
91502, 2012-04-10 03:20:01, 27181
91503, 2012-04-10 03:25:06, 27210
91504, 2012-04-10 03:30:10, 27108
91505, 2012-04-10 03:35:01, 27022
91506, 2012-04-10 03:40:02, 27088
91507, 2012-04-10 03:45:09, 27099
91508, 2012-04-10 03:50:01, 27105
91509, 2012-04-10 03:55:07, 27062
91510, 2012-04-10 04:00:02, 27153
91511, 2012-04-10 04:05:20, 27194
91512, 2012-04-10 04:10:01, 27348
91513, 2012-04-10 04:15:01, 27470
91514, 2012-04-10 04:20:01, 27542
91515, 2012-04-10 04:25:13, 27668
91516, 2012-04-10 04:30:01, 27713
91517, 2012-04-10 04:35:14, 27696
91518, 2012-04-10 04:40:02, 27878
91519, 2012-04-10 04:45:11, 28119
91520, 2012-04-10 04:50:14, 28210
91521, 2012-04-10 04:55:01, 28496
91522, 2012-04-10 05:00:02, 28614
91523, 2012-04-10 05:05:01, 28587
91524, 2012-04-10 05:10:01, 28654
91525, 2012-04-10 05:15:07, 28774
91526, 2012-04-10 05:20:01, 29048
91527, 2012-04-10 05:25:15, 29146
91528, 2012-04-10 05:30:01, 29158
91529, 2012-04-10 05:35:10, 29448
91530, 2012-04-10 05:40:11, 29887
91531, 2012-04-10 05:45:01, 30265
91532, 2012-04-10 05:50:01, 30564
91533, 2012-04-10 05:55:02, 31056
91534, 2012-04-10 06:00:01, 31529
91535, 2012-04-10 06:05:20, 31976
91536, 2012-04-10 06:10:01, 32624
91537, 2012-04-10 06:15:09, 33363
91538, 2012-04-10 06:20:15, 33778
91539, 2012-04-10 06:25:01, 34208
91540, 2012-04-10 06:30:04, 34628
91541, 2012-04-10 06:35:11, 34968
91542, 2012-04-10 06:40:20, 35267
91543, 2012-04-10 06:45:03, 35602
91544, 2012-04-10 06:50:04, 35985
91545, 2012-04-10 06:55:01, 36355
91546, 2012-04-10 07:00:02, 36658
91547, 2012-04-10 07:05:21, 36958
91548, 2012-04-10 07:10:02, 37182
91549, 2012-04-10 07:15:08, 37664
91550, 2012-04-10 07:20:01, 38045
91551, 2012-04-10 07:25:02, 38296
91552, 2012-04-10 07:30:01, 38649
91553, 2012-04-10 07:35:14, 38838
91554, 2012-04-10 07:40:01, 38864
91555, 2012-04-10 07:45:01, 38996
91556, 2012-04-10 07:50:32, 39075
91557, 2012-04-10 07:55:02, 39284
91558, 2012-04-10 08:00:01, 39533
91559, 2012-04-10 08:05:01, 39644
91560, 2012-04-10 08:11:01, 39867
91561, 2012-04-10 08:15:15, 40051
91562, 2012-04-10 08:20:01, 40146
91563, 2012-04-10 08:25:23, 40258
91564, 2012-04-10 08:32:58, 40367
91565, 2012-04-10 08:36:05, 40415
91566, 2012-04-10 08:40:01, 40415
91567, 2012-04-10 08:45:20, 40432
91568, 2012-04-10 08:50:02, 40451
91569, 2012-04-10 08:55:06, 40560
91570, 2012-04-10 09:00:02, 40545
91571, 2012-04-10 09:05:01, 40498
91572, 2012-04-10 09:10:01, 40570
91573, 2012-04-10 09:15:12, 40691
91574, 2012-04-10 09:20:01, 40673
91575, 2012-04-10 09:25:15, 40646
91576, 2012-04-10 09:32:30, 40618
91577, 2012-04-10 09:35:01, 40645
91578, 2012-04-10 09:40:01, 40698
91579, 2012-04-10 09:45:10, 40755
91580, 2012-04-10 09:50:01, 40709
91581, 2012-04-10 09:55:09, 40646
91582, 2012-04-10 10:00:01, 40642
91583, 2012-04-10 10:05:21, 40648
91584, 2012-04-10 10:10:01, 40723
91585, 2012-04-10 10:15:01, 40702
91586, 2012-04-10 10:20:01, 40706
91587, 2012-04-10 10:25:15, 40653
91588, 2012-04-10 10:30:01, 40717
91589, 2012-04-10 10:35:16, 40709
91590, 2012-04-10 10:40:01, 40767
91591, 2012-04-10 10:45:14, 40738
91592, 2012-04-10 10:50:01, 40694
91593, 2012-04-10 10:55:02, 40666
91594, 2012-04-10 11:00:01, 40751
91595, 2012-04-10 11:05:31, 40801
91596, 2012-04-10 11:10:07, 40890
91597, 2012-04-10 11:15:01, 40926
91598, 2012-04-10 11:20:02, 40909
91599, 2012-04-10 11:25:14, 40842
91600, 2012-04-10 11:30:01, 40816
91601, 2012-04-10 11:35:01, 40767
91602, 2012-04-10 11:40:01, 40760
91603, 2012-04-10 11:45:01, 40685
91604, 2012-04-10 11:50:01, 40552
91605, 2012-04-10 11:55:05, 40478
91606, 2012-04-10 12:00:01, 40404
91607, 2012-04-10 12:05:16, 40352
91608, 2012-04-10 12:10:01, 40375
91609, 2012-04-10 12:15:05, 40717
91610, 2012-04-10 12:20:01, 40708
91611, 2012-04-10 12:25:01, 40627
91612, 2012-04-10 12:30:01, 40546
91613, 2012-04-10 12:35:13, 40483
91614, 2012-04-10 12:40:01, 40485
91615, 2012-04-10 12:45:17, 40429
91616, 2012-04-10 12:50:13, 40309
91617, 2012-04-10 12:55:01, 40128
91618, 2012-04-10 13:00:01, 40020
91619, 2012-04-10 13:05:22, 40051
91620, 2012-04-10 13:10:02, 40299
91621, 2012-04-10 13:15:08, 40599
91622, 2012-04-10 13:20:01, 40663
91623, 2012-04-10 13:25:10, 40651
91624, 2012-04-10 13:30:01, 40558
91625, 2012-04-10 13:35:01, 40533
91626, 2012-04-10 13:40:01, 40554
91627, 2012-04-10 13:45:04, 40518
91628, 2012-04-10 13:50:01, 40388
91629, 2012-04-10 13:55:07, 40053
91630, 2012-04-10 14:00:01, 39667
91631, 2012-04-10 14:05:12, 39279
91632, 2012-04-10 14:10:02, 39315
91633, 2012-04-10 14:15:09, 39282
91634, 2012-04-10 14:20:02, 39267
91635, 2012-04-10 14:25:01, 39299
91636, 2012-04-10 14:30:01, 39294
91637, 2012-04-10 14:35:09, 39302
91638, 2012-04-10 14:40:01, 39337
91639, 2012-04-10 14:45:09, 39334
91640, 2012-04-10 14:50:10, 39218
91641, 2012-04-10 14:55:01, 39242
91642, 2012-04-10 15:00:01, 39348
91643, 2012-04-10 15:05:01, 39367
91644, 2012-04-10 15:10:01, 39447
91645, 2012-04-10 15:15:07, 39491
91646, 2012-04-10 15:20:01, 39578
91647, 2012-04-10 15:25:08, 39610
91648, 2012-04-10 15:30:01, 39599
91649, 2012-04-10 15:35:01, 39581
91650, 2012-04-10 15:40:01, 39757
91651, 2012-04-10 15:45:13, 39936
91652, 2012-04-10 15:50:01, 40020
91653, 2012-04-10 15:55:08, 40252
91654, 2012-04-10 16:00:26, 40264
91655, 2012-04-10 16:05:01, 40409
91656, 2012-04-10 16:10:01, 40507
91657, 2012-04-10 16:15:07, 40534
91658, 2012-04-10 16:20:01, 40537
91659, 2012-04-10 16:25:08, 40544
91660, 2012-04-10 16:30:01, 40576
91661, 2012-04-10 16:35:12, 40514
91662, 2012-04-10 16:40:01, 40574
91663, 2012-04-10 16:45:02, 40442
91664, 2012-04-10 16:50:01, 40358
91665, 2012-04-10 16:55:01, 40350
91666, 2012-04-10 17:00:01, 40187
91667, 2012-04-10 17:05:21, 40166
91668, 2012-04-10 17:10:01, 40360
91669, 2012-04-10 17:15:07, 40388
91670, 2012-04-10 17:20:10, 40294
91671, 2012-04-10 17:25:01, 40203
91672, 2012-04-10 17:30:04, 40124
91673, 2012-04-10 17:35:09, 39987
91674, 2012-04-10 17:40:01, 40093
91675, 2012-04-10 17:45:03, 40142
91676, 2012-04-10 17:50:09, 40024
91677, 2012-04-10 17:55:01, 40051
91678, 2012-04-10 18:00:02, 39948
91679, 2012-04-10 18:05:01, 39928
91680, 2012-04-10 18:10:01, 40058
91681, 2012-04-10 18:15:09, 40137
91682, 2012-04-10 18:20:01, 40146
91683, 2012-04-10 18:25:07, 40009
91684, 2012-04-10 18:30:01, 39768
91685, 2012-04-10 18:35:09, 39801
91686, 2012-04-10 18:40:15, 40244
91687, 2012-04-10 18:45:01, 28393
91688, 2012-04-10 18:50:01, 28349
91689, 2012-04-10 18:55:01, 28462
91690, 2012-04-10 19:00:02, 40308
91691, 2012-04-10 19:05:10, 40582
91692, 2012-04-10 19:10:02, 41237
91693, 2012-04-10 19:15:06, 41403
91694, 2012-04-10 19:20:02, 41470
91695, 2012-04-10 19:25:12, 41563
91696, 2012-04-10 19:30:02, 41599
91697, 2012-04-10 19:35:04, 41582
91698, 2012-04-10 19:40:01, 41652
91699, 2012-04-10 19:45:01, 41531
91700, 2012-04-10 19:50:01, 41332
91701, 2012-04-10 19:55:07, 41286
91702, 2012-04-10 20:00:01, 41199
91703, 2012-04-10 20:05:06, 40991
91704, 2012-04-10 20:10:15, 41215
91705, 2012-04-10 20:15:01, 40551
91706, 2012-04-10 20:20:01, 40225
91707, 2012-04-10 20:25:01, 39939
91708, 2012-04-10 20:30:01, 39541
91709, 2012-04-10 20:35:12, 39266
91710, 2012-04-10 20:40:01, 38936
91711, 2012-04-10 20:45:06, 38604
91712, 2012-04-10 20:50:15, 38306
91713, 2012-04-10 20:55:01, 38125
91714, 2012-04-10 21:00:01, 37907
91715, 2012-04-10 21:05:02, 37370
91716, 2012-04-10 21:10:01, 37540
91717, 2012-04-10 21:15:05, 37188
91718, 2012-04-10 21:20:01, 36694
91719, 2012-04-10 21:25:05, 36212
91720, 2012-04-10 21:30:01, 35782
91721, 2012-04-10 21:35:10, 35408
91722, 2012-04-10 21:40:09, 35195
91723, 2012-04-10 21:45:02, 34948
91724, 2012-04-10 21:50:01, 34549
91725, 2012-04-10 21:55:01, 34052
91726, 2012-04-10 22:00:01, 33596
91727, 2012-04-10 22:05:17, 33202
91728, 2012-04-10 22:10:01, 32948
91729, 2012-04-10 22:15:01, 32584
91730, 2012-04-10 22:20:01, 32298
91731, 2012-04-10 22:25:06, 32091
91732, 2012-04-10 22:30:03, 31758
91733, 2012-04-10 22:35:11, 31433
91734, 2012-04-10 22:40:01, 31237
91735, 2012-04-10 22:45:06, 30960
91736, 2012-04-10 22:50:14, 30675
91737, 2012-04-10 22:55:01, 30404
91738, 2012-04-10 23:00:01, 30174
91739, 2012-04-10 23:05:01, 29963
91740, 2012-04-10 23:10:01, 29963
91741, 2012-04-10 23:15:07, 29963
91742, 2012-04-10 23:20:01, 29963
91743, 2012-04-10 23:25:05, 29963
91744, 2012-04-10 23:30:18, 29963
91745, 2012-04-10 23:35:01, 29963
91746, 2012-04-10 23:40:01, 29963
91747, 2012-04-10 23:45:01, 29963
91748, 2012-04-10 23:50:01, 29963
91749, 2012-04-10 23:55:06, 29963
91750, 2012-04-11 00:00:01, 29963
91751, 2012-04-11 00:05:12, 29060
91752, 2012-04-11 00:10:01, 29559
91753, 2012-04-11 00:15:07, 29873
91754, 2012-04-11 00:20:01, 30007
91755, 2012-04-11 00:25:22, 30091
91756, 2012-04-11 00:30:01, 30062
91757, 2012-04-11 00:35:16, 30082
91758, 2012-04-11 00:40:01, 30352
91759, 2012-04-11 00:50:01, 30352
91760, 2012-04-11 00:56:30, 30625
91761, 2012-04-11 01:00:01, 30672
91762, 2012-04-11 01:05:14, 30629
91763, 2012-04-11 01:10:01, 30619
91764, 2012-04-11 01:15:12, 30475
91765, 2012-04-11 01:20:01, 30404
91766, 2012-04-11 01:25:08, 30333
91767, 2012-04-11 01:30:11, 30259
91768, 2012-04-11 01:35:01, 30235
91769, 2012-04-11 01:40:01, 30398
91770, 2012-04-11 01:45:01, 30319
91771, 2012-04-11 01:50:01, 30161
91772, 2012-04-11 01:55:07, 30120
91773, 2012-04-11 02:00:01, 30098
91774, 2012-04-11 02:05:17, 30057
91775, 2012-04-11 02:10:02, 30107
91776, 2012-04-11 02:15:08, 30014
91777, 2012-04-11 02:20:01, 29918
91778, 2012-04-11 02:25:04, 29835
91779, 2012-04-11 02:30:01, 29776
91780, 2012-04-11 02:35:14, 29742
91781, 2012-04-11 02:40:01, 29790
91782, 2012-04-11 02:45:05, 29693
91783, 2012-04-11 02:50:12, 29611
91784, 2012-04-11 02:55:01, 29565
91785, 2012-04-11 03:00:01, 29499
91786, 2012-04-11 03:05:36, 29349
91787, 2012-04-11 03:10:33, 29238
91788, 2012-04-11 03:15:01, 29071
91789, 2012-04-11 03:20:01, 29061
91790, 2012-04-11 03:25:08, 29232
91791, 2012-04-11 03:30:01, 29078
91792, 2012-04-11 03:35:11, 29008
91793, 2012-04-11 03:40:04, 29100
91794, 2012-04-11 03:45:06, 29073
91795, 2012-04-11 03:50:15, 29025
91796, 2012-04-11 03:55:01, 29017
91797, 2012-04-11 04:00:01, 28918
91798, 2012-04-11 04:05:11, 28930
91799, 2012-04-11 04:10:01, 29123
91800, 2012-04-11 04:15:08, 29657
91801, 2012-04-11 04:20:01, 30054
91802, 2012-04-11 04:25:09, 30201
91803, 2012-04-11 04:30:17, 30216
91804, 2012-04-11 04:35:01, 30281
91805, 2012-04-11 04:40:01, 30427
91806, 2012-04-11 04:45:01, 30617
91807, 2012-04-11 04:50:02, 30747
91808, 2012-04-11 04:55:07, 30872
91809, 2012-04-11 05:00:01, 30952
91810, 2012-04-11 05:05:09, 31056
91811, 2012-04-11 05:10:01, 31614
91812, 2012-04-11 05:15:07, 32123
91813, 2012-04-11 05:20:09, 32306
91814, 2012-04-11 05:25:02, 32501
91815, 2012-04-11 05:30:01, 32861
91816, 2012-04-11 05:35:11, 33072
91817, 2012-04-11 05:40:01, 33469
91818, 2012-04-11 05:45:06, 33913
91819, 2012-04-11 05:50:24, 34322
91820, 2012-04-11 05:55:01, 34746
91821, 2012-04-11 06:00:01, 35292
91822, 2012-04-11 06:05:10, 35817
91823, 2012-04-11 06:10:02, 36386
91824, 2012-04-11 06:15:13, 36764
91825, 2012-04-11 06:20:01, 37155
91826, 2012-04-11 06:25:08, 37687
91827, 2012-04-11 06:30:01, 38060
91828, 2012-04-11 06:35:01, 38301
91829, 2012-04-11 06:40:01, 38585
91830, 2012-04-11 06:45:07, 38966
91831, 2012-04-11 06:50:01, 39401
91832, 2012-04-11 06:55:07, 39830
91833, 2012-04-11 07:00:01, 40143
91834, 2012-04-11 07:05:01, 39978
91835, 2012-04-11 07:10:01, 39983
91836, 2012-04-11 07:15:07, 40378
91837, 2012-04-11 07:20:01, 40623
91838, 2012-04-11 07:25:07, 40735
91839, 2012-04-11 07:30:01, 40824
91840, 2012-04-11 07:35:09, 40865
91841, 2012-04-11 07:40:01, 40913
91842, 2012-04-11 07:45:01, 40947
91843, 2012-04-11 07:50:01, 41004
91844, 2012-04-11 07:55:07, 41285
91845, 2012-04-11 08:00:01, 41493
91846, 2012-04-11 08:05:01, 41353
91847, 2012-04-11 08:10:04, 41437
91848, 2012-04-11 08:15:09, 41542
91849, 2012-04-11 08:20:01, 41577
91850, 2012-04-11 08:25:10, 41595
91851, 2012-04-11 08:30:12, 41667
91852, 2012-04-11 08:35:01, 41824
91853, 2012-04-11 08:40:01, 41957
91854, 2012-04-11 08:45:01, 41888
91855, 2012-04-11 08:50:01, 41852
91856, 2012-04-11 08:55:08, 41867
91857, 2012-04-11 09:00:01, 41947
91858, 2012-04-11 09:05:17, 41940
91859, 2012-04-11 09:10:01, 41954
91860, 2012-04-11 09:15:01, 41956
91861, 2012-04-11 09:20:01, 41893
91862, 2012-04-11 09:25:10, 41903
91863, 2012-04-11 09:30:02, 41953
91864, 2012-04-11 09:35:01, 41902
91865, 2012-04-11 09:40:01, 41881
91866, 2012-04-11 09:45:01, 41882
91867, 2012-04-11 09:50:01, 41954
91868, 2012-04-11 09:55:07, 41956
91869, 2012-04-11 10:00:19, 41877
91870, 2012-04-11 10:05:01, 41902
91871, 2012-04-11 10:10:01, 41942
91872, 2012-04-11 10:15:08, 41970
91873, 2012-04-11 10:20:01, 41962
91874, 2012-04-11 10:25:11, 42011
91875, 2012-04-11 10:30:01, 41990
91876, 2012-04-11 10:35:10, 41985
91877, 2012-04-11 10:40:01, 41989
91878, 2012-04-11 10:45:01, 41965
91879, 2012-04-11 10:50:02, 41926
91880, 2012-04-11 10:55:06, 41964
91881, 2012-04-11 11:00:01, 42034
91882, 2012-04-11 11:05:01, 42045
91883, 2012-04-11 11:10:01, 42077
91884, 2012-04-11 11:15:16, 42149
91885, 2012-04-11 11:20:01, 42195
91886, 2012-04-11 11:25:07, 42221
91887, 2012-04-11 11:30:01, 42155
91888, 2012-04-11 11:35:01, 42056
91889, 2012-04-11 11:40:01, 41971
91890, 2012-04-11 11:45:02, 41829
91891, 2012-04-11 11:50:01, 41731
91892, 2012-04-11 11:55:08, 41668
91893, 2012-04-11 12:00:02, 41607
91894, 2012-04-11 12:05:02, 41575
91895, 2012-04-11 12:10:01, 41615
91896, 2012-04-11 12:15:09, 41607
91897, 2012-04-11 12:20:01, 41578
91898, 2012-04-11 12:25:18, 41551
91899, 2012-04-11 12:30:01, 41391
91900, 2012-04-11 12:35:01, 41251
91901, 2012-04-11 12:40:01, 41221
91902, 2012-04-11 12:45:01, 41157
91903, 2012-04-11 12:50:02, 41067
91904, 2012-04-11 12:55:07, 41018
91905, 2012-04-11 13:00:01, 40936
91906, 2012-04-11 13:05:04, 40806
91907, 2012-04-11 13:10:01, 40957
91908, 2012-04-11 13:15:02, 41003
91909, 2012-04-11 13:20:01, 40888
91910, 2012-04-11 13:25:07, 40936
91911, 2012-04-11 13:30:02, 40908
91912, 2012-04-11 13:35:13, 40853
91913, 2012-04-11 13:40:01, 40808
91914, 2012-04-11 13:45:08, 40766
91915, 2012-04-11 13:50:01, 40704
91916, 2012-04-11 13:55:01, 40636
91917, 2012-04-11 14:00:01, 40575
91918, 2012-04-11 14:05:08, 40502
91919, 2012-04-11 14:10:02, 40606
91920, 2012-04-11 14:15:07, 40571
91921, 2012-04-11 14:20:04, 40521
91922, 2012-04-11 14:25:01, 40661
91923, 2012-04-11 14:30:01, 40638
91924, 2012-04-11 14:35:10, 40631
91925, 2012-04-11 14:40:16, 40652
91926, 2012-04-11 14:45:02, 40574
91927, 2012-04-11 14:50:01, 40599
91928, 2012-04-11 14:55:06, 40675
91929, 2012-04-11 15:00:01, 40771
91930, 2012-04-11 15:05:15, 40758
91931, 2012-04-11 15:10:04, 40672
91932, 2012-04-11 15:15:01, 40793
91933, 2012-04-11 15:20:01, 40827
91934, 2012-04-11 15:25:01, 40949
91935, 2012-04-11 15:30:01, 41042
91936, 2012-04-11 15:35:01, 41068
91937, 2012-04-11 15:40:01, 41193
91938, 2012-04-11 15:45:08, 41292
91939, 2012-04-11 15:50:01, 41416
91940, 2012-04-11 15:55:04, 41444
91941, 2012-04-11 16:00:01, 41508
91942, 2012-04-11 16:05:01, 41721
91943, 2012-04-11 16:10:01, 41884
91944, 2012-04-11 16:15:06, 41898
91945, 2012-04-11 16:20:01, 41840
91946, 2012-04-11 16:25:12, 41891
91947, 2012-04-11 16:30:02, 41859
91948, 2012-04-11 16:35:11, 41910
91949, 2012-04-11 16:40:10, 41888
91950, 2012-04-11 16:45:01, 41774
91951, 2012-04-11 16:50:01, 41682
91952, 2012-04-11 16:55:02, 41657
91953, 2012-04-11 17:00:01, 41628
91954, 2012-04-11 17:05:10, 41607
91955, 2012-04-11 17:10:01, 41815
91956, 2012-04-11 17:15:07, 41795
91957, 2012-04-11 17:20:01, 41682
91958, 2012-04-11 17:25:07, 41647
91959, 2012-04-11 17:30:11, 41579
91960, 2012-04-11 17:35:02, 41574
91961, 2012-04-11 17:40:01, 41525
91962, 2012-04-11 17:45:01, 41507
91963, 2012-04-11 17:50:04, 41508
91964, 2012-04-11 17:55:07, 41451
91965, 2012-04-11 18:00:01, 41340
91966, 2012-04-11 18:05:11, 41293
91967, 2012-04-11 18:10:01, 41249
91968, 2012-04-11 18:15:12, 41152
91969, 2012-04-11 18:20:01, 41270
91970, 2012-04-11 18:25:01, 41152
91971, 2012-04-11 18:30:01, 40956
91972, 2012-04-11 18:35:08, 40953
91973, 2012-04-11 18:40:01, 41053
91974, 2012-04-11 18:45:02, 40977
91975, 2012-04-11 18:50:01, 40976
91976, 2012-04-11 18:55:01, 41059
91977, 2012-04-11 19:00:01, 41086
91978, 2012-04-11 19:05:11, 41171
91979, 2012-04-11 19:10:01, 41619
91980, 2012-04-11 19:15:07, 41723
91981, 2012-04-11 19:20:21, 41751
91982, 2012-04-11 19:25:01, 41879
91983, 2012-04-11 19:30:01, 41984
91984, 2012-04-11 19:35:10, 42099
91985, 2012-04-11 19:40:01, 42115
91986, 2012-04-11 19:45:05, 42045
91987, 2012-04-11 19:50:01, 41841
91988, 2012-04-11 19:55:02, 41774
91989, 2012-04-11 20:00:01, 41615
91990, 2012-04-11 20:05:09, 41515
91991, 2012-04-11 20:10:02, 41612
91992, 2012-04-11 20:15:07, 41138
91993, 2012-04-11 20:20:01, 40935
91994, 2012-04-11 20:25:01, 40543
91995, 2012-04-11 20:30:01, 40172
91996, 2012-04-11 20:35:11, 39797
91997, 2012-04-11 20:40:01, 39353
91998, 2012-04-11 20:45:08, 39117
91999, 2012-04-11 20:50:01, 38760
92000, 2012-04-11 20:55:07, 38555
92001, 2012-04-11 21:00:01, 38127
92002, 2012-04-11 21:05:02, 37943
92003, 2012-04-11 21:10:01, 38123
92004, 2012-04-11 21:15:09, 37735
92005, 2012-04-11 21:20:04, 37303
92006, 2012-04-11 21:25:07, 36922
92007, 2012-04-11 21:30:01, 36452
92008, 2012-04-11 21:35:11, 36127
92009, 2012-04-11 21:40:01, 36036
92010, 2012-04-11 21:45:07, 35709
92011, 2012-04-11 21:50:20, 35253
92012, 2012-04-11 21:55:06, 34840
92013, 2012-04-11 22:00:01, 34451
92014, 2012-04-11 22:05:24, 34096
92015, 2012-04-11 22:10:18, 33894
92016, 2012-04-11 22:15:01, 33473
92017, 2012-04-11 22:20:01, 33279
92018, 2012-04-11 22:25:01, 32579
92019, 2012-04-11 22:30:26, 31970
92020, 2012-04-11 22:35:01, 31637
92021, 2012-04-11 22:40:01, 31648
92022, 2012-04-11 22:45:01, 31650
92023, 2012-04-11 22:50:04, 31561
92024, 2012-04-11 22:55:01, 31301
92025, 2012-04-11 23:00:01, 31053
92026, 2012-04-11 23:05:13, 30714
92027, 2012-04-11 23:10:20, 30714
92028, 2012-04-11 23:15:01, 30714
92029, 2012-04-11 23:20:01, 30714
92030, 2012-04-11 23:25:07, 30714
92031, 2012-04-11 23:30:16, 30714
92032, 2012-04-11 23:35:01, 30714
92033, 2012-04-11 23:40:01, 30714
92034, 2012-04-11 23:45:08, 30714
92035, 2012-04-11 23:50:25, 30714
92036, 2012-04-11 23:55:08, 30714
92037, 2012-04-12 00:00:01, 30714
92038, 2012-04-12 00:05:12, 29376
92039, 2012-04-12 00:10:25, 29898
92040, 2012-04-12 00:15:02, 30112
92041, 2012-04-12 00:20:04, 30136
92042, 2012-04-12 00:25:15, 30102
92043, 2012-04-12 00:30:13, 30084
92044, 2012-04-12 00:35:10, 30188
92045, 2012-04-12 00:40:01, 30579
92046, 2012-04-12 00:45:06, 30751
92047, 2012-04-12 00:50:09, 30794
92048, 2012-04-12 00:55:06, 30743
92049, 2012-04-12 01:00:01, 30558
92050, 2012-04-12 01:05:16, 30501
92051, 2012-04-12 01:10:01, 30635
92052, 2012-04-12 01:15:08, 30773
92053, 2012-04-12 01:20:01, 30644
92054, 2012-04-12 01:25:11, 30635
92055, 2012-04-12 01:30:14, 30564
92056, 2012-04-12 01:35:01, 30518
92057, 2012-04-12 01:40:01, 30600
92058, 2012-04-12 01:45:01, 30476
92059, 2012-04-12 01:50:01, 30377
92060, 2012-04-12 01:55:06, 30299
92061, 2012-04-12 02:00:01, 30192
92062, 2012-04-12 02:05:15, 30069
92063, 2012-04-12 02:10:15, 30011
92064, 2012-04-12 02:15:08, 29998
92065, 2012-04-12 02:20:01, 29972
92066, 2012-04-12 02:25:04, 29970
92067, 2012-04-12 02:30:09, 29915
92068, 2012-04-12 02:35:13, 29829
92069, 2012-04-12 02:40:01, 29912
92070, 2012-04-12 02:45:01, 29913
92071, 2012-04-12 02:50:14, 29787
92072, 2012-04-12 02:55:07, 29698
92073, 2012-04-12 03:00:01, 29546
92074, 2012-04-12 03:05:09, 29427
92075, 2012-04-12 03:10:14, 29414
92076, 2012-04-12 03:15:01, 29431
92077, 2012-04-12 03:20:01, 29384
92078, 2012-04-12 03:25:06, 29322
92079, 2012-04-12 03:30:13, 29212
92080, 2012-04-12 03:35:01, 29186
92081, 2012-04-12 03:40:01, 29299
92082, 2012-04-12 03:45:10, 29299
92083, 2012-04-12 03:50:15, 29233
92084, 2012-04-12 03:55:08, 29215
92085, 2012-04-12 04:00:04, 29246
92086, 2012-04-12 04:05:01, 29196
92087, 2012-04-12 04:10:01, 29296
92088, 2012-04-12 04:15:07, 29795
92089, 2012-04-12 04:20:05, 29970
92090, 2012-04-12 04:25:13, 30023
92091, 2012-04-12 04:30:53, 30112
92092, 2012-04-12 04:35:13, 30202
92093, 2012-04-12 04:40:01, 30326
92094, 2012-04-12 04:45:08, 30443
92095, 2012-04-12 04:50:05, 30550
92096, 2012-04-12 04:55:14, 30554
92097, 2012-04-12 05:00:09, 30800
92098, 2012-04-12 05:05:01, 30893
92099, 2012-04-12 05:10:01, 31140
92100, 2012-04-12 05:15:01, 31487
92101, 2012-04-12 05:20:01, 31571
92102, 2012-04-12 05:25:08, 31524
92103, 2012-04-12 05:30:01, 31712
92104, 2012-04-12 05:35:10, 31936
92105, 2012-04-12 05:40:01, 32349
92106, 2012-04-12 05:45:07, 32936
92107, 2012-04-12 05:50:25, 33391
92108, 2012-04-12 05:55:01, 33838
92109, 2012-04-12 06:00:01, 34293
92110, 2012-04-12 06:05:09, 34658
92111, 2012-04-12 06:10:01, 35379
92112, 2012-04-12 06:15:08, 36162
92113, 2012-04-12 06:20:01, 36813
92114, 2012-04-12 06:25:06, 37235
92115, 2012-04-12 06:30:01, 37568
92116, 2012-04-12 06:35:10, 37914
92117, 2012-04-12 06:40:01, 38265
92118, 2012-04-12 06:45:10, 38622
92119, 2012-04-12 06:50:01, 38989
92120, 2012-04-12 06:55:06, 39329
92121, 2012-04-12 07:00:01, 39629
92122, 2012-04-12 07:05:12, 39557
92123, 2012-04-12 07:10:01, 39585
92124, 2012-04-12 07:15:01, 39981
92125, 2012-04-12 07:20:01, 40162
92126, 2012-04-12 07:25:09, 40361
92127, 2012-04-12 07:30:01, 40591
92128, 2012-04-12 07:35:10, 40741
92129, 2012-04-12 07:40:01, 40804
92130, 2012-04-12 07:45:11, 40907
92131, 2012-04-12 07:50:01, 40991
92132, 2012-04-12 07:55:06, 41223
92133, 2012-04-12 08:00:01, 41430
92134, 2012-04-12 08:05:01, 41597
92135, 2012-04-12 08:10:01, 41685
92136, 2012-04-12 08:15:11, 41968
92137, 2012-04-12 08:20:01, 42053
92138, 2012-04-12 08:25:13, 42120
92139, 2012-04-12 08:30:22, 42157
92140, 2012-04-12 08:35:02, 42187
92141, 2012-04-12 08:40:01, 42256
92142, 2012-04-12 08:45:07, 42248
92143, 2012-04-12 08:50:01, 42167
92144, 2012-04-12 08:55:05, 42172
92145, 2012-04-12 09:00:01, 42133
92146, 2012-04-12 09:05:01, 42141
92147, 2012-04-12 09:10:01, 42149
92148, 2012-04-12 09:15:07, 42105
92149, 2012-04-12 09:20:02, 42047
92150, 2012-04-12 09:25:06, 42075
92151, 2012-04-12 09:31:31, 42090
92152, 2012-04-12 09:35:01, 42068
92153, 2012-04-12 09:40:01, 42149
92154, 2012-04-12 09:45:07, 42155
92155, 2012-04-12 09:50:02, 42149
92156, 2012-04-12 09:55:06, 42124
92157, 2012-04-12 10:00:02, 42097
92158, 2012-04-12 10:05:01, 42131
92159, 2012-04-12 10:10:01, 40343
92160, 2012-04-12 10:15:04, 40374
92161, 2012-04-12 10:20:02, 40327
92162, 2012-04-12 10:25:08, 40390
92163, 2012-04-12 10:30:01, 40394
92164, 2012-04-12 10:35:11, 40373
92165, 2012-04-12 10:40:02, 40660
92166, 2012-04-12 10:45:08, 42221
92167, 2012-04-12 10:50:01, 42174
92168, 2012-04-12 10:55:07, 42279
92169, 2012-04-12 11:00:01, 42312
92170, 2012-04-12 11:05:54, 42351
92171, 2012-04-12 11:10:01, 42376
92172, 2012-04-12 11:15:06, 42331
92173, 2012-04-12 11:20:01, 42344
92174, 2012-04-12 11:25:14, 42321
92175, 2012-04-12 11:30:02, 42262
92176, 2012-04-12 11:35:01, 42192
92177, 2012-04-12 11:40:01, 42129
92178, 2012-04-12 11:45:08, 42072
92179, 2012-04-12 11:50:02, 42024
92180, 2012-04-12 11:55:29, 41954
92181, 2012-04-12 12:00:01, 41894
92182, 2012-04-12 12:05:12, 41787
92183, 2012-04-12 12:10:01, 41759
92184, 2012-04-12 12:15:01, 41768
92185, 2012-04-12 12:20:01, 41678
92186, 2012-04-12 12:25:09, 41573
92187, 2012-04-12 12:30:01, 41469
92188, 2012-04-12 12:35:12, 41364
92189, 2012-04-12 12:40:01, 41422
92190, 2012-04-12 12:45:01, 41373
92191, 2012-04-12 12:50:01, 41307
92192, 2012-04-12 12:55:08, 41170
92193, 2012-04-12 13:00:01, 41107
92194, 2012-04-12 13:05:12, 41057
92195, 2012-04-12 13:10:17, 41193
92196, 2012-04-12 13:15:08, 41132
92197, 2012-04-12 13:20:01, 41092
92198, 2012-04-12 13:25:39, 41126
92199, 2012-04-12 13:30:01, 41065
92200, 2012-04-12 13:35:13, 40993
92201, 2012-04-12 13:40:04, 40970
92202, 2012-04-12 13:45:07, 40883
92203, 2012-04-12 13:50:01, 40737
92204, 2012-04-12 13:55:05, 40735
92205, 2012-04-12 14:01:00, 40758
92206, 2012-04-12 14:09:27, 41012
92207, 2012-04-12 14:10:02, 41012
92208, 2012-04-12 14:15:10, 40665
92209, 2012-04-12 14:20:01, 40566
92210, 2012-04-12 14:25:12, 40585
92211, 2012-04-12 14:30:01, 40592
92212, 2012-04-12 14:35:24, 40554
92213, 2012-04-12 14:40:01, 40528
92214, 2012-04-12 14:45:17, 40536
92215, 2012-04-12 14:50:01, 40501
92216, 2012-04-12 14:55:01, 40488
92217, 2012-04-12 15:00:01, 40463
92218, 2012-04-12 15:05:25, 40526
92219, 2012-04-12 15:10:01, 40576
92220, 2012-04-12 15:15:11, 40630
92221, 2012-04-12 15:20:01, 40713
92222, 2012-04-12 15:25:06, 40826
92223, 2012-04-12 15:30:38, 40848
92224, 2012-04-12 15:35:01, 40943
92225, 2012-04-12 15:40:03, 41034
92226, 2012-04-12 15:45:07, 41108
92227, 2012-04-12 15:50:01, 41206
92228, 2012-04-12 15:55:06, 41312
92229, 2012-04-12 16:00:03, 41308
92230, 2012-04-12 16:05:13, 41510
92231, 2012-04-12 16:10:01, 41661
92232, 2012-04-12 16:15:01, 41614
92233, 2012-04-12 16:20:01, 41635
92234, 2012-04-12 16:25:05, 41658
92235, 2012-04-12 16:30:02, 41695
92236, 2012-04-12 16:35:12, 41547
92237, 2012-04-12 16:40:11, 41559
92238, 2012-04-12 16:45:01, 41454
92239, 2012-04-12 16:50:01, 41356
92240, 2012-04-12 16:55:01, 41349
92241, 2012-04-12 17:00:01, 41282
92242, 2012-04-12 17:05:10, 41371
92243, 2012-04-12 17:10:01, 41586
92244, 2012-04-12 17:15:06, 41572
92245, 2012-04-12 17:20:01, 41448
92246, 2012-04-12 17:25:08, 41459
92247, 2012-04-12 17:30:21, 41425
92248, 2012-04-12 17:35:01, 41409
92249, 2012-04-12 17:40:03, 41412
92250, 2012-04-12 17:45:07, 41274
92251, 2012-04-12 17:50:01, 41266
92252, 2012-04-12 17:55:06, 41243
92253, 2012-04-12 18:00:01, 41041
92254, 2012-04-12 18:05:13, 41011
92255, 2012-04-12 18:10:15, 41068
92256, 2012-04-12 18:15:01, 40983
92257, 2012-04-12 18:20:01, 41032
92258, 2012-04-12 18:25:01, 40689
92259, 2012-04-12 18:30:01, 40553
92260, 2012-04-12 18:35:06, 40472
92261, 2012-04-12 18:40:01, 40739
92262, 2012-04-12 18:45:07, 40568
92263, 2012-04-12 18:50:06, 40561
92264, 2012-04-12 18:55:01, 40646
92265, 2012-04-12 19:00:01, 40578
92266, 2012-04-12 19:05:13, 40740
92267, 2012-04-12 19:10:01, 41524
92268, 2012-04-12 19:15:06, 41720
92269, 2012-04-12 19:20:01, 41915
92270, 2012-04-12 19:25:10, 41865
92271, 2012-04-12 19:30:13, 41963
92272, 2012-04-12 19:35:01, 42239
92273, 2012-04-12 19:40:01, 42325
92274, 2012-04-12 19:45:01, 42072
92275, 2012-04-12 19:50:01, 42027
92276, 2012-04-12 19:55:07, 41809
92277, 2012-04-12 20:00:03, 41385
92278, 2012-04-12 20:05:12, 41242
92279, 2012-04-12 20:10:01, 41409
92280, 2012-04-12 20:15:12, 41084
92281, 2012-04-12 20:20:01, 40777
92282, 2012-04-12 20:25:01, 40547
92283, 2012-04-12 20:30:01, 40219
92284, 2012-04-12 20:35:03, 39961
92285, 2012-04-12 20:40:01, 39765
92286, 2012-04-12 20:45:07, 39491
92287, 2012-04-12 20:50:13, 39094
92288, 2012-04-12 20:55:01, 38622
92289, 2012-04-12 21:00:04, 38270
92290, 2012-04-12 21:05:01, 37983
92291, 2012-04-12 21:10:01, 38036
92292, 2012-04-12 21:15:08, 37782
92293, 2012-04-12 21:20:01, 37350
92294, 2012-04-12 21:25:07, 37009
92295, 2012-04-12 21:30:01, 36518
92296, 2012-04-12 21:35:12, 36032
92297, 2012-04-12 21:40:11, 35854
92298, 2012-04-12 21:45:01, 35437
92299, 2012-04-12 21:50:01, 34888
92300, 2012-04-12 21:55:01, 34538
92301, 2012-04-12 22:00:01, 34159
92302, 2012-04-12 22:05:31, 33843
92303, 2012-04-12 22:10:02, 33624
92304, 2012-04-12 22:15:01, 33278
92305, 2012-04-12 22:20:01, 32929
92306, 2012-04-12 22:25:01, 32385
92307, 2012-04-12 22:30:01, 31898
92308, 2012-04-12 22:35:07, 31596
92309, 2012-04-12 22:40:03, 31583
92310, 2012-04-12 22:45:05, 31507
92311, 2012-04-12 22:50:01, 31459
92312, 2012-04-12 22:55:06, 31215
92313, 2012-04-12 23:00:01, 30946
92314, 2012-04-12 23:05:10, 30905
92315, 2012-04-12 23:10:01, 30905
92316, 2012-04-12 23:15:01, 30905
92317, 2012-04-12 23:20:01, 30905
92318, 2012-04-12 23:25:07, 30905
92319, 2012-04-12 23:30:01, 30905
92320, 2012-04-12 23:35:10, 30905
92321, 2012-04-12 23:40:01, 30905
92322, 2012-04-12 23:45:08, 30905
92323, 2012-04-12 23:50:01, 30905
92324, 2012-04-12 23:55:05, 30905
92325, 2012-04-13 00:00:01, 30905
92326, 2012-04-13 00:05:01, 29654
92327, 2012-04-13 00:10:01, 30165
92328, 2012-04-13 00:15:18, 30342
92329, 2012-04-13 00:20:02, 30476
92330, 2012-04-13 00:25:36, 30548
92331, 2012-04-13 00:30:11, 30466
92332, 2012-04-13 00:35:02, 30492
92333, 2012-04-13 00:40:01, 30826
92334, 2012-04-13 00:45:01, 31038
92335, 2012-04-13 00:50:02, 31125
92336, 2012-04-13 00:55:06, 31201
92337, 2012-04-13 01:00:01, 31158
92338, 2012-04-13 01:05:14, 30892
92339, 2012-04-13 01:10:01, 31074
92340, 2012-04-13 01:15:22, 31187
92341, 2012-04-13 01:20:19, 31286
92342, 2012-04-13 01:25:01, 31225
92343, 2012-04-13 01:30:01, 31142
92344, 2012-04-13 01:35:04, 31042
92345, 2012-04-13 01:40:01, 31085
92346, 2012-04-13 01:45:04, 30986
92347, 2012-04-13 01:50:04, 30933
92348, 2012-04-13 01:55:07, 30904
92349, 2012-04-13 02:00:01, 30823
92350, 2012-04-13 02:05:07, 30707
92351, 2012-04-13 02:10:01, 30688
92352, 2012-04-13 02:15:01, 30624
92353, 2012-04-13 02:20:01, 30554
92354, 2012-04-13 02:25:07, 30546
92355, 2012-04-13 02:30:01, 30431
92356, 2012-04-13 02:35:14, 30316
92357, 2012-04-13 02:40:15, 30370
92358, 2012-04-13 02:45:01, 30363
92359, 2012-04-13 02:50:01, 30243
92360, 2012-04-13 02:55:02, 30192
92361, 2012-04-13 03:00:01, 30072
92362, 2012-04-13 03:05:09, 30033
92363, 2012-04-13 03:10:01, 30031
92364, 2012-04-13 03:15:05, 30022
92365, 2012-04-13 03:20:18, 29914
92366, 2012-04-13 03:25:02, 29776
92367, 2012-04-13 03:30:01, 29677
92368, 2012-04-13 03:35:16, 29684
92369, 2012-04-13 03:40:01, 29649
92370, 2012-04-13 03:45:08, 29664
92371, 2012-04-13 03:50:02, 29669
92372, 2012-04-13 03:55:08, 29714
92373, 2012-04-13 04:00:18, 29597
92374, 2012-04-13 04:05:22, 29604
92375, 2012-04-13 04:10:01, 29503
92376, 2012-04-13 04:15:16, 29987
92377, 2012-04-13 04:20:01, 30222
92378, 2012-04-13 04:25:09, 30320
92379, 2012-04-13 04:30:18, 30336
92380, 2012-04-13 04:35:02, 30400
92381, 2012-04-13 04:40:01, 30401
92382, 2012-04-13 04:45:08, 30538
92383, 2012-04-13 04:50:02, 30556
92384, 2012-04-13 04:55:07, 30607
92385, 2012-04-13 05:00:01, 30431
92386, 2012-04-13 05:05:11, 30259
92387, 2012-04-13 05:10:16, 30743
92388, 2012-04-13 05:15:01, 32042
92389, 2012-04-13 05:20:01, 32681
92390, 2012-04-13 05:25:01, 32889
92391, 2012-04-13 05:30:01, 33167
92392, 2012-04-13 05:35:09, 33439
92393, 2012-04-13 05:40:01, 33850
92394, 2012-04-13 05:45:05, 34212
92395, 2012-04-13 05:50:21, 34543
92396, 2012-04-13 05:55:01, 35003
92397, 2012-04-13 06:00:01, 35562
92398, 2012-04-13 06:05:01, 36074
92399, 2012-04-13 06:10:01, 36577
92400, 2012-04-13 06:15:08, 37156
92401, 2012-04-13 06:20:01, 37653
92402, 2012-04-13 06:25:10, 38098
92403, 2012-04-13 06:30:01, 38446
92404, 2012-04-13 06:35:10, 38740
92405, 2012-04-13 06:40:14, 39036
92406, 2012-04-13 06:45:01, 39403
92407, 2012-04-13 06:50:01, 39782
92408, 2012-04-13 06:55:01, 40091
92409, 2012-04-13 07:00:01, 40184
92410, 2012-04-13 07:05:01, 39935
92411, 2012-04-13 07:10:01, 39675
92412, 2012-04-13 07:15:01, 40006
92413, 2012-04-13 07:20:01, 40250
92414, 2012-04-13 07:25:07, 40498
92415, 2012-04-13 07:30:01, 40697
92416, 2012-04-13 07:35:15, 41003
92417, 2012-04-13 07:40:01, 41069
92418, 2012-04-13 07:45:01, 41249
92419, 2012-04-13 07:50:01, 41323
92420, 2012-04-13 07:55:01, 41431
92421, 2012-04-13 08:00:01, 41611
92422, 2012-04-13 08:05:01, 41793
92423, 2012-04-13 08:10:01, 42076
92424, 2012-04-13 08:15:08, 42202
92425, 2012-04-13 08:20:01, 42166
92426, 2012-04-13 08:25:07, 42127
92427, 2012-04-13 08:30:16, 42194
92428, 2012-04-13 08:35:01, 42207
92429, 2012-04-13 08:40:05, 42250
92430, 2012-04-13 08:45:01, 42325
92431, 2012-04-13 08:50:01, 42343
92432, 2012-04-13 08:55:07, 42383
92433, 2012-04-13 09:00:10, 42441
92434, 2012-04-13 09:05:01, 42347
92435, 2012-04-13 09:10:01, 42417
92436, 2012-04-13 09:15:02, 42429
92437, 2012-04-13 09:20:01, 42350
92438, 2012-04-13 09:25:08, 42340
92439, 2012-04-13 09:30:01, 42287
92440, 2012-04-13 09:35:32, 42146
92441, 2012-04-13 09:40:14, 42029
92442, 2012-04-13 09:45:01, 42000
92443, 2012-04-13 09:50:01, 41987
92444, 2012-04-13 09:55:06, 41939
92445, 2012-04-13 10:00:12, 41966
92446, 2012-04-13 10:05:01, 41986
92447, 2012-04-13 10:10:01, 42121
92448, 2012-04-13 10:15:09, 42137
92449, 2012-04-13 10:20:01, 42131
92450, 2012-04-13 10:25:06, 42108
92451, 2012-04-13 10:30:01, 41962
92452, 2012-04-13 10:35:11, 41982
92453, 2012-04-13 10:40:09, 42057
92454, 2012-04-13 10:45:01, 42035
92455, 2012-04-13 10:50:01, 41975
92456, 2012-04-13 10:55:01, 41905
92457, 2012-04-13 11:00:02, 41776
92458, 2012-04-13 11:05:13, 41778
92459, 2012-04-13 11:10:35, 41791
92460, 2012-04-13 11:15:08, 41747
92461, 2012-04-13 11:20:01, 41742
92462, 2012-04-13 11:25:06, 41732
92463, 2012-04-13 11:30:01, 41664
92464, 2012-04-13 11:35:01, 41634
92465, 2012-04-13 11:40:01, 41607
92466, 2012-04-13 11:45:12, 41592
92467, 2012-04-13 11:50:01, 41669
92468, 2012-04-13 11:55:08, 41641
92469, 2012-04-13 12:00:01, 41510
92470, 2012-04-13 12:05:01, 41352
92471, 2012-04-13 12:10:01, 41179
92472, 2012-04-13 12:15:01, 41134
92473, 2012-04-13 12:20:01, 41036
92474, 2012-04-13 12:25:10, 40939
92475, 2012-04-13 12:30:02, 40831
92476, 2012-04-13 12:35:16, 40713
92477, 2012-04-13 12:40:09, 40705
92478, 2012-04-13 12:45:01, 40606
92479, 2012-04-13 12:50:01, 40478
92480, 2012-04-13 12:55:01, 40325
92481, 2012-04-13 13:00:01, 40193
92482, 2012-04-13 13:05:14, 40150
92483, 2012-04-13 13:10:01, 40292
92484, 2012-04-13 13:15:01, 40376
92485, 2012-04-13 13:20:01, 40305
92486, 2012-04-13 13:25:08, 40215
92487, 2012-04-13 13:30:01, 40120
92488, 2012-04-13 13:35:22, 40142
92489, 2012-04-13 13:40:12, 40169
92490, 2012-04-13 13:45:01, 40072
92491, 2012-04-13 13:50:01, 40028
92492, 2012-04-13 13:55:01, 39965
92493, 2012-04-13 14:00:01, 39914
92494, 2012-04-13 14:05:11, 39726
92495, 2012-04-13 14:10:04, 39541
92496, 2012-04-13 14:15:09, 39569
92497, 2012-04-13 14:20:23, 39522
92498, 2012-04-13 14:25:05, 39546
92499, 2012-04-13 14:30:01, 39531
92500, 2012-04-13 14:35:14, 39508
92501, 2012-04-13 14:40:01, 39442
92502, 2012-04-13 14:45:08, 39419
92503, 2012-04-13 14:50:12, 39301
92504, 2012-04-13 14:55:01, 39326
92505, 2012-04-13 15:00:01, 39326
92506, 2012-04-13 15:05:01, 39374
92507, 2012-04-13 15:10:01, 39420
92508, 2012-04-13 15:15:09, 39396
92509, 2012-04-13 15:20:01, 39411
92510, 2012-04-13 15:25:05, 39545
92511, 2012-04-13 15:30:02, 39538
92512, 2012-04-13 15:35:01, 39625
92513, 2012-04-13 15:40:01, 39711
92514, 2012-04-13 15:45:05, 39849
92515, 2012-04-13 15:50:01, 39980
92516, 2012-04-13 15:55:08, 40020
92517, 2012-04-13 16:00:01, 40000
92518, 2012-04-13 16:05:19, 40173
92519, 2012-04-13 16:10:14, 40242
92520, 2012-04-13 16:15:01, 40267
92521, 2012-04-13 16:20:01, 40285
92522, 2012-04-13 16:25:11, 40273
92523, 2012-04-13 16:30:02, 40321
92524, 2012-04-13 16:35:10, 40325
92525, 2012-04-13 16:40:01, 40261
92526, 2012-04-13 16:45:01, 40137
92527, 2012-04-13 16:50:11, 40027
92528, 2012-04-13 16:55:01, 40101
92529, 2012-04-13 17:00:01, 39997
92530, 2012-04-13 17:05:11, 40050
92531, 2012-04-13 17:10:02, 40163
92532, 2012-04-13 17:15:01, 40108
92533, 2012-04-13 17:20:12, 39938
92534, 2012-04-13 17:25:08, 39795
92535, 2012-04-13 17:30:01, 39764
92536, 2012-04-13 17:35:15, 39737
92537, 2012-04-13 17:40:11, 39816
92538, 2012-04-13 17:45:08, 39788
92539, 2012-04-13 17:50:01, 39731
92540, 2012-04-13 17:55:06, 39729
92541, 2012-04-13 18:00:01, 39687
92542, 2012-04-13 18:05:11, 39506
92543, 2012-04-13 18:10:28, 39430
92544, 2012-04-13 18:15:10, 39486
92545, 2012-04-13 18:20:02, 39520
92546, 2012-04-13 18:25:06, 39454
92547, 2012-04-13 18:30:01, 39297
92548, 2012-04-13 18:35:17, 39263
92549, 2012-04-13 18:40:10, 39606
92550, 2012-04-13 18:45:06, 39509
92551, 2012-04-13 18:50:01, 39475
92552, 2012-04-13 18:55:07, 39754
92553, 2012-04-13 19:00:01, 39573
92554, 2012-04-13 19:05:01, 39555
92555, 2012-04-13 19:10:01, 40138
92556, 2012-04-13 19:15:06, 40179
92557, 2012-04-13 19:20:01, 40122
92558, 2012-04-13 19:25:06, 40204
92559, 2012-04-13 19:30:26, 40197
92560, 2012-04-13 19:35:22, 40202
92561, 2012-04-13 19:40:01, 40474
92562, 2012-04-13 19:45:08, 40389
92563, 2012-04-13 19:50:01, 40467
92564, 2012-04-13 19:55:07, 40181
92565, 2012-04-13 20:00:02, 39815
92566, 2012-04-13 20:05:15, 40006
92567, 2012-04-13 20:10:26, 39927
92568, 2012-04-13 20:15:10, 39557
92569, 2012-04-13 20:20:01, 39340
92570, 2012-04-13 20:25:13, 39066
92571, 2012-04-13 20:30:01, 38765
92572, 2012-04-13 20:35:12, 38461
92573, 2012-04-13 20:40:10, 38284
92574, 2012-04-13 20:45:01, 37856
92575, 2012-04-13 20:50:01, 37464
92576, 2012-04-13 20:55:01, 37266
92577, 2012-04-13 21:00:01, 37030
92578, 2012-04-13 21:05:13, 36755
92579, 2012-04-13 21:10:01, 36730
92580, 2012-04-13 21:15:04, 36389
92581, 2012-04-13 21:20:01, 35971
92582, 2012-04-13 21:25:10, 35673
92583, 2012-04-13 21:30:26, 35327
92584, 2012-04-13 21:35:01, 34977
92585, 2012-04-13 21:40:01, 34923
92586, 2012-04-13 21:45:07, 34716
92587, 2012-04-13 21:50:02, 34358
92588, 2012-04-13 21:55:07, 34053
92589, 2012-04-13 22:00:01, 33643
92590, 2012-04-13 22:05:01, 33256
92591, 2012-04-13 22:10:02, 33081
92592, 2012-04-13 22:15:06, 32709
92593, 2012-04-13 22:20:10, 32390
92594, 2012-04-13 22:25:01, 32075
92595, 2012-04-13 22:30:01, 31895
92596, 2012-04-13 22:35:12, 31986
92597, 2012-04-13 22:40:01, 31907
92598, 2012-04-13 22:45:07, 31656
92599, 2012-04-13 22:50:01, 31343
92600, 2012-04-13 22:55:07, 31074
92601, 2012-04-13 23:00:01, 30794
92602, 2012-04-13 23:05:09, 30547
92603, 2012-04-13 23:10:01, 30547
92604, 2012-04-13 23:15:01, 30547
92605, 2012-04-13 23:20:01, 30547
92606, 2012-04-13 23:25:02, 30547
92607, 2012-04-13 23:30:01, 30547
92608, 2012-04-13 23:35:14, 30547
92609, 2012-04-13 23:40:01, 30547
92610, 2012-04-13 23:45:08, 30547
92611, 2012-04-13 23:50:01, 30547
92612, 2012-04-13 23:55:01, 30547
92613, 2012-04-14 00:00:01, 30547
92614, 2012-04-14 00:05:17, 28962
92615, 2012-04-14 00:10:02, 29404
92616, 2012-04-14 00:15:17, 29600
92617, 2012-04-14 00:24:57, 29651
92618, 2012-04-14 00:25:12, 29660
92619, 2012-04-14 00:30:01, 29558
92620, 2012-04-14 00:35:18, 29569
92621, 2012-04-14 00:40:19, 29959
92622, 2012-04-14 00:45:02, 30145
92623, 2012-04-14 00:50:01, 30201
92624, 2012-04-14 00:55:01, 30157
92625, 2012-04-14 01:00:04, 30052
92626, 2012-04-14 01:05:13, 29923
92627, 2012-04-14 01:10:01, 30070
92628, 2012-04-14 01:15:10, 29934
92629, 2012-04-14 01:20:34, 29897
92630, 2012-04-14 01:25:01, 29778
92631, 2012-04-14 01:30:01, 29654
92632, 2012-04-14 01:35:01, 29596
92633, 2012-04-14 01:40:01, 29688
92634, 2012-04-14 01:45:07, 29816
92635, 2012-04-14 01:50:01, 29623
92636, 2012-04-14 01:55:13, 29560
92637, 2012-04-14 02:00:01, 29472
92638, 2012-04-14 02:05:01, 29403
92639, 2012-04-14 02:10:01, 29579
92640, 2012-04-14 02:15:01, 29464
92641, 2012-04-14 02:20:01, 29338
92642, 2012-04-14 02:25:11, 29275
92643, 2012-04-14 02:30:01, 29193
92644, 2012-04-14 02:35:16, 29166
92645, 2012-04-14 02:40:01, 29354
92646, 2012-04-14 02:45:06, 29315
92647, 2012-04-14 02:50:11, 29257
92648, 2012-04-14 02:55:01, 29173
92649, 2012-04-14 03:00:01, 29062
92650, 2012-04-14 03:05:01, 28974
92651, 2012-04-14 03:10:01, 28879
92652, 2012-04-14 03:15:13, 28857
92653, 2012-04-14 03:20:02, 28771
92654, 2012-04-14 03:25:05, 28615
92655, 2012-04-14 03:30:04, 28528
92656, 2012-04-14 03:35:16, 28422
92657, 2012-04-14 03:40:11, 28452
92658, 2012-04-14 03:45:01, 28456
92659, 2012-04-14 03:50:01, 28354
92660, 2012-04-14 03:55:01, 28314
92661, 2012-04-14 04:00:04, 28234
92662, 2012-04-14 04:05:18, 28244
92663, 2012-04-14 04:10:01, 28284
92664, 2012-04-14 04:15:11, 28247
92665, 2012-04-14 04:20:01, 28262
92666, 2012-04-14 04:25:07, 28230
92667, 2012-04-14 04:30:27, 28100
92668, 2012-04-14 04:35:02, 28152
92669, 2012-04-14 04:40:01, 28274
92670, 2012-04-14 04:45:01, 28291
92671, 2012-04-14 04:50:02, 28317
92672, 2012-04-14 04:55:15, 28360
92673, 2012-04-14 05:00:01, 28395
92674, 2012-04-14 05:05:14, 28363
92675, 2012-04-14 05:10:01, 28447
92676, 2012-04-14 05:15:08, 28624
92677, 2012-04-14 05:20:23, 28728
92678, 2012-04-14 05:25:01, 28770
92679, 2012-04-14 05:30:01, 28757
92680, 2012-04-14 05:35:06, 28803
92681, 2012-04-14 05:40:01, 28785
92682, 2012-04-14 05:45:10, 28919
92683, 2012-04-14 05:50:01, 29104
92684, 2012-04-14 05:55:08, 29141
92685, 2012-04-14 06:00:02, 29284
92686, 2012-04-14 06:05:17, 29334
92687, 2012-04-14 06:10:02, 29463
92688, 2012-04-14 06:15:16, 29932
92689, 2012-04-14 06:20:01, 30298
92690, 2012-04-14 06:25:08, 30601
92691, 2012-04-14 06:30:01, 30760
92692, 2012-04-14 06:35:15, 30938
92693, 2012-04-14 06:40:01, 31164
92694, 2012-04-14 06:45:08, 31479
92695, 2012-04-14 06:50:01, 31709
92696, 2012-04-14 06:55:09, 31916
92697, 2012-04-14 07:00:31, 32224
92698, 2012-04-14 07:05:01, 32495
92699, 2012-04-14 07:10:01, 32930
92700, 2012-04-14 07:15:04, 33318
92701, 2012-04-14 07:20:01, 33606
92702, 2012-04-14 07:25:09, 33910
92703, 2012-04-14 07:30:01, 34103
92704, 2012-04-14 07:35:01, 34359
92705, 2012-04-14 07:40:01, 34406
92706, 2012-04-14 07:45:04, 34444
92707, 2012-04-14 07:50:01, 34629
92708, 2012-04-14 07:55:26, 34878
92709, 2012-04-14 08:00:01, 35052
92710, 2012-04-14 08:05:11, 35292
92711, 2012-04-14 08:10:01, 35655
92712, 2012-04-14 08:15:01, 36022
92713, 2012-04-14 08:20:01, 36271
92714, 2012-04-14 08:25:09, 36388
92715, 2012-04-14 08:30:01, 36524
92716, 2012-04-14 08:35:20, 36551
92717, 2012-04-14 08:40:14, 36575
92718, 2012-04-14 08:45:01, 36662
92719, 2012-04-14 08:50:01, 36618
92720, 2012-04-14 08:55:12, 36643
92721, 2012-04-14 09:00:01, 36721
92722, 2012-04-14 09:05:12, 36810
92723, 2012-04-14 09:10:01, 36952
92724, 2012-04-14 09:15:14, 37040
92725, 2012-04-14 09:29:07, 36969
92726, 2012-04-14 09:30:01, 36969
92727, 2012-04-14 09:35:16, 36954
92728, 2012-04-14 09:40:01, 36950
92729, 2012-04-14 09:45:01, 36981
92730, 2012-04-14 09:50:04, 36966
92731, 2012-04-14 09:55:01, 36972
92732, 2012-04-14 10:00:01, 36916
92733, 2012-04-14 10:05:19, 36884
92734, 2012-04-14 10:10:01, 36941
92735, 2012-04-14 10:15:10, 36924
92736, 2012-04-14 10:20:17, 36893
92737, 2012-04-14 10:25:07, 36886
92738, 2012-04-14 10:30:01, 36872
92739, 2012-04-14 10:35:14, 37004
92740, 2012-04-14 10:40:01, 37009
92741, 2012-04-14 10:45:01, 36959
92742, 2012-04-14 10:50:01, 36920
92743, 2012-04-14 10:55:01, 36941
92744, 2012-04-14 11:00:01, 36981
92745, 2012-04-14 11:05:18, 36967
92746, 2012-04-14 11:10:01, 36915
92747, 2012-04-14 11:15:10, 36918
92748, 2012-04-14 11:20:08, 36833
92749, 2012-04-14 11:25:01, 36818
92750, 2012-04-14 11:30:04, 36686
92751, 2012-04-14 11:35:05, 36619
92752, 2012-04-14 11:40:01, 36563
92753, 2012-04-14 11:45:07, 36476
92754, 2012-04-14 11:50:01, 36396
92755, 2012-04-14 11:55:19, 36298
92756, 2012-04-14 12:00:01, 36180
92757, 2012-04-14 12:05:12, 36113
92758, 2012-04-14 12:10:26, 36062
92759, 2012-04-14 12:15:01, 36029
92760, 2012-04-14 12:20:01, 35934
92761, 2012-04-14 12:25:08, 35822
92762, 2012-04-14 12:30:01, 35696
92763, 2012-04-14 12:35:08, 35654
92764, 2012-04-14 12:40:01, 35739
92765, 2012-04-14 12:45:01, 35711
92766, 2012-04-14 12:50:01, 35558
92767, 2012-04-14 12:55:07, 35439
92768, 2012-04-14 13:00:01, 35318
92769, 2012-04-14 13:05:12, 35265
92770, 2012-04-14 13:10:14, 35305
92771, 2012-04-14 13:15:01, 35220
92772, 2012-04-14 13:20:01, 35120
92773, 2012-04-14 13:25:08, 35092
92774, 2012-04-14 13:30:02, 34983
92775, 2012-04-14 13:35:11, 34925
92776, 2012-04-14 13:40:02, 34901
92777, 2012-04-14 13:45:07, 34835
92778, 2012-04-14 13:50:01, 34771
92779, 2012-04-14 13:55:02, 34742
92780, 2012-04-14 14:00:04, 34661
92781, 2012-04-14 14:05:16, 34631
92782, 2012-04-14 14:10:01, 34681
92783, 2012-04-14 14:15:11, 34692
92784, 2012-04-14 14:20:18, 34607
92785, 2012-04-14 14:25:01, 34637
92786, 2012-04-14 14:30:01, 34584
92787, 2012-04-14 14:35:01, 34544
92788, 2012-04-14 14:40:01, 34577
92789, 2012-04-14 14:45:08, 34580
92790, 2012-04-14 14:50:01, 34528
92791, 2012-04-14 14:55:01, 34574
92792, 2012-04-14 15:00:04, 34632
92793, 2012-04-14 15:05:04, 34640
92794, 2012-04-14 15:10:03, 34676
92795, 2012-04-14 15:15:07, 34672
92796, 2012-04-14 15:20:01, 34586
92797, 2012-04-14 15:25:08, 34603
92798, 2012-04-14 15:30:05, 34537
92799, 2012-04-14 15:35:20, 34419
92800, 2012-04-14 15:40:01, 34300
92801, 2012-04-14 15:45:01, 34408
92802, 2012-04-14 15:50:01, 34777
92803, 2012-04-14 15:55:17, 35115
92804, 2012-04-14 16:00:01, 35397
92805, 2012-04-14 16:05:12, 35556
92806, 2012-04-14 16:10:01, 35749
92807, 2012-04-14 16:15:07, 35917
92808, 2012-04-14 16:20:10, 36123
92809, 2012-04-14 16:25:01, 36342
92810, 2012-04-14 16:30:02, 36416
92811, 2012-04-14 16:35:01, 36492
92812, 2012-04-14 16:40:01, 36594
92813, 2012-04-14 16:45:07, 36587
92814, 2012-04-14 16:50:01, 36575
92815, 2012-04-14 16:55:06, 36518
92816, 2012-04-14 17:00:01, 36503
92817, 2012-04-14 17:05:15, 36545
92818, 2012-04-14 17:10:16, 36507
92819, 2012-04-14 17:15:01, 36466
92820, 2012-04-14 17:20:01, 36459
92821, 2012-04-14 17:25:02, 36553
92822, 2012-04-14 17:30:01, 36546
92823, 2012-04-14 17:35:10, 36487
92824, 2012-04-14 17:40:01, 36556
92825, 2012-04-14 17:45:08, 36623
92826, 2012-04-14 17:50:01, 36543
92827, 2012-04-14 17:55:01, 36555
92828, 2012-04-14 18:00:02, 36530
92829, 2012-04-14 18:05:11, 36461
92830, 2012-04-14 18:10:01, 36552
92831, 2012-04-14 18:15:05, 36469
92832, 2012-04-14 18:20:13, 36299
92833, 2012-04-14 18:25:01, 36317
92834, 2012-04-14 18:30:01, 36204
92835, 2012-04-14 18:35:01, 36164
92836, 2012-04-14 18:40:01, 36156
92837, 2012-04-14 18:45:07, 36094
92838, 2012-04-14 18:50:01, 35969
92839, 2012-04-14 18:55:07, 35991
92840, 2012-04-14 19:00:01, 35940
92841, 2012-04-14 19:05:11, 35963
92842, 2012-04-14 19:10:15, 36155
92843, 2012-04-14 19:15:01, 36180
92844, 2012-04-14 19:20:01, 36278
92845, 2012-04-14 19:25:08, 36602
92846, 2012-04-14 19:30:02, 37187
92847, 2012-04-14 19:35:12, 37337
92848, 2012-04-14 19:40:01, 37497
92849, 2012-04-14 19:45:08, 37524
92850, 2012-04-14 19:50:16, 37254
92851, 2012-04-14 19:55:01, 37156
92852, 2012-04-14 20:00:01, 37120
92853, 2012-04-14 20:05:11, 36868
92854, 2012-04-14 20:10:01, 36810
92855, 2012-04-14 20:15:08, 36588
92856, 2012-04-14 20:20:01, 36348
92857, 2012-04-14 20:25:06, 36480
92858, 2012-04-14 20:30:20, 36172
92859, 2012-04-14 20:35:01, 35914
92860, 2012-04-14 20:40:02, 35715
92861, 2012-04-14 20:45:06, 35459
92862, 2012-04-14 20:50:01, 35224
92863, 2012-04-14 20:55:09, 35053
92864, 2012-04-14 21:00:11, 34923
92865, 2012-04-14 21:05:11, 34664
92866, 2012-04-14 21:10:01, 34576
92867, 2012-04-14 21:15:01, 34427
92868, 2012-04-14 21:20:01, 34091
92869, 2012-04-14 21:25:01, 33859
92870, 2012-04-14 21:30:01, 33671
92871, 2012-04-14 21:35:10, 33463
92872, 2012-04-14 21:40:02, 33264
92873, 2012-04-14 21:45:05, 33112
92874, 2012-04-14 21:50:20, 32838
92875, 2012-04-14 21:55:01, 32526
92876, 2012-04-14 22:00:01, 32111
92877, 2012-04-14 22:05:13, 31736
92878, 2012-04-14 22:10:01, 31516
92879, 2012-04-14 22:15:07, 31323
92880, 2012-04-14 22:20:01, 31022
92881, 2012-04-14 22:25:13, 30741
92882, 2012-04-14 22:30:11, 30392
92883, 2012-04-14 22:35:01, 30124
92884, 2012-04-14 22:40:01, 29996
92885, 2012-04-14 22:45:01, 29766
92886, 2012-04-14 22:50:01, 29494
92887, 2012-04-14 22:55:08, 29174
92888, 2012-04-14 23:00:01, 28797
92889, 2012-04-14 23:05:12, 28590
92890, 2012-04-14 23:10:02, 28590
92891, 2012-04-14 23:15:09, 28590
92892, 2012-04-14 23:20:13, 28590
92893, 2012-04-14 23:25:01, 28590
92894, 2012-04-14 23:30:01, 28590
92895, 2012-04-14 23:35:01, 28590
92896, 2012-04-14 23:40:02, 28590
92897, 2012-04-14 23:45:06, 28590
92898, 2012-04-14 23:50:01, 28590
92899, 2012-04-14 23:55:13, 28590
92900, 2012-04-15 00:00:01, 28590
92901, 2012-04-15 00:05:14, 27690
92902, 2012-04-15 00:10:34, 28178
92903, 2012-04-15 00:15:08, 28202
92904, 2012-04-15 00:23:54, 28475
92905, 2012-04-15 00:25:10, 28297
92906, 2012-04-15 00:30:12, 28238
92907, 2012-04-15 00:35:01, 28458
92908, 2012-04-15 00:40:01, 28538
92909, 2012-04-15 00:45:01, 28646
92910, 2012-04-15 00:50:01, 28735
92911, 2012-04-15 00:55:06, 28671
92912, 2012-04-15 01:00:01, 28638
92913, 2012-04-15 01:05:16, 28603
92914, 2012-04-15 01:10:01, 28597
92915, 2012-04-15 01:15:06, 28531
92916, 2012-04-15 01:20:16, 28428
92917, 2012-04-15 01:25:01, 28407
92918, 2012-04-15 01:30:01, 28356
92919, 2012-04-15 01:35:01, 28526
92920, 2012-04-15 01:40:01, 28674
92921, 2012-04-15 01:45:08, 28604
92922, 2012-04-15 01:50:01, 28541
92923, 2012-04-15 01:55:07, 28616
92924, 2012-04-15 02:00:01, 28525
92925, 2012-04-15 02:05:10, 28460
92926, 2012-04-15 02:10:29, 28387
92927, 2012-04-15 02:15:01, 28274
92928, 2012-04-15 02:20:01, 28221
92929, 2012-04-15 02:25:05, 28129
92930, 2012-04-15 02:30:05, 28050
92931, 2012-04-15 02:35:07, 27976
92932, 2012-04-15 02:40:01, 28033
92933, 2012-04-15 02:45:08, 27973
92934, 2012-04-15 02:50:01, 27872
92935, 2012-04-15 02:55:01, 27942
92936, 2012-04-15 03:00:01, 28056
92937, 2012-04-15 03:05:02, 27997
92938, 2012-04-15 03:10:01, 28130
92939, 2012-04-15 03:15:08, 28066
92940, 2012-04-15 03:20:01, 28016
92941, 2012-04-15 03:25:08, 27913
92942, 2012-04-15 03:30:01, 27624
92943, 2012-04-15 03:35:01, 27570
92944, 2012-04-15 03:40:01, 27553
92945, 2012-04-15 03:45:02, 27493
92946, 2012-04-15 03:50:01, 27601
92947, 2012-04-15 03:55:07, 27607
92948, 2012-04-15 04:00:01, 27516
92949, 2012-04-15 04:05:13, 27441
92950, 2012-04-15 04:10:31, 27455
92951, 2012-04-15 04:15:01, 27437
92952, 2012-04-15 04:20:01, 27388
92953, 2012-04-15 04:25:16, 27343
92954, 2012-04-15 04:30:01, 27297
92955, 2012-04-15 04:35:09, 27308
92956, 2012-04-15 04:40:01, 27393
92957, 2012-04-15 04:45:07, 27356
92958, 2012-04-15 04:50:02, 27281
92959, 2012-04-15 04:55:01, 27167
92960, 2012-04-15 05:00:01, 26988
92961, 2012-04-15 05:05:07, 26887
92962, 2012-04-15 05:10:01, 26964
92963, 2012-04-15 05:15:09, 27022
92964, 2012-04-15 05:20:10, 27002
92965, 2012-04-15 05:25:01, 27033
92966, 2012-04-15 05:30:27, 27113
92967, 2012-04-15 05:35:11, 27208
92968, 2012-04-15 05:40:01, 27337
92969, 2012-04-15 05:45:05, 27461
92970, 2012-04-15 05:50:01, 27529
92971, 2012-04-15 05:55:01, 27717
92972, 2012-04-15 06:00:01, 27846
92973, 2012-04-15 06:05:14, 27954
92974, 2012-04-15 06:10:16, 27940
92975, 2012-04-15 06:15:05, 28056
92976, 2012-04-15 06:20:04, 28078
92977, 2012-04-15 06:25:07, 28234
92978, 2012-04-15 06:30:01, 28347
92979, 2012-04-15 06:35:10, 28344
92980, 2012-04-15 06:40:01, 28274
92981, 2012-04-15 06:45:07, 28467
92982, 2012-04-15 06:50:12, 28722
92983, 2012-04-15 06:55:09, 28949
92984, 2012-04-15 07:00:11, 29057
92985, 2012-04-15 07:05:11, 29312
92986, 2012-04-15 07:10:01, 29343
92987, 2012-04-15 07:15:07, 29559
92988, 2012-04-15 07:20:01, 29792
92989, 2012-04-15 07:25:07, 30088
92990, 2012-04-15 07:30:16, 30335
92991, 2012-04-15 07:35:10, 30526
92992, 2012-04-15 07:40:01, 30598
92993, 2012-04-15 07:45:13, 30591
92994, 2012-04-15 07:50:01, 30757
92995, 2012-04-15 07:55:01, 30933
92996, 2012-04-15 08:00:01, 31119
92997, 2012-04-15 08:05:12, 31346
92998, 2012-04-15 08:10:21, 31511
92999, 2012-04-15 08:15:13, 31690
93000, 2012-04-15 08:20:01, 32001
93001, 2012-04-15 08:25:10, 32242
93002, 2012-04-15 08:30:01, 32436
93003, 2012-04-15 08:35:11, 32637
93004, 2012-04-15 08:40:01, 32713
93005, 2012-04-15 08:45:08, 32769
93006, 2012-04-15 08:50:19, 32872
93007, 2012-04-15 08:55:06, 33143
93008, 2012-04-15 09:00:01, 33379
93009, 2012-04-15 09:05:18, 33670
93010, 2012-04-15 09:10:01, 33928
93011, 2012-04-15 09:15:01, 34226
93012, 2012-04-15 09:20:02, 34385
93013, 2012-04-15 09:25:13, 34605
93014, 2012-04-15 09:30:01, 34662
93015, 2012-04-15 09:35:15, 34636
93016, 2012-04-15 09:40:01, 34701
93017, 2012-04-15 09:45:09, 34761
93018, 2012-04-15 09:50:29, 34781
93019, 2012-04-15 09:55:01, 34806
93020, 2012-04-15 10:00:01, 34833
93021, 2012-04-15 10:05:15, 34807
93022, 2012-04-15 10:10:01, 34947
93023, 2012-04-15 10:15:07, 35009
93024, 2012-04-15 10:20:19, 35074
93025, 2012-04-15 10:25:01, 35190
93026, 2012-04-15 10:30:01, 35241
93027, 2012-04-15 10:35:12, 35348
93028, 2012-04-15 10:40:01, 35397
93029, 2012-04-15 10:45:07, 35438
93030, 2012-04-15 10:50:01, 35528
93031, 2012-04-15 10:55:10, 35616
93032, 2012-04-15 11:00:15, 35673
93033, 2012-04-15 11:05:01, 35663
93034, 2012-04-15 11:10:01, 35767
93035, 2012-04-15 11:15:01, 35842
93036, 2012-04-15 11:20:02, 35880
93037, 2012-04-15 11:25:11, 35929
93038, 2012-04-15 11:30:01, 35945
93039, 2012-04-15 11:35:15, 35969
93040, 2012-04-15 11:40:09, 35993
93041, 2012-04-15 11:45:01, 35943
93042, 2012-04-15 11:50:01, 35945
93043, 2012-04-15 11:55:01, 35937
93044, 2012-04-15 12:00:01, 35927
93045, 2012-04-15 12:05:13, 35751
93046, 2012-04-15 12:10:01, 35722
93047, 2012-04-15 12:15:10, 35758
93048, 2012-04-15 12:20:12, 35713
93049, 2012-04-15 12:25:01, 35724
93050, 2012-04-15 12:30:02, 35684
93051, 2012-04-15 12:35:01, 35580
93052, 2012-04-15 12:40:01, 35563
93053, 2012-04-15 12:45:10, 35517
93054, 2012-04-15 12:50:01, 35413
93055, 2012-04-15 12:55:07, 35273
93056, 2012-04-15 13:00:01, 35128
93057, 2012-04-15 13:05:09, 35129
93058, 2012-04-15 13:10:02, 35194
93059, 2012-04-15 13:15:01, 35221
93060, 2012-04-15 13:20:01, 35163
93061, 2012-04-15 13:25:07, 35139
93062, 2012-04-15 13:30:01, 35028
93063, 2012-04-15 13:35:12, 35027
93064, 2012-04-15 13:40:01, 34964
93065, 2012-04-15 13:45:07, 34793
93066, 2012-04-15 13:50:11, 34750
93067, 2012-04-15 13:55:01, 34767
93068, 2012-04-15 14:00:01, 34763
93069, 2012-04-15 14:05:10, 34804
93070, 2012-04-15 14:10:01, 34914
93071, 2012-04-15 14:15:04, 34943
93072, 2012-04-15 14:20:11, 35002
93073, 2012-04-15 14:25:01, 34903
93074, 2012-04-15 14:30:04, 34859
93075, 2012-04-15 14:35:10, 34902
93076, 2012-04-15 14:40:01, 34973
93077, 2012-04-15 14:45:08, 34963
93078, 2012-04-15 14:50:01, 34973
93079, 2012-04-15 14:55:01, 35063
93080, 2012-04-15 15:00:01, 35085
93081, 2012-04-15 15:05:11, 35163
93082, 2012-04-15 15:10:01, 35209
93083, 2012-04-15 15:15:02, 35273
93084, 2012-04-15 15:20:01, 35338
93085, 2012-04-15 15:25:01, 35366
93086, 2012-04-15 15:30:35, 35418
93087, 2012-04-15 15:35:11, 35517
93088, 2012-04-15 15:40:01, 35621
93089, 2012-04-15 15:45:12, 35681
93090, 2012-04-15 15:50:01, 35736
93091, 2012-04-15 15:55:02, 35851
93092, 2012-04-15 16:00:01, 36036
93093, 2012-04-15 16:05:15, 36131
93094, 2012-04-15 16:10:02, 36336
93095, 2012-04-15 16:15:07, 36439
93096, 2012-04-15 16:20:33, 36452
93097, 2012-04-15 16:25:01, 36441
93098, 2012-04-15 16:30:01, 36431
93099, 2012-04-15 16:35:12, 36485
93100, 2012-04-15 16:40:01, 36567
93101, 2012-04-15 16:45:08, 36543
93102, 2012-04-15 16:50:17, 36493
93103, 2012-04-15 16:55:01, 36469
93104, 2012-04-15 17:00:01, 36402
93105, 2012-04-15 17:05:01, 36478
93106, 2012-04-15 17:10:01, 36608
93107, 2012-04-15 17:15:08, 36615
93108, 2012-04-15 17:20:01, 36539
93109, 2012-04-15 17:25:07, 36496
93110, 2012-04-15 17:30:01, 36514
93111, 2012-04-15 17:35:01, 36470
93112, 2012-04-15 17:40:01, 36415
93113, 2012-04-15 17:45:01, 36301
93114, 2012-04-15 17:50:01, 36226
93115, 2012-04-15 17:55:06, 36235
93116, 2012-04-15 18:00:01, 36510
93117, 2012-04-15 18:05:10, 36443
93118, 2012-04-15 18:10:01, 36500
93119, 2012-04-15 18:15:09, 36413
93120, 2012-04-15 18:20:23, 36396
93121, 2012-04-15 18:25:01, 36349
93122, 2012-04-15 18:30:01, 36302
93123, 2012-04-15 18:35:14, 36260
93124, 2012-04-15 18:40:01, 36193
93125, 2012-04-15 18:45:07, 36146
93126, 2012-04-15 18:50:01, 36151
93127, 2012-04-15 18:55:05, 36274
93128, 2012-04-15 19:00:01, 36331
93129, 2012-04-15 19:05:01, 36555
93130, 2012-04-15 19:10:01, 37225
93131, 2012-04-15 19:15:07, 37502
93132, 2012-04-15 19:20:02, 37749
93133, 2012-04-15 19:25:08, 38056
93134, 2012-04-15 19:30:01, 38172
93135, 2012-04-15 19:35:10, 38400
93136, 2012-04-15 19:40:14, 38471
93137, 2012-04-15 19:45:01, 38499
93138, 2012-04-15 19:50:02, 38451
93139, 2012-04-15 19:55:08, 38464
93140, 2012-04-15 20:00:01, 38322
93141, 2012-04-15 20:05:10, 38231
93142, 2012-04-15 20:10:01, 38445
93143, 2012-04-15 20:15:05, 38122
93144, 2012-04-15 20:20:13, 37869
93145, 2012-04-15 20:25:01, 37599
93146, 2012-04-15 20:30:01, 37025
93147, 2012-04-15 20:35:01, 36856
93148, 2012-04-15 20:40:01, 36699
93149, 2012-04-15 20:45:08, 36359
93150, 2012-04-15 20:50:02, 36340
93151, 2012-04-15 20:55:08, 35968
93152, 2012-04-15 21:00:01, 35642
93153, 2012-04-15 21:05:16, 35371
93154, 2012-04-15 21:10:19, 35737
93155, 2012-04-15 21:15:02, 35480
93156, 2012-04-15 21:20:05, 35019
93157, 2012-04-15 21:25:08, 34637
93158, 2012-04-15 21:30:01, 34134
93159, 2012-04-15 21:35:02, 33819
93160, 2012-04-15 21:40:03, 33661
93161, 2012-04-15 21:45:01, 33234
93162, 2012-04-15 21:50:01, 32844
93163, 2012-04-15 21:55:01, 32592
93164, 2012-04-15 22:00:01, 32343
93165, 2012-04-15 22:05:10, 31963
93166, 2012-04-15 22:10:01, 31617
93167, 2012-04-15 22:15:08, 31170
93168, 2012-04-15 22:20:01, 30740
93169, 2012-04-15 22:25:09, 30364
93170, 2012-04-15 22:30:16, 29912
93171, 2012-04-15 22:35:01, 29672
93172, 2012-04-15 22:40:01, 29639
93173, 2012-04-15 22:45:01, 29458
93174, 2012-04-15 22:50:01, 29497
93175, 2012-04-15 22:55:07, 29459
93176, 2012-04-15 23:00:01, 29504
93177, 2012-04-15 23:05:06, 29249
93178, 2012-04-15 23:10:01, 29249
93179, 2012-04-15 23:15:03, 29249
93180, 2012-04-15 23:20:36, 29249
93181, 2012-04-15 23:25:01, 29249
93182, 2012-04-15 23:30:01, 29249
93183, 2012-04-15 23:35:16, 29249
93184, 2012-04-15 23:40:01, 29249
93185, 2012-04-15 23:45:11, 29249
93186, 2012-04-15 23:50:01, 29249
93187, 2012-04-15 23:55:05, 29249
93188, 2012-04-16 00:00:04, 29249
93189, 2012-04-16 00:05:11, 28379
93190, 2012-04-16 00:10:18, 28826
93191, 2012-04-16 00:15:10, 28804
93192, 2012-04-16 00:20:02, 29003
93193, 2012-04-16 00:25:14, 29102
93194, 2012-04-16 00:30:01, 29179
93195, 2012-04-16 00:35:01, 29322
93196, 2012-04-16 00:40:01, 29464
93197, 2012-04-16 00:45:02, 29387
93198, 2012-04-16 00:50:01, 29425
93199, 2012-04-16 00:55:01, 29579
93200, 2012-04-16 01:00:01, 29630
93201, 2012-04-16 01:05:11, 29737
93202, 2012-04-16 01:10:01, 29897
93203, 2012-04-16 01:15:08, 29891
93204, 2012-04-16 01:20:01, 29876
93205, 2012-04-16 01:25:01, 29889
93206, 2012-04-16 01:30:01, 29933
93207, 2012-04-16 01:35:11, 29958
93208, 2012-04-16 01:40:04, 30113
93209, 2012-04-16 01:45:08, 29935
93210, 2012-04-16 01:50:11, 29946
93211, 2012-04-16 01:55:01, 29893
93212, 2012-04-16 02:00:01, 29830
93213, 2012-04-16 02:05:07, 29767
93214, 2012-04-16 02:10:02, 29822
93215, 2012-04-16 02:15:07, 29737
93216, 2012-04-16 02:20:01, 29731
93217, 2012-04-16 02:25:01, 29562
93218, 2012-04-16 02:30:01, 29445
93219, 2012-04-16 02:35:11, 29447
93220, 2012-04-16 02:40:01, 29563
93221, 2012-04-16 02:45:06, 29497
93222, 2012-04-16 02:50:01, 29620
93223, 2012-04-16 02:55:07, 29649
93224, 2012-04-16 03:00:10, 29573
93225, 2012-04-16 03:05:01, 29554
93226, 2012-04-16 03:10:02, 29581
93227, 2012-04-16 03:15:04, 29583
93228, 2012-04-16 03:20:01, 29526
93229, 2012-04-16 03:25:08, 29478
93230, 2012-04-16 03:30:01, 29423
93231, 2012-04-16 03:35:23, 29333
93232, 2012-04-16 03:40:01, 29512
93233, 2012-04-16 03:45:08, 29555
93234, 2012-04-16 03:50:01, 29513
93235, 2012-04-16 03:55:01, 29525
93236, 2012-04-16 04:00:01, 29493
93237, 2012-04-16 04:05:15, 29481
93238, 2012-04-16 04:10:01, 29511
93239, 2012-04-16 04:15:10, 29570
93240, 2012-04-16 04:20:01, 29681
93241, 2012-04-16 04:25:06, 29759
93242, 2012-04-16 04:30:01, 29892
93243, 2012-04-16 04:35:02, 30012
93244, 2012-04-16 04:40:01, 30294
93245, 2012-04-16 04:45:07, 30521
93246, 2012-04-16 04:50:01, 30635
93247, 2012-04-16 04:55:06, 30773
93248, 2012-04-16 05:00:02, 30896
93249, 2012-04-16 05:05:11, 30902
93250, 2012-04-16 05:10:01, 30990
93251, 2012-04-16 05:15:08, 31495
93252, 2012-04-16 05:20:01, 31776
93253, 2012-04-16 05:25:07, 32132
93254, 2012-04-16 05:30:14, 32375
93255, 2012-04-16 05:35:01, 32737
93256, 2012-04-16 05:40:01, 33294
93257, 2012-04-16 05:45:01, 33885
93258, 2012-04-16 05:50:01, 34454
93259, 2012-04-16 05:55:07, 35000
93260, 2012-04-16 06:00:01, 35579
93261, 2012-04-16 06:05:15, 36177
93262, 2012-04-16 06:10:01, 37203
93263, 2012-04-16 06:15:06, 38779
93264, 2012-04-16 06:20:21, 39650
93265, 2012-04-16 06:25:01, 39743
93266, 2012-04-16 06:30:01, 40140
93267, 2012-04-16 06:35:10, 40445
93268, 2012-04-16 06:40:01, 40662
93269, 2012-04-16 06:45:04, 41002
93270, 2012-04-16 06:50:27, 41369
93271, 2012-04-16 06:55:01, 41819
93272, 2012-04-16 07:00:01, 41980
93273, 2012-04-16 07:05:13, 41741
93274, 2012-04-16 07:10:01, 41712
93275, 2012-04-16 07:15:09, 42078
93276, 2012-04-16 07:20:01, 42324
93277, 2012-04-16 07:25:07, 42455
93278, 2012-04-16 07:30:01, 42497
93279, 2012-04-16 07:35:01, 42442
93280, 2012-04-16 07:40:02, 42346
93281, 2012-04-16 07:45:23, 42295
93282, 2012-04-16 07:50:01, 42236
93283, 2012-04-16 07:55:08, 42297
93284, 2012-04-16 08:00:18, 42374
93285, 2012-04-16 08:05:54, 42462
93286, 2012-04-16 08:10:01, 42507
93287, 2012-04-16 08:15:12, 42714
93288, 2012-04-16 08:20:17, 42755
93289, 2012-04-16 08:25:01, 42782
93290, 2012-04-16 08:30:01, 42859
93291, 2012-04-16 08:35:14, 42907
93292, 2012-04-16 08:40:01, 43013
93293, 2012-04-16 08:45:08, 43097
93294, 2012-04-16 08:50:03, 43048
93295, 2012-04-16 08:55:10, 43010
93296, 2012-04-16 09:02:20, 42970
93297, 2012-04-16 09:05:27, 42940
93298, 2012-04-16 09:10:01, 42964
93299, 2012-04-16 09:15:33, 42988
93300, 2012-04-16 09:22:01, 42908
93301, 2012-04-16 09:25:01, 42839
93302, 2012-04-16 09:30:01, 42826
93303, 2012-04-16 09:35:19, 42825
93304, 2012-04-16 09:40:02, 42959
93305, 2012-04-16 09:45:09, 42966
93306, 2012-04-16 09:50:17, 42891
93307, 2012-04-16 09:55:01, 42869
93308, 2012-04-16 10:00:01, 42728
93309, 2012-04-16 10:05:01, 42736
93310, 2012-04-16 10:10:01, 42849
93311, 2012-04-16 10:15:09, 42897
93312, 2012-04-16 10:20:01, 42828
93313, 2012-04-16 10:25:10, 42853
93314, 2012-04-16 10:30:01, 42784
93315, 2012-04-16 10:35:13, 42761
93316, 2012-04-16 10:40:05, 42817
93317, 2012-04-16 10:45:09, 42889
93318, 2012-04-16 10:50:01, 42847
93319, 2012-04-16 10:55:08, 42864
93320, 2012-04-16 11:00:01, 42865
93321, 2012-04-16 11:05:01, 42855
93322, 2012-04-16 11:10:01, 42932
93323, 2012-04-16 11:15:12, 42937
93324, 2012-04-16 11:20:09, 42904
93325, 2012-04-16 11:25:01, 42889
93326, 2012-04-16 11:30:01, 42832
93327, 2012-04-16 11:35:22, 42714
93328, 2012-04-16 11:40:01, 42726
93329, 2012-04-16 11:45:07, 42634
93330, 2012-04-16 11:50:02, 42569
93331, 2012-04-16 11:55:10, 42511
93332, 2012-04-16 12:00:17, 42519
93333, 2012-04-16 12:05:13, 42384
93334, 2012-04-16 12:10:01, 42386
93335, 2012-04-16 12:15:01, 42389
93336, 2012-04-16 12:20:01, 42322
93337, 2012-04-16 12:25:11, 42285
93338, 2012-04-16 12:30:43, 42143
93339, 2012-04-16 12:35:01, 42054
93340, 2012-04-16 12:40:01, 42095
93341, 2012-04-16 12:45:09, 42085
93342, 2012-04-16 12:50:01, 41976
93343, 2012-04-16 12:55:06, 41884
93344, 2012-04-16 13:00:01, 41830
93345, 2012-04-16 13:05:01, 41849
93346, 2012-04-16 13:10:01, 41901
93347, 2012-04-16 13:15:09, 41972
93348, 2012-04-16 13:20:01, 41920
93349, 2012-04-16 13:25:11, 41928
93350, 2012-04-16 13:30:01, 41809
93351, 2012-04-16 13:35:01, 41761
93352, 2012-04-16 13:40:01, 41779
93353, 2012-04-16 13:45:08, 41737
93354, 2012-04-16 13:50:01, 41692
93355, 2012-04-16 13:55:15, 41642
93356, 2012-04-16 14:00:03, 41513
93357, 2012-04-16 14:05:31, 41407
93358, 2012-04-16 14:10:01, 41404
93359, 2012-04-16 14:15:13, 41347
93360, 2012-04-16 14:20:25, 41306
93361, 2012-04-16 14:25:06, 41276
93362, 2012-04-16 14:30:01, 41254
93363, 2012-04-16 14:35:13, 41321
93364, 2012-04-16 14:40:01, 41413
93365, 2012-04-16 14:45:08, 41492
93366, 2012-04-16 14:50:02, 41607
93367, 2012-04-16 14:55:16, 41693
93368, 2012-04-16 15:00:03, 41697
93369, 2012-04-16 15:05:01, 41697
93370, 2012-04-16 15:10:01, 42009
93371, 2012-04-16 15:15:06, 42112
93372, 2012-04-16 15:20:01, 42132
93373, 2012-04-16 15:25:16, 42265
93374, 2012-04-16 15:30:40, 42392
93375, 2012-04-16 15:35:01, 42480
93376, 2012-04-16 15:40:02, 42667
93377, 2012-04-16 15:45:07, 42710
93378, 2012-04-16 15:50:01, 42786
93379, 2012-04-16 15:55:13, 42887
93380, 2012-04-16 16:00:04, 42877
93381, 2012-04-16 16:05:02, 43065
93382, 2012-04-16 16:10:01, 43116
93383, 2012-04-16 16:15:06, 43086
93384, 2012-04-16 16:20:01, 43035
93385, 2012-04-16 16:25:08, 43083
93386, 2012-04-16 16:30:01, 43076
93387, 2012-04-16 16:35:12, 43020
93388, 2012-04-16 16:40:10, 42999
93389, 2012-04-16 16:45:01, 42851
93390, 2012-04-16 16:50:01, 42773
93391, 2012-04-16 16:55:01, 42730
93392, 2012-04-16 17:00:01, 42581
93393, 2012-04-16 17:05:13, 42638
93394, 2012-04-16 17:10:01, 42757
93395, 2012-04-16 17:15:07, 42606
93396, 2012-04-16 17:20:10, 42491
93397, 2012-04-16 17:25:01, 42352
93398, 2012-04-16 17:30:01, 42315
93399, 2012-04-16 17:35:01, 42244
93400, 2012-04-16 17:40:01, 42269
93401, 2012-04-16 17:45:08, 42253
93402, 2012-04-16 17:50:01, 42192
93403, 2012-04-16 17:55:07, 42185
93404, 2012-04-16 18:00:12, 42143
93405, 2012-04-16 18:05:01, 42032
93406, 2012-04-16 18:10:02, 41880
93407, 2012-04-16 18:15:04, 41834
93408, 2012-04-16 18:20:01, 41864
93409, 2012-04-16 18:25:07, 41811
93410, 2012-04-16 18:30:01, 41733
93411, 2012-04-16 18:35:13, 41776
93412, 2012-04-16 18:40:11, 41905
93413, 2012-04-16 18:45:01, 41717
93414, 2012-04-16 18:50:01, 41711
93415, 2012-04-16 18:55:01, 41920
93416, 2012-04-16 19:00:02, 41740
93417, 2012-04-16 19:05:25, 41674
93418, 2012-04-16 19:10:01, 42122
93419, 2012-04-16 19:15:09, 42187
93420, 2012-04-16 19:20:01, 42252
93421, 2012-04-16 19:25:10, 42321
93422, 2012-04-16 19:30:01, 42383
93423, 2012-04-16 19:35:20, 42746
93424, 2012-04-16 19:40:01, 42982
93425, 2012-04-16 19:45:15, 42721
93426, 2012-04-16 19:50:01, 42703
93427, 2012-04-16 19:55:01, 42401
93428, 2012-04-16 20:00:01, 42186
93429, 2012-04-16 20:05:12, 42349
93430, 2012-04-16 20:10:27, 42232
93431, 2012-04-16 20:15:01, 41773
93432, 2012-04-16 20:20:01, 41435
93433, 2012-04-16 20:25:01, 41020
93434, 2012-04-16 20:30:01, 40626
93435, 2012-04-16 20:35:22, 40275
93436, 2012-04-16 20:40:01, 39917
93437, 2012-04-16 20:45:07, 39403
93438, 2012-04-16 20:50:21, 38978
93439, 2012-04-16 20:55:01, 38609
93440, 2012-04-16 21:00:01, 38144
93441, 2012-04-16 21:05:14, 37681
93442, 2012-04-16 21:10:01, 37812
93443, 2012-04-16 21:15:05, 37311
93444, 2012-04-16 21:20:01, 36879
93445, 2012-04-16 21:25:08, 36530
93446, 2012-04-16 21:30:20, 36093
93447, 2012-04-16 21:35:01, 35682
93448, 2012-04-16 21:40:01, 35437
93449, 2012-04-16 21:45:11, 35089
93450, 2012-04-16 21:50:02, 34551
93451, 2012-04-16 21:55:07, 34196
93452, 2012-04-16 22:00:01, 33696
93453, 2012-04-16 22:05:17, 33240
93454, 2012-04-16 22:10:14, 33142
93455, 2012-04-16 22:15:01, 32777
93456, 2012-04-16 22:20:01, 32467
93457, 2012-04-16 22:25:08, 32086
93458, 2012-04-16 22:30:01, 31805
93459, 2012-04-16 22:35:10, 31498
93460, 2012-04-16 22:40:02, 31330
93461, 2012-04-16 22:45:01, 31041
93462, 2012-04-16 22:50:01, 30709
93463, 2012-04-16 22:55:01, 30349
93464, 2012-04-16 23:00:01, 30049
93465, 2012-04-16 23:05:19, 29728
93466, 2012-04-16 23:10:01, 29728
93467, 2012-04-16 23:15:07, 29728
93468, 2012-04-16 23:20:14, 29728
93469, 2012-04-16 23:25:01, 29728
93470, 2012-04-16 23:30:03, 29728
93471, 2012-04-16 23:35:01, 29728
93472, 2012-04-16 23:40:01, 29728
93473, 2012-04-16 23:45:04, 29728
93474, 2012-04-16 23:50:01, 29728
93475, 2012-04-16 23:55:09, 29728
93476, 2012-04-17 00:00:02, 29728
93477, 2012-04-17 00:05:17, 28784
93478, 2012-04-17 00:10:01, 28991
93479, 2012-04-17 00:15:08, 29300
93480, 2012-04-17 00:20:05, 29423
93481, 2012-04-17 00:25:14, 29456
93482, 2012-04-17 00:30:16, 29426
93483, 2012-04-17 00:35:03, 29476
93484, 2012-04-17 00:40:02, 29846
93485, 2012-04-17 00:45:07, 29975
93486, 2012-04-17 00:50:01, 30043
93487, 2012-04-17 00:55:09, 30037
93488, 2012-04-17 01:00:01, 30063
93489, 2012-04-17 01:05:16, 30134
93490, 2012-04-17 01:10:25, 30349
93491, 2012-04-17 01:15:02, 30322
93492, 2012-04-17 01:20:01, 30144
93493, 2012-04-17 01:25:12, 30133
93494, 2012-04-17 01:30:01, 30082
93495, 2012-04-17 01:35:01, 29981
93496, 2012-04-17 01:40:01, 30072
93497, 2012-04-17 01:45:01, 29943
93498, 2012-04-17 01:50:05, 29838
93499, 2012-04-17 01:55:08, 29699
93500, 2012-04-17 02:00:01, 29567
93501, 2012-04-17 02:05:15, 29458
93502, 2012-04-17 02:10:21, 29423
93503, 2012-04-17 02:15:07, 29342
93504, 2012-04-17 02:20:01, 29283
93505, 2012-04-17 02:25:15, 29269
93506, 2012-04-17 02:30:01, 29236
93507, 2012-04-17 02:35:19, 29344
93508, 2012-04-17 02:40:13, 29438
93509, 2012-04-17 02:45:01, 29320
93510, 2012-04-17 02:50:01, 29209
93511, 2012-04-17 02:55:02, 29184
93512, 2012-04-17 03:00:05, 29127
93513, 2012-04-17 03:05:20, 28931
93514, 2012-04-17 03:10:01, 29129
93515, 2012-04-17 03:15:06, 29255
93516, 2012-04-17 03:20:34, 29260
93517, 2012-04-17 03:25:01, 29235
93518, 2012-04-17 03:30:01, 29115
93519, 2012-04-17 03:35:18, 29075
93520, 2012-04-17 03:40:01, 29135
93521, 2012-04-17 03:45:09, 29136
93522, 2012-04-17 03:50:02, 29094
93523, 2012-04-17 03:55:07, 29120
93524, 2012-04-17 04:00:02, 29205
93525, 2012-04-17 04:05:01, 29278
93526, 2012-04-17 04:10:01, 29736
93527, 2012-04-17 04:15:08, 30391
93528, 2012-04-17 04:20:01, 30584
93529, 2012-04-17 04:25:05, 30840
93530, 2012-04-17 04:30:04, 30954
93531, 2012-04-17 04:35:15, 31133
93532, 2012-04-17 04:40:14, 31265
93533, 2012-04-17 04:45:02, 31494
93534, 2012-04-17 04:50:03, 31503
93535, 2012-04-17 04:55:01, 31801
93536, 2012-04-17 05:00:01, 32035
93537, 2012-04-17 05:05:12, 32465
93538, 2012-04-17 05:10:01, 32843
93539, 2012-04-17 05:15:07, 33298
93540, 2012-04-17 05:20:01, 33482
93541, 2012-04-17 05:25:07, 33663
93542, 2012-04-17 05:30:05, 33828
93543, 2012-04-17 05:35:01, 34291
93544, 2012-04-17 05:40:01, 34902
93545, 2012-04-17 05:45:02, 35569
93546, 2012-04-17 05:50:01, 36164
93547, 2012-04-17 05:55:07, 36714
93548, 2012-04-17 06:00:01, 37277
93549, 2012-04-17 06:05:11, 37775
93550, 2012-04-17 06:10:20, 38492
93551, 2012-04-17 06:15:01, 39340
93552, 2012-04-17 06:20:01, 40090
93553, 2012-04-17 06:25:08, 40657
93554, 2012-04-17 06:30:01, 41003
93555, 2012-04-17 06:35:10, 41338
93556, 2012-04-17 06:40:01, 41652
93557, 2012-04-17 06:45:12, 41994
93558, 2012-04-17 06:50:16, 42409
93559, 2012-04-17 06:55:01, 42755
93560, 2012-04-17 07:00:01, 42757
93561, 2012-04-17 07:05:13, 42470
93562, 2012-04-17 07:10:29, 42236
93563, 2012-04-17 07:15:01, 42476
93564, 2012-04-17 07:20:01, 42621
93565, 2012-04-17 07:25:01, 42784
93566, 2012-04-17 07:30:01, 43010
93567, 2012-04-17 07:35:01, 42942
93568, 2012-04-17 07:40:01, 42739
93569, 2012-04-17 07:45:18, 42562
93570, 2012-04-17 07:50:02, 42480
93571, 2012-04-17 07:55:01, 42543
93572, 2012-04-17 08:00:01, 42610
93573, 2012-04-17 08:05:01, 42609
93574, 2012-04-17 08:10:01, 42596
93575, 2012-04-17 08:15:17, 42878
93576, 2012-04-17 08:20:01, 42935
93577, 2012-04-17 08:25:10, 43028
93578, 2012-04-17 08:30:28, 43101
93579, 2012-04-17 08:35:01, 43079
93580, 2012-04-17 08:40:01, 43143
93581, 2012-04-17 08:45:05, 43224
93582, 2012-04-17 08:50:01, 43165
93583, 2012-04-17 08:55:12, 43089
93584, 2012-04-17 09:00:01, 43054
93585, 2012-04-17 09:05:01, 43082
93586, 2012-04-17 09:10:01, 42884
93587, 2012-04-17 09:15:06, 42800
93588, 2012-04-17 09:20:02, 42778
93589, 2012-04-17 09:25:10, 42845
93590, 2012-04-17 09:30:01, 42836
93591, 2012-04-17 09:35:16, 42865
93592, 2012-04-17 09:40:01, 42946
93593, 2012-04-17 09:45:01, 42867
93594, 2012-04-17 09:50:01, 42889
93595, 2012-04-17 09:55:09, 42863
93596, 2012-04-17 10:00:01, 42793
93597, 2012-04-17 10:05:01, 42731
93598, 2012-04-17 10:10:01, 42812
93599, 2012-04-17 10:15:09, 42771
93600, 2012-04-17 10:20:03, 42609
93601, 2012-04-17 10:25:01, 42608
93602, 2012-04-17 10:30:01, 42513
93603, 2012-04-17 10:35:48, 42515
93604, 2012-04-17 10:40:01, 42541
93605, 2012-04-17 10:45:02, 42545
93606, 2012-04-17 10:50:01, 42557
93607, 2012-04-17 10:55:13, 42510
93608, 2012-04-17 11:00:01, 42498
93609, 2012-04-17 11:05:50, 42449
93610, 2012-04-17 11:10:01, 42456
93611, 2012-04-17 11:15:26, 42475
93612, 2012-04-17 11:20:01, 42460
93613, 2012-04-17 11:25:31, 42417
93614, 2012-04-17 11:30:02, 42401
93615, 2012-04-17 11:35:20, 42433
93616, 2012-04-17 11:40:01, 42360
93617, 2012-04-17 11:45:17, 42329
93618, 2012-04-17 11:50:01, 42183
93619, 2012-04-17 11:55:09, 42015
93620, 2012-04-17 12:00:02, 41945
93621, 2012-04-17 12:05:01, 41888
93622, 2012-04-17 12:10:04, 41898
93623, 2012-04-17 12:15:10, 41816
93624, 2012-04-17 12:20:01, 41716
93625, 2012-04-17 12:25:10, 41757
93626, 2012-04-17 12:30:01, 41696
93627, 2012-04-17 12:35:01, 41615
93628, 2012-04-17 12:40:01, 41721
93629, 2012-04-17 12:45:07, 41613
93630, 2012-04-17 12:50:04, 41446
93631, 2012-04-17 12:55:04, 41369
93632, 2012-04-17 13:00:01, 41230
93633, 2012-04-17 13:05:15, 41214
93634, 2012-04-17 13:10:17, 41293
93635, 2012-04-17 13:15:01, 41363
93636, 2012-04-17 13:20:01, 41285
93637, 2012-04-17 13:25:07, 41213
93638, 2012-04-17 13:30:01, 41212
93639, 2012-04-17 13:35:11, 41179
93640, 2012-04-17 13:40:17, 41103
93641, 2012-04-17 13:45:01, 40957
93642, 2012-04-17 13:50:01, 40813
93643, 2012-04-17 13:55:08, 40810
93644, 2012-04-17 14:00:01, 40853
93645, 2012-04-17 14:05:01, 40809
93646, 2012-04-17 14:10:01, 40651
93647, 2012-04-17 14:15:13, 40519
93648, 2012-04-17 14:20:01, 40425
93649, 2012-04-17 14:25:07, 40402
93650, 2012-04-17 14:32:20, 40511
93651, 2012-04-17 14:35:01, 40709
93652, 2012-04-17 14:40:02, 40723
93653, 2012-04-17 14:45:08, 40720
93654, 2012-04-17 14:50:01, 40766
93655, 2012-04-17 14:55:07, 40976
93656, 2012-04-17 15:00:29, 41038
93657, 2012-04-17 15:05:01, 41183
93658, 2012-04-17 15:10:02, 41360
93659, 2012-04-17 15:15:15, 41451
93660, 2012-04-17 15:20:01, 41571
93661, 2012-04-17 15:25:01, 41800
93662, 2012-04-17 15:30:01, 41955
93663, 2012-04-17 15:35:19, 42132
93664, 2012-04-17 15:40:01, 42268
93665, 2012-04-17 15:45:18, 42448
93666, 2012-04-17 15:50:03, 42661
93667, 2012-04-17 15:55:11, 42707
93668, 2012-04-17 16:00:16, 42711
93669, 2012-04-17 16:05:06, 42909
93670, 2012-04-17 16:10:01, 42789
93671, 2012-04-17 16:15:15, 42736
93672, 2012-04-17 16:20:01, 42757
93673, 2012-04-17 16:25:11, 43019
93674, 2012-04-17 16:30:21, 42696
93675, 2012-04-17 16:35:01, 42542
93676, 2012-04-17 16:40:01, 42602
93677, 2012-04-17 16:45:07, 42443
93678, 2012-04-17 16:50:01, 42374
93679, 2012-04-17 16:55:11, 42210
93680, 2012-04-17 17:00:01, 42033
93681, 2012-04-17 17:05:01, 41999
93682, 2012-04-17 17:10:04, 42024
93683, 2012-04-17 17:15:06, 41962
93684, 2012-04-17 17:20:01, 41960
93685, 2012-04-17 17:25:07, 41999
93686, 2012-04-17 17:30:01, 42025
93687, 2012-04-17 17:35:15, 42013
93688, 2012-04-17 17:40:43, 42089
93689, 2012-04-17 17:45:01, 41895
93690, 2012-04-17 17:50:01, 41817
93691, 2012-04-17 17:55:09, 41776
93692, 2012-04-17 18:00:01, 41666
93693, 2012-04-17 18:05:13, 41567
93694, 2012-04-17 18:10:01, 41680
93695, 2012-04-17 18:15:01, 41672
93696, 2012-04-17 18:20:01, 41620
93697, 2012-04-17 18:25:08, 41723
93698, 2012-04-17 18:30:01, 41623
93699, 2012-04-17 18:35:09, 41508
93700, 2012-04-17 18:40:01, 41639
93701, 2012-04-17 18:45:09, 41615
93702, 2012-04-17 18:50:15, 41657
93703, 2012-04-17 18:55:01, 41679
93704, 2012-04-17 19:00:04, 41701
93705, 2012-04-17 19:05:13, 41628
93706, 2012-04-17 19:10:01, 41652
93707, 2012-04-17 19:15:08, 41733
93708, 2012-04-17 19:20:01, 41774
93709, 2012-04-17 19:25:09, 41927
93710, 2012-04-17 19:30:13, 42030
93711, 2012-04-17 19:35:01, 42134
93712, 2012-04-17 19:40:01, 42307
93713, 2012-04-17 19:45:08, 42259
93714, 2012-04-17 19:50:01, 42262
93715, 2012-04-17 19:55:05, 42102
93716, 2012-04-17 20:00:01, 41868
93717, 2012-04-17 20:05:11, 41762
93718, 2012-04-17 20:10:01, 42087
93719, 2012-04-17 20:15:11, 41573
93720, 2012-04-17 20:20:33, 41198
93721, 2012-04-17 20:25:08, 40844
93722, 2012-04-17 20:30:01, 40403
93723, 2012-04-17 20:35:10, 40145
93724, 2012-04-17 20:40:01, 39855
93725, 2012-04-17 20:45:01, 39529
93726, 2012-04-17 20:50:13, 39101
93727, 2012-04-17 20:55:01, 39011
93728, 2012-04-17 21:00:01, 38536
93729, 2012-04-17 21:05:01, 38092
93730, 2012-04-17 21:10:01, 38585
93731, 2012-04-17 21:15:08, 38427
93732, 2012-04-17 21:20:01, 37965
93733, 2012-04-17 21:25:01, 37521
93734, 2012-04-17 21:30:01, 36961
93735, 2012-04-17 21:35:10, 36541
93736, 2012-04-17 21:40:02, 36229
93737, 2012-04-17 21:45:07, 35806
93738, 2012-04-17 21:50:01, 35421
93739, 2012-04-17 21:55:06, 34974
93740, 2012-04-17 22:00:21, 34527
93741, 2012-04-17 22:05:01, 33851
93742, 2012-04-17 22:10:01, 33039
93743, 2012-04-17 22:15:01, 32689
93744, 2012-04-17 22:20:01, 32242
93745, 2012-04-17 22:25:07, 31870
93746, 2012-04-17 22:30:04, 31485
93747, 2012-04-17 22:35:08, 31279
93748, 2012-04-17 22:40:02, 31312
93749, 2012-04-17 22:45:09, 31364
93750, 2012-04-17 22:50:14, 31267
93751, 2012-04-17 22:55:07, 31200
93752, 2012-04-17 23:00:01, 30966
93753, 2012-04-17 23:05:23, 30662
93754, 2012-04-17 23:10:01, 30662
93755, 2012-04-17 23:15:11, 30662
93756, 2012-04-17 23:20:01, 30662
93757, 2012-04-17 23:25:07, 30662
93758, 2012-04-17 23:30:28, 30662
93759, 2012-04-17 23:35:11, 30662
93760, 2012-04-17 23:40:01, 30662
93761, 2012-04-17 23:45:09, 30662
93762, 2012-04-17 23:50:02, 30662
93763, 2012-04-17 23:55:02, 30662
93764, 2012-04-18 00:00:01, 30662
93765, 2012-04-18 00:05:20, 28939
93766, 2012-04-18 00:10:22, 29400
93767, 2012-04-18 00:15:11, 29607
93768, 2012-04-18 00:20:01, 29663
93769, 2012-04-18 00:25:19, 29694
93770, 2012-04-18 00:30:32, 29676
93771, 2012-04-18 00:35:12, 29717
93772, 2012-04-18 00:40:01, 30248
93773, 2012-04-18 00:45:07, 30548
93774, 2012-04-18 00:50:01, 30614
93775, 2012-04-18 00:55:01, 30662
93776, 2012-04-18 01:00:01, 30635
93777, 2012-04-18 01:05:16, 30577
93778, 2012-04-18 01:10:01, 30745
93779, 2012-04-18 01:15:01, 30576
93780, 2012-04-18 01:20:28, 30514
93781, 2012-04-18 01:25:10, 30526
93782, 2012-04-18 01:30:18, 30475
93783, 2012-04-18 01:35:05, 30420
93784, 2012-04-18 01:40:01, 30543
93785, 2012-04-18 01:45:06, 30533
93786, 2012-04-18 01:50:11, 30405
93787, 2012-04-18 01:55:10, 30369
93788, 2012-04-18 02:00:02, 30284
93789, 2012-04-18 02:05:18, 30206
93790, 2012-04-18 02:10:21, 30040
93791, 2012-04-18 02:15:06, 29915
93792, 2012-04-18 02:20:01, 30094
93793, 2012-04-18 02:25:14, 29929
93794, 2012-04-18 02:30:10, 29953
93795, 2012-04-18 02:35:15, 29983
93796, 2012-04-18 02:40:01, 29961
93797, 2012-04-18 02:45:09, 29936
93798, 2012-04-18 02:50:13, 29845
93799, 2012-04-18 02:55:05, 29824
93800, 2012-04-18 03:00:01, 29693
93801, 2012-04-18 03:05:33, 29534
93802, 2012-04-18 03:10:13, 29585
93803, 2012-04-18 03:15:11, 29584
93804, 2012-04-18 03:20:01, 29521
93805, 2012-04-18 03:25:11, 29464
93806, 2012-04-18 03:30:17, 29361
93807, 2012-04-18 03:35:18, 29322
93808, 2012-04-18 03:40:01, 29462
93809, 2012-04-18 03:45:15, 29509
93810, 2012-04-18 03:50:21, 29505
93811, 2012-04-18 03:55:08, 29525
93812, 2012-04-18 04:00:09, 29515
93813, 2012-04-18 04:05:20, 29465
93814, 2012-04-18 04:10:20, 29813
93815, 2012-04-18 04:15:11, 29930
93816, 2012-04-18 04:20:18, 30037
93817, 2012-04-18 04:25:12, 30087
93818, 2012-04-18 04:30:18, 30185
93819, 2012-04-18 04:35:11, 30279
93820, 2012-04-18 04:40:10, 30459
93821, 2012-04-18 04:45:01, 30580
93822, 2012-04-18 04:50:01, 30899
93823, 2012-04-18 04:55:09, 31034
93824, 2012-04-18 05:00:15, 31188
93825, 2012-04-18 05:05:19, 31412
93826, 2012-04-18 05:10:14, 32168
93827, 2012-04-18 05:15:01, 32848
93828, 2012-04-18 05:20:01, 33055
93829, 2012-04-18 05:25:16, 33435
93830, 2012-04-18 05:30:12, 33683
93831, 2012-04-18 05:35:01, 33926
93832, 2012-04-18 05:40:01, 34300
93833, 2012-04-18 05:45:10, 35111
93834, 2012-04-18 05:50:13, 35437
93835, 2012-04-18 05:55:01, 36017
93836, 2012-04-18 06:00:02, 36607
93837, 2012-04-18 06:05:17, 36960
93838, 2012-04-18 06:10:17, 37291
93839, 2012-04-18 06:15:07, 38127
93840, 2012-04-18 06:20:01, 38750
93841, 2012-04-18 06:25:10, 39263
93842, 2012-04-18 06:30:19, 39762
93843, 2012-04-18 06:35:13, 40125
93844, 2012-04-18 06:40:15, 40363
93845, 2012-04-18 06:45:13, 40720
93846, 2012-04-18 06:50:13, 41157
93847, 2012-04-18 06:55:10, 41479
93848, 2012-04-18 07:00:01, 41738
93849, 2012-04-18 07:05:14, 41980
93850, 2012-04-18 07:10:14, 42223
93851, 2012-04-18 07:15:15, 42524
93852, 2012-04-18 07:20:01, 42727
93853, 2012-04-18 07:25:01, 42824
93854, 2012-04-18 07:30:01, 42886
93855, 2012-04-18 07:35:01, 42865
93856, 2012-04-18 07:40:02, 42694
93857, 2012-04-18 07:45:01, 42533
93858, 2012-04-18 07:50:23, 42527
93859, 2012-04-18 07:55:13, 42503
93860, 2012-04-18 08:00:01, 42684
93861, 2012-04-18 08:05:21, 42906
93862, 2012-04-18 08:10:01, 43229
93863, 2012-04-18 08:15:01, 43455
93864, 2012-04-18 08:20:22, 43510
93865, 2012-04-18 08:25:02, 43642
93866, 2012-04-18 08:30:01, 43777
93867, 2012-04-18 08:35:14, 43840
93868, 2012-04-18 08:40:01, 43906
93869, 2012-04-18 08:45:13, 43929
93870, 2012-04-18 08:50:01, 43862
93871, 2012-04-18 08:55:07, 43864
93872, 2012-04-18 09:00:02, 43900
93873, 2012-04-18 09:05:01, 43989
93874, 2012-04-18 09:10:01, 44046
93875, 2012-04-18 09:15:11, 44088
93876, 2012-04-18 09:20:01, 44029
93877, 2012-04-18 09:25:11, 43942
93878, 2012-04-18 09:30:02, 43994
93879, 2012-04-18 09:35:01, 44035
93880, 2012-04-18 09:40:01, 43939
93881, 2012-04-18 09:45:11, 43964
93882, 2012-04-18 09:50:01, 44067
93883, 2012-04-18 09:55:06, 44089
93884, 2012-04-18 10:00:02, 44046
93885, 2012-04-18 10:05:20, 43997
93886, 2012-04-18 10:10:01, 44085
93887, 2012-04-18 10:15:01, 44156
93888, 2012-04-18 10:20:01, 44172
93889, 2012-04-18 10:25:01, 44147
93890, 2012-04-18 10:30:01, 44090
93891, 2012-04-18 10:35:17, 44039
93892, 2012-04-18 10:40:01, 44088
93893, 2012-04-18 10:45:13, 44182
93894, 2012-04-18 10:50:01, 44269
93895, 2012-04-18 10:55:02, 44341
93896, 2012-04-18 11:00:02, 44287
93897, 2012-04-18 11:05:17, 44339
93898, 2012-04-18 11:10:01, 44395
93899, 2012-04-18 11:15:21, 44377
93900, 2012-04-18 11:20:01, 44386
93901, 2012-04-18 11:25:09, 44321
93902, 2012-04-18 11:30:01, 44280
93903, 2012-04-18 11:35:39, 44286
93904, 2012-04-18 11:40:01, 44226
93905, 2012-04-18 11:45:01, 44151
93906, 2012-04-18 11:50:01, 44066
93907, 2012-04-18 11:55:01, 43989
93908, 2012-04-18 12:00:01, 43836
93909, 2012-04-18 12:05:01, 43782
93910, 2012-04-18 12:10:01, 43808
93911, 2012-04-18 12:15:01, 43754
93912, 2012-04-18 12:20:01, 43641
93913, 2012-04-18 12:25:08, 43534
93914, 2012-04-18 12:30:01, 43395
93915, 2012-04-18 12:35:10, 43287
93916, 2012-04-18 12:40:01, 43343
93917, 2012-04-18 12:45:22, 43401
93918, 2012-04-18 12:50:01, 43264
93919, 2012-04-18 12:55:01, 43092
93920, 2012-04-18 13:00:01, 43065
93921, 2012-04-18 13:05:01, 43185
93922, 2012-04-18 13:10:01, 43254
93923, 2012-04-18 13:15:06, 43289
93924, 2012-04-18 13:20:05, 43283
93925, 2012-04-18 13:25:10, 43283
93926, 2012-04-18 13:30:01, 43226
93927, 2012-04-18 13:35:01, 43105
93928, 2012-04-18 13:40:01, 43026
93929, 2012-04-18 13:45:01, 42964
93930, 2012-04-18 13:50:01, 42917
93931, 2012-04-18 13:55:06, 42949
93932, 2012-04-18 14:00:05, 42857
93933, 2012-04-18 14:05:01, 42783
93934, 2012-04-18 14:10:01, 42786
93935, 2012-04-18 14:15:01, 42760
93936, 2012-04-18 14:20:02, 42726
93937, 2012-04-18 14:25:09, 42791
93938, 2012-04-18 14:30:01, 42799
93939, 2012-04-18 14:35:01, 42852
93940, 2012-04-18 14:40:01, 42938
93941, 2012-04-18 14:45:01, 43057
93942, 2012-04-18 14:50:01, 43118
93943, 2012-04-18 14:55:07, 43196
93944, 2012-04-18 15:00:01, 43330
93945, 2012-04-18 15:05:17, 43456
93946, 2012-04-18 15:10:04, 43561
93947, 2012-04-18 15:15:09, 43765
93948, 2012-04-18 15:20:01, 43920
93949, 2012-04-18 15:25:13, 44017
93950, 2012-04-18 15:30:01, 44103
93951, 2012-04-18 15:35:04, 44106
93952, 2012-04-18 15:40:01, 44089
93953, 2012-04-18 15:45:07, 44236
93954, 2012-04-18 15:50:01, 44315
93955, 2012-04-18 15:55:06, 44347
93956, 2012-04-18 16:00:02, 44385
93957, 2012-04-18 16:05:11, 44630
93958, 2012-04-18 16:10:01, 44651
93959, 2012-04-18 16:15:01, 44574
93960, 2012-04-18 16:20:02, 44519
93961, 2012-04-18 16:25:10, 44594
93962, 2012-04-18 16:30:01, 44612
93963, 2012-04-18 16:35:12, 44574
93964, 2012-04-18 16:40:01, 44450
93965, 2012-04-18 16:45:01, 44425
93966, 2012-04-18 16:50:04, 44338
93967, 2012-04-18 16:55:01, 44174
93968, 2012-04-18 17:00:01, 44102
93969, 2012-04-18 17:05:11, 44170
93970, 2012-04-18 17:10:01, 44142
93971, 2012-04-18 17:15:07, 44090
93972, 2012-04-18 17:20:01, 43937
93973, 2012-04-18 17:25:07, 43899
93974, 2012-04-18 17:30:01, 43729
93975, 2012-04-18 17:35:01, 43733
93976, 2012-04-18 17:40:01, 43655
93977, 2012-04-18 17:45:01, 43501
93978, 2012-04-18 17:50:01, 43434
93979, 2012-04-18 17:55:06, 43381
93980, 2012-04-18 18:00:01, 43262
93981, 2012-04-18 18:05:16, 43184
93982, 2012-04-18 18:10:01, 43117
93983, 2012-04-18 18:15:11, 42926
93984, 2012-04-18 18:20:01, 42997
93985, 2012-04-18 18:25:07, 42988
93986, 2012-04-18 18:30:02, 42806
93987, 2012-04-18 18:35:16, 42990
93988, 2012-04-18 18:40:01, 43013
93989, 2012-04-18 18:45:02, 42969
93990, 2012-04-18 18:50:01, 42923
93991, 2012-04-18 18:55:07, 42833
93992, 2012-04-18 19:00:01, 42688
93993, 2012-04-18 19:05:14, 42747
93994, 2012-04-18 19:10:01, 42902
93995, 2012-04-18 19:15:13, 42724
93996, 2012-04-18 19:20:01, 42705
93997, 2012-04-18 19:25:01, 42727
93998, 2012-04-18 19:30:01, 42697
93999, 2012-04-18 19:35:01, 42735
94000, 2012-04-18 19:40:01, 42771
94001, 2012-04-18 19:45:08, 43248
94002, 2012-04-18 19:50:01, 43072
94003, 2012-04-18 19:55:08, 42863
94004, 2012-04-18 20:00:01, 42540
94005, 2012-04-18 20:05:01, 42360
94006, 2012-04-18 20:10:01, 42347
94007, 2012-04-18 20:15:01, 41977
94008, 2012-04-18 20:20:01, 41558
94009, 2012-04-18 20:25:15, 41260
94010, 2012-04-18 20:30:01, 40941
94011, 2012-04-18 20:35:08, 40619
94012, 2012-04-18 20:40:02, 40289
94013, 2012-04-18 20:45:01, 39923
94014, 2012-04-18 20:50:01, 39914
94015, 2012-04-18 20:55:02, 39581
94016, 2012-04-18 21:00:01, 39253
94017, 2012-04-18 21:05:11, 38946
94018, 2012-04-18 21:10:01, 38818
94019, 2012-04-18 21:15:08, 38183
94020, 2012-04-18 21:20:01, 37634
94021, 2012-04-18 21:25:08, 37176
94022, 2012-04-18 21:30:01, 36814
94023, 2012-04-18 21:35:12, 36383
94024, 2012-04-18 21:40:01, 36202
94025, 2012-04-18 21:45:01, 35840
94026, 2012-04-18 21:50:01, 35445
94027, 2012-04-18 21:55:01, 34949
94028, 2012-04-18 22:00:01, 34477
94029, 2012-04-18 22:05:26, 34056
94030, 2012-04-18 22:10:01, 33653
94031, 2012-04-18 22:15:09, 33080
94032, 2012-04-18 22:20:01, 32576
94033, 2012-04-18 22:25:01, 32121
94034, 2012-04-18 22:30:01, 31761
94035, 2012-04-18 22:35:13, 31614
94036, 2012-04-18 22:40:01, 31222
94037, 2012-04-18 22:45:08, 30984
94038, 2012-04-18 22:50:01, 30894
94039, 2012-04-18 22:55:08, 30879
94040, 2012-04-18 23:00:02, 30794
94041, 2012-04-18 23:05:01, 30648
94042, 2012-04-18 23:10:01, 30648
94043, 2012-04-18 23:15:01, 30648
94044, 2012-04-18 23:20:01, 30648
94045, 2012-04-18 23:25:06, 30648
94046, 2012-04-18 23:30:01, 30648
94047, 2012-04-18 23:35:11, 30648
94048, 2012-04-18 23:40:01, 30648
94049, 2012-04-18 23:45:08, 30648
94050, 2012-04-18 23:50:01, 30648
94051, 2012-04-18 23:55:01, 30648
94052, 2012-04-19 00:00:04, 30648
94053, 2012-04-19 00:05:01, 29285
94054, 2012-04-19 00:10:01, 29834
94055, 2012-04-19 00:15:09, 30044
94056, 2012-04-19 00:20:01, 30151
94057, 2012-04-19 00:25:15, 30190
94058, 2012-04-19 00:30:01, 30244
94059, 2012-04-19 00:35:01, 30250
94060, 2012-04-19 00:40:02, 30445
94061, 2012-04-19 00:45:06, 30621
94062, 2012-04-19 00:50:01, 30826
94063, 2012-04-19 00:55:06, 30806
94064, 2012-04-19 01:00:03, 30884
94065, 2012-04-19 01:05:16, 30923
94066, 2012-04-19 01:10:01, 31004
94067, 2012-04-19 01:15:08, 30930
94068, 2012-04-19 01:20:01, 30804
94069, 2012-04-19 01:25:07, 30716
94070, 2012-04-19 01:30:01, 30685
94071, 2012-04-19 01:35:09, 30687
94072, 2012-04-19 01:40:01, 30722
94073, 2012-04-19 01:45:01, 30641
94074, 2012-04-19 01:50:01, 30632
94075, 2012-04-19 01:55:01, 30647
94076, 2012-04-19 02:00:01, 30581
94077, 2012-04-19 02:05:16, 30485
94078, 2012-04-19 02:10:01, 30521
94079, 2012-04-19 02:15:06, 30419
94080, 2012-04-19 02:20:01, 30309
94081, 2012-04-19 02:25:12, 30329
94082, 2012-04-19 02:30:01, 30227
94083, 2012-04-19 02:35:18, 30149
94084, 2012-04-19 02:40:01, 30254
94085, 2012-04-19 02:45:01, 30165
94086, 2012-04-19 02:50:01, 30155
94087, 2012-04-19 02:55:01, 30201
94088, 2012-04-19 03:00:01, 30182
94089, 2012-04-19 03:05:16, 30123
94090, 2012-04-19 03:10:02, 30174
94091, 2012-04-19 03:15:08, 30037
94092, 2012-04-19 03:20:01, 30002
94093, 2012-04-19 03:25:07, 29928
94094, 2012-04-19 03:30:01, 29838
94095, 2012-04-19 03:35:01, 29704
94096, 2012-04-19 03:40:01, 29736
94097, 2012-04-19 03:45:01, 29767
94098, 2012-04-19 03:50:01, 29713
94099, 2012-04-19 03:55:09, 29762
94100, 2012-04-19 04:00:04, 29722
94101, 2012-04-19 04:05:01, 29698
94102, 2012-04-19 04:10:01, 29729
94103, 2012-04-19 04:15:10, 30113
94104, 2012-04-19 04:20:01, 30410
94105, 2012-04-19 04:25:08, 30430
94106, 2012-04-19 04:30:01, 30552
94107, 2012-04-19 04:35:01, 30703
94108, 2012-04-19 04:40:01, 30906
94109, 2012-04-19 04:45:02, 31167
94110, 2012-04-19 04:50:04, 31313
94111, 2012-04-19 04:55:07, 31370
94112, 2012-04-19 05:00:01, 31450
94113, 2012-04-19 05:05:11, 31867
94114, 2012-04-19 05:10:01, 32812
94115, 2012-04-19 05:15:07, 33314
94116, 2012-04-19 05:20:01, 33602
94117, 2012-04-19 05:25:01, 33975
94118, 2012-04-19 05:30:01, 34147
94119, 2012-04-19 05:35:11, 34572
94120, 2012-04-19 05:40:01, 35080
94121, 2012-04-19 05:45:07, 35717
94122, 2012-04-19 05:50:01, 36323
94123, 2012-04-19 05:55:01, 36871
94124, 2012-04-19 06:00:01, 37173
94125, 2012-04-19 06:05:01, 37182
94126, 2012-04-19 06:10:01, 37311
94127, 2012-04-19 06:15:09, 38034
94128, 2012-04-19 06:20:01, 38721
94129, 2012-04-19 06:25:09, 39214
94130, 2012-04-19 06:30:04, 39601
94131, 2012-04-19 06:35:10, 40004
94132, 2012-04-19 06:40:05, 40434
94133, 2012-04-19 06:45:01, 40864
94134, 2012-04-19 06:50:01, 41232
94135, 2012-04-19 06:55:01, 41527
94136, 2012-04-19 07:00:01, 41769
94137, 2012-04-19 07:05:29, 41952
94138, 2012-04-19 07:10:01, 42196
94139, 2012-04-19 07:15:07, 42408
94140, 2012-04-19 07:20:01, 42487
94141, 2012-04-19 07:25:01, 42480
94142, 2012-04-19 07:30:01, 42497
94143, 2012-04-19 07:35:01, 42431
94144, 2012-04-19 07:40:01, 42310
94145, 2012-04-19 07:45:11, 42176
94146, 2012-04-19 07:50:01, 42153
94147, 2012-04-19 07:55:01, 42235
94148, 2012-04-19 08:00:01, 42307
94149, 2012-04-19 08:05:21, 42540
94150, 2012-04-19 08:10:01, 42765
94151, 2012-04-19 08:15:16, 43007
94152, 2012-04-19 08:20:01, 43139
94153, 2012-04-19 08:25:01, 43267
94154, 2012-04-19 08:30:01, 43279
94155, 2012-04-19 08:35:01, 43283
94156, 2012-04-19 08:40:01, 43323
94157, 2012-04-19 08:45:09, 43377
94158, 2012-04-19 08:50:01, 43388
94159, 2012-04-19 08:55:06, 43450
94160, 2012-04-19 09:00:02, 43487
94161, 2012-04-19 09:05:01, 43499
94162, 2012-04-19 09:10:01, 43591
94163, 2012-04-19 09:15:06, 43573
94164, 2012-04-19 09:20:01, 43576
94165, 2012-04-19 09:25:01, 43567
94166, 2012-04-19 09:30:01, 43578
94167, 2012-04-19 09:35:22, 43536
94168, 2012-04-19 09:40:01, 43579
94169, 2012-04-19 09:45:09, 43611
94170, 2012-04-19 09:50:01, 43580
94171, 2012-04-19 09:55:11, 43549
94172, 2012-04-19 10:00:01, 43509
94173, 2012-04-19 10:05:01, 43442
94174, 2012-04-19 10:10:01, 43511
94175, 2012-04-19 10:15:10, 43573
94176, 2012-04-19 10:20:04, 43622
94177, 2012-04-19 10:25:06, 43609
94178, 2012-04-19 10:30:01, 43601
94179, 2012-04-19 10:35:01, 43549
94180, 2012-04-19 10:40:01, 43585
94181, 2012-04-19 10:45:09, 43584
94182, 2012-04-19 10:50:01, 43583
94183, 2012-04-19 10:55:05, 43638
94184, 2012-04-19 11:00:01, 43611
94185, 2012-04-19 11:05:02, 43681
94186, 2012-04-19 11:10:01, 43723
94187, 2012-04-19 11:15:13, 43714
94188, 2012-04-19 11:20:01, 43731
94189, 2012-04-19 11:25:19, 43769
94190, 2012-04-19 11:30:01, 43724
94191, 2012-04-19 11:35:38, 43583
94192, 2012-04-19 11:40:03, 43565
94193, 2012-04-19 11:45:09, 43509
94194, 2012-04-19 11:50:01, 43546
94195, 2012-04-19 11:55:05, 43517
94196, 2012-04-19 12:00:01, 43417
94197, 2012-04-19 12:05:01, 43251
94198, 2012-04-19 12:10:02, 43349
94199, 2012-04-19 12:15:07, 43329
94200, 2012-04-19 12:20:01, 43252
94201, 2012-04-19 12:25:07, 43159
94202, 2012-04-19 12:30:01, 43020
94203, 2012-04-19 12:35:13, 43011
94204, 2012-04-19 12:40:02, 43140
94205, 2012-04-19 12:45:01, 43099
94206, 2012-04-19 12:50:01, 42971
94207, 2012-04-19 12:55:09, 42866
94208, 2012-04-19 13:00:01, 42791
94209, 2012-04-19 13:05:16, 42718
94210, 2012-04-19 13:10:03, 42861
94211, 2012-04-19 13:15:08, 43011
94212, 2012-04-19 13:20:01, 42964
94213, 2012-04-19 13:25:01, 43054
94214, 2012-04-19 13:30:01, 42941
94215, 2012-04-19 13:35:21, 42834
94216, 2012-04-19 13:40:01, 42814
94217, 2012-04-19 13:45:02, 42722
94218, 2012-04-19 13:50:04, 42639
94219, 2012-04-19 13:55:09, 42530
94220, 2012-04-19 14:00:01, 42442
94221, 2012-04-19 14:05:01, 42408
94222, 2012-04-19 14:10:24, 42409
94223, 2012-04-19 14:15:01, 42339
94224, 2012-04-19 14:20:01, 42335
94225, 2012-04-19 14:25:14, 42351
94226, 2012-04-19 14:30:01, 42457
94227, 2012-04-19 14:35:15, 42545
94228, 2012-04-19 14:40:01, 42723
94229, 2012-04-19 14:45:09, 42697
94230, 2012-04-19 14:50:01, 42910
94231, 2012-04-19 14:55:07, 43134
94232, 2012-04-19 15:00:01, 43350
94233, 2012-04-19 15:05:18, 43399
94234, 2012-04-19 15:10:01, 43459
94235, 2012-04-19 15:15:01, 43573
94236, 2012-04-19 15:20:01, 43679
94237, 2012-04-19 15:25:01, 43782
94238, 2012-04-19 15:30:01, 43896
94239, 2012-04-19 15:35:23, 43937
94240, 2012-04-19 15:40:01, 44076
94241, 2012-04-19 15:45:01, 44292
94242, 2012-04-19 15:50:01, 44347
94243, 2012-04-19 15:55:07, 44433
94244, 2012-04-19 16:00:02, 44417
94245, 2012-04-19 16:05:13, 44519
94246, 2012-04-19 16:10:01, 44515
94247, 2012-04-19 16:15:08, 44423
94248, 2012-04-19 16:20:02, 44466
94249, 2012-04-19 16:25:12, 44477
94250, 2012-04-19 16:30:01, 44380
94251, 2012-04-19 16:35:12, 44461
94252, 2012-04-19 16:40:01, 44371
94253, 2012-04-19 16:45:09, 44266
94254, 2012-04-19 16:50:01, 44133
94255, 2012-04-19 16:55:07, 44038
94256, 2012-04-19 17:00:03, 43832
94257, 2012-04-19 17:05:11, 43784
94258, 2012-04-19 17:10:01, 43828
94259, 2012-04-19 17:15:06, 43703
94260, 2012-04-19 17:20:01, 43569
94261, 2012-04-19 17:25:11, 43470
94262, 2012-04-19 17:30:02, 43471
94263, 2012-04-19 17:35:12, 43332
94264, 2012-04-19 17:40:01, 43376
94265, 2012-04-19 17:45:05, 43359
94266, 2012-04-19 17:50:02, 43256
94267, 2012-04-19 17:55:06, 43186
94268, 2012-04-19 18:00:01, 43149
94269, 2012-04-19 18:05:02, 43102
94270, 2012-04-19 18:10:01, 42936
94271, 2012-04-19 18:15:02, 42819
94272, 2012-04-19 18:20:01, 42755
94273, 2012-04-19 18:25:06, 42689
94274, 2012-04-19 18:30:01, 42493
94275, 2012-04-19 18:35:12, 42442
94276, 2012-04-19 18:40:01, 42700
94277, 2012-04-19 18:45:27, 42700
94278, 2012-04-19 18:50:01, 42422
94279, 2012-04-19 18:55:01, 42300
94280, 2012-04-19 19:00:01, 42154
94281, 2012-04-19 19:05:01, 42239
94282, 2012-04-19 19:10:01, 42459
94283, 2012-04-19 19:15:01, 42370
94284, 2012-04-19 19:20:03, 42552
94285, 2012-04-19 19:25:08, 42508
94286, 2012-04-19 19:30:01, 42581
94287, 2012-04-19 19:35:12, 42897
94288, 2012-04-19 19:40:01, 43153
94289, 2012-04-19 19:45:06, 42969
94290, 2012-04-19 19:50:01, 42942
94291, 2012-04-19 19:55:07, 42886
94292, 2012-04-19 20:00:01, 42611
94293, 2012-04-19 20:05:15, 42495
94294, 2012-04-19 20:10:01, 42787
94295, 2012-04-19 20:15:07, 42364
94296, 2012-04-19 20:21:21, 42046
94297, 2012-04-19 20:30:01, 41584
94298, 2012-04-19 20:35:01, 41133
94299, 2012-04-19 20:40:01, 40753
94300, 2012-04-19 20:45:08, 40438
94301, 2012-04-19 20:50:01, 39990
94302, 2012-04-19 20:55:07, 39569
94303, 2012-04-19 21:00:01, 39343
94304, 2012-04-19 21:05:01, 38962
94305, 2012-04-19 21:10:01, 38886
94306, 2012-04-19 21:15:02, 38504
94307, 2012-04-19 21:20:01, 38030
94308, 2012-04-19 21:25:06, 37533
94309, 2012-04-19 21:30:01, 37145
94310, 2012-04-19 21:35:11, 36688
94311, 2012-04-19 21:40:01, 36501
94312, 2012-04-19 21:45:01, 36068
94313, 2012-04-19 21:50:01, 35591
94314, 2012-04-19 21:55:08, 35296
94315, 2012-04-19 22:00:02, 34849
94316, 2012-04-19 22:05:29, 34453
94317, 2012-04-19 22:10:01, 34072
94318, 2012-04-19 22:15:01, 33615
94319, 2012-04-19 22:20:01, 33191
94320, 2012-04-19 22:25:08, 32774
94321, 2012-04-19 22:30:01, 32445
94322, 2012-04-19 22:35:16, 32148
94323, 2012-04-19 22:40:01, 32182
94324, 2012-04-19 22:45:07, 32226
94325, 2012-04-19 22:50:01, 32221
94326, 2012-04-19 22:55:07, 32179
94327, 2012-04-19 23:00:01, 32072
94328, 2012-04-19 23:05:01, 31717
94329, 2012-04-19 23:10:01, 31717
94330, 2012-04-19 23:15:06, 31717
94331, 2012-04-19 23:20:01, 31717
94332, 2012-04-19 23:25:14, 31717
94333, 2012-04-19 23:30:02, 31717
94334, 2012-04-19 23:35:01, 31717
94335, 2012-04-19 23:40:01, 31717
94336, 2012-04-19 23:45:09, 31717
94337, 2012-04-19 23:50:01, 31717
94338, 2012-04-19 23:55:01, 31717
94339, 2012-04-20 00:00:01, 31717
94340, 2012-04-20 00:05:19, 29985
94341, 2012-04-20 00:10:01, 30672
94342, 2012-04-20 00:15:11, 30798
94343, 2012-04-20 00:20:02, 31050
94344, 2012-04-20 00:25:01, 31054
94345, 2012-04-20 00:30:01, 31074
94346, 2012-04-20 00:35:01, 31149
94347, 2012-04-20 00:40:01, 31621
94348, 2012-04-20 00:45:06, 31912
94349, 2012-04-20 00:50:01, 31956
94350, 2012-04-20 00:55:07, 31831
94351, 2012-04-20 01:00:02, 31740
94352, 2012-04-20 01:05:11, 31657
94353, 2012-04-20 01:10:05, 31878
94354, 2012-04-20 01:15:01, 31960
94355, 2012-04-20 01:20:01, 31947
94356, 2012-04-20 01:25:10, 31938
94357, 2012-04-20 01:30:01, 31979
94358, 2012-04-20 01:35:12, 31916
94359, 2012-04-20 01:40:01, 32014
94360, 2012-04-20 01:45:01, 31949
94361, 2012-04-20 01:50:01, 31804
94362, 2012-04-20 01:55:07, 31732
94363, 2012-04-20 02:00:01, 31702
94364, 2012-04-20 02:05:16, 31559
94365, 2012-04-20 02:10:01, 31478
94366, 2012-04-20 02:15:08, 31419
94367, 2012-04-20 02:20:01, 31415
94368, 2012-04-20 02:25:12, 31386
94369, 2012-04-20 02:30:01, 31244
94370, 2012-04-20 02:35:14, 31084
94371, 2012-04-20 02:40:01, 31139
94372, 2012-04-20 02:45:10, 31047
94373, 2012-04-20 02:50:01, 30949
94374, 2012-04-20 02:55:08, 30904
94375, 2012-04-20 03:00:01, 30936
94376, 2012-04-20 03:05:19, 30880
94377, 2012-04-20 03:10:01, 30878
94378, 2012-04-20 03:15:01, 30828
94379, 2012-04-20 03:20:01, 30736
94380, 2012-04-20 03:25:10, 30612
94381, 2012-04-20 03:30:01, 30597
94382, 2012-04-20 03:35:01, 30507
94383, 2012-04-20 03:40:01, 30430
94384, 2012-04-20 03:45:08, 30430
94385, 2012-04-20 03:50:01, 30408
94386, 2012-04-20 03:55:15, 30438
94387, 2012-04-20 04:00:01, 30338
94388, 2012-04-20 04:05:17, 30525
94389, 2012-04-20 04:10:01, 30942
94390, 2012-04-20 04:15:09, 31735
94391, 2012-04-20 04:20:01, 32045
94392, 2012-04-20 04:25:08, 31923
94393, 2012-04-20 04:30:01, 31821
94394, 2012-04-20 04:35:16, 31838
94395, 2012-04-20 04:40:05, 32236
94396, 2012-04-20 04:45:08, 32382
94397, 2012-04-20 04:50:04, 32335
94398, 2012-04-20 04:55:01, 32350
94399, 2012-04-20 05:00:01, 32277
94400, 2012-04-20 05:05:12, 32414
94401, 2012-04-20 05:10:01, 32865
94402, 2012-04-20 05:15:01, 33317
94403, 2012-04-20 05:20:01, 33686
94404, 2012-04-20 05:25:13, 34189
94405, 2012-04-20 05:30:01, 34621
94406, 2012-04-20 05:35:01, 35026
94407, 2012-04-20 05:40:04, 35323
94408, 2012-04-20 05:45:08, 35961
94409, 2012-04-20 05:50:04, 36500
94410, 2012-04-20 05:55:06, 37076
94411, 2012-04-20 06:00:01, 37623
94412, 2012-04-20 06:05:20, 37697
94413, 2012-04-20 06:10:02, 37922
94414, 2012-04-20 06:15:01, 38497
94415, 2012-04-20 06:20:01, 39171
94416, 2012-04-20 06:25:06, 39699
94417, 2012-04-20 06:30:01, 40128
94418, 2012-04-20 06:35:01, 40440
94419, 2012-04-20 06:40:01, 40710
94420, 2012-04-20 06:45:07, 41123
94421, 2012-04-20 06:50:02, 41487
94422, 2012-04-20 06:55:01, 41761
94423, 2012-04-20 07:00:01, 41918
94424, 2012-04-20 07:05:01, 42057
94425, 2012-04-20 07:10:01, 41886
94426, 2012-04-20 07:15:01, 42048
94427, 2012-04-20 07:20:01, 42129
94428, 2012-04-20 07:25:01, 42175
94429, 2012-04-20 07:30:01, 42298
94430, 2012-04-20 07:35:17, 42240
94431, 2012-04-20 07:40:01, 42025
94432, 2012-04-20 07:45:01, 42029
94433, 2012-04-20 07:50:01, 41971
94434, 2012-04-20 07:55:07, 41982
94435, 2012-04-20 08:00:01, 42043
94436, 2012-04-20 08:05:01, 42116
94437, 2012-04-20 08:10:04, 42251
94438, 2012-04-20 08:15:12, 42534
94439, 2012-04-20 08:20:01, 42585
94440, 2012-04-20 08:25:13, 42602
94441, 2012-04-20 08:30:01, 42636
94442, 2012-04-20 08:35:11, 42656
94443, 2012-04-20 08:40:01, 42676
94444, 2012-04-20 08:45:10, 42636
94445, 2012-04-20 08:50:01, 42614
94446, 2012-04-20 08:55:10, 42540
94447, 2012-04-20 09:00:01, 42466
94448, 2012-04-20 09:05:11, 42547
94449, 2012-04-20 09:10:01, 42582
94450, 2012-04-20 09:15:12, 42533
94451, 2012-04-20 09:20:02, 42425
94452, 2012-04-20 09:25:13, 42426
94453, 2012-04-20 09:30:01, 42440
94454, 2012-04-20 09:35:19, 42423
94455, 2012-04-20 09:40:02, 42460
94456, 2012-04-20 09:45:11, 42524
94457, 2012-04-20 09:50:01, 42495
94458, 2012-04-20 09:55:01, 42426
94459, 2012-04-20 10:00:01, 42426
94460, 2012-04-20 10:06:49, 42507
94461, 2012-04-20 10:10:01, 42507
94462, 2012-04-20 10:15:12, 42594
94463, 2012-04-20 10:20:01, 984
94464, 2012-04-20 10:25:16, 969
94465, 2012-04-20 10:30:02, 969
94466, 2012-04-20 10:35:36, 969
94467, 2012-04-20 10:40:02, 969
94468, 2012-04-20 10:45:11, 969
94469, 2012-04-20 10:50:01, 951
94470, 2012-04-20 10:55:01, 895
94471, 2012-04-20 11:00:01, 42489
94472, 2012-04-20 11:05:02, 42590
94473, 2012-04-20 11:10:01, 42543
94474, 2012-04-20 11:15:19, 42551
94475, 2012-04-20 11:20:01, 42591
94476, 2012-04-20 11:25:01, 42537
94477, 2012-04-20 11:30:01, 42578
94478, 2012-04-20 11:36:02, 42385
94479, 2012-04-20 11:40:02, 42409
94480, 2012-04-20 11:45:09, 42305
94481, 2012-04-20 11:50:01, 42268
94482, 2012-04-20 11:55:09, 42178
94483, 2012-04-20 12:00:01, 42032
94484, 2012-04-20 12:05:02, 42095
94485, 2012-04-20 12:10:01, 42186
94486, 2012-04-20 12:15:10, 42085
94487, 2012-04-20 12:20:01, 41990
94488, 2012-04-20 12:25:09, 41932
94489, 2012-04-20 12:30:01, 41722
94490, 2012-04-20 12:35:01, 41706
94491, 2012-04-20 12:40:01, 41797
94492, 2012-04-20 12:45:06, 41713
94493, 2012-04-20 12:50:01, 41545
94494, 2012-04-20 12:55:08, 41416
94495, 2012-04-20 13:00:02, 41314
94496, 2012-04-20 13:05:13, 41283
94497, 2012-04-20 13:10:01, 41452
94498, 2012-04-20 13:15:02, 41458
94499, 2012-04-20 13:20:01, 41407
94500, 2012-04-20 13:25:01, 41343
94501, 2012-04-20 13:30:01, 41281
94502, 2012-04-20 13:35:28, 41188
94503, 2012-04-20 13:40:01, 41104
94504, 2012-04-20 13:45:10, 40913
94505, 2012-04-20 13:50:01, 40626
94506, 2012-04-20 13:55:07, 40519
94507, 2012-04-20 14:00:01, 40482
94508, 2012-04-20 14:05:01, 40441
94509, 2012-04-20 14:10:01, 40504
94510, 2012-04-20 14:15:11, 40439
94511, 2012-04-20 14:20:01, 40349
94512, 2012-04-20 14:25:11, 40320
94513, 2012-04-20 14:30:01, 40312
94514, 2012-04-20 14:35:01, 40252
94515, 2012-04-20 14:40:01, 40248
94516, 2012-04-20 14:45:08, 40313
94517, 2012-04-20 14:50:03, 40419
94518, 2012-04-20 14:55:01, 40483
94519, 2012-04-20 15:00:01, 40574
94520, 2012-04-20 15:05:19, 40675
94521, 2012-04-20 15:10:01, 40803
94522, 2012-04-20 15:15:15, 40920
94523, 2012-04-20 15:20:01, 40935
94524, 2012-04-20 15:25:02, 41021
94525, 2012-04-20 15:30:01, 41114
94526, 2012-04-20 15:35:08, 41185
94527, 2012-04-20 15:40:01, 41249
94528, 2012-04-20 15:45:06, 41284
94529, 2012-04-20 15:50:01, 41363
94530, 2012-04-20 15:55:01, 41512
94531, 2012-04-20 16:00:04, 41557
94532, 2012-04-20 16:05:18, 41729
94533, 2012-04-20 16:10:02, 41741
94534, 2012-04-20 16:15:09, 41762
94535, 2012-04-20 16:20:04, 41787
94536, 2012-04-20 16:25:01, 41852
94537, 2012-04-20 16:30:01, 41894
94538, 2012-04-20 16:35:10, 41877
94539, 2012-04-20 16:40:01, 41850
94540, 2012-04-20 16:45:10, 41640
94541, 2012-04-20 16:50:01, 41571
94542, 2012-04-20 16:55:02, 41531
94543, 2012-04-20 17:00:01, 41346
94544, 2012-04-20 17:05:12, 41372
94545, 2012-04-20 17:10:01, 41442
94546, 2012-04-20 17:15:07, 41362
94547, 2012-04-20 17:20:01, 41336
94548, 2012-04-20 17:25:06, 41320
94549, 2012-04-20 17:30:02, 41284
94550, 2012-04-20 17:35:01, 41238
94551, 2012-04-20 17:40:01, 41240
94552, 2012-04-20 17:45:08, 41185
94553, 2012-04-20 17:50:01, 41036
94554, 2012-04-20 17:55:04, 41021
94555, 2012-04-20 18:00:01, 40936
94556, 2012-04-20 18:05:12, 40850
94557, 2012-04-20 18:10:01, 40756
94558, 2012-04-20 18:15:01, 40550
94559, 2012-04-20 18:20:02, 40413
94560, 2012-04-20 18:25:09, 40536
94561, 2012-04-20 18:30:01, 40183
94562, 2012-04-20 18:35:12, 40065
94563, 2012-04-20 18:40:01, 40178
94564, 2012-04-20 18:45:06, 39910
94565, 2012-04-20 18:50:01, 39770
94566, 2012-04-20 18:55:08, 39916
94567, 2012-04-20 19:00:01, 39734
94568, 2012-04-20 19:05:01, 39590
94569, 2012-04-20 19:10:03, 39897
94570, 2012-04-20 19:15:03, 39871
94571, 2012-04-20 19:20:01, 39772
94572, 2012-04-20 19:25:11, 39781
94573, 2012-04-20 19:30:01, 39836
94574, 2012-04-20 19:35:12, 40000
94575, 2012-04-20 19:40:02, 40393
94576, 2012-04-20 19:45:07, 40359
94577, 2012-04-20 19:50:01, 40447
94578, 2012-04-20 19:55:01, 40239
94579, 2012-04-20 20:00:01, 39957
94580, 2012-04-20 20:05:14, 40067
94581, 2012-04-20 20:10:01, 40110
94582, 2012-04-20 20:15:07, 39765
94583, 2012-04-20 20:20:02, 39385
94584, 2012-04-20 20:25:13, 39113
94585, 2012-04-20 20:30:04, 38864
94586, 2012-04-20 20:35:02, 38561
94587, 2012-04-20 20:40:01, 38317
94588, 2012-04-20 20:45:01, 38114
94589, 2012-04-20 20:50:01, 37920
94590, 2012-04-20 20:55:07, 37760
94591, 2012-04-20 21:00:01, 37478
94592, 2012-04-20 21:05:18, 37091
94593, 2012-04-20 21:10:01, 36978
94594, 2012-04-20 21:15:08, 36629
94595, 2012-04-20 21:20:01, 36297
94596, 2012-04-20 21:25:07, 36002
94597, 2012-04-20 21:30:02, 35707
94598, 2012-04-20 21:35:01, 35379
94599, 2012-04-20 21:40:01, 35340
94600, 2012-04-20 21:45:06, 35098
94601, 2012-04-20 21:50:01, 34661
94602, 2012-04-20 21:55:07, 34299
94603, 2012-04-20 22:00:01, 33929
94604, 2012-04-20 22:05:05, 33568
94605, 2012-04-20 22:10:01, 33274
94606, 2012-04-20 22:15:07, 33016
94607, 2012-04-20 22:20:01, 32591
94608, 2012-04-20 22:25:07, 32314
94609, 2012-04-20 22:30:03, 32137
94610, 2012-04-20 22:35:01, 32121
94611, 2012-04-20 22:40:01, 32012
94612, 2012-04-20 22:45:01, 31747
94613, 2012-04-20 22:50:01, 31430
94614, 2012-04-20 22:55:10, 30958
94615, 2012-04-20 23:00:01, 30520
94616, 2012-04-20 23:05:13, 30192
94617, 2012-04-20 23:10:01, 30192
94618, 2012-04-20 23:15:07, 30192
94619, 2012-04-20 23:20:01, 30192
94620, 2012-04-20 23:25:04, 30192
94621, 2012-04-20 23:30:01, 30192
94622, 2012-04-20 23:35:01, 30192
94623, 2012-04-20 23:40:01, 30192
94624, 2012-04-20 23:45:06, 30192
94625, 2012-04-20 23:50:01, 30192
94626, 2012-04-20 23:55:08, 30192
94627, 2012-04-21 00:00:01, 30192
94628, 2012-04-21 00:05:01, 29399
94629, 2012-04-21 00:10:01, 30160
94630, 2012-04-21 00:15:21, 30453
94631, 2012-04-21 00:20:01, 30286
94632, 2012-04-21 00:25:02, 30261
94633, 2012-04-21 00:30:01, 30254
94634, 2012-04-21 00:35:11, 30309
94635, 2012-04-21 00:40:01, 30729
94636, 2012-04-21 00:45:07, 30875
94637, 2012-04-21 00:50:01, 30865
94638, 2012-04-21 00:55:07, 30898
94639, 2012-04-21 01:00:01, 30861
94640, 2012-04-21 01:05:01, 30751
94641, 2012-04-21 01:10:01, 30787
94642, 2012-04-21 01:15:01, 30771
94643, 2012-04-21 01:20:01, 30686
94644, 2012-04-21 01:25:16, 30655
94645, 2012-04-21 01:30:01, 30504
94646, 2012-04-21 01:35:09, 30353
94647, 2012-04-21 01:40:01, 30460
94648, 2012-04-21 01:45:15, 30402
94649, 2012-04-21 01:50:01, 30370
94650, 2012-04-21 01:55:07, 30231
94651, 2012-04-21 02:00:01, 30097
94652, 2012-04-21 02:05:13, 30008
94653, 2012-04-21 02:10:01, 30248
94654, 2012-04-21 02:15:07, 30176
94655, 2012-04-21 02:20:01, 30188
94656, 2012-04-21 02:25:09, 30194
94657, 2012-04-21 02:30:04, 30080
94658, 2012-04-21 02:35:01, 30005
94659, 2012-04-21 02:40:01, 30051
94660, 2012-04-21 02:45:06, 30116
94661, 2012-04-21 02:50:01, 30037
94662, 2012-04-21 02:55:05, 29915
94663, 2012-04-21 03:00:01, 29834
94664, 2012-04-21 03:05:16, 29770
94665, 2012-04-21 03:10:04, 29696
94666, 2012-04-21 03:15:01, 29598
94667, 2012-04-21 03:20:01, 29514
94668, 2012-04-21 03:25:04, 29374
94669, 2012-04-21 03:30:01, 29236
94670, 2012-04-21 03:35:08, 29120
94671, 2012-04-21 03:40:01, 29199
94672, 2012-04-21 03:45:01, 29202
94673, 2012-04-21 03:50:01, 29062
94674, 2012-04-21 03:55:07, 28893
94675, 2012-04-21 04:00:02, 28770
94676, 2012-04-21 04:05:15, 28719
94677, 2012-04-21 04:10:01, 28830
94678, 2012-04-21 04:15:02, 28876
94679, 2012-04-21 04:20:01, 28820
94680, 2012-04-21 04:25:01, 28745
94681, 2012-04-21 04:30:01, 28807
94682, 2012-04-21 04:36:48, 28835
94683, 2012-04-21 04:40:01, 28836
94684, 2012-04-21 04:45:08, 28715
94685, 2012-04-21 04:50:02, 28583
94686, 2012-04-21 04:55:07, 28554
94687, 2012-04-21 05:00:01, 28375
94688, 2012-04-21 05:05:01, 28437
94689, 2012-04-21 05:10:01, 28454
94690, 2012-04-21 05:15:01, 28740
94691, 2012-04-21 05:20:01, 29089
94692, 2012-04-21 05:25:06, 29293
94693, 2012-04-21 05:30:01, 29436
94694, 2012-04-21 05:35:13, 29508
94695, 2012-04-21 05:40:01, 29398
94696, 2012-04-21 06:49:32, 32346
94697, 2012-04-21 06:50:01, 32346
94698, 2012-04-21 06:55:07, 32514
94699, 2012-04-21 07:00:01, 32840
94700, 2012-04-21 07:05:15, 33132
94701, 2012-04-21 07:10:01, 33516
94702, 2012-04-21 07:15:01, 33854
94703, 2012-04-21 07:20:01, 34191
94704, 2012-04-21 07:25:01, 34531
94705, 2012-04-21 07:30:01, 34778
94706, 2012-04-21 07:35:10, 34998
94707, 2012-04-21 07:40:01, 35128
94708, 2012-04-21 07:45:06, 35381
94709, 2012-04-21 07:50:01, 35495
94710, 2012-04-21 07:55:08, 35732
94711, 2012-04-21 08:00:01, 35979
94712, 2012-04-21 08:05:01, 36306
94713, 2012-04-21 08:10:02, 36583
94714, 2012-04-21 08:15:12, 36735
94715, 2012-04-21 08:20:01, 36722
94716, 2012-04-21 08:25:07, 36709
94717, 2012-04-21 08:30:01, 36832
94718, 2012-04-21 08:35:12, 36901
94719, 2012-04-21 08:40:04, 36978
94720, 2012-04-21 08:45:01, 36988
94721, 2012-04-21 08:50:01, 37008
94722, 2012-04-21 08:55:13, 37009
94723, 2012-04-21 09:00:01, 37083
94724, 2012-04-21 09:05:13, 37103
94725, 2012-04-21 09:10:01, 37200
94726, 2012-04-21 09:15:07, 37280
94727, 2012-04-21 09:20:01, 37377
94728, 2012-04-21 09:25:01, 37465
94729, 2012-04-21 09:30:01, 37527
94730, 2012-04-21 09:35:15, 37496
94731, 2012-04-21 09:40:01, 37423
94732, 2012-04-21 09:45:09, 37414
94733, 2012-04-21 09:50:01, 37557
94734, 2012-04-21 09:55:07, 37595
94735, 2012-04-21 10:00:02, 37539
94736, 2012-04-21 10:05:13, 37439
94737, 2012-04-21 10:10:01, 37502
94738, 2012-04-21 10:15:01, 37535
94739, 2012-04-21 10:20:01, 37533
94740, 2012-04-21 10:25:07, 37451
94741, 2012-04-21 10:30:01, 37432
94742, 2012-04-21 10:35:17, 37492
94743, 2012-04-21 10:40:01, 37532
94744, 2012-04-21 10:45:04, 37519
94745, 2012-04-21 10:50:01, 37456
94746, 2012-04-21 10:55:01, 37470
94747, 2012-04-21 11:00:01, 37490
94748, 2012-04-21 11:05:26, 37477
94749, 2012-04-21 11:10:02, 37547
94750, 2012-04-21 11:15:04, 37566
94751, 2012-04-21 11:20:01, 37464
94752, 2012-04-21 11:25:01, 37481
94753, 2012-04-21 11:30:01, 37480
94754, 2012-04-21 11:35:08, 37388
94755, 2012-04-21 11:40:01, 37370
94756, 2012-04-21 11:45:02, 37289
94757, 2012-04-21 11:50:01, 37018
94758, 2012-04-21 11:55:04, 36998
94759, 2012-04-21 12:00:02, 36916
94760, 2012-04-21 12:05:01, 36681
94761, 2012-04-21 12:10:01, 36558
94762, 2012-04-21 12:15:04, 36495
94763, 2012-04-21 12:20:01, 36414
94764, 2012-04-21 12:25:04, 36340
94765, 2012-04-21 12:30:01, 36222
94766, 2012-04-21 12:35:10, 36126
94767, 2012-04-21 12:40:01, 36101
94768, 2012-04-21 12:45:03, 36084
94769, 2012-04-21 12:50:01, 36011
94770, 2012-04-21 12:55:03, 35915
94771, 2012-04-21 13:00:01, 35813
94772, 2012-04-21 13:05:01, 35840
94773, 2012-04-21 13:10:01, 35899
94774, 2012-04-21 13:15:01, 35807
94775, 2012-04-21 13:20:01, 35748
94776, 2012-04-21 13:25:04, 35598
94777, 2012-04-21 13:30:01, 35436
94778, 2012-04-21 13:35:06, 35361
94779, 2012-04-21 13:40:02, 35301
94780, 2012-04-21 13:45:04, 35184
94781, 2012-04-21 13:50:01, 35183
94782, 2012-04-21 13:55:01, 35163
94783, 2012-04-21 14:00:01, 35133
94784, 2012-04-21 14:05:10, 35094
94785, 2012-04-21 14:10:01, 34993
94786, 2012-04-21 14:15:04, 34917
94787, 2012-04-21 14:20:01, 34843
94788, 2012-04-21 14:25:05, 34852
94789, 2012-04-21 14:30:01, 34815
94790, 2012-04-21 14:35:10, 34784
94791, 2012-04-21 14:40:01, 34780
94792, 2012-04-21 14:45:01, 34797
94793, 2012-04-21 14:50:02, 34806
94794, 2012-04-21 14:55:05, 34827
94795, 2012-04-21 15:00:02, 34833
94796, 2012-04-21 15:05:01, 34857
94797, 2012-04-21 15:10:01, 34843
94798, 2012-04-21 15:15:04, 34901
94799, 2012-04-21 15:20:01, 35045
94800, 2012-04-21 15:25:01, 35120
94801, 2012-04-21 15:30:01, 35213
94802, 2012-04-21 15:35:01, 35320
94803, 2012-04-21 15:40:01, 35518
94804, 2012-04-21 15:45:03, 35647
94805, 2012-04-21 15:50:01, 35763
94806, 2012-04-21 15:55:01, 35898
94807, 2012-04-21 16:00:01, 35979
94808, 2012-04-21 16:05:07, 36120
94809, 2012-04-21 16:10:04, 36345
94810, 2012-04-21 16:15:01, 36530
94811, 2012-04-21 16:20:01, 36664
94812, 2012-04-21 16:25:08, 36762
94813, 2012-04-21 16:30:01, 36839
94814, 2012-04-21 16:35:01, 36964
94815, 2012-04-21 16:40:01, 37111
94816, 2012-04-21 16:45:04, 37148
94817, 2012-04-21 16:50:01, 37193
94818, 2012-04-21 16:55:01, 37215
94819, 2012-04-21 17:00:01, 37163
94820, 2012-04-21 17:05:07, 37092
94821, 2012-04-21 17:10:01, 37139
94822, 2012-04-21 17:15:02, 37170
94823, 2012-04-21 17:20:01, 37130
94824, 2012-04-21 17:25:01, 37132
94825, 2012-04-21 17:30:01, 37072
94826, 2012-04-21 17:35:01, 37107
94827, 2012-04-21 17:40:01, 37134
94828, 2012-04-21 17:45:03, 37049
94829, 2012-04-21 17:50:01, 37028
94830, 2012-04-21 17:55:04, 37047
94831, 2012-04-21 18:00:01, 37020
94832, 2012-04-21 18:05:11, 36938
94833, 2012-04-21 18:10:01, 36958
94834, 2012-04-21 18:15:08, 36891
94835, 2012-04-21 18:20:02, 36750
94836, 2012-04-21 18:25:01, 36661
94837, 2012-04-21 18:30:01, 36517
94838, 2012-04-21 18:35:19, 36453
94839, 2012-04-21 18:40:01, 36421
94840, 2012-04-21 18:45:02, 36340
94841, 2012-04-21 18:50:01, 36277
94842, 2012-04-21 18:55:10, 36212
94843, 2012-04-21 19:00:01, 36170
94844, 2012-04-21 19:05:01, 36171
94845, 2012-04-21 19:10:01, 36453
94846, 2012-04-21 19:15:04, 36487
94847, 2012-04-21 19:20:01, 36498
94848, 2012-04-21 19:25:04, 36568
94849, 2012-04-21 19:30:01, 36623
94850, 2012-04-21 19:35:12, 36905
94851, 2012-04-21 19:40:02, 37063
94852, 2012-04-21 19:45:01, 37302
94853, 2012-04-21 19:50:01, 37454
94854, 2012-04-21 19:55:04, 37279
94855, 2012-04-21 20:00:01, 37146
94856, 2012-04-21 20:05:01, 37116
94857, 2012-04-21 20:10:01, 37042
94858, 2012-04-21 20:15:04, 36865
94859, 2012-04-21 20:20:01, 36805
94860, 2012-04-21 20:25:02, 36541
94861, 2012-04-21 20:30:01, 36381
94862, 2012-04-21 20:35:01, 36416
94863, 2012-04-21 20:40:01, 36036
94864, 2012-04-21 20:45:03, 35700
94865, 2012-04-21 20:50:01, 35561
94866, 2012-04-21 20:55:03, 35499
94867, 2012-04-21 21:00:01, 35329
94868, 2012-04-21 21:05:03, 35111
94869, 2012-04-21 21:10:01, 34880
94870, 2012-04-21 21:15:03, 34555
94871, 2012-04-21 21:20:02, 34323
94872, 2012-04-21 21:25:01, 34248
94873, 2012-04-21 21:30:01, 33950
94874, 2012-04-21 21:35:11, 33655
94875, 2012-04-21 21:40:01, 33526
94876, 2012-04-21 21:45:04, 33265
94877, 2012-04-21 21:50:01, 33091
94878, 2012-04-21 21:55:04, 32823
94879, 2012-04-21 22:00:04, 32512
94880, 2012-04-21 22:05:06, 32239
94881, 2012-04-21 22:10:01, 32011
94882, 2012-04-21 22:15:01, 31763
94883, 2012-04-21 22:20:01, 31478
94884, 2012-04-21 22:25:04, 31109
94885, 2012-04-21 22:30:01, 30686
94886, 2012-04-21 22:35:02, 30426
94887, 2012-04-21 22:40:01, 30326
94888, 2012-04-21 22:45:04, 30066
94889, 2012-04-21 22:50:04, 29855
94890, 2012-04-21 22:55:01, 29713
94891, 2012-04-21 23:00:02, 29490
94892, 2012-04-21 23:05:07, 29389
94893, 2012-04-21 23:10:04, 29389
94894, 2012-04-21 23:15:02, 29389
94895, 2012-04-21 23:20:01, 29389
94896, 2012-04-21 23:25:03, 29389
94897, 2012-04-21 23:30:01, 29389
94898, 2012-04-21 23:35:01, 29389
94899, 2012-04-21 23:40:01, 29389
94900, 2012-04-21 23:45:02, 29389
94901, 2012-04-21 23:50:01, 29389
94902, 2012-04-21 23:55:02, 29389
94903, 2012-04-22 00:00:01, 29389
94904, 2012-04-22 00:05:07, 28624
94905, 2012-04-22 00:10:01, 29057
94906, 2012-04-22 00:15:07, 29192
94907, 2012-04-22 00:20:01, 29231
94908, 2012-04-22 00:26:31, 29229
94909, 2012-04-22 00:30:01, 29039
94910, 2012-04-22 00:35:12, 29008
94911, 2012-04-22 00:40:01, 29266
94912, 2012-04-22 00:45:01, 29418
94913, 2012-04-22 00:50:01, 29516
94914, 2012-04-22 00:55:05, 29637
94915, 2012-04-22 01:00:01, 29584
94916, 2012-04-22 01:05:12, 29512
94917, 2012-04-22 01:10:01, 29654
94918, 2012-04-22 01:15:06, 29655
94919, 2012-04-22 01:20:01, 29558
94920, 2012-04-22 01:25:04, 29486
94921, 2012-04-22 01:30:01, 29533
94922, 2012-04-22 01:35:12, 29476
94923, 2012-04-22 01:40:01, 29549
94924, 2012-04-22 01:45:04, 29487
94925, 2012-04-22 01:50:03, 29375
94926, 2012-04-22 01:55:05, 29115
94927, 2012-04-22 02:00:01, 28775
94928, 2012-04-22 02:05:07, 28696
94929, 2012-04-22 02:10:04, 28963
94930, 2012-04-22 02:15:01, 28969
94931, 2012-04-22 02:20:01, 28909
94932, 2012-04-22 02:25:04, 28884
94933, 2012-04-22 02:30:01, 28815
94934, 2012-04-22 02:35:10, 28764
94935, 2012-04-22 02:40:01, 28835
94936, 2012-04-22 02:45:06, 28687
94937, 2012-04-22 02:50:01, 28528
94938, 2012-04-22 02:55:12, 28505
94939, 2012-04-22 03:00:01, 28223
94940, 2012-04-22 03:05:07, 28076
94941, 2012-04-22 03:10:01, 28210
94942, 2012-04-22 03:15:05, 28185
94943, 2012-04-22 03:20:01, 28114
94944, 2012-04-22 03:25:03, 27979
94945, 2012-04-22 03:30:01, 27888
94946, 2012-04-22 03:35:08, 27779
94947, 2012-04-22 03:40:01, 27757
94948, 2012-04-22 03:45:04, 27711
94949, 2012-04-22 03:50:02, 27609
94950, 2012-04-22 03:55:11, 27548
94951, 2012-04-22 04:00:01, 27403
94952, 2012-04-22 04:05:10, 27347
94953, 2012-04-22 04:10:01, 27206
94954, 2012-04-22 04:15:05, 27200
94955, 2012-04-22 04:20:01, 27138
94956, 2012-04-22 04:25:01, 27200
94957, 2012-04-22 04:30:01, 27303
94958, 2012-04-22 04:35:10, 27274
94959, 2012-04-22 04:40:01, 27232
94960, 2012-04-22 04:45:04, 27013
94961, 2012-04-22 04:50:04, 26865
94962, 2012-04-22 04:55:05, 26728
94963, 2012-04-22 05:00:01, 26645
94964, 2012-04-22 05:05:08, 26442
94965, 2012-04-22 05:10:01, 26420
94966, 2012-04-22 05:15:07, 26592
94967, 2012-04-22 05:20:01, 26641
94968, 2012-04-22 05:25:03, 26945
94969, 2012-04-22 05:30:01, 27118
94970, 2012-04-22 05:35:09, 27193
94971, 2012-04-22 05:40:01, 27332
94972, 2012-04-22 05:45:03, 27435
94973, 2012-04-22 05:50:01, 27493
94974, 2012-04-22 05:55:07, 27512
94975, 2012-04-22 06:00:01, 27528
94976, 2012-04-22 06:05:01, 27455
94977, 2012-04-22 06:10:01, 27471
94978, 2012-04-22 06:15:07, 27506
94979, 2012-04-22 06:20:01, 27616
94980, 2012-04-22 06:25:02, 27679
94981, 2012-04-22 06:30:01, 27912
94982, 2012-04-22 06:35:08, 28136
94983, 2012-04-22 06:40:01, 28254
94984, 2012-04-22 06:45:04, 28492
94985, 2012-04-22 06:50:02, 28724
94986, 2012-04-22 06:55:04, 28990
94987, 2012-04-22 07:00:01, 29166
94988, 2012-04-22 07:05:01, 29404
94989, 2012-04-22 07:10:01, 29527
94990, 2012-04-22 07:15:01, 29758
94991, 2012-04-22 07:20:01, 30032
94992, 2012-04-22 07:25:01, 30272
94993, 2012-04-22 07:30:01, 30538
94994, 2012-04-22 07:35:13, 30708
94995, 2012-04-22 07:40:01, 30761
94996, 2012-04-22 07:45:03, 30932
94997, 2012-04-22 07:50:02, 31138
94998, 2012-04-22 07:55:01, 31332
94999, 2012-04-22 08:00:01, 31539
95000, 2012-04-22 08:05:02, 31814
95001, 2012-04-22 08:10:01, 32144
95002, 2012-04-22 08:15:10, 32544
95003, 2012-04-22 08:20:03, 32864
95004, 2012-04-22 08:25:01, 33089
95005, 2012-04-22 08:30:01, 33174
95006, 2012-04-22 08:35:13, 33420
95007, 2012-04-22 08:40:01, 33656
95008, 2012-04-22 08:45:06, 33843
95009, 2012-04-22 08:50:01, 34058
95010, 2012-04-22 08:55:01, 34144
95011, 2012-04-22 09:00:01, 34266
95012, 2012-04-22 09:05:01, 34499
95013, 2012-04-22 09:10:02, 34808
95014, 2012-04-22 09:15:07, 34996
95015, 2012-04-22 09:20:02, 35124
95016, 2012-04-22 09:25:03, 35251
95017, 2012-04-22 09:30:02, 35324
95018, 2012-04-22 09:35:13, 35458
95019, 2012-04-22 09:40:01, 35574
95020, 2012-04-22 09:45:04, 35630
95021, 2012-04-22 09:50:01, 35700
95022, 2012-04-22 09:55:03, 35837
95023, 2012-04-22 10:00:04, 35850
95024, 2012-04-22 10:05:08, 35925
95025, 2012-04-22 10:10:01, 36093
95026, 2012-04-22 10:15:05, 36180
95027, 2012-04-22 10:20:01, 36231
95028, 2012-04-22 10:25:03, 36265
95029, 2012-04-22 10:30:01, 36272
95030, 2012-04-22 10:35:01, 36307
95031, 2012-04-22 10:40:01, 36488
95032, 2012-04-22 10:45:03, 36581
95033, 2012-04-22 10:50:01, 36613
95034, 2012-04-22 10:55:04, 36660
95035, 2012-04-22 11:00:01, 36694
95036, 2012-04-22 11:05:07, 36823
95037, 2012-04-22 11:10:01, 36893
95038, 2012-04-22 11:15:04, 36987
95039, 2012-04-22 11:20:01, 37045
95040, 2012-04-22 11:25:04, 37062
95041, 2012-04-22 11:30:01, 36986
95042, 2012-04-22 11:35:06, 36979
95043, 2012-04-22 11:40:01, 36972
95044, 2012-04-22 11:45:03, 36907
95045, 2012-04-22 11:50:01, 36848
95046, 2012-04-22 11:55:04, 36767
95047, 2012-04-22 12:00:01, 36685
95048, 2012-04-22 12:05:09, 36692
95049, 2012-04-22 12:10:01, 36624
95050, 2012-04-22 12:15:03, 36617
95051, 2012-04-22 12:20:01, 36525
95052, 2012-04-22 12:25:06, 36488
95053, 2012-04-22 12:30:01, 36461
95054, 2012-04-22 12:35:01, 36334
95055, 2012-04-22 12:40:01, 36332
95056, 2012-04-22 12:45:04, 36214
95057, 2012-04-22 12:50:01, 36006
95058, 2012-04-22 12:55:04, 35839
95059, 2012-04-22 13:00:01, 35771
95060, 2012-04-22 13:05:01, 35726
95061, 2012-04-22 13:10:01, 35861
95062, 2012-04-22 13:15:02, 35883
95063, 2012-04-22 13:20:03, 35868
95064, 2012-04-22 13:25:01, 35810
95065, 2012-04-22 13:30:02, 35704
95066, 2012-04-22 13:35:07, 35668
95067, 2012-04-22 13:40:01, 35708
95068, 2012-04-22 13:45:03, 35624
95069, 2012-04-22 13:50:01, 35547
95070, 2012-04-22 13:55:02, 35517
95071, 2012-04-22 14:00:02, 35444
95072, 2012-04-22 14:05:10, 35485
95073, 2012-04-22 14:10:01, 35489
95074, 2012-04-22 14:15:04, 35468
95075, 2012-04-22 14:20:01, 35524
95076, 2012-04-22 14:25:01, 35587
95077, 2012-04-22 14:30:02, 35565
95078, 2012-04-22 14:35:13, 35622
95079, 2012-04-22 14:40:03, 35626
95080, 2012-04-22 14:45:05, 35645
95081, 2012-04-22 14:50:01, 35756
95082, 2012-04-22 14:55:02, 35954
95083, 2012-04-22 15:00:01, 36051
95084, 2012-04-22 15:05:11, 36182
95085, 2012-04-22 15:10:01, 36252
95086, 2012-04-22 15:15:05, 36348
95087, 2012-04-22 15:20:01, 36351
95088, 2012-04-22 15:25:04, 36438
95089, 2012-04-22 15:30:01, 36507
95090, 2012-04-22 15:35:01, 36617
95091, 2012-04-22 15:40:01, 36718
95092, 2012-04-22 15:45:03, 36767
95093, 2012-04-22 15:50:01, 36793
95094, 2012-04-22 15:55:01, 36881
95095, 2012-04-22 16:00:02, 37000
95096, 2012-04-22 16:05:09, 36972
95097, 2012-04-22 16:10:01, 36966
95098, 2012-04-22 16:15:07, 37012
95099, 2012-04-22 16:20:01, 36991
95100, 2012-04-22 16:25:06, 36942
95101, 2012-04-22 16:30:02, 36858
95102, 2012-04-22 16:35:04, 36786
95103, 2012-04-22 16:40:02, 36882
95104, 2012-04-22 16:45:01, 36877
95105, 2012-04-22 16:50:01, 36831
95106, 2012-04-22 16:55:04, 36739
95107, 2012-04-22 17:00:02, 36694
95108, 2012-04-22 17:05:08, 36647
95109, 2012-04-22 17:10:01, 36707
95110, 2012-04-22 17:15:04, 36755
95111, 2012-04-22 17:20:01, 36729
95112, 2012-04-22 17:25:01, 36757
95113, 2012-04-22 17:30:01, 36732
95114, 2012-04-22 17:35:07, 36770
95115, 2012-04-22 17:40:01, 36816
95116, 2012-04-22 17:45:04, 36753
95117, 2012-04-22 17:50:01, 36727
95118, 2012-04-22 17:55:03, 36708
95119, 2012-04-22 18:00:04, 36740
95120, 2012-04-22 18:05:01, 36626
95121, 2012-04-22 18:10:01, 36755
95122, 2012-04-22 18:15:01, 36669
95123, 2012-04-22 18:20:01, 36690
95124, 2012-04-22 18:25:07, 36774
95125, 2012-04-22 18:30:01, 36716
95126, 2012-04-22 18:35:07, 36771
95127, 2012-04-22 18:40:04, 36776
95128, 2012-04-22 18:45:08, 36812
95129, 2012-04-22 18:50:04, 36704
95130, 2012-04-22 18:55:01, 36577
95131, 2012-04-22 19:00:01, 36478
95132, 2012-04-22 19:05:01, 36391
95133, 2012-04-22 19:10:01, 36563
95134, 2012-04-22 19:15:03, 36579
95135, 2012-04-22 19:20:01, 36763
95136, 2012-04-22 19:25:03, 36940
95137, 2012-04-22 19:30:01, 36967
95138, 2012-04-22 19:35:04, 37142
95139, 2012-04-22 19:40:01, 37302
95140, 2012-04-22 19:45:04, 37420
95141, 2012-04-22 19:50:01, 37465
95142, 2012-04-22 19:55:03, 37314
95143, 2012-04-22 20:00:01, 37367
95144, 2012-04-22 20:05:07, 37383
95145, 2012-04-22 20:10:01, 37493
95146, 2012-04-22 20:15:02, 37636
95147, 2012-04-22 20:20:02, 37483
95148, 2012-04-22 20:25:06, 37325
95149, 2012-04-22 20:30:02, 37061
95150, 2012-04-22 20:35:08, 36889
95151, 2012-04-22 20:40:01, 36646
95152, 2012-04-22 20:45:02, 36360
95153, 2012-04-22 20:50:01, 36212
95154, 2012-04-22 20:55:02, 35991
95155, 2012-04-22 21:00:01, 35798
95156, 2012-04-22 21:05:08, 35647
95157, 2012-04-22 21:10:01, 35709
95158, 2012-04-22 21:15:03, 35335
95159, 2012-04-22 21:20:01, 34902
95160, 2012-04-22 21:25:01, 34479
95161, 2012-04-22 21:30:01, 34122
95162, 2012-04-22 21:35:01, 33767
95163, 2012-04-22 21:40:01, 33637
95164, 2012-04-22 21:45:03, 33308
95165, 2012-04-22 21:50:01, 32823
95166, 2012-04-22 21:55:03, 32467
95167, 2012-04-22 22:00:01, 32083
95168, 2012-04-22 22:05:02, 31610
95169, 2012-04-22 22:10:01, 31492
95170, 2012-04-22 22:15:01, 31224
95171, 2012-04-22 22:20:01, 31067
95172, 2012-04-22 22:25:04, 30735
95173, 2012-04-22 22:30:01, 30305
95174, 2012-04-22 22:35:06, 30236
95175, 2012-04-22 22:40:01, 30080
95176, 2012-04-22 22:45:11, 29770
95177, 2012-04-22 22:50:01, 29470
95178, 2012-04-22 22:55:01, 29157
95179, 2012-04-22 23:00:01, 28883
95180, 2012-04-22 23:05:01, 28960
95181, 2012-04-22 23:10:03, 28960
95182, 2012-04-22 23:15:04, 28960
95183, 2012-04-22 23:20:01, 28960
95184, 2012-04-22 23:25:05, 28960
95185, 2012-04-22 23:30:01, 28960
95186, 2012-04-22 23:35:09, 28960
95187, 2012-04-22 23:40:01, 28960
95188, 2012-04-22 23:45:02, 28960
95189, 2012-04-22 23:50:01, 28960
95190, 2012-04-22 23:55:01, 28960
95191, 2012-04-23 00:00:01, 28960
95192, 2012-04-23 00:05:14, 28158
95193, 2012-04-23 00:10:01, 28645
95194, 2012-04-23 00:15:08, 28888
95195, 2012-04-23 00:20:01, 28972
95196, 2012-04-23 00:25:02, 29063
95197, 2012-04-23 00:30:01, 29076
95198, 2012-04-23 00:35:06, 29055
95199, 2012-04-23 00:40:01, 29356
95200, 2012-04-23 00:45:02, 29456
95201, 2012-04-23 00:50:01, 29585
95202, 2012-04-23 00:55:02, 29659
95203, 2012-04-23 01:00:01, 29604
95204, 2012-04-23 01:05:07, 29419
95205, 2012-04-23 01:10:02, 29724
95206, 2012-04-23 01:15:01, 29722
95207, 2012-04-23 01:20:01, 29686
95208, 2012-04-23 01:25:03, 29630
95209, 2012-04-23 01:30:01, 29551
95210, 2012-04-23 01:35:06, 29504
95211, 2012-04-23 01:40:01, 29635
95212, 2012-04-23 01:45:05, 29607
95213, 2012-04-23 01:50:01, 29463
95214, 2012-04-23 01:55:03, 29436
95215, 2012-04-23 02:00:01, 29328
95216, 2012-04-23 02:05:01, 29054
95217, 2012-04-23 02:10:01, 29178
95218, 2012-04-23 02:15:01, 29248
95219, 2012-04-23 02:20:01, 29212
95220, 2012-04-23 02:25:05, 29150
95221, 2012-04-23 02:30:01, 29027
95222, 2012-04-23 02:35:06, 28950
95223, 2012-04-23 02:40:01, 29083
95224, 2012-04-23 02:45:01, 29096
95225, 2012-04-23 02:50:01, 28999
95226, 2012-04-23 02:55:01, 28874
95227, 2012-04-23 03:00:01, 28676
95228, 2012-04-23 03:05:06, 28654
95229, 2012-04-23 03:10:02, 28677
95230, 2012-04-23 03:15:03, 28685
95231, 2012-04-23 03:20:01, 28640
95232, 2012-04-23 03:25:05, 28523
95233, 2012-04-23 03:30:01, 28465
95234, 2012-04-23 03:35:01, 28398
95235, 2012-04-23 03:40:01, 28495
95236, 2012-04-23 03:45:01, 28492
95237, 2012-04-23 03:50:01, 28493
95238, 2012-04-23 03:55:01, 28490
95239, 2012-04-23 04:00:02, 28526
95240, 2012-04-23 04:05:11, 28475
95241, 2012-04-23 04:10:01, 28593
95242, 2012-04-23 04:15:05, 29004
95243, 2012-04-23 04:20:01, 29117
95244, 2012-04-23 04:25:01, 29135
95245, 2012-04-23 04:30:01, 29200
95246, 2012-04-23 04:35:08, 29006
95247, 2012-04-23 04:40:01, 29247
95248, 2012-04-23 04:45:01, 29410
95249, 2012-04-23 04:50:04, 29539
95250, 2012-04-23 04:55:01, 29650
95251, 2012-04-23 05:00:01, 29718
95252, 2012-04-23 05:05:06, 29621
95253, 2012-04-23 05:10:01, 29958
95254, 2012-04-23 05:15:03, 31173
95255, 2012-04-23 05:20:01, 31893
95256, 2012-04-23 05:25:02, 32150
95257, 2012-04-23 05:30:01, 32579
95258, 2012-04-23 05:35:07, 33030
95259, 2012-04-23 05:40:01, 33685
95260, 2012-04-23 05:45:01, 34385
95261, 2012-04-23 05:50:01, 34873
95262, 2012-04-23 05:55:03, 35611
95263, 2012-04-23 06:00:01, 36286
95264, 2012-04-23 06:05:09, 36461
95265, 2012-04-23 06:10:01, 36626
95266, 2012-04-23 06:15:03, 37333
95267, 2012-04-23 06:20:04, 38014
95268, 2012-04-23 06:25:01, 38421
95269, 2012-04-23 06:30:01, 38769
95270, 2012-04-23 06:35:02, 39021
95271, 2012-04-23 06:40:01, 39439
95272, 2012-04-23 06:45:04, 39902
95273, 2012-04-23 06:50:01, 40217
95274, 2012-04-23 06:55:03, 40512
95275, 2012-04-23 07:00:01, 40830
95276, 2012-04-23 07:05:09, 40981
95277, 2012-04-23 07:10:01, 41187
95278, 2012-04-23 07:15:01, 41488
95279, 2012-04-23 07:20:01, 41698
95280, 2012-04-23 07:25:01, 41819
95281, 2012-04-23 07:30:01, 41787
95282, 2012-04-23 07:35:15, 41708
95283, 2012-04-23 07:40:01, 41541
95284, 2012-04-23 07:45:08, 41480
95285, 2012-04-23 07:50:01, 41514
95286, 2012-04-23 07:55:07, 41554
95287, 2012-04-23 08:00:01, 41654
95288, 2012-04-23 08:06:28, 41860
95289, 2012-04-23 08:10:01, 42131
95290, 2012-04-23 08:15:17, 42262
95291, 2012-04-23 08:20:01, 42385
95292, 2012-04-23 08:25:03, 42401
95293, 2012-04-23 08:30:01, 42482
95294, 2012-04-23 08:35:01, 42581
95295, 2012-04-23 08:40:01, 42649
95296, 2012-04-23 08:45:01, 42713
95297, 2012-04-23 08:50:01, 42782
95298, 2012-04-23 08:55:07, 42853
95299, 2012-04-23 09:00:01, 42991
95300, 2012-04-23 09:05:24, 43082
95301, 2012-04-23 09:10:01, 43060
95302, 2012-04-23 09:15:16, 43003
95303, 2012-04-23 09:20:01, 42977
95304, 2012-04-23 09:25:01, 42954
95305, 2012-04-23 09:30:01, 42950
95306, 2012-04-23 09:35:31, 42917
95307, 2012-04-23 09:40:01, 42922
95308, 2012-04-23 09:45:04, 42930
95309, 2012-04-23 09:50:01, 42999
95310, 2012-04-23 09:55:02, 43103
95311, 2012-04-23 10:00:01, 43092
95312, 2012-04-23 10:05:01, 43138
95313, 2012-04-23 10:10:01, 43209
95314, 2012-04-23 10:15:01, 43301
95315, 2012-04-23 10:20:01, 43343
95316, 2012-04-23 10:25:05, 43373
95317, 2012-04-23 10:30:05, 43346
95318, 2012-04-23 10:35:01, 43353
95319, 2012-04-23 10:40:01, 43386
95320, 2012-04-23 10:45:01, 43393
95321, 2012-04-23 10:50:01, 43279
95322, 2012-04-23 10:55:07, 43308
95323, 2012-04-23 11:00:01, 43354
95324, 2012-04-23 11:05:04, 43424
95325, 2012-04-23 11:10:02, 43568
95326, 2012-04-23 11:15:01, 43604
95327, 2012-04-23 11:20:01, 43527
95328, 2012-04-23 11:25:04, 43539
95329, 2012-04-23 11:30:01, 43537
95330, 2012-04-23 11:35:11, 43565
95331, 2012-04-23 11:40:01, 43522
95332, 2012-04-23 11:45:02, 43435
95333, 2012-04-23 11:50:01, 43336
95334, 2012-04-23 11:55:03, 43253
95335, 2012-04-23 12:00:01, 43141
95336, 2012-04-23 12:05:11, 43132
95337, 2012-04-23 12:10:02, 43183
95338, 2012-04-23 12:15:01, 43222
95339, 2012-04-23 12:20:01, 43142
95340, 2012-04-23 12:25:01, 43045
95341, 2012-04-23 12:30:01, 42900
95342, 2012-04-23 12:35:11, 42850
95343, 2012-04-23 12:40:01, 42968
95344, 2012-04-23 12:45:05, 42935
95345, 2012-04-23 12:50:01, 42811
95346, 2012-04-23 12:55:03, 42737
95347, 2012-04-23 13:00:01, 42693
95348, 2012-04-23 13:05:01, 42661
95349, 2012-04-23 13:10:01, 42829
95350, 2012-04-23 13:15:01, 42870
95351, 2012-04-23 13:20:01, 42781
95352, 2012-04-23 13:25:01, 42854
95353, 2012-04-23 13:30:03, 42876
95354, 2012-04-23 13:35:05, 42802
95355, 2012-04-23 13:40:01, 42743
95356, 2012-04-23 13:45:04, 42657
95357, 2012-04-23 13:50:02, 42578
95358, 2012-04-23 13:55:05, 42495
95359, 2012-04-23 14:00:02, 42260
95360, 2012-04-23 14:05:01, 42161
95361, 2012-04-23 14:10:01, 42236
95362, 2012-04-23 14:15:01, 42261
95363, 2012-04-23 14:20:01, 42287
95364, 2012-04-23 14:25:04, 42289
95365, 2012-04-23 14:30:01, 42295
95366, 2012-04-23 14:35:25, 42394
95367, 2012-04-23 14:40:01, 42500
95368, 2012-04-23 14:45:03, 42552
95369, 2012-04-23 14:50:01, 42602
95370, 2012-04-23 14:55:19, 42683
95371, 2012-04-23 15:00:02, 42730
95372, 2012-04-23 15:05:01, 42933
95373, 2012-04-23 15:10:01, 43084
95374, 2012-04-23 15:15:03, 43098
95375, 2012-04-23 15:20:01, 43310
95376, 2012-04-23 15:26:59, 43530
95377, 2012-04-23 15:30:02, 43530
95378, 2012-04-23 15:35:02, 43699
95379, 2012-04-23 15:40:01, 43804
95380, 2012-04-23 15:45:04, 43823
95381, 2012-04-23 15:50:01, 43990
95382, 2012-04-23 15:55:03, 44049
95383, 2012-04-23 16:00:02, 44096
95384, 2012-04-23 16:05:01, 44269
95385, 2012-04-23 16:10:01, 44310
95386, 2012-04-23 16:15:01, 44300
95387, 2012-04-23 16:20:01, 44215
95388, 2012-04-23 16:25:04, 44139
95389, 2012-04-23 16:30:01, 44210
95390, 2012-04-23 16:35:10, 44175
95391, 2012-04-23 16:40:01, 44132
95392, 2012-04-23 16:45:04, 43967
95393, 2012-04-23 16:50:01, 43767
95394, 2012-04-23 16:55:01, 43639
95395, 2012-04-23 17:00:02, 43463
95396, 2012-04-23 17:05:07, 43460
95397, 2012-04-23 17:10:01, 43603
95398, 2012-04-23 17:15:08, 43603
95399, 2012-04-23 17:20:01, 43466
95400, 2012-04-23 17:25:05, 43371
95401, 2012-04-23 17:30:01, 43295
95402, 2012-04-23 17:35:02, 43182
95403, 2012-04-23 17:40:01, 43167
95404, 2012-04-23 17:45:03, 43151
95405, 2012-04-23 17:50:01, 43042
95406, 2012-04-23 17:55:04, 42979
95407, 2012-04-23 18:00:01, 42833
95408, 2012-04-23 18:05:01, 42768
95409, 2012-04-23 18:10:01, 42772
95410, 2012-04-23 18:15:01, 42727
95411, 2012-04-23 18:20:01, 42745
95412, 2012-04-23 18:25:03, 42666
95413, 2012-04-23 18:30:01, 42471
95414, 2012-04-23 18:35:15, 42564
95415, 2012-04-23 18:40:01, 42678
95416, 2012-04-23 18:45:04, 42414
95417, 2012-04-23 18:50:01, 42424
95418, 2012-04-23 18:55:01, 42440
95419, 2012-04-23 19:00:01, 42136
95420, 2012-04-23 19:05:01, 42138
95421, 2012-04-23 19:10:01, 42423
95422, 2012-04-23 19:15:03, 42306
95423, 2012-04-23 19:20:01, 42221
95424, 2012-04-23 19:25:04, 42175
95425, 2012-04-23 19:30:02, 42096
95426, 2012-04-23 19:35:09, 42195
95427, 2012-04-23 19:40:01, 42366
95428, 2012-04-23 19:45:02, 42330
95429, 2012-04-23 19:50:01, 42473
95430, 2012-04-23 19:55:01, 42330
95431, 2012-04-23 20:00:01, 42120
95432, 2012-04-23 20:05:05, 42369
95433, 2012-04-23 20:10:01, 42448
95434, 2012-04-23 20:15:03, 41968
95435, 2012-04-23 20:20:01, 41690
95436, 2012-04-23 20:25:05, 41334
95437, 2012-04-23 20:30:01, 40931
95438, 2012-04-23 20:35:02, 40521
95439, 2012-04-23 20:40:01, 40203
95440, 2012-04-23 20:45:05, 39820
95441, 2012-04-23 20:50:02, 39403
95442, 2012-04-23 20:55:03, 39087
95443, 2012-04-23 21:00:01, 38747
95444, 2012-04-23 21:05:08, 38473
95445, 2012-04-23 21:10:01, 38547
95446, 2012-04-23 21:15:01, 38070
95447, 2012-04-23 21:20:01, 37471
95448, 2012-04-23 21:25:06, 36983
95449, 2012-04-23 21:30:01, 36562
95450, 2012-04-23 21:35:07, 36174
95451, 2012-04-23 21:40:02, 35818
95452, 2012-04-23 21:45:04, 35391
95453, 2012-04-23 21:50:01, 35025
95454, 2012-04-23 21:55:01, 34717
95455, 2012-04-23 22:00:02, 34245
95456, 2012-04-23 22:05:01, 33819
95457, 2012-04-23 22:10:01, 33515
95458, 2012-04-23 22:15:04, 33259
95459, 2012-04-23 22:20:01, 32920
95460, 2012-04-23 22:25:04, 32543
95461, 2012-04-23 22:30:02, 32284
95462, 2012-04-23 22:35:08, 32191
95463, 2012-04-23 22:40:01, 32116
95464, 2012-04-23 22:45:01, 31903
95465, 2012-04-23 22:50:01, 31548
95466, 2012-04-23 22:55:01, 31323
95467, 2012-04-23 23:00:01, 31085
95468, 2012-04-23 23:05:12, 30799
95469, 2012-04-23 23:10:01, 30799
95470, 2012-04-23 23:15:06, 30799
95471, 2012-04-23 23:20:01, 30799
95472, 2012-04-23 23:25:04, 30799
95473, 2012-04-23 23:30:01, 30799
95474, 2012-04-23 23:35:01, 30799
95475, 2012-04-23 23:40:01, 30799
95476, 2012-04-23 23:45:06, 30799
95477, 2012-04-23 23:50:01, 30799
95478, 2012-04-23 23:55:02, 30799
95479, 2012-04-24 00:00:01, 30799
95480, 2012-04-24 00:05:24, 29870
95481, 2012-04-24 00:10:01, 30545
95482, 2012-04-24 00:15:01, 30791
95483, 2012-04-24 00:20:01, 30846
95484, 2012-04-24 00:25:24, 30829
95485, 2012-04-24 00:30:01, 30859
95486, 2012-04-24 00:35:06, 30898
95487, 2012-04-24 00:40:01, 31275
95488, 2012-04-24 00:45:06, 31416
95489, 2012-04-24 00:50:01, 31464
95490, 2012-04-24 00:55:01, 31469
95491, 2012-04-24 01:00:01, 31421
95492, 2012-04-24 01:05:08, 31325
95493, 2012-04-24 01:10:01, 31177
95494, 2012-04-24 01:15:01, 31408
95495, 2012-04-24 01:20:01, 31451
95496, 2012-04-24 01:25:05, 31382
95497, 2012-04-24 01:30:01, 31345
95498, 2012-04-24 01:35:01, 31294
95499, 2012-04-24 01:40:01, 31375
95500, 2012-04-24 01:45:03, 31337
95501, 2012-04-24 01:50:02, 31256
95502, 2012-04-24 01:55:01, 31203
95503, 2012-04-24 02:00:02, 31063
95504, 2012-04-24 02:05:03, 30972
95505, 2012-04-24 02:10:01, 31058
95506, 2012-04-24 02:15:02, 31000
95507, 2012-04-24 02:20:01, 30985
95508, 2012-04-24 02:25:09, 30971
95509, 2012-04-24 02:30:02, 30811
95510, 2012-04-24 02:35:09, 30678
95511, 2012-04-24 02:40:02, 30755
95512, 2012-04-24 02:45:03, 30718
95513, 2012-04-24 02:50:01, 30563
95514, 2012-04-24 02:55:01, 30440
95515, 2012-04-24 03:00:01, 30434
95516, 2012-04-24 03:05:01, 30326
95517, 2012-04-24 03:10:01, 30251
95518, 2012-04-24 03:15:03, 30213
95519, 2012-04-24 03:20:02, 30231
95520, 2012-04-24 03:25:03, 30207
95521, 2012-04-24 03:30:02, 30162
95522, 2012-04-24 03:35:01, 30106
95523, 2012-04-24 03:40:01, 30168
95524, 2012-04-24 03:45:06, 30089
95525, 2012-04-24 03:50:01, 30032
95526, 2012-04-24 03:55:03, 30084
95527, 2012-04-24 04:00:01, 30135
95528, 2012-04-24 04:05:10, 30118
95529, 2012-04-24 04:10:01, 30150
95530, 2012-04-24 04:15:01, 30304
95531, 2012-04-24 04:20:01, 30406
95532, 2012-04-24 04:25:06, 30665
95533, 2012-04-24 04:30:01, 30725
95534, 2012-04-24 04:35:01, 30551
95535, 2012-04-24 04:40:02, 30666
95536, 2012-04-24 04:45:01, 30700
95537, 2012-04-24 04:50:02, 30682
95538, 2012-04-24 04:55:06, 30780
95539, 2012-04-24 05:00:01, 30898
95540, 2012-04-24 05:05:08, 31260
95541, 2012-04-24 05:10:02, 31690
95542, 2012-04-24 05:15:01, 32259
95543, 2012-04-24 05:20:01, 32879
95544, 2012-04-24 05:25:01, 33272
95545, 2012-04-24 05:30:01, 33575
95546, 2012-04-24 05:35:07, 33906
95547, 2012-04-24 05:40:01, 34538
95548, 2012-04-24 05:45:01, 35144
95549, 2012-04-24 05:50:01, 35700
95550, 2012-04-24 05:55:01, 36299
95551, 2012-04-24 06:00:01, 36858
95552, 2012-04-24 06:05:11, 37280
95553, 2012-04-24 06:10:01, 38035
95554, 2012-04-24 06:15:01, 39074
95555, 2012-04-24 06:20:01, 39836
95556, 2012-04-24 06:25:01, 40282
95557, 2012-04-24 06:30:01, 40776
95558, 2012-04-24 06:35:01, 41005
95559, 2012-04-24 06:40:01, 41005
95560, 2012-04-24 06:45:01, 41784
95561, 2012-04-24 06:50:02, 42001
95562, 2012-04-24 06:55:03, 42241
95563, 2012-04-24 07:00:01, 42526
95564, 2012-04-24 07:05:12, 42441
95565, 2012-04-24 07:10:01, 42437
95566, 2012-04-24 07:15:01, 42596
95567, 2012-04-24 07:20:01, 42747
95568, 2012-04-24 07:25:03, 42790
95569, 2012-04-24 07:30:01, 42867
95570, 2012-04-24 07:35:09, 42972
95571, 2012-04-24 07:40:01, 42849
95572, 2012-04-24 07:45:09, 42720
95573, 2012-04-24 07:50:01, 42761
95574, 2012-04-24 07:55:04, 42738
95575, 2012-04-24 08:00:01, 42736
95576, 2012-04-24 08:05:01, 42782
95577, 2012-04-24 08:10:02, 43030
95578, 2012-04-24 08:15:01, 43247
95579, 2012-04-24 08:20:01, 43284
95580, 2012-04-24 08:25:03, 43240
95581, 2012-04-24 08:30:01, 43325
95582, 2012-04-24 08:35:14, 43372
95583, 2012-04-24 08:40:01, 43407
95584, 2012-04-24 08:45:01, 43386
95585, 2012-04-24 08:50:01, 43365
95586, 2012-04-24 08:55:01, 43314
95587, 2012-04-24 09:00:01, 43264
95588, 2012-04-24 09:05:01, 43307
95589, 2012-04-24 09:10:01, 43286
95590, 2012-04-24 09:15:01, 43196
95591, 2012-04-24 09:20:02, 43088
95592, 2012-04-24 09:25:10, 43097
95593, 2012-04-24 09:30:01, 43097
95594, 2012-04-24 09:35:12, 43159
95595, 2012-04-24 09:40:01, 43233
95596, 2012-04-24 09:45:03, 43231
95597, 2012-04-24 09:50:01, 43236
95598, 2012-04-24 09:55:03, 43248
95599, 2012-04-24 10:00:01, 43216
95600, 2012-04-24 10:05:15, 43204
95601, 2012-04-24 10:10:01, 43248
95602, 2012-04-24 10:15:01, 43254
95603, 2012-04-24 10:20:02, 43211
95604, 2012-04-24 10:25:08, 43219
95605, 2012-04-24 10:30:01, 43249
95606, 2012-04-24 10:35:09, 43143
95607, 2012-04-24 10:40:01, 43223
95608, 2012-04-24 10:45:04, 43208
95609, 2012-04-24 10:50:01, 43223
95610, 2012-04-24 10:55:01, 43334
95611, 2012-04-24 11:00:01, 43301
95612, 2012-04-24 11:05:01, 43292
95613, 2012-04-24 11:10:01, 43397
95614, 2012-04-24 11:15:11, 43455
95615, 2012-04-24 11:20:01, 43396
95616, 2012-04-24 11:25:04, 43405
95617, 2012-04-24 11:30:01, 43276
95618, 2012-04-24 11:35:10, 43216
95619, 2012-04-24 11:40:01, 43147
95620, 2012-04-24 11:45:07, 43023
95621, 2012-04-24 11:50:01, 43005
95622, 2012-04-24 11:55:03, 42952
95623, 2012-04-24 12:00:03, 42818
95624, 2012-04-24 12:05:01, 42816
95625, 2012-04-24 12:10:01, 42784
95626, 2012-04-24 12:15:01, 42804
95627, 2012-04-24 12:20:01, 42677
95628, 2012-04-24 12:25:03, 42645
95629, 2012-04-24 12:30:01, 42564
95630, 2012-04-24 12:35:01, 42494
95631, 2012-04-24 12:40:01, 42562
95632, 2012-04-24 12:45:01, 42524
95633, 2012-04-24 12:50:02, 42441
95634, 2012-04-24 12:55:03, 42429
95635, 2012-04-24 13:00:01, 42412
95636, 2012-04-24 13:05:09, 42344
95637, 2012-04-24 13:10:01, 42356
95638, 2012-04-24 13:15:01, 42425
95639, 2012-04-24 13:20:01, 42340
95640, 2012-04-24 13:25:07, 42398
95641, 2012-04-24 13:30:01, 42328
95642, 2012-04-24 13:35:10, 42234
95643, 2012-04-24 13:40:01, 42105
95644, 2012-04-24 13:45:01, 42046
95645, 2012-04-24 13:50:01, 42008
95646, 2012-04-24 13:55:01, 41941
95647, 2012-04-24 14:00:01, 41723
95648, 2012-04-24 14:05:17, 41587
95649, 2012-04-24 14:10:01, 41761
95650, 2012-04-24 14:15:15, 41664
95651, 2012-04-24 14:20:01, 41665
95652, 2012-04-24 14:25:01, 41645
95653, 2012-04-24 14:30:01, 41650
95654, 2012-04-24 14:35:01, 41754
95655, 2012-04-24 14:40:01, 41797
95656, 2012-04-24 14:45:01, 41832
95657, 2012-04-24 14:50:01, 41925
95658, 2012-04-24 14:55:02, 42044
95659, 2012-04-24 15:00:02, 42135
95660, 2012-04-24 15:05:12, 42176
95661, 2012-04-24 15:10:01, 42406
95662, 2012-04-24 15:15:06, 42505
95663, 2012-04-24 15:20:01, 42594
95664, 2012-04-24 15:25:05, 42726
95665, 2012-04-24 15:30:01, 42822
95666, 2012-04-24 15:35:01, 42900
95667, 2012-04-24 15:40:01, 42950
95668, 2012-04-24 15:45:07, 43095
95669, 2012-04-24 15:50:01, 43242
95670, 2012-04-24 15:55:03, 43324
95671, 2012-04-24 16:00:02, 43380
95672, 2012-04-24 16:05:06, 43605
95673, 2012-04-24 16:10:02, 43607
95674, 2012-04-24 16:15:01, 43573
95675, 2012-04-24 16:20:01, 43462
95676, 2012-04-24 16:25:06, 43473
95677, 2012-04-24 16:30:01, 43565
95678, 2012-04-24 16:35:09, 43347
95679, 2012-04-24 16:40:01, 43158
95680, 2012-04-24 16:45:04, 43080
95681, 2012-04-24 16:50:01, 42988
95682, 2012-04-24 16:55:05, 43007
95683, 2012-04-24 17:00:01, 42907
95684, 2012-04-24 17:05:07, 42841
95685, 2012-04-24 17:10:01, 42844
95686, 2012-04-24 17:15:03, 42780
95687, 2012-04-24 17:20:04, 42648
95688, 2012-04-24 17:25:04, 42592
95689, 2012-04-24 17:30:01, 42293
95690, 2012-04-24 17:35:08, 42197
95691, 2012-04-24 17:40:01, 42241
95692, 2012-04-24 17:45:01, 42111
95693, 2012-04-24 17:50:02, 42034
95694, 2012-04-24 17:55:02, 41943
95695, 2012-04-24 18:00:01, 41803
95696, 2012-04-24 18:05:01, 41660
95697, 2012-04-24 18:10:01, 41616
95698, 2012-04-24 18:15:01, 41627
95699, 2012-04-24 18:20:01, 41663
95700, 2012-04-24 18:25:08, 41551
95701, 2012-04-24 18:30:01, 41464
95702, 2012-04-24 18:35:09, 41447
95703, 2012-04-24 18:40:01, 41681
95704, 2012-04-24 18:45:04, 41591
95705, 2012-04-24 18:50:01, 41406
95706, 2012-04-24 18:55:02, 41426
95707, 2012-04-24 19:00:01, 41307
95708, 2012-04-24 19:05:09, 41446
95709, 2012-04-24 19:10:01, 41845
95710, 2012-04-24 19:15:04, 41754
95711, 2012-04-24 19:20:01, 41743
95712, 2012-04-24 19:25:03, 41761
95713, 2012-04-24 19:30:01, 41764
95714, 2012-04-24 19:35:01, 41900
95715, 2012-04-24 19:40:01, 42000
95716, 2012-04-24 19:45:01, 42304
95717, 2012-04-24 19:50:01, 42554
95718, 2012-04-24 19:55:04, 42547
95719, 2012-04-24 20:00:04, 42394
95720, 2012-04-24 20:05:11, 42281
95721, 2012-04-24 20:10:01, 42592
95722, 2012-04-24 20:15:01, 42098
95723, 2012-04-24 20:20:01, 41656
95724, 2012-04-24 20:25:01, 41417
95725, 2012-04-24 20:30:01, 41070
95726, 2012-04-24 20:35:08, 40600
95727, 2012-04-24 20:40:01, 40349
95728, 2012-04-24 20:45:04, 40033
95729, 2012-04-24 20:50:01, 39775
95730, 2012-04-24 20:55:01, 39577
95731, 2012-04-24 21:00:01, 39229
95732, 2012-04-24 21:05:01, 38799
95733, 2012-04-24 21:10:01, 38923
95734, 2012-04-24 21:15:01, 38578
95735, 2012-04-24 21:20:01, 38140
95736, 2012-04-24 21:25:06, 37641
95737, 2012-04-24 21:30:01, 37197
95738, 2012-04-24 21:35:07, 36820
95739, 2012-04-24 21:40:01, 36657
95740, 2012-04-24 21:45:03, 36266
95741, 2012-04-24 21:50:01, 35707
95742, 2012-04-24 21:55:01, 35251
95743, 2012-04-24 22:00:01, 34777
95744, 2012-04-24 22:05:17, 34381
95745, 2012-04-24 22:10:01, 34063
95746, 2012-04-24 22:15:04, 33587
95747, 2012-04-24 22:20:01, 33253
95748, 2012-04-24 22:25:03, 32928
95749, 2012-04-24 22:30:01, 32438
95750, 2012-04-24 22:35:01, 32024
95751, 2012-04-24 22:40:02, 31908
95752, 2012-04-24 22:45:03, 31516
95753, 2012-04-24 22:50:01, 31401
95754, 2012-04-24 22:55:04, 31283
95755, 2012-04-24 23:00:01, 31021
95756, 2012-04-24 23:05:12, 30920
95757, 2012-04-24 23:10:01, 30920
95758, 2012-04-24 23:15:01, 30920
95759, 2012-04-24 23:20:01, 30920
95760, 2012-04-24 23:25:04, 30920
95761, 2012-04-24 23:30:01, 30920
95762, 2012-04-24 23:35:05, 30920
95763, 2012-04-24 23:40:01, 30920
95764, 2012-04-24 23:45:01, 30920
95765, 2012-04-24 23:50:01, 30920
95766, 2012-04-24 23:55:02, 30920
95767, 2012-04-25 00:00:01, 30920
95768, 2012-04-25 00:05:17, 29612
95769, 2012-04-25 00:10:01, 30144
95770, 2012-04-25 00:15:01, 30375
95771, 2012-04-25 00:20:01, 30495
95772, 2012-04-25 00:25:11, 30511
95773, 2012-04-25 00:30:01, 30510
95774, 2012-04-25 00:35:01, 30535
95775, 2012-04-25 00:40:01, 30946
95776, 2012-04-25 00:45:04, 31090
95777, 2012-04-25 00:50:01, 31112
95778, 2012-04-25 00:55:03, 31125
95779, 2012-04-25 01:00:01, 31107
95780, 2012-04-25 01:05:09, 31037
95781, 2012-04-25 01:10:01, 31082
95782, 2012-04-25 01:15:04, 31000
95783, 2012-04-25 01:20:01, 30905
95784, 2012-04-25 01:25:01, 30806
95785, 2012-04-25 01:30:01, 30724
95786, 2012-04-25 01:35:09, 30669
95787, 2012-04-25 01:40:01, 30789
95788, 2012-04-25 01:45:01, 30659
95789, 2012-04-25 01:50:01, 30575
95790, 2012-04-25 01:55:01, 30524
95791, 2012-04-25 02:00:01, 30471
95792, 2012-04-25 02:05:13, 30460
95793, 2012-04-25 02:10:01, 30490
95794, 2012-04-25 02:15:13, 30399
95795, 2012-04-25 02:20:01, 30326
95796, 2012-04-25 02:25:01, 30253
95797, 2012-04-25 02:30:01, 30190
95798, 2012-04-25 02:35:16, 30067
95799, 2012-04-25 02:40:01, 30123
95800, 2012-04-25 02:45:03, 29982
95801, 2012-04-25 02:50:02, 29912
95802, 2012-04-25 02:55:03, 29898
95803, 2012-04-25 03:00:01, 29803
95804, 2012-04-25 03:05:07, 29751
95805, 2012-04-25 03:10:01, 29774
95806, 2012-04-25 03:15:02, 29674
95807, 2012-04-25 03:20:02, 29601
95808, 2012-04-25 03:25:03, 29572
95809, 2012-04-25 03:30:01, 29532
95810, 2012-04-25 03:35:08, 29382
95811, 2012-04-25 03:40:01, 29376
95812, 2012-04-25 03:45:04, 29391
95813, 2012-04-25 03:50:01, 29346
95814, 2012-04-25 03:55:04, 29340
95815, 2012-04-25 04:00:01, 29356
95816, 2012-04-25 04:05:17, 29262
95817, 2012-04-25 04:10:01, 29438
95818, 2012-04-25 04:15:04, 29631
95819, 2012-04-25 04:20:02, 29666
95820, 2012-04-25 04:25:01, 29578
95821, 2012-04-25 04:30:01, 29630
95822, 2012-04-25 04:35:05, 29720
95823, 2012-04-25 04:40:01, 29837
95824, 2012-04-25 04:45:06, 29855
95825, 2012-04-25 04:50:01, 29892
95826, 2012-04-25 04:55:03, 29954
95827, 2012-04-25 05:00:03, 29974
95828, 2012-04-25 05:05:11, 30152
95829, 2012-04-25 05:10:01, 30557
95830, 2012-04-25 05:15:01, 30934
95831, 2012-04-25 05:20:01, 31233
95832, 2012-04-25 05:25:03, 31656
95833, 2012-04-25 05:30:01, 32069
95834, 2012-04-25 05:35:01, 32453
95835, 2012-04-25 05:40:01, 32974
95836, 2012-04-25 05:45:07, 33617
95837, 2012-04-25 05:50:02, 34208
95838, 2012-04-25 05:55:06, 34778
95839, 2012-04-25 06:00:01, 35435
95840, 2012-04-25 06:05:17, 36003
95841, 2012-04-25 06:10:01, 36889
95842, 2012-04-25 06:15:01, 37824
95843, 2012-04-25 06:20:01, 38513
95844, 2012-04-25 06:25:01, 39054
95845, 2012-04-25 06:30:01, 39669
95846, 2012-04-25 06:35:07, 40140
95847, 2012-04-25 06:40:01, 40347
95848, 2012-04-25 06:45:01, 40810
95849, 2012-04-25 06:50:01, 41152
95850, 2012-04-25 06:55:01, 41403
95851, 2012-04-25 07:00:01, 41737
95852, 2012-04-25 07:05:13, 41966
95853, 2012-04-25 07:10:01, 42235
95854, 2012-04-25 07:15:05, 42534
95855, 2012-04-25 07:20:01, 42550
95856, 2012-04-25 07:25:01, 42688
95857, 2012-04-25 07:30:01, 42817
95858, 2012-04-25 07:35:14, 42824
95859, 2012-04-25 07:40:01, 42761
95860, 2012-04-25 07:45:03, 42742
95861, 2012-04-25 07:50:01, 42676
95862, 2012-04-25 07:55:03, 42634
95863, 2012-04-25 08:00:01, 42759
95864, 2012-04-25 08:05:24, 42934
95865, 2012-04-25 08:10:01, 43123
95866, 2012-04-25 08:15:02, 43406
95867, 2012-04-25 08:20:01, 43616
95868, 2012-04-25 08:25:03, 43796
95869, 2012-04-25 08:30:01, 43884
95870, 2012-04-25 08:35:06, 43907
95871, 2012-04-25 08:40:10, 43994
95872, 2012-04-25 08:45:01, 43980
95873, 2012-04-25 08:50:01, 43938
95874, 2012-04-25 08:55:26, 43989
95875, 2012-04-25 09:00:01, 44098
95876, 2012-04-25 09:05:01, 44014
95877, 2012-04-25 09:10:01, 44083
95878, 2012-04-25 09:15:04, 44078
95879, 2012-04-25 09:20:01, 44017
95880, 2012-04-25 09:25:01, 44071
95881, 2012-04-25 09:30:01, 44100
95882, 2012-04-25 09:35:13, 44122
95883, 2012-04-25 09:40:02, 44240
95884, 2012-04-25 09:45:01, 44331
95885, 2012-04-25 09:50:01, 44343
95886, 2012-04-25 09:55:01, 44296
95887, 2012-04-25 10:00:01, 44274
95888, 2012-04-25 10:05:20, 44268
95889, 2012-04-25 10:10:01, 44425
95890, 2012-04-25 10:15:01, 44610
95891, 2012-04-25 10:20:01, 44705
95892, 2012-04-25 10:25:02, 44683
95893, 2012-04-25 10:30:01, 44630
95894, 2012-04-25 10:35:07, 44620
95895, 2012-04-25 10:40:01, 44681
95896, 2012-04-25 10:45:01, 44723
95897, 2012-04-25 10:50:01, 44724
95898, 2012-04-25 10:55:03, 44826
95899, 2012-04-25 11:00:04, 44777
95900, 2012-04-25 11:05:12, 44754
95901, 2012-04-25 11:10:01, 44846
95902, 2012-04-25 11:15:01, 44881
95903, 2012-04-25 11:20:01, 44872
95904, 2012-04-25 11:25:18, 44867
95905, 2012-04-25 11:30:01, 44797
95906, 2012-04-25 11:35:01, 44698
95907, 2012-04-25 11:40:02, 44659
95908, 2012-04-25 11:45:01, 44649
95909, 2012-04-25 11:50:01, 44558
95910, 2012-04-25 11:55:05, 44566
95911, 2012-04-25 12:00:01, 44444
95912, 2012-04-25 12:05:01, 44311
95913, 2012-04-25 12:10:01, 44396
95914, 2012-04-25 12:15:08, 44379
95915, 2012-04-25 12:20:01, 44331
95916, 2012-04-25 12:25:07, 44294
95917, 2012-04-25 12:30:01, 44289
95918, 2012-04-25 12:35:01, 44106
95919, 2012-04-25 12:40:01, 44178
95920, 2012-04-25 12:45:05, 44262
95921, 2012-04-25 12:50:01, 42539
95922, 2012-04-25 12:55:03, 44081
95923, 2012-04-25 13:00:01, 43886
95924, 2012-04-25 13:05:18, 43868
95925, 2012-04-25 13:10:01, 43851
95926, 2012-04-25 13:15:01, 43846
95927, 2012-04-25 13:20:01, 43794
95928, 2012-04-25 13:25:05, 43738
95929, 2012-04-25 13:30:01, 43762
95930, 2012-04-25 13:35:01, 43739
95931, 2012-04-25 13:40:01, 43728
95932, 2012-04-25 13:45:01, 43669
95933, 2012-04-25 13:50:01, 43613
95934, 2012-04-25 13:55:04, 43597
95935, 2012-04-25 14:00:01, 43494
95936, 2012-04-25 14:05:01, 43437
95937, 2012-04-25 14:10:01, 43395
95938, 2012-04-25 14:15:01, 43399
95939, 2012-04-25 14:20:01, 43450
95940, 2012-04-25 14:25:05, 43381
95941, 2012-04-25 14:30:01, 43425
95942, 2012-04-25 14:35:02, 43462
95943, 2012-04-25 14:40:01, 43518
95944, 2012-04-25 14:45:09, 43547
95945, 2012-04-25 14:50:01, 43669
95946, 2012-04-25 14:55:01, 43760
95947, 2012-04-25 15:00:01, 43943
95948, 2012-04-25 15:05:25, 44045
95949, 2012-04-25 15:10:01, 44147
95950, 2012-04-25 15:15:04, 44223
95951, 2012-04-25 15:20:01, 44421
95952, 2012-04-25 15:25:02, 44527
95953, 2012-04-25 15:30:01, 44586
95954, 2012-04-25 15:35:06, 44650
95955, 2012-04-25 15:40:01, 44787
95956, 2012-04-25 15:45:06, 44831
95957, 2012-04-25 15:50:01, 44854
95958, 2012-04-25 15:55:02, 44972
95959, 2012-04-25 16:00:01, 44997
95960, 2012-04-25 16:05:01, 45093
95961, 2012-04-25 16:10:01, 45106
95962, 2012-04-25 16:15:02, 45024
95963, 2012-04-25 16:20:01, 45006
95964, 2012-04-25 16:25:04, 45016
95965, 2012-04-25 16:30:01, 44951
95966, 2012-04-25 16:35:11, 44929
95967, 2012-04-25 16:40:01, 44747
95968, 2012-04-25 16:45:01, 44609
95969, 2012-04-25 16:50:02, 44422
95970, 2012-04-25 16:55:05, 44320
95971, 2012-04-25 17:00:02, 44186
95972, 2012-04-25 17:05:13, 44117
95973, 2012-04-25 17:10:01, 44196
95974, 2012-04-25 17:15:01, 44075
95975, 2012-04-25 17:20:01, 43943
95976, 2012-04-25 17:25:01, 43844
95977, 2012-04-25 17:30:01, 43627
95978, 2012-04-25 17:35:08, 43673
95979, 2012-04-25 17:40:01, 43620
95980, 2012-04-25 17:45:08, 43595
95981, 2012-04-25 17:50:01, 43552
95982, 2012-04-25 17:55:02, 43376
95983, 2012-04-25 18:00:01, 43156
95984, 2012-04-25 18:05:01, 43162
95985, 2012-04-25 18:10:01, 43030
95986, 2012-04-25 18:15:01, 42816
95987, 2012-04-25 18:20:01, 42839
95988, 2012-04-25 18:25:04, 42633
95989, 2012-04-25 18:30:01, 42494
95990, 2012-04-25 18:35:09, 42632
95991, 2012-04-25 18:40:01, 42723
95992, 2012-04-25 18:45:03, 42731
95993, 2012-04-25 18:50:01, 42663
95994, 2012-04-25 18:55:02, 42572
95995, 2012-04-25 19:00:01, 42475
95996, 2012-04-25 19:05:08, 42526
95997, 2012-04-25 19:10:01, 42663
95998, 2012-04-25 19:15:06, 42534
95999, 2012-04-25 19:20:01, 42443
96000, 2012-04-25 19:25:04, 42331
96001, 2012-04-25 19:30:02, 42321
96002, 2012-04-25 19:35:01, 42408
96003, 2012-04-25 19:40:01, 42592
96004, 2012-04-25 19:45:01, 42837
96005, 2012-04-25 19:50:01, 42730
96006, 2012-04-25 19:55:03, 42644
96007, 2012-04-25 20:00:04, 42322
96008, 2012-04-25 20:05:19, 42206
96009, 2012-04-25 20:10:01, 42374
96010, 2012-04-25 20:15:03, 42123
96011, 2012-04-25 20:20:04, 41711
96012, 2012-04-25 20:25:01, 41468
96013, 2012-04-25 20:30:01, 41093
96014, 2012-04-25 20:35:07, 40708
96015, 2012-04-25 20:40:01, 40268
96016, 2012-04-25 20:45:04, 40183
96017, 2012-04-25 20:50:01, 39831
96018, 2012-04-25 20:55:03, 39510
96019, 2012-04-25 21:00:01, 39116
96020, 2012-04-25 21:05:01, 38838
96021, 2012-04-25 21:10:01, 38660
96022, 2012-04-25 21:15:08, 38156
96023, 2012-04-25 21:20:02, 37915
96024, 2012-04-25 21:25:06, 37418
96025, 2012-04-25 21:30:01, 36895
96026, 2012-04-25 21:35:09, 36571
96027, 2012-04-25 21:40:01, 36351
96028, 2012-04-25 21:45:01, 35948
96029, 2012-04-25 21:50:01, 35539
96030, 2012-04-25 21:55:04, 35026
96031, 2012-04-25 22:00:01, 34646
96032, 2012-04-25 22:05:34, 34184
96033, 2012-04-25 22:10:01, 34000
96034, 2012-04-25 22:15:02, 33779
96035, 2012-04-25 22:20:01, 33411
96036, 2012-04-25 22:25:08, 32940
96037, 2012-04-25 22:30:01, 32494
96038, 2012-04-25 22:35:14, 32145
96039, 2012-04-25 22:40:01, 32298
96040, 2012-04-25 22:45:01, 32125
96041, 2012-04-25 22:50:01, 31937
96042, 2012-04-25 22:55:01, 31643
96043, 2012-04-25 23:00:01, 31317
96044, 2012-04-25 23:05:24, 30918
96045, 2012-04-25 23:10:01, 30918
96046, 2012-04-25 23:15:03, 30918
96047, 2012-04-25 23:20:01, 30918
96048, 2012-04-25 23:25:06, 30918
96049, 2012-04-25 23:30:01, 30918
96050, 2012-04-25 23:35:01, 30918
96051, 2012-04-25 23:40:01, 30918
96052, 2012-04-25 23:45:01, 30918
96053, 2012-04-25 23:50:01, 30918
96054, 2012-04-25 23:55:04, 30918
96055, 2012-04-26 00:00:01, 30918
96056, 2012-04-26 00:05:26, 29558
96057, 2012-04-26 00:10:01, 30048
96058, 2012-04-26 00:15:01, 30337
96059, 2012-04-26 00:20:01, 30488
96060, 2012-04-26 00:25:10, 30583
96061, 2012-04-26 00:30:05, 30529
96062, 2012-04-26 00:35:20, 30473
96063, 2012-04-26 00:40:01, 30766
96064, 2012-04-26 00:45:08, 30961
96065, 2012-04-26 00:50:01, 31090
96066, 2012-04-26 00:55:01, 31128
96067, 2012-04-26 01:00:02, 31074
96068, 2012-04-26 01:05:09, 31024
96069, 2012-04-26 01:10:01, 31083
96070, 2012-04-26 01:15:06, 31051
96071, 2012-04-26 01:20:01, 30937
96072, 2012-04-26 01:25:13, 30904
96073, 2012-04-26 01:30:01, 30825
96074, 2012-04-26 01:35:02, 30785
96075, 2012-04-26 01:40:01, 30838
96076, 2012-04-26 01:45:01, 30768
96077, 2012-04-26 01:50:01, 30633
96078, 2012-04-26 01:55:01, 30570
96079, 2012-04-26 02:00:01, 30465
96080, 2012-04-26 02:05:20, 30354
96081, 2012-04-26 02:10:02, 30287
96082, 2012-04-26 02:15:03, 30212
96083, 2012-04-26 02:20:01, 30114
96084, 2012-04-26 02:25:17, 30103
96085, 2012-04-26 02:30:02, 30026
96086, 2012-04-26 02:35:01, 30003
96087, 2012-04-26 02:40:01, 29952
96088, 2012-04-26 02:45:02, 29951
96089, 2012-04-26 02:50:01, 29870
96090, 2012-04-26 02:55:05, 29825
96091, 2012-04-26 03:00:04, 29694
96092, 2012-04-26 03:05:06, 29630
96093, 2012-04-26 03:10:01, 29576
96094, 2012-04-26 03:15:05, 29540
96095, 2012-04-26 03:20:01, 29454
96096, 2012-04-26 03:25:08, 29388
96097, 2012-04-26 03:30:01, 29284
96098, 2012-04-26 03:35:01, 29213
96099, 2012-04-26 03:40:02, 29324
96100, 2012-04-26 03:45:01, 29266
96101, 2012-04-26 03:50:01, 29280
96102, 2012-04-26 03:55:09, 29274
96103, 2012-04-26 04:00:01, 29289
96104, 2012-04-26 04:05:40, 29290
96105, 2012-04-26 04:10:02, 29510
96106, 2012-04-26 04:15:01, 29533
96107, 2012-04-26 04:20:01, 29761
96108, 2012-04-26 04:25:06, 29852
96109, 2012-04-26 04:30:02, 29830
96110, 2012-04-26 04:35:16, 29806
96111, 2012-04-26 04:40:02, 29866
96112, 2012-04-26 04:45:01, 29938
96113, 2012-04-26 04:50:02, 29714
96114, 2012-04-26 04:55:05, 29889
96115, 2012-04-26 05:00:01, 30074
96116, 2012-04-26 05:05:11, 30078
96117, 2012-04-26 05:10:01, 30355
96118, 2012-04-26 05:15:01, 30814
96119, 2012-04-26 05:20:01, 30991
96120, 2012-04-26 05:25:01, 31363
96121, 2012-04-26 05:30:01, 31814
96122, 2012-04-26 05:35:13, 32215
96123, 2012-04-26 05:40:01, 32785
96124, 2012-04-26 05:45:02, 33457
96125, 2012-04-26 05:50:01, 34017
96126, 2012-04-26 05:55:04, 34684
96127, 2012-04-26 06:00:01, 35298
96128, 2012-04-26 06:05:24, 35815
96129, 2012-04-26 06:10:01, 36573
96130, 2012-04-26 06:15:01, 37520
96131, 2012-04-26 06:20:01, 38155
96132, 2012-04-26 06:25:01, 38606
96133, 2012-04-26 06:30:01, 39036
96134, 2012-04-26 06:35:01, 39334
96135, 2012-04-26 06:40:01, 39602
96136, 2012-04-26 06:45:01, 40031
96137, 2012-04-26 06:50:02, 40393
96138, 2012-04-26 06:55:02, 40673
96139, 2012-04-26 07:00:01, 40863
96140, 2012-04-26 07:05:01, 41084
96141, 2012-04-26 07:10:01, 41257
96142, 2012-04-26 07:15:01, 41471
96143, 2012-04-26 07:20:01, 41671
96144, 2012-04-26 07:25:06, 41780
96145, 2012-04-26 07:30:01, 41837
96146, 2012-04-26 07:35:08, 41874
96147, 2012-04-26 07:40:01, 41746
96148, 2012-04-26 07:45:01, 41583
96149, 2012-04-26 07:50:01, 41535
96150, 2012-04-26 07:55:05, 41636
96151, 2012-04-26 08:00:01, 41726
96152, 2012-04-26 08:05:09, 41863
96153, 2012-04-26 08:10:01, 42071
96154, 2012-04-26 08:15:01, 42305
96155, 2012-04-26 08:20:01, 42440
96156, 2012-04-26 08:25:10, 42501
96157, 2012-04-26 08:30:01, 42505
96158, 2012-04-26 08:35:08, 42545
96159, 2012-04-26 08:40:01, 42602
96160, 2012-04-26 08:45:05, 42598
96161, 2012-04-26 08:50:03, 42555
96162, 2012-04-26 08:55:04, 42578
96163, 2012-04-26 09:00:01, 42530
96164, 2012-04-26 09:05:01, 42595
96165, 2012-04-26 09:10:01, 42601
96166, 2012-04-26 09:15:08, 42514
96167, 2012-04-26 09:20:01, 42489
96168, 2012-04-26 09:25:40, 42584
96169, 2012-04-26 09:30:01, 42573
96170, 2012-04-26 09:35:24, 42618
96171, 2012-04-26 09:40:01, 42695
96172, 2012-04-26 09:45:33, 42722
96173, 2012-04-26 09:50:01, 42693
96174, 2012-04-26 09:55:01, 42717
96175, 2012-04-26 10:00:01, 42748
96176, 2012-04-26 10:05:01, 42690
96177, 2012-04-26 10:10:02, 42630
96178, 2012-04-26 10:15:01, 42666
96179, 2012-04-26 10:20:01, 42712
96180, 2012-04-26 10:25:03, 42769
96181, 2012-04-26 10:30:01, 42786
96182, 2012-04-26 10:35:13, 42807
96183, 2012-04-26 10:40:01, 42774
96184, 2012-04-26 10:45:01, 42700
96185, 2012-04-26 10:50:01, 42783
96186, 2012-04-26 10:55:05, 42814
96187, 2012-04-26 11:00:01, 42775
96188, 2012-04-26 11:05:01, 42765
96189, 2012-04-26 11:10:01, 42705
96190, 2012-04-26 11:15:04, 42807
96191, 2012-04-26 11:20:01, 42866
96192, 2012-04-26 11:25:03, 42850
96193, 2012-04-26 11:30:01, 42662
96194, 2012-04-26 11:35:09, 42589
96195, 2012-04-26 11:40:01, 42516
96196, 2012-04-26 11:45:04, 42456
96197, 2012-04-26 11:50:01, 42458
96198, 2012-04-26 11:55:02, 42388
96199, 2012-04-26 12:00:01, 42340
96200, 2012-04-26 12:05:12, 42306
96201, 2012-04-26 12:10:01, 42363
96202, 2012-04-26 12:15:05, 42281
96203, 2012-04-26 12:20:01, 42164
96204, 2012-04-26 12:25:07, 42070
96205, 2012-04-26 12:30:01, 41916
96206, 2012-04-26 12:35:04, 41843
96207, 2012-04-26 12:40:01, 41906
96208, 2012-04-26 12:45:01, 41944
96209, 2012-04-26 12:50:01, 41928
96210, 2012-04-26 12:55:04, 41869
96211, 2012-04-26 13:00:01, 41735
96212, 2012-04-26 13:05:09, 41694
96213, 2012-04-26 13:10:02, 41790
96214, 2012-04-26 13:15:01, 41880
96215, 2012-04-26 13:20:02, 41813
96216, 2012-04-26 13:25:03, 41835
96217, 2012-04-26 13:30:01, 41857
96218, 2012-04-26 13:35:01, 41815
96219, 2012-04-26 13:40:01, 41720
96220, 2012-04-26 13:45:04, 41564
96221, 2012-04-26 13:50:01, 41508
96222, 2012-04-26 13:55:08, 41538
96223, 2012-04-26 14:00:01, 41432
96224, 2012-04-26 14:05:01, 41331
96225, 2012-04-26 14:10:01, 41335
96226, 2012-04-26 14:15:01, 41370
96227, 2012-04-26 14:20:01, 41341
96228, 2012-04-26 14:25:04, 41319
96229, 2012-04-26 14:30:01, 41233
96230, 2012-04-26 14:35:01, 41366
96231, 2012-04-26 14:40:01, 41483
96232, 2012-04-26 14:45:04, 41566
96233, 2012-04-26 14:50:01, 41598
96234, 2012-04-26 14:55:04, 41799
96235, 2012-04-26 15:00:01, 41964
96236, 2012-04-26 15:05:01, 42036
96237, 2012-04-26 15:10:01, 42133
96238, 2012-04-26 15:15:04, 42343
96239, 2012-04-26 15:20:02, 42456
96240, 2012-04-26 15:25:01, 42593
96241, 2012-04-26 15:30:01, 42674
96242, 2012-04-26 15:35:01, 42804
96243, 2012-04-26 15:40:03, 42871
96244, 2012-04-26 15:45:01, 42999
96245, 2012-04-26 15:50:01, 43137
96246, 2012-04-26 15:55:05, 43224
96247, 2012-04-26 16:00:01, 43271
96248, 2012-04-26 16:05:07, 43422
96249, 2012-04-26 16:10:01, 43458
96250, 2012-04-26 16:15:01, 43380
96251, 2012-04-26 16:20:01, 43268
96252, 2012-04-26 16:25:01, 43246
96253, 2012-04-26 16:30:01, 43240
96254, 2012-04-26 16:35:09, 43112
96255, 2012-04-26 16:40:01, 42988
96256, 2012-04-26 16:45:06, 42762
96257, 2012-04-26 16:50:01, 42655
96258, 2012-04-26 16:55:03, 42518
96259, 2012-04-26 17:00:01, 42340
96260, 2012-04-26 17:05:01, 42437
96261, 2012-04-26 17:10:01, 42636
96262, 2012-04-26 17:15:04, 42512
96263, 2012-04-26 17:20:01, 42353
96264, 2012-04-26 17:25:04, 42293
96265, 2012-04-26 17:30:01, 42185
96266, 2012-04-26 17:35:08, 42011
96267, 2012-04-26 17:40:01, 42044
96268, 2012-04-26 17:45:06, 41961
96269, 2012-04-26 17:50:01, 41885
96270, 2012-04-26 17:55:01, 41882
96271, 2012-04-26 18:00:02, 41709
96272, 2012-04-26 18:05:13, 41657
96273, 2012-04-26 18:10:01, 41605
96274, 2012-04-26 18:15:03, 41495
96275, 2012-04-26 18:20:01, 41454
96276, 2012-04-26 18:25:02, 41272
96277, 2012-04-26 18:30:01, 41146
96278, 2012-04-26 18:35:01, 41136
96279, 2012-04-26 18:40:01, 41310
96280, 2012-04-26 18:45:03, 41221
96281, 2012-04-26 18:50:01, 41106
96282, 2012-04-26 18:55:02, 41007
96283, 2012-04-26 19:00:01, 40930
96284, 2012-04-26 19:05:07, 40954
96285, 2012-04-26 19:10:01, 41164
96286, 2012-04-26 19:15:01, 41110
96287, 2012-04-26 19:20:01, 41203
96288, 2012-04-26 19:25:03, 41126
96289, 2012-04-26 19:30:01, 41084
96290, 2012-04-26 19:35:08, 41435
96291, 2012-04-26 19:40:01, 41629
96292, 2012-04-26 19:45:03, 41606
96293, 2012-04-26 19:50:01, 41655
96294, 2012-04-26 19:55:01, 41636
96295, 2012-04-26 20:00:01, 41400
96296, 2012-04-26 20:05:07, 41432
96297, 2012-04-26 20:10:01, 41701
96298, 2012-04-26 20:15:03, 41362
96299, 2012-04-26 20:20:01, 41065
96300, 2012-04-26 20:25:02, 40848
96301, 2012-04-26 20:30:01, 40559
96302, 2012-04-26 20:35:02, 40123
96303, 2012-04-26 20:40:01, 39735
96304, 2012-04-26 20:45:02, 39422
96305, 2012-04-26 20:50:01, 39178
96306, 2012-04-26 20:55:03, 38842
96307, 2012-04-26 21:00:01, 38613
96308, 2012-04-26 21:05:09, 38200
96309, 2012-04-26 21:10:01, 38217
96310, 2012-04-26 21:15:02, 37801
96311, 2012-04-26 21:20:01, 37290
96312, 2012-04-26 21:25:01, 36783
96313, 2012-04-26 21:30:01, 36326
96314, 2012-04-26 21:35:11, 35860
96315, 2012-04-26 21:40:01, 35644
96316, 2012-04-26 21:45:04, 35351
96317, 2012-04-26 21:50:01, 34869
96318, 2012-04-26 21:55:04, 34455
96319, 2012-04-26 22:00:01, 34002
96320, 2012-04-26 22:05:01, 33585
96321, 2012-04-26 22:10:01, 33245
96322, 2012-04-26 22:15:01, 32878
96323, 2012-04-26 22:20:01, 32484
96324, 2012-04-26 22:25:03, 32154
96325, 2012-04-26 22:30:01, 31954
96326, 2012-04-26 22:35:15, 31610
96327, 2012-04-26 22:40:01, 31480
96328, 2012-04-26 22:45:06, 31212
96329, 2012-04-26 22:50:01, 31106
96330, 2012-04-26 22:55:01, 30799
96331, 2012-04-26 23:00:01, 30479
96332, 2012-04-26 23:05:01, 30221
96333, 2012-04-26 23:10:01, 30221
96334, 2012-04-26 23:15:04, 30221
96335, 2012-04-26 23:20:01, 30221
96336, 2012-04-26 23:25:03, 30221
96337, 2012-04-26 23:30:01, 30221
96338, 2012-04-26 23:35:04, 30221
96339, 2012-04-26 23:40:01, 30221
96340, 2012-04-26 23:45:01, 30221
96341, 2012-04-26 23:50:01, 30221
96342, 2012-04-26 23:55:03, 30221
96343, 2012-04-27 00:00:01, 30221
96344, 2012-04-27 00:05:10, 29219
96345, 2012-04-27 00:10:01, 29592
96346, 2012-04-27 00:15:05, 29837
96347, 2012-04-27 00:20:01, 29955
96348, 2012-04-27 00:25:01, 29998
96349, 2012-04-27 00:30:01, 30024
96350, 2012-04-27 00:35:01, 30008
96351, 2012-04-27 00:40:01, 30294
96352, 2012-04-27 00:45:01, 30522
96353, 2012-04-27 00:50:01, 30545
96354, 2012-04-27 00:55:03, 30584
96355, 2012-04-27 01:00:01, 30549
96356, 2012-04-27 01:05:08, 30489
96357, 2012-04-27 01:10:01, 30480
96358, 2012-04-27 01:15:04, 30358
96359, 2012-04-27 01:20:01, 30289
96360, 2012-04-27 01:25:01, 30236
96361, 2012-04-27 01:30:01, 30191
96362, 2012-04-27 01:35:01, 30121
96363, 2012-04-27 01:40:02, 30160
96364, 2012-04-27 01:45:01, 30051
96365, 2012-04-27 01:50:01, 30033
96366, 2012-04-27 01:55:07, 29963
96367, 2012-04-27 02:00:01, 29847
96368, 2012-04-27 02:05:14, 29731
96369, 2012-04-27 02:10:01, 29849
96370, 2012-04-27 02:15:01, 29775
96371, 2012-04-27 02:20:01, 29692
96372, 2012-04-27 02:25:05, 29641
96373, 2012-04-27 02:30:01, 29616
96374, 2012-04-27 02:35:09, 29553
96375, 2012-04-27 02:40:01, 29642
96376, 2012-04-27 02:45:01, 29608
96377, 2012-04-27 02:50:02, 29532
96378, 2012-04-27 02:55:01, 29363
96379, 2012-04-27 03:00:01, 29337
96380, 2012-04-27 03:05:12, 29285
96381, 2012-04-27 03:10:01, 29214
96382, 2012-04-27 03:15:03, 29194
96383, 2012-04-27 03:20:01, 29082
96384, 2012-04-27 03:25:04, 29026
96385, 2012-04-27 03:30:01, 28928
96386, 2012-04-27 03:35:01, 28878
96387, 2012-04-27 03:40:01, 28973
96388, 2012-04-27 03:45:01, 28941
96389, 2012-04-27 03:50:01, 28899
96390, 2012-04-27 03:55:06, 28927
96391, 2012-04-27 04:00:02, 28970
96392, 2012-04-27 04:05:01, 28796
96393, 2012-04-27 04:10:04, 28600
96394, 2012-04-27 04:15:01, 28645
96395, 2012-04-27 04:20:01, 28655
96396, 2012-04-27 04:25:05, 28860
96397, 2012-04-27 04:30:01, 29068
96398, 2012-04-27 04:35:01, 29091
96399, 2012-04-27 04:40:01, 29118
96400, 2012-04-27 04:45:04, 29245
96401, 2012-04-27 04:50:03, 29278
96402, 2012-04-27 04:55:06, 29389
96403, 2012-04-27 05:00:01, 29607
96404, 2012-04-27 05:05:04, 29652
96405, 2012-04-27 05:10:01, 30023
96406, 2012-04-27 05:15:01, 30605
96407, 2012-04-27 05:20:02, 31052
96408, 2012-04-27 05:25:04, 31586
96409, 2012-04-27 05:30:01, 31956
96410, 2012-04-27 05:35:09, 32440
96411, 2012-04-27 05:40:01, 33016
96412, 2012-04-27 05:45:01, 33673
96413, 2012-04-27 05:50:01, 34120
96414, 2012-04-27 05:55:01, 34633
96415, 2012-04-27 06:00:01, 35146
96416, 2012-04-27 06:05:05, 35642
96417, 2012-04-27 06:10:01, 36506
96418, 2012-04-27 06:15:01, 37356
96419, 2012-04-27 06:20:01, 37961
96420, 2012-04-27 06:25:01, 38374
96421, 2012-04-27 06:30:01, 38866
96422, 2012-04-27 06:35:08, 39203
96423, 2012-04-27 06:40:01, 39477
96424, 2012-04-27 06:45:01, 39970
96425, 2012-04-27 06:50:02, 40376
96426, 2012-04-27 06:55:03, 40674
96427, 2012-04-27 07:00:02, 40960
96428, 2012-04-27 07:05:15, 41158
96429, 2012-04-27 07:10:01, 41329
96430, 2012-04-27 07:15:04, 41590
96431, 2012-04-27 07:20:01, 41734
96432, 2012-04-27 07:25:01, 41783
96433, 2012-04-27 07:30:02, 41789
96434, 2012-04-27 07:35:04, 41716
96435, 2012-04-27 07:40:01, 41612
96436, 2012-04-27 07:45:13, 41597
96437, 2012-04-27 07:50:01, 41644
96438, 2012-04-27 07:55:11, 41658
96439, 2012-04-27 08:00:01, 41686
96440, 2012-04-27 08:05:17, 41851
96441, 2012-04-27 08:10:01, 42125
96442, 2012-04-27 08:15:01, 42313
96443, 2012-04-27 08:20:01, 42441
96444, 2012-04-27 08:25:04, 42454
96445, 2012-04-27 08:30:01, 42555
96446, 2012-04-27 08:35:08, 42607
96447, 2012-04-27 08:40:01, 42596
96448, 2012-04-27 08:45:02, 42568
96449, 2012-04-27 08:50:01, 42563
96450, 2012-04-27 08:55:03, 42505
96451, 2012-04-27 09:00:01, 42490
96452, 2012-04-27 09:05:10, 42636
96453, 2012-04-27 09:10:02, 42650
96454, 2012-04-27 09:15:09, 42757
96455, 2012-04-27 09:20:01, 42807
96456, 2012-04-27 09:25:03, 42866
96457, 2012-04-27 09:30:01, 42836
96458, 2012-04-27 09:35:01, 42818
96459, 2012-04-27 09:40:01, 42853
96460, 2012-04-27 09:45:02, 42956
96461, 2012-04-27 09:50:01, 42982
96462, 2012-04-27 09:55:38, 42869
96463, 2012-04-27 10:00:01, 42908
96464, 2012-04-27 10:05:11, 42914
96465, 2012-04-27 10:10:01, 43072
96466, 2012-04-27 10:15:04, 43115
96467, 2012-04-27 10:20:01, 43086
96468, 2012-04-27 10:25:06, 43066
96469, 2012-04-27 10:30:01, 42998
96470, 2012-04-27 10:35:10, 42943
96471, 2012-04-27 10:40:01, 42909
96472, 2012-04-27 10:45:01, 42925
96473, 2012-04-27 10:50:01, 42932
96474, 2012-04-27 10:55:03, 42944
96475, 2012-04-27 11:00:01, 42952
96476, 2012-04-27 11:05:02, 42987
96477, 2012-04-27 11:10:01, 42977
96478, 2012-04-27 11:15:14, 42972
96479, 2012-04-27 11:20:01, 43008
96480, 2012-04-27 11:25:04, 42925
96481, 2012-04-27 11:30:01, 42743
96482, 2012-04-27 11:35:01, 42660
96483, 2012-04-27 11:40:01, 42593
96484, 2012-04-27 11:45:05, 42568
96485, 2012-04-27 11:50:01, 42455
96486, 2012-04-27 11:55:04, 42328
96487, 2012-04-27 12:00:01, 42184
96488, 2012-04-27 12:05:08, 42132
96489, 2012-04-27 12:10:01, 42157
96490, 2012-04-27 12:15:01, 42151
96491, 2012-04-27 12:20:01, 42004
96492, 2012-04-27 12:25:03, 41968
96493, 2012-04-27 12:30:02, 41811
96494, 2012-04-27 12:35:03, 41720
96495, 2012-04-27 12:40:01, 41771
96496, 2012-04-27 12:45:04, 41681
96497, 2012-04-27 12:50:01, 41561
96498, 2012-04-27 12:55:05, 41437
96499, 2012-04-27 13:00:01, 41422
96500, 2012-04-27 13:05:01, 41324
96501, 2012-04-27 13:10:01, 41398
96502, 2012-04-27 13:15:05, 41409
96503, 2012-04-27 13:20:01, 41339
96504, 2012-04-27 13:25:04, 41287
96505, 2012-04-27 13:30:01, 41222
96506, 2012-04-27 13:35:23, 41162
96507, 2012-04-27 13:40:01, 41175
96508, 2012-04-27 13:45:01, 41092
96509, 2012-04-27 13:50:01, 40996
96510, 2012-04-27 13:55:03, 40877
96511, 2012-04-27 14:00:01, 40797
96512, 2012-04-27 14:05:10, 40708
96513, 2012-04-27 14:10:01, 40651
96514, 2012-04-27 14:15:01, 40606
96515, 2012-04-27 14:20:01, 40545
96516, 2012-04-27 14:25:01, 40530
96517, 2012-04-27 14:30:01, 40449
96518, 2012-04-27 14:35:01, 40470
96519, 2012-04-27 14:40:01, 40542
96520, 2012-04-27 14:45:02, 40643
96521, 2012-04-27 14:50:01, 40707
96522, 2012-04-27 14:55:01, 40906
96523, 2012-04-27 15:00:05, 40929
96524, 2012-04-27 15:05:01, 40955
96525, 2012-04-27 15:10:01, 40963
96526, 2012-04-27 15:15:01, 41053
96527, 2012-04-27 15:20:02, 41208
96528, 2012-04-27 15:25:05, 41343
96529, 2012-04-27 15:30:01, 41349
96530, 2012-04-27 15:35:16, 41463
96531, 2012-04-27 15:40:01, 41551
96532, 2012-04-27 15:45:03, 41553
96533, 2012-04-27 15:50:01, 41629
96534, 2012-04-27 15:55:03, 41663
96535, 2012-04-27 16:00:01, 41614
96536, 2012-04-27 16:05:01, 41783
96537, 2012-04-27 16:10:01, 41917
96538, 2012-04-27 16:15:01, 41893
96539, 2012-04-27 16:20:01, 41871
96540, 2012-04-27 16:25:04, 41967
96541, 2012-04-27 16:30:01, 41957
96542, 2012-04-27 16:35:07, 41897
96543, 2012-04-27 16:40:01, 41850
96544, 2012-04-27 16:45:04, 41622
96545, 2012-04-27 16:50:01, 41422
96546, 2012-04-27 16:55:01, 41393
96547, 2012-04-27 17:00:01, 41218
96548, 2012-04-27 17:05:14, 41220
96549, 2012-04-27 17:10:01, 41307
96550, 2012-04-27 17:15:05, 41105
96551, 2012-04-27 17:20:01, 40945
96552, 2012-04-27 17:25:03, 40866
96553, 2012-04-27 17:30:02, 40752
96554, 2012-04-27 17:35:01, 40693
96555, 2012-04-27 17:40:01, 40652
96556, 2012-04-27 17:45:01, 40656
96557, 2012-04-27 17:50:01, 40617
96558, 2012-04-27 17:55:02, 40512
96559, 2012-04-27 18:00:02, 40459
96560, 2012-04-27 18:05:08, 40379
96561, 2012-04-27 18:10:01, 40372
96562, 2012-04-27 18:15:02, 40202
96563, 2012-04-27 18:20:01, 40078
96564, 2012-04-27 18:25:01, 39951
96565, 2012-04-27 18:30:01, 39697
96566, 2012-04-27 18:35:06, 39682
96567, 2012-04-27 18:40:01, 39797
96568, 2012-04-27 18:45:01, 39623
96569, 2012-04-27 18:50:01, 39459
96570, 2012-04-27 18:55:03, 39507
96571, 2012-04-27 19:00:02, 39259
96572, 2012-04-27 19:05:01, 39253
96573, 2012-04-27 19:10:01, 39565
96574, 2012-04-27 19:15:01, 39530
96575, 2012-04-27 19:20:02, 39438
96576, 2012-04-27 19:25:06, 39309
96577, 2012-04-27 19:30:01, 39153
96578, 2012-04-27 19:35:06, 39183
96579, 2012-04-27 19:40:01, 39559
96580, 2012-04-27 19:45:02, 39584
96581, 2012-04-27 19:50:01, 39896
96582, 2012-04-27 19:55:03, 39726
96583, 2012-04-27 20:00:01, 39626
96584, 2012-04-27 20:05:08, 39805
96585, 2012-04-27 20:10:01, 39908
96586, 2012-04-27 20:15:03, 39569
96587, 2012-04-27 20:20:01, 39330
96588, 2012-04-27 20:25:01, 39206
96589, 2012-04-27 20:30:01, 38879
96590, 2012-04-27 20:35:01, 38544
96591, 2012-04-27 20:40:01, 38377
96592, 2012-04-27 20:45:03, 38084
96593, 2012-04-27 20:50:02, 37748
96594, 2012-04-27 20:55:03, 37542
96595, 2012-04-27 21:00:01, 37274
96596, 2012-04-27 21:05:01, 36908
96597, 2012-04-27 21:10:01, 36945
96598, 2012-04-27 21:15:02, 36390
96599, 2012-04-27 21:20:01, 35957
96600, 2012-04-27 21:25:04, 35628
96601, 2012-04-27 21:30:01, 35370
96602, 2012-04-27 21:35:14, 35141
96603, 2012-04-27 21:40:02, 35115
96604, 2012-04-27 21:45:08, 34750
96605, 2012-04-27 21:50:01, 34321
96606, 2012-04-27 21:55:01, 34057
96607, 2012-04-27 22:00:01, 33722
96608, 2012-04-27 22:05:01, 33372
96609, 2012-04-27 22:10:01, 33090
96610, 2012-04-27 22:15:03, 32790
96611, 2012-04-27 22:20:01, 32462
96612, 2012-04-27 22:25:04, 32095
96613, 2012-04-27 22:30:01, 31778
96614, 2012-04-27 22:35:01, 31522
96615, 2012-04-27 22:40:01, 31320
96616, 2012-04-27 22:45:02, 31040
96617, 2012-04-27 22:50:01, 30753
96618, 2012-04-27 22:55:02, 30725
96619, 2012-04-27 23:00:02, 30513
96620, 2012-04-27 23:05:07, 30481
96621, 2012-04-27 23:10:01, 30481
96622, 2012-04-27 23:15:04, 30481
96623, 2012-04-27 23:20:01, 30481
96624, 2012-04-27 23:25:01, 30481
96625, 2012-04-27 23:30:01, 30481
96626, 2012-04-27 23:35:15, 30481
96627, 2012-04-27 23:40:01, 30481
96628, 2012-04-27 23:45:03, 30481
96629, 2012-04-27 23:50:04, 30481
96630, 2012-04-27 23:55:01, 30481
96631, 2012-04-28 00:00:01, 30481
96632, 2012-04-28 00:05:02, 28832
96633, 2012-04-28 00:10:04, 29027
96634, 2012-04-28 00:15:05, 29141
96635, 2012-04-28 00:20:01, 29217
96636, 2012-04-28 00:25:06, 29207
96637, 2012-04-28 00:30:01, 29131
96638, 2012-04-28 00:35:01, 29001
96639, 2012-04-28 00:40:01, 29300
96640, 2012-04-28 00:45:01, 29267
96641, 2012-04-28 00:50:01, 29309
96642, 2012-04-28 00:55:03, 29351
96643, 2012-04-28 01:00:01, 29308
96644, 2012-04-28 01:05:09, 29430
96645, 2012-04-28 01:10:01, 29575
96646, 2012-04-28 01:15:04, 29693
96647, 2012-04-28 01:20:01, 29607
96648, 2012-04-28 01:25:01, 29458
96649, 2012-04-28 01:30:01, 29379
96650, 2012-04-28 01:35:13, 29258
96651, 2012-04-28 01:40:01, 29337
96652, 2012-04-28 01:45:04, 29460
96653, 2012-04-28 01:50:01, 29333
96654, 2012-04-28 01:55:01, 29259
96655, 2012-04-28 02:00:01, 29124
96656, 2012-04-28 02:05:11, 29019
96657, 2012-04-28 02:10:01, 28986
96658, 2012-04-28 02:15:02, 28865
96659, 2012-04-28 02:20:04, 28768
96660, 2012-04-28 02:25:05, 28743
96661, 2012-04-28 02:30:01, 28649
96662, 2012-04-28 02:35:01, 28568
96663, 2012-04-28 02:40:02, 28587
96664, 2012-04-28 02:45:01, 28590
96665, 2012-04-28 02:50:01, 28460
96666, 2012-04-28 02:55:02, 28470
96667, 2012-04-28 03:00:01, 28417
96668, 2012-04-28 03:05:19, 28288
96669, 2012-04-28 03:10:01, 28122
96670, 2012-04-28 03:15:04, 28009
96671, 2012-04-28 03:20:01, 27901
96672, 2012-04-28 03:25:04, 27888
96673, 2012-04-28 03:30:01, 27737
96674, 2012-04-28 03:35:21, 27677
96675, 2012-04-28 03:40:01, 27712
96676, 2012-04-28 03:45:05, 27648
96677, 2012-04-28 03:50:01, 27548
96678, 2012-04-28 03:55:03, 27430
96679, 2012-04-28 04:00:01, 27260
96680, 2012-04-28 04:05:15, 27238
96681, 2012-04-28 04:10:01, 27353
96682, 2012-04-28 04:15:04, 27322
96683, 2012-04-28 04:20:01, 27323
96684, 2012-04-28 04:25:01, 27225
96685, 2012-04-28 04:30:01, 27084
96686, 2012-04-28 04:35:10, 26942
96687, 2012-04-28 04:40:01, 26978
96688, 2012-04-28 04:45:03, 27054
96689, 2012-04-28 04:50:05, 27001
96690, 2012-04-28 04:55:01, 27016
96691, 2012-04-28 05:00:03, 26939
96692, 2012-04-28 05:05:07, 27118
96693, 2012-04-28 05:10:01, 27513
96694, 2012-04-28 05:15:06, 27683
96695, 2012-04-28 05:20:01, 27808
96696, 2012-04-28 05:25:01, 27945
96697, 2012-04-28 05:30:01, 28074
96698, 2012-04-28 05:35:05, 28230
96699, 2012-04-28 05:40:01, 28290
96700, 2012-04-28 05:45:04, 28477
96701, 2012-04-28 05:50:01, 28619
96702, 2012-04-28 05:55:03, 28643
96703, 2012-04-28 06:00:01, 28743
96704, 2012-04-28 06:05:13, 28808
96705, 2012-04-28 06:10:01, 28982
96706, 2012-04-28 06:15:01, 29444
96707, 2012-04-28 06:20:01, 29870
96708, 2012-04-28 06:25:02, 30116
96709, 2012-04-28 06:30:01, 30312
96710, 2012-04-28 06:35:07, 30550
96711, 2012-04-28 06:40:02, 30782
96712, 2012-04-28 06:45:01, 31037
96713, 2012-04-28 06:50:01, 31344
96714, 2012-04-28 06:55:01, 31704
96715, 2012-04-28 07:00:01, 32084
96716, 2012-04-28 07:05:08, 32532
96717, 2012-04-28 07:10:01, 32894
96718, 2012-04-28 07:15:03, 33342
96719, 2012-04-28 07:20:01, 33706
96720, 2012-04-28 07:25:04, 34084
96721, 2012-04-28 07:30:01, 34346
96722, 2012-04-28 07:35:01, 34681
96723, 2012-04-28 07:40:01, 34855
96724, 2012-04-28 07:45:01, 35017
96725, 2012-04-28 07:50:03, 35128
96726, 2012-04-28 07:55:08, 35212
96727, 2012-04-28 08:00:01, 35541
96728, 2012-04-28 08:05:12, 35897
96729, 2012-04-28 08:10:01, 36210
96730, 2012-04-28 08:15:01, 36393
96731, 2012-04-28 08:20:01, 36776
96732, 2012-04-28 08:25:05, 36909
96733, 2012-04-28 08:30:01, 36967
96734, 2012-04-28 08:35:10, 37015
96735, 2012-04-28 08:40:01, 37153
96736, 2012-04-28 08:45:03, 37258
96737, 2012-04-28 08:50:01, 37377
96738, 2012-04-28 08:55:01, 37459
96739, 2012-04-28 09:00:01, 37505
96740, 2012-04-28 09:05:15, 37643
96741, 2012-04-28 09:10:01, 37775
96742, 2012-04-28 09:15:05, 37848
96743, 2012-04-28 09:20:04, 37895
96744, 2012-04-28 09:25:04, 37852
96745, 2012-04-28 09:30:01, 37825
96746, 2012-04-28 09:35:01, 37884
96747, 2012-04-28 09:40:01, 37929
96748, 2012-04-28 09:45:02, 37899
96749, 2012-04-28 09:50:01, 37848
96750, 2012-04-28 09:55:03, 37946
96751, 2012-04-28 10:00:01, 37945
96752, 2012-04-28 10:05:08, 37924
96753, 2012-04-28 10:10:01, 37991
96754, 2012-04-28 10:15:03, 38053
96755, 2012-04-28 10:20:01, 37974
96756, 2012-04-28 10:25:02, 37986
96757, 2012-04-28 10:30:01, 37903
96758, 2012-04-28 10:35:09, 37884
96759, 2012-04-28 10:40:01, 37973
96760, 2012-04-28 10:45:03, 38007
96761, 2012-04-28 10:50:04, 38018
96762, 2012-04-28 10:55:03, 38026
96763, 2012-04-28 11:00:01, 37995
96764, 2012-04-28 11:05:01, 37932
96765, 2012-04-28 11:10:01, 37944
96766, 2012-04-28 11:15:02, 37936
96767, 2012-04-28 11:20:01, 37951
96768, 2012-04-28 11:25:03, 37919
96769, 2012-04-28 11:30:01, 37880
96770, 2012-04-28 11:35:01, 37822
96771, 2012-04-28 11:40:04, 37844
96772, 2012-04-28 11:45:04, 37807
96773, 2012-04-28 11:50:01, 37719
96774, 2012-04-28 11:55:03, 37681
96775, 2012-04-28 12:00:02, 37563
96776, 2012-04-28 12:05:11, 37322
96777, 2012-04-28 12:10:01, 37397
96778, 2012-04-28 12:15:01, 37439
96779, 2012-04-28 12:20:01, 37307
96780, 2012-04-28 12:25:02, 37248
96781, 2012-04-28 12:30:01, 37207
96782, 2012-04-28 12:35:08, 37141
96783, 2012-04-28 12:40:01, 37128
96784, 2012-04-28 12:45:06, 37045
96785, 2012-04-28 12:50:02, 36891
96786, 2012-04-28 12:55:01, 36849
96787, 2012-04-28 13:00:04, 36725
96788, 2012-04-28 13:05:04, 36603
96789, 2012-04-28 13:10:01, 36676
96790, 2012-04-28 13:15:04, 36639
96791, 2012-04-28 13:20:01, 36542
96792, 2012-04-28 13:25:07, 36559
96793, 2012-04-28 13:30:01, 36513
96794, 2012-04-28 13:35:01, 36444
96795, 2012-04-28 13:40:01, 36363
96796, 2012-04-28 13:45:07, 36350
96797, 2012-04-28 13:50:04, 36282
96798, 2012-04-28 13:55:03, 36341
96799, 2012-04-28 14:00:02, 36329
96800, 2012-04-28 14:05:01, 36286
96801, 2012-04-28 14:10:01, 36256
96802, 2012-04-28 14:15:01, 36354
96803, 2012-04-28 14:20:02, 36281
96804, 2012-04-28 14:25:03, 36187
96805, 2012-04-28 14:30:01, 36095
96806, 2012-04-28 14:35:07, 36116
96807, 2012-04-28 14:40:01, 36162
96808, 2012-04-28 14:45:03, 36177
96809, 2012-04-28 14:50:01, 36201
96810, 2012-04-28 14:55:02, 36286
96811, 2012-04-28 15:00:01, 36275
96812, 2012-04-28 15:05:01, 36303
96813, 2012-04-28 15:10:01, 36459
96814, 2012-04-28 15:15:07, 36507
96815, 2012-04-28 15:20:01, 36515
96816, 2012-04-28 15:25:06, 36596
96817, 2012-04-28 15:30:13, 36700
96818, 2012-04-28 15:35:01, 36787
96819, 2012-04-28 15:40:01, 36912
96820, 2012-04-28 15:45:07, 37061
96821, 2012-04-28 15:50:01, 37192
96822, 2012-04-28 15:55:04, 37229
96823, 2012-04-28 16:00:04, 37423
96824, 2012-04-28 16:05:01, 37625
96825, 2012-04-28 16:10:01, 37817
96826, 2012-04-28 16:15:01, 37948
96827, 2012-04-28 16:20:01, 38094
96828, 2012-04-28 16:25:04, 38151
96829, 2012-04-28 16:30:04, 38218
96830, 2012-04-28 16:35:07, 38239
96831, 2012-04-28 16:40:02, 38282
96832, 2012-04-28 16:45:06, 38260
96833, 2012-04-28 16:50:01, 38298
96834, 2012-04-28 16:55:07, 38375
96835, 2012-04-28 17:00:04, 38334
96836, 2012-04-28 17:05:14, 38248
96837, 2012-04-28 17:10:01, 38293
96838, 2012-04-28 17:15:01, 38207
96839, 2012-04-28 17:20:04, 38140
96840, 2012-04-28 17:25:12, 38077
96841, 2012-04-28 17:30:02, 37894
96842, 2012-04-28 17:35:01, 37923
96843, 2012-04-28 17:40:04, 38145
96844, 2012-04-28 17:45:02, 38101
96845, 2012-04-28 17:50:01, 37887
96846, 2012-04-28 17:55:03, 37866
96847, 2012-04-28 18:00:01, 37708
96848, 2012-04-28 18:05:01, 37646
96849, 2012-04-28 18:10:01, 37682
96850, 2012-04-28 18:15:05, 37514
96851, 2012-04-28 18:20:01, 37280
96852, 2012-04-28 18:25:03, 37147
96853, 2012-04-28 18:30:01, 36973
96854, 2012-04-28 18:35:06, 36852
96855, 2012-04-28 18:40:01, 36842
96856, 2012-04-28 18:45:01, 36759
96857, 2012-04-28 18:50:01, 36620
96858, 2012-04-28 18:55:02, 36501
96859, 2012-04-28 19:00:01, 36394
96860, 2012-04-28 19:05:08, 36407
96861, 2012-04-28 19:10:01, 36418
96862, 2012-04-28 19:15:03, 36381
96863, 2012-04-28 19:20:01, 36287
96864, 2012-04-28 19:25:01, 36333
96865, 2012-04-28 19:30:01, 36254
96866, 2012-04-28 19:35:12, 36301
96867, 2012-04-28 19:40:01, 36473
96868, 2012-04-28 19:45:04, 36422
96869, 2012-04-28 19:50:01, 36329
96870, 2012-04-28 19:55:03, 36498
96871, 2012-04-28 20:00:02, 36465
96872, 2012-04-28 20:05:08, 36375
96873, 2012-04-28 20:10:02, 36395
96874, 2012-04-28 20:15:04, 36549
96875, 2012-04-28 20:20:01, 36293
96876, 2012-04-28 20:25:01, 36113
96877, 2012-04-28 20:30:01, 36075
96878, 2012-04-28 20:35:06, 35822
96879, 2012-04-28 20:40:02, 35682
96880, 2012-04-28 20:45:03, 35574
96881, 2012-04-28 20:50:01, 35327
96882, 2012-04-28 20:55:02, 35140
96883, 2012-04-28 21:00:02, 34925
96884, 2012-04-28 21:05:01, 34742
96885, 2012-04-28 21:10:01, 34560
96886, 2012-04-28 21:15:01, 34359
96887, 2012-04-28 21:20:01, 34177
96888, 2012-04-28 21:25:04, 33950
96889, 2012-04-28 21:30:01, 33787
96890, 2012-04-28 21:35:15, 33417
96891, 2012-04-28 21:40:01, 33372
96892, 2012-04-28 21:45:01, 33140
96893, 2012-04-28 21:50:02, 32816
96894, 2012-04-28 21:55:02, 32533
96895, 2012-04-28 22:00:01, 32152
96896, 2012-04-28 22:05:01, 31766
96897, 2012-04-28 22:10:01, 31586
96898, 2012-04-28 22:15:03, 31316
96899, 2012-04-28 22:20:01, 31039
96900, 2012-04-28 22:25:06, 30702
96901, 2012-04-28 22:30:01, 30432
96902, 2012-04-28 22:35:08, 30121
96903, 2012-04-28 22:40:01, 30032
96904, 2012-04-28 22:45:01, 29832
96905, 2012-04-28 22:50:01, 29562
96906, 2012-04-28 22:55:02, 29211
96907, 2012-04-28 23:00:02, 28887
96908, 2012-04-28 23:05:08, 28629
96909, 2012-04-28 23:10:01, 28629
96910, 2012-04-28 23:15:06, 28629
96911, 2012-04-28 23:20:01, 28629
96912, 2012-04-28 23:25:04, 28629
96913, 2012-04-28 23:30:01, 28629
96914, 2012-04-28 23:35:01, 28629
96915, 2012-04-28 23:40:01, 28629
96916, 2012-04-28 23:45:01, 28629
96917, 2012-04-28 23:50:03, 28629
96918, 2012-04-28 23:55:03, 28629
96919, 2012-04-29 00:00:01, 28629
96920, 2012-04-29 00:05:11, 27912
96921, 2012-04-29 00:10:04, 28342
96922, 2012-04-29 00:15:01, 28505
96923, 2012-04-29 00:20:01, 28380
96924, 2012-04-29 00:25:37, 28400
96925, 2012-04-29 00:30:01, 28313
96926, 2012-04-29 00:35:07, 28362
96927, 2012-04-29 00:40:01, 28696
96928, 2012-04-29 00:45:01, 28888
96929, 2012-04-29 00:50:01, 28899
96930, 2012-04-29 00:55:03, 29051
96931, 2012-04-29 01:00:01, 29023
96932, 2012-04-29 01:05:09, 28964
96933, 2012-04-29 01:10:01, 29067
96934, 2012-04-29 01:15:05, 28896
96935, 2012-04-29 01:20:01, 28647
96936, 2012-04-29 01:25:05, 28534
96937, 2012-04-29 01:30:01, 28391
96938, 2012-04-29 01:35:01, 28283
96939, 2012-04-29 01:40:02, 28369
96940, 2012-04-29 01:45:01, 28265
96941, 2012-04-29 01:50:01, 28382
96942, 2012-04-29 01:55:02, 28359
96943, 2012-04-29 02:00:02, 28282
96944, 2012-04-29 02:05:07, 28137
96945, 2012-04-29 02:10:01, 28163
96946, 2012-04-29 02:15:01, 28033
96947, 2012-04-29 02:20:01, 27956
96948, 2012-04-29 02:25:01, 27916
96949, 2012-04-29 02:30:01, 27779
96950, 2012-04-29 02:35:10, 27666
96951, 2012-04-29 02:40:01, 27755
96952, 2012-04-29 02:45:03, 27727
96953, 2012-04-29 02:50:01, 27623
96954, 2012-04-29 02:55:05, 27574
96955, 2012-04-29 03:00:01, 27526
96956, 2012-04-29 03:05:01, 27380
96957, 2012-04-29 03:10:01, 27440
96958, 2012-04-29 03:15:01, 27410
96959, 2012-04-29 03:20:01, 27302
96960, 2012-04-29 03:25:05, 27169
96961, 2012-04-29 03:30:01, 27037
96962, 2012-04-29 03:35:13, 26967
96963, 2012-04-29 03:40:02, 27162
96964, 2012-04-29 03:45:01, 27120
96965, 2012-04-29 03:50:01, 27092
96966, 2012-04-29 03:55:04, 26970
96967, 2012-04-29 04:00:01, 26890
96968, 2012-04-29 04:05:07, 26837
96969, 2012-04-29 04:10:01, 26832
96970, 2012-04-29 04:15:05, 26816
96971, 2012-04-29 04:20:06, 26749
96972, 2012-04-29 04:25:04, 26651
96973, 2012-04-29 04:30:01, 26513
96974, 2012-04-29 04:35:01, 26447
96975, 2012-04-29 04:40:02, 26526
96976, 2012-04-29 04:45:02, 26457
96977, 2012-04-29 04:50:02, 26315
96978, 2012-04-29 04:55:03, 26264
96979, 2012-04-29 05:00:01, 26175
96980, 2012-04-29 05:05:05, 26164
96981, 2012-04-29 05:10:01, 26310
96982, 2012-04-29 05:15:05, 26443
96983, 2012-04-29 05:20:01, 26487
96984, 2012-04-29 05:25:01, 26565
96985, 2012-04-29 05:30:01, 26659
96986, 2012-04-29 05:35:07, 26703
96987, 2012-04-29 05:40:01, 26694
96988, 2012-04-29 05:45:03, 26815
96989, 2012-04-29 05:50:01, 26973
96990, 2012-04-29 05:55:01, 27227
96991, 2012-04-29 06:00:02, 27355
96992, 2012-04-29 06:05:01, 27525
96993, 2012-04-29 06:10:01, 27728
96994, 2012-04-29 06:15:04, 28009
96995, 2012-04-29 06:20:01, 28133
96996, 2012-04-29 06:25:03, 28109
96997, 2012-04-29 06:30:01, 28091
96998, 2012-04-29 06:35:08, 28289
96999, 2012-04-29 06:40:01, 28432
97000, 2012-04-29 06:45:02, 28645
97001, 2012-04-29 06:50:02, 28915
97002, 2012-04-29 06:55:06, 29186
97003, 2012-04-29 07:00:01, 29318
97004, 2012-04-29 07:05:08, 29335
97005, 2012-04-29 07:10:01, 29380
97006, 2012-04-29 07:15:02, 29557
97007, 2012-04-29 07:20:02, 29990
97008, 2012-04-29 07:25:01, 30330
97009, 2012-04-29 07:30:02, 30625
97010, 2012-04-29 07:35:18, 30853
97011, 2012-04-29 07:40:01, 30950
97012, 2012-04-29 07:45:01, 31115
97013, 2012-04-29 07:50:01, 31324
97014, 2012-04-29 07:55:03, 31595
97015, 2012-04-29 08:00:01, 31959
97016, 2012-04-29 08:05:18, 32324
97017, 2012-04-29 08:10:01, 32677
97018, 2012-04-29 08:15:03, 33025
97019, 2012-04-29 08:20:01, 33478
97020, 2012-04-29 08:25:01, 33793
97021, 2012-04-29 08:30:01, 34111
97022, 2012-04-29 08:35:08, 34391
97023, 2012-04-29 08:40:01, 34673
97024, 2012-04-29 08:45:04, 34871
97025, 2012-04-29 08:50:01, 35215
97026, 2012-04-29 08:55:01, 35537
97027, 2012-04-29 09:00:02, 35787
97028, 2012-04-29 09:05:01, 36084
97029, 2012-04-29 09:10:01, 36511
97030, 2012-04-29 09:15:04, 36808
97031, 2012-04-29 09:20:01, 37107
97032, 2012-04-29 09:25:08, 37277
97033, 2012-04-29 09:30:01, 37446
97034, 2012-04-29 09:35:01, 37621
97035, 2012-04-29 09:40:01, 37772
97036, 2012-04-29 09:45:01, 37989
97037, 2012-04-29 09:50:01, 38210
97038, 2012-04-29 09:55:04, 38456
97039, 2012-04-29 10:00:01, 38561
97040, 2012-04-29 10:05:11, 38721
97041, 2012-04-29 10:10:01, 38928
97042, 2012-04-29 10:15:01, 39119
97043, 2012-04-29 10:20:01, 39232
97044, 2012-04-29 10:25:01, 39325
97045, 2012-04-29 10:30:01, 39317
97046, 2012-04-29 10:35:13, 39423
97047, 2012-04-29 10:40:01, 39610
97048, 2012-04-29 10:45:06, 39688
97049, 2012-04-29 10:50:01, 39709
97050, 2012-04-29 10:55:02, 39813
97051, 2012-04-29 11:00:01, 39799
97052, 2012-04-29 11:05:06, 39786
97053, 2012-04-29 11:10:01, 39888
97054, 2012-04-29 11:15:01, 40051
97055, 2012-04-29 11:20:02, 40162
97056, 2012-04-29 11:25:01, 40216
97057, 2012-04-29 11:30:01, 40212
97058, 2012-04-29 11:35:12, 40269
97059, 2012-04-29 11:40:01, 40310
97060, 2012-04-29 11:45:05, 40295
97061, 2012-04-29 11:50:04, 40293
97062, 2012-04-29 11:55:01, 40222
97063, 2012-04-29 12:00:01, 40196
97064, 2012-04-29 12:05:09, 40104
97065, 2012-04-29 12:10:01, 40011
97066, 2012-04-29 12:15:01, 39922
97067, 2012-04-29 12:20:01, 39852
97068, 2012-04-29 12:25:03, 39772
97069, 2012-04-29 12:30:01, 39695
97070, 2012-04-29 12:35:01, 39512
97071, 2012-04-29 12:40:01, 39548
97072, 2012-04-29 12:45:01, 39671
97073, 2012-04-29 12:50:01, 39665
97074, 2012-04-29 12:55:03, 39522
97075, 2012-04-29 13:00:01, 39430
97076, 2012-04-29 13:05:09, 39266
97077, 2012-04-29 13:10:02, 39217
97078, 2012-04-29 13:15:04, 39376
97079, 2012-04-29 13:20:01, 39336
97080, 2012-04-29 13:25:02, 39260
97081, 2012-04-29 13:30:01, 39238
97082, 2012-04-29 13:35:09, 39200
97083, 2012-04-29 13:40:01, 39177
97084, 2012-04-29 13:45:06, 39098
97085, 2012-04-29 13:50:01, 39026
97086, 2012-04-29 13:55:03, 38938
97087, 2012-04-29 14:00:01, 38841
97088, 2012-04-29 14:05:03, 38855
97089, 2012-04-29 14:10:01, 38849
97090, 2012-04-29 14:15:04, 38861
97091, 2012-04-29 14:20:01, 38835
97092, 2012-04-29 14:25:03, 38823
97093, 2012-04-29 14:30:01, 38775
97094, 2012-04-29 14:35:09, 38707
97095, 2012-04-29 14:40:01, 38629
97096, 2012-04-29 14:45:04, 38677
97097, 2012-04-29 14:50:01, 38617
97098, 2012-04-29 14:55:01, 38740
97099, 2012-04-29 15:00:01, 38839
97100, 2012-04-29 15:05:09, 38840
97101, 2012-04-29 15:10:01, 38906
97102, 2012-04-29 15:15:03, 38931
97103, 2012-04-29 15:20:01, 38997
97104, 2012-04-29 15:25:01, 39072
97105, 2012-04-29 15:30:01, 39122
97106, 2012-04-29 15:35:02, 39161
97107, 2012-04-29 15:40:01, 39204
97108, 2012-04-29 15:45:04, 39225
97109, 2012-04-29 15:50:02, 39248
97110, 2012-04-29 15:55:03, 39361
97111, 2012-04-29 16:00:05, 39429
97112, 2012-04-29 16:05:01, 39455
97113, 2012-04-29 16:10:04, 39616
97114, 2012-04-29 16:15:01, 39594
97115, 2012-04-29 16:20:01, 39638
97116, 2012-04-29 16:25:04, 39653
97117, 2012-04-29 16:30:01, 39594
97118, 2012-04-29 16:35:14, 39525
97119, 2012-04-29 16:40:01, 39429
97120, 2012-04-29 16:45:01, 39323
97121, 2012-04-29 16:50:01, 39196
97122, 2012-04-29 16:55:01, 39211
97123, 2012-04-29 17:00:01, 39181
97124, 2012-04-29 17:05:16, 39219
97125, 2012-04-29 17:10:01, 39246
97126, 2012-04-29 17:15:05, 39206
97127, 2012-04-29 17:20:01, 39086
97128, 2012-04-29 17:25:11, 39031
97129, 2012-04-29 17:30:01, 38974
97130, 2012-04-29 17:35:01, 38952
97131, 2012-04-29 17:40:02, 38898
97132, 2012-04-29 17:45:01, 38781
97133, 2012-04-29 17:50:01, 38508
97134, 2012-04-29 17:55:03, 38364
97135, 2012-04-29 18:00:01, 38298
97136, 2012-04-29 18:05:01, 38241
97137, 2012-04-29 18:10:02, 38244
97138, 2012-04-29 18:15:01, 38268
97139, 2012-04-29 18:20:01, 38279
97140, 2012-04-29 18:25:04, 38174
97141, 2012-04-29 18:30:01, 38088
97142, 2012-04-29 18:35:20, 38113
97143, 2012-04-29 18:40:01, 38178
97144, 2012-04-29 18:45:01, 38144
97145, 2012-04-29 18:50:01, 37986
97146, 2012-04-29 18:55:01, 37970
97147, 2012-04-29 19:00:02, 37816
97148, 2012-04-29 19:05:09, 37841
97149, 2012-04-29 19:10:01, 38301
97150, 2012-04-29 19:15:05, 38287
97151, 2012-04-29 19:20:02, 38287
97152, 2012-04-29 19:25:06, 38371
97153, 2012-04-29 19:30:09, 38453
97154, 2012-04-29 19:35:02, 38319
97155, 2012-04-29 19:40:01, 38424
97156, 2012-04-29 19:45:01, 38620
97157, 2012-04-29 19:50:01, 38604
97158, 2012-04-29 19:55:04, 38597
97159, 2012-04-29 20:00:01, 38735
97160, 2012-04-29 20:05:07, 38683
97161, 2012-04-29 20:10:01, 38923
97162, 2012-04-29 20:15:03, 38755
97163, 2012-04-29 20:20:01, 38501
97164, 2012-04-29 20:25:04, 38294
97165, 2012-04-29 20:30:01, 38019
97166, 2012-04-29 20:35:15, 37716
97167, 2012-04-29 20:40:01, 37357
97168, 2012-04-29 20:45:04, 37091
97169, 2012-04-29 20:50:01, 36817
97170, 2012-04-29 20:55:06, 36455
97171, 2012-04-29 21:00:01, 36152
97172, 2012-04-29 21:05:02, 35951
97173, 2012-04-29 21:10:01, 35986
97174, 2012-04-29 21:15:01, 35656
97175, 2012-04-29 21:20:01, 35303
97176, 2012-04-29 21:25:07, 34920
97177, 2012-04-29 21:30:01, 34468
97178, 2012-04-29 21:35:16, 34193
97179, 2012-04-29 21:40:01, 33999
97180, 2012-04-29 21:45:01, 33530
97181, 2012-04-29 21:50:01, 33032
97182, 2012-04-29 21:55:01, 32604
97183, 2012-04-29 22:00:01, 32192
97184, 2012-04-29 22:05:09, 31807
97185, 2012-04-29 22:10:01, 31761
97186, 2012-04-29 22:15:09, 31489
97187, 2012-04-29 22:20:01, 31270
97188, 2012-04-29 22:25:07, 31240
97189, 2012-04-29 22:30:01, 31074
97190, 2012-04-29 22:35:01, 30817
97191, 2012-04-29 22:40:01, 30686
97192, 2012-04-29 22:45:01, 30470
97193, 2012-04-29 22:50:01, 30105
97194, 2012-04-29 22:55:05, 29755
97195, 2012-04-29 23:00:01, 29393
97196, 2012-04-29 23:05:08, 28974
97197, 2012-04-29 23:10:01, 28974
97198, 2012-04-29 23:15:12, 28974
97199, 2012-04-29 23:20:01, 28974
97200, 2012-04-29 23:25:01, 28974
97201, 2012-04-29 23:30:01, 28974
97202, 2012-04-29 23:35:01, 28974
97203, 2012-04-29 23:40:02, 28974
97204, 2012-04-29 23:45:03, 28974
97205, 2012-04-29 23:50:01, 28974
97206, 2012-04-29 23:55:05, 28974
97207, 2012-04-30 00:00:03, 28974
97208, 2012-04-30 00:05:18, 28230
97209, 2012-04-30 00:10:01, 28765
97210, 2012-04-30 00:15:01, 28880
97211, 2012-04-30 00:20:01, 29283
97212, 2012-04-30 00:25:31, 29325
97213, 2012-04-30 00:30:01, 29392
97214, 2012-04-30 00:35:18, 29410
97215, 2012-04-30 00:40:01, 29756
97216, 2012-04-30 00:45:01, 29818
97217, 2012-04-30 00:50:01, 29832
97218, 2012-04-30 00:55:01, 29892
97219, 2012-04-30 01:00:01, 29877
97220, 2012-04-30 01:05:18, 29868
97221, 2012-04-30 01:10:01, 29944
97222, 2012-04-30 01:15:14, 29956
97223, 2012-04-30 01:20:01, 29934
97224, 2012-04-30 01:25:01, 29916
97225, 2012-04-30 01:30:01, 29960
97226, 2012-04-30 01:35:01, 29979
97227, 2012-04-30 01:40:02, 30120
97228, 2012-04-30 01:45:01, 29918
97229, 2012-04-30 01:50:01, 29853
97230, 2012-04-30 01:55:05, 29965
97231, 2012-04-30 02:00:01, 29856
97232, 2012-04-30 02:05:14, 29829
97233, 2012-04-30 02:10:01, 29775
97234, 2012-04-30 02:15:10, 29599
97235, 2012-04-30 02:20:02, 29628
97236, 2012-04-30 02:25:01, 29643
97237, 2012-04-30 02:30:02, 29654
97238, 2012-04-30 02:35:01, 29567
97239, 2012-04-30 02:40:04, 29611
97240, 2012-04-30 02:45:03, 29413
97241, 2012-04-30 02:50:01, 29540
97242, 2012-04-30 02:55:07, 29561
97243, 2012-04-30 03:00:01, 29504
97244, 2012-04-30 03:05:09, 29436
97245, 2012-04-30 03:10:01, 29426
97246, 2012-04-30 03:15:01, 29315
97247, 2012-04-30 03:20:01, 29248
97248, 2012-04-30 03:25:01, 29170
97249, 2012-04-30 03:30:01, 29161
97250, 2012-04-30 03:35:09, 29116
97251, 2012-04-30 03:40:01, 29099
97252, 2012-04-30 03:45:04, 29024
97253, 2012-04-30 03:50:01, 29129
97254, 2012-04-30 03:55:01, 29093
97255, 2012-04-30 04:00:02, 29096
97256, 2012-04-30 04:05:22, 29044
97257, 2012-04-30 04:10:01, 29044
97258, 2012-04-30 04:15:01, 29061
97259, 2012-04-30 04:20:01, 28937
97260, 2012-04-30 04:25:01, 29046
97261, 2012-04-30 04:30:01, 29054
97262, 2012-04-30 04:35:09, 29024
97263, 2012-04-30 04:40:01, 29068
97264, 2012-04-30 04:45:06, 29127
97265, 2012-04-30 04:50:01, 29209
97266, 2012-04-30 04:55:05, 29448
97267, 2012-04-30 05:00:05, 29641
97268, 2012-04-30 05:05:05, 29836
97269, 2012-04-30 05:10:02, 30334
97270, 2012-04-30 05:15:11, 30906
97271, 2012-04-30 05:20:01, 31377
97272, 2012-04-30 05:25:03, 31771
97273, 2012-04-30 05:30:02, 32183
97274, 2012-04-30 05:35:01, 32397
97275, 2012-04-30 05:40:01, 32880
97276, 2012-04-30 05:45:01, 33476
97277, 2012-04-30 05:50:01, 33857
97278, 2012-04-30 05:55:07, 34162
97279, 2012-04-30 06:00:01, 34816
97280, 2012-04-30 06:05:13, 35383
97281, 2012-04-30 06:10:01, 36181
97282, 2012-04-30 06:15:01, 37223
97283, 2012-04-30 06:20:01, 37971
97284, 2012-04-30 06:25:01, 38442
97285, 2012-04-30 06:30:01, 38860
97286, 2012-04-30 06:35:08, 39168
97287, 2012-04-30 06:40:01, 39425
97288, 2012-04-30 06:45:04, 39778
97289, 2012-04-30 06:50:01, 40040
97290, 2012-04-30 06:55:01, 40272
97291, 2012-04-30 07:00:01, 40475
97292, 2012-04-30 07:05:08, 40601
97293, 2012-04-30 07:10:01, 40727
97294, 2012-04-30 07:15:08, 40897
97295, 2012-04-30 07:20:02, 41139
97296, 2012-04-30 07:25:03, 41300
97297, 2012-04-30 07:30:01, 41344
97298, 2012-04-30 07:35:01, 41375
97299, 2012-04-30 07:40:01, 41306
97300, 2012-04-30 07:45:01, 41328
97301, 2012-04-30 07:50:01, 41338
97302, 2012-04-30 07:55:04, 41398
97303, 2012-04-30 08:00:01, 41585
97304, 2012-04-30 08:05:09, 41744
97305, 2012-04-30 08:10:01, 41902
97306, 2012-04-30 08:15:01, 42067
97307, 2012-04-30 08:20:02, 42216
97308, 2012-04-30 08:25:07, 42245
97309, 2012-04-30 08:30:01, 42326
97310, 2012-04-30 08:35:01, 42407
97311, 2012-04-30 08:40:01, 42423
97312, 2012-04-30 08:45:19, 42361
97313, 2012-04-30 08:50:01, 42368
97314, 2012-04-30 08:55:13, 42320
97315, 2012-04-30 09:00:01, 42276
97316, 2012-04-30 09:05:02, 42276
97317, 2012-04-30 09:10:01, 42364
97318, 2012-04-30 09:15:01, 42375
97319, 2012-04-30 09:20:04, 42330
97320, 2012-04-30 09:25:01, 42319
97321, 2012-04-30 09:30:02, 42340
97322, 2012-04-30 09:35:01, 42340
97323, 2012-04-30 09:40:01, 42344
97324, 2012-04-30 09:45:02, 42298
97325, 2012-04-30 09:50:01, 42270
97326, 2012-04-30 09:55:01, 42263
97327, 2012-04-30 10:00:01, 42312
97328, 2012-04-30 10:05:15, 42321
97329, 2012-04-30 10:10:01, 42373
97330, 2012-04-30 10:15:01, 42361
97331, 2012-04-30 10:20:01, 42323
97332, 2012-04-30 10:25:01, 42281
97333, 2012-04-30 10:30:01, 42163
97334, 2012-04-30 10:35:12, 42138
97335, 2012-04-30 10:40:01, 42205
97336, 2012-04-30 10:45:17, 42178
97337, 2012-04-30 10:50:02, 42141
97338, 2012-04-30 10:55:01, 42121
97339, 2012-04-30 11:00:01, 42147
97340, 2012-04-30 11:05:19, 42096
97341, 2012-04-30 11:10:01, 42135
97342, 2012-04-30 11:15:10, 42180
97343, 2012-04-30 11:20:01, 42216
97344, 2012-04-30 11:25:01, 42169
97345, 2012-04-30 11:30:01, 42070
97346, 2012-04-30 11:35:05, 41977
97347, 2012-04-30 11:40:01, 41864
97348, 2012-04-30 11:45:01, 41798
97349, 2012-04-30 11:50:01, 41732
97350, 2012-04-30 11:55:01, 41629
97351, 2012-04-30 12:00:01, 41579
97352, 2012-04-30 12:05:11, 41511
97353, 2012-04-30 12:10:01, 41519
97354, 2012-04-30 12:15:01, 41485
97355, 2012-04-30 12:20:01, 41451
97356, 2012-04-30 12:25:01, 41403
97357, 2012-04-30 12:30:01, 41340
97358, 2012-04-30 12:35:11, 41229
97359, 2012-04-30 12:40:01, 41220
97360, 2012-04-30 12:45:07, 41207
97361, 2012-04-30 12:50:01, 41157
97362, 2012-04-30 12:55:01, 41031
97363, 2012-04-30 13:00:01, 40900
97364, 2012-04-30 13:05:25, 40810
97365, 2012-04-30 13:10:01, 40919
97366, 2012-04-30 13:15:25, 40447
97367, 2012-04-30 13:21:47, 40890
97368, 2012-04-30 13:25:11, 40909
97369, 2012-04-30 13:32:07, 40792
97370, 2012-04-30 13:35:15, 40776
97371, 2012-04-30 13:40:01, 40720
97372, 2012-04-30 13:45:05, 40557
97373, 2012-04-30 13:50:05, 40468
97374, 2012-04-30 13:55:03, 40397
97375, 2012-04-30 14:00:01, 40342
97376, 2012-04-30 14:05:02, 40271
97377, 2012-04-30 14:10:01, 40225
97378, 2012-04-30 14:15:04, 40130
97379, 2012-04-30 14:20:01, 40086
97380, 2012-04-30 14:25:07, 40031
97381, 2012-04-30 14:30:01, 40009
97382, 2012-04-30 14:35:17, 40035
97383, 2012-04-30 14:40:01, 40131
97384, 2012-04-30 14:45:06, 40255
97385, 2012-04-30 14:50:04, 40374
97386, 2012-04-30 14:55:01, 40550
97387, 2012-04-30 15:00:01, 40593
97388, 2012-04-30 15:05:01, 40813
97389, 2012-04-30 15:10:01, 40904
97390, 2012-04-30 15:15:07, 40947
97391, 2012-04-30 15:20:01, 41074
97392, 2012-04-30 15:25:05, 41117
97393, 2012-04-30 15:30:01, 41256
97394, 2012-04-30 15:35:01, 41286
97395, 2012-04-30 15:40:02, 41380
97396, 2012-04-30 15:45:10, 41541
97397, 2012-04-30 15:50:01, 41623
97398, 2012-04-30 15:55:04, 41663
97399, 2012-04-30 16:00:01, 41728
97400, 2012-04-30 16:05:01, 41922
97401, 2012-04-30 16:10:01, 41976
97402, 2012-04-30 16:15:01, 41860
97403, 2012-04-30 16:20:03, 41837
97404, 2012-04-30 16:25:06, 41901
97405, 2012-04-30 16:30:01, 41935
97406, 2012-04-30 16:35:02, 41840
97407, 2012-04-30 16:40:01, 41752
97408, 2012-04-30 16:45:01, 41566
97409, 2012-04-30 16:50:02, 41515
97410, 2012-04-30 16:55:03, 41563
97411, 2012-04-30 17:00:01, 41385
97412, 2012-04-30 17:05:24, 41333
97413, 2012-04-30 17:10:01, 41385
97414, 2012-04-30 17:15:04, 41204
97415, 2012-04-30 17:20:02, 41089
97416, 2012-04-30 17:25:01, 41067
97417, 2012-04-30 17:30:01, 40948
97418, 2012-04-30 17:35:12, 40899
97419, 2012-04-30 17:40:01, 40939
97420, 2012-04-30 17:45:04, 40858
97421, 2012-04-30 17:50:01, 40705
97422, 2012-04-30 17:55:03, 40647
97423, 2012-04-30 18:00:02, 40497
97424, 2012-04-30 18:05:01, 40385
97425, 2012-04-30 18:10:01, 40363
97426, 2012-04-30 18:15:02, 40208
97427, 2012-04-30 18:20:01, 40270
97428, 2012-04-30 18:25:04, 40095
97429, 2012-04-30 18:30:01, 39979
97430, 2012-04-30 18:35:20, 39981
97431, 2012-04-30 18:40:01, 40022
97432, 2012-04-30 18:45:03, 39857
97433, 2012-04-30 18:50:01, 39858
97434, 2012-04-30 18:55:01, 39873
97435, 2012-04-30 19:00:01, 39638
97436, 2012-04-30 19:05:07, 39647
97437, 2012-04-30 19:10:01, 39869
97438, 2012-04-30 19:15:07, 39624
97439, 2012-04-30 19:20:01, 39552
97440, 2012-04-30 19:25:04, 39427
97441, 2012-04-30 19:30:01, 39423
97442, 2012-04-30 19:35:09, 39563
97443, 2012-04-30 19:40:01, 39783
97444, 2012-04-30 19:45:04, 39835
97445, 2012-04-30 19:50:01, 39944
97446, 2012-04-30 19:55:04, 40136
97447, 2012-04-30 20:00:01, 40544
97448, 2012-04-30 20:05:21, 40786
97449, 2012-04-30 20:10:01, 40791
97450, 2012-04-30 20:15:06, 40384
97451, 2012-04-30 20:20:01, 40022
97452, 2012-04-30 20:25:01, 39652
97453, 2012-04-30 20:30:01, 39390
97454, 2012-04-30 20:35:04, 39073
97455, 2012-04-30 20:40:02, 38726
97456, 2012-04-30 20:45:06, 38365
97457, 2012-04-30 20:50:01, 38075
97458, 2012-04-30 20:55:03, 37735
97459, 2012-04-30 21:00:01, 37366
97460, 2012-04-30 21:05:01, 37162
97461, 2012-04-30 21:10:01, 37362
97462, 2012-04-30 21:15:01, 36917
97463, 2012-04-30 21:20:01, 36505
97464, 2012-04-30 21:25:04, 36184
97465, 2012-04-30 21:30:01, 35757
97466, 2012-04-30 21:35:10, 35335
97467, 2012-04-30 21:40:01, 35039
97468, 2012-04-30 21:45:01, 34693
97469, 2012-04-30 21:50:01, 34186
97470, 2012-04-30 21:55:01, 33758
97471, 2012-04-30 22:00:01, 33226
97472, 2012-04-30 22:05:18, 32682
97473, 2012-04-30 22:10:01, 32389
97474, 2012-04-30 22:15:03, 32007
97475, 2012-04-30 22:20:01, 31607
97476, 2012-04-30 22:25:03, 31257
97477, 2012-04-30 22:30:02, 30879
97478, 2012-04-30 22:35:01, 30481
97479, 2012-04-30 22:40:01, 30384
97480, 2012-04-30 22:45:02, 30116
97481, 2012-04-30 22:50:01, 29773
97482, 2012-04-30 22:55:04, 29453
97483, 2012-04-30 23:00:01, 29189
97484, 2012-04-30 23:05:05, 29019
97485, 2012-04-30 23:10:01, 29019
97486, 2012-04-30 23:15:05, 29019
97487, 2012-04-30 23:20:01, 29019
97488, 2012-04-30 23:25:01, 29019
97489, 2012-04-30 23:30:01, 29019
97490, 2012-04-30 23:35:12, 29019
97491, 2012-04-30 23:40:01, 29019
97492, 2012-04-30 23:45:01, 29019
97493, 2012-04-30 23:50:02, 29019
