id, timestamp, demand
394517, 2015-03-01 00:00:07, 27027
394518, 2015-03-01 00:05:02, 26846
394519, 2015-03-01 00:10:02, 26970
394520, 2015-03-01 00:15:02, 26966
394521, 2015-03-01 00:20:03, 27003
394522, 2015-03-01 00:25:01, 26953
394523, 2015-03-01 00:30:01, 26782
394524, 2015-03-01 00:35:02, 26735
394525, 2015-03-01 00:40:01, 27031
394526, 2015-03-01 00:45:01, 27184
394527, 2015-03-01 00:50:02, 27437
394528, 2015-03-01 00:55:02, 27506
394529, 2015-03-01 01:00:03, 27463
394530, 2015-03-01 01:05:02, 27351
394531, 2015-03-01 01:10:06, 27433
394532, 2015-03-01 01:15:01, 27293
394533, 2015-03-01 01:20:02, 27136
394534, 2015-03-01 01:25:02, 27006
394535, 2015-03-01 01:30:03, 26842
394536, 2015-03-01 01:35:03, 26654
394537, 2015-03-01 01:40:02, 26719
394538, 2015-03-01 01:45:02, 26825
394539, 2015-03-01 01:50:01, 26853
394540, 2015-03-01 01:55:01, 26885
394541, 2015-03-01 02:00:01, 26773
394542, 2015-03-01 02:05:02, 26624
394543, 2015-03-01 02:10:06, 26670
394544, 2015-03-01 02:15:01, 26586
394545, 2015-03-01 02:20:03, 26512
394546, 2015-03-01 02:25:01, 26369
394547, 2015-03-01 02:30:02, 26293
394548, 2015-03-01 02:35:02, 26415
394549, 2015-03-01 02:40:02, 26491
394550, 2015-03-01 02:45:03, 26352
394551, 2015-03-01 02:50:04, 26410
394552, 2015-03-01 02:55:03, 26257
394553, 2015-03-01 03:00:03, 26110
394554, 2015-03-01 03:05:03, 26049
394555, 2015-03-01 03:10:01, 26086
394556, 2015-03-01 03:15:02, 26073
394557, 2015-03-01 03:20:06, 26050
394558, 2015-03-01 03:25:02, 26036
394559, 2015-03-01 03:30:02, 25926
394560, 2015-03-01 03:35:05, 25766
394561, 2015-03-01 03:40:02, 25741
394562, 2015-03-01 03:45:02, 25606
394563, 2015-03-01 03:50:06, 25547
394564, 2015-03-01 03:55:02, 25441
394565, 2015-03-01 04:00:04, 25337
394566, 2015-03-01 04:05:12, 25198
394567, 2015-03-01 04:10:02, 25134
394568, 2015-03-01 04:15:02, 24967
394569, 2015-03-01 04:20:04, 25101
394570, 2015-03-01 04:25:04, 25060
394571, 2015-03-01 04:30:01, 25038
394572, 2015-03-01 04:35:06, 24956
394573, 2015-03-01 04:40:01, 24987
394574, 2015-03-01 04:45:02, 24986
394575, 2015-03-01 04:50:02, 24910
394576, 2015-03-01 04:55:02, 24840
394577, 2015-03-01 05:00:01, 24845
394578, 2015-03-01 05:05:04, 24848
394579, 2015-03-01 05:10:01, 24883
394580, 2015-03-01 05:15:02, 24860
394581, 2015-03-01 05:20:04, 24895
394582, 2015-03-01 05:25:02, 24934
394583, 2015-03-01 05:30:02, 24935
394584, 2015-03-01 05:35:02, 24876
394585, 2015-03-01 05:40:01, 24938
394586, 2015-03-01 05:45:02, 24957
394587, 2015-03-01 05:50:01, 24971
394588, 2015-03-01 05:55:02, 25054
394589, 2015-03-01 06:00:04, 25115
394590, 2015-03-01 06:05:02, 25201
394591, 2015-03-01 06:10:02, 25447
394592, 2015-03-01 06:15:02, 25677
394593, 2015-03-01 06:20:03, 25855
394594, 2015-03-01 06:25:01, 25993
394595, 2015-03-01 06:30:11, 26094
394596, 2015-03-01 06:35:02, 26142
394597, 2015-03-01 06:40:01, 26117
394598, 2015-03-01 06:45:02, 26149
394599, 2015-03-01 06:50:03, 26124
394600, 2015-03-01 06:55:01, 26095
394601, 2015-03-01 07:00:01, 26193
394602, 2015-03-01 07:05:02, 26218
394603, 2015-03-01 07:10:02, 26212
394604, 2015-03-01 07:15:01, 26169
394605, 2015-03-01 07:20:03, 26098
394606, 2015-03-01 07:25:01, 26035
394607, 2015-03-01 07:30:01, 25984
394608, 2015-03-01 07:35:02, 25798
394609, 2015-03-01 07:40:02, 25548
394610, 2015-03-01 07:45:01, 25635
394611, 2015-03-01 07:50:02, 25655
394612, 2015-03-01 07:55:02, 25780
394613, 2015-03-01 08:00:01, 25959
394614, 2015-03-01 08:05:02, 26270
394615, 2015-03-01 08:10:02, 26236
394616, 2015-03-01 08:15:03, 26500
394617, 2015-03-01 08:20:07, 26750
394618, 2015-03-01 08:25:02, 26985
394619, 2015-03-01 08:30:03, 27174
394620, 2015-03-01 08:35:02, 27431
394621, 2015-03-01 08:40:01, 27645
394622, 2015-03-01 08:45:02, 27860
394623, 2015-03-01 08:50:02, 28043
394624, 2015-03-01 08:55:01, 28258
394625, 2015-03-01 09:00:02, 28508
394626, 2015-03-01 09:05:02, 29096
394627, 2015-03-01 09:10:02, 29103
394628, 2015-03-01 09:15:02, 29785
394629, 2015-03-01 09:20:02, 29741
394630, 2015-03-01 09:25:01, 29801
394631, 2015-03-01 09:30:04, 29928
394632, 2015-03-01 09:35:02, 30094
394633, 2015-03-01 09:40:02, 30275
394634, 2015-03-01 09:45:02, 30460
394635, 2015-03-01 09:50:02, 30603
394636, 2015-03-01 09:55:02, 30603
394637, 2015-03-01 10:00:02, 30772
394638, 2015-03-01 10:05:02, 30896
394639, 2015-03-01 10:10:05, 31101
394640, 2015-03-01 10:15:02, 31314
394641, 2015-03-01 10:20:03, 31418
394642, 2015-03-01 10:25:03, 31421
394643, 2015-03-01 10:30:02, 31505
394644, 2015-03-01 10:35:03, 31493
394645, 2015-03-01 10:40:01, 31572
394646, 2015-03-01 10:45:01, 31628
394647, 2015-03-01 10:50:03, 31627
394648, 2015-03-01 10:55:02, 31710
394649, 2015-03-01 11:00:02, 31743
394650, 2015-03-01 11:05:02, 31713
394651, 2015-03-01 11:10:05, 31898
394652, 2015-03-01 11:15:01, 31890
394653, 2015-03-01 11:20:07, 31997
394654, 2015-03-01 11:25:02, 32101
394655, 2015-03-01 11:30:04, 32224
394656, 2015-03-01 11:35:03, 32262
394657, 2015-03-01 11:40:01, 32384
394658, 2015-03-01 11:45:02, 32422
394659, 2015-03-01 11:50:03, 32483
394660, 2015-03-01 11:55:03, 32672
394661, 2015-03-01 12:00:01, 32644
394662, 2015-03-01 12:05:02, 32638
394663, 2015-03-01 12:10:02, 32754
394664, 2015-03-01 12:15:02, 32886
394665, 2015-03-01 12:20:06, 33004
394666, 2015-03-01 12:25:02, 33117
394667, 2015-03-01 12:30:05, 33099
394668, 2015-03-01 12:35:04, 33167
394669, 2015-03-01 12:40:02, 33224
394670, 2015-03-01 12:45:02, 33151
394671, 2015-03-01 12:50:02, 33161
394672, 2015-03-01 12:55:01, 33255
394673, 2015-03-01 13:00:02, 33506
394674, 2015-03-01 13:05:02, 33609
394675, 2015-03-01 13:10:02, 33613
394676, 2015-03-01 13:15:03, 33588
394677, 2015-03-01 13:20:02, 33570
394678, 2015-03-01 13:25:02, 33611
394679, 2015-03-01 13:30:02, 33560
394680, 2015-03-01 13:35:02, 33591
394681, 2015-03-01 13:40:01, 33675
394682, 2015-03-01 13:45:02, 33675
394683, 2015-03-01 13:50:02, 33599
394684, 2015-03-01 13:55:02, 33496
394685, 2015-03-01 14:00:03, 33465
394686, 2015-03-01 14:05:02, 33570
394687, 2015-03-01 14:10:05, 33769
394688, 2015-03-01 14:15:02, 34006
394689, 2015-03-01 14:20:02, 34107
394690, 2015-03-01 14:25:01, 34256
394691, 2015-03-01 14:30:03, 34270
394692, 2015-03-01 14:35:04, 34314
394693, 2015-03-01 14:40:02, 34470
394694, 2015-03-01 14:45:02, 34662
394695, 2015-03-01 14:50:02, 34730
394696, 2015-03-01 14:55:02, 34840
394697, 2015-03-01 15:00:04, 34884
394698, 2015-03-01 15:05:03, 35042
394699, 2015-03-01 15:10:02, 35265
394700, 2015-03-01 15:15:01, 35279
394701, 2015-03-01 15:20:02, 35266
394702, 2015-03-01 15:25:02, 35384
394703, 2015-03-01 15:30:03, 35443
394704, 2015-03-01 15:35:02, 35571
394705, 2015-03-01 15:40:02, 35726
394706, 2015-03-01 15:45:02, 35707
394707, 2015-03-01 15:50:02, 35770
394708, 2015-03-01 15:55:03, 36074
394709, 2015-03-01 16:00:02, 36174
394710, 2015-03-01 16:05:01, 36320
394711, 2015-03-01 16:10:01, 36244
394712, 2015-03-01 16:15:02, 36299
394713, 2015-03-01 16:20:03, 36290
394714, 2015-03-01 16:25:01, 36331
394715, 2015-03-01 16:30:02, 36493
394716, 2015-03-01 16:35:02, 36557
394717, 2015-03-01 16:40:02, 36624
394718, 2015-03-01 16:45:02, 36687
394719, 2015-03-01 16:50:02, 37025
394720, 2015-03-01 16:55:01, 37453
394721, 2015-03-01 17:00:01, 37818
394722, 2015-03-01 17:05:02, 38090
394723, 2015-03-01 17:10:01, 38382
394724, 2015-03-01 17:15:02, 38625
394725, 2015-03-01 17:20:02, 38848
394726, 2015-03-01 17:25:03, 39116
394727, 2015-03-01 17:30:03, 39316
394728, 2015-03-01 17:35:02, 39514
394729, 2015-03-01 17:40:03, 39782
394730, 2015-03-01 17:45:03, 40090
394731, 2015-03-01 17:50:03, 40447
394732, 2015-03-01 17:55:02, 40750
394733, 2015-03-01 18:00:06, 41014
394734, 2015-03-01 18:05:02, 41373
394735, 2015-03-01 18:10:04, 41898
394736, 2015-03-01 18:15:02, 42216
394737, 2015-03-01 18:20:04, 42373
394738, 2015-03-01 18:25:02, 42356
394739, 2015-03-01 18:30:03, 42296
394740, 2015-03-01 18:35:02, 42256
394741, 2015-03-01 18:40:01, 42364
394742, 2015-03-01 18:45:02, 42320
394743, 2015-03-01 18:50:03, 42196
394744, 2015-03-01 18:55:02, 42055
394745, 2015-03-01 19:00:03, 41955
394746, 2015-03-01 19:05:02, 41855
394747, 2015-03-01 19:10:04, 41871
394748, 2015-03-01 19:15:03, 41845
394749, 2015-03-01 19:20:08, 41635
394750, 2015-03-01 19:25:02, 41588
394751, 2015-03-01 19:30:05, 41394
394752, 2015-03-01 19:35:02, 41224
394753, 2015-03-01 19:40:01, 41143
394754, 2015-03-01 19:45:01, 40847
394755, 2015-03-01 19:50:03, 40548
394756, 2015-03-01 19:55:02, 40264
394757, 2015-03-01 20:00:01, 40075
394758, 2015-03-01 20:05:03, 39879
394759, 2015-03-01 20:10:03, 39940
394760, 2015-03-01 20:15:02, 39662
394761, 2015-03-01 20:20:03, 39429
394762, 2015-03-01 20:25:03, 39186
394763, 2015-03-01 20:30:02, 38988
394764, 2015-03-01 20:35:01, 38690
394765, 2015-03-01 20:40:02, 38324
394766, 2015-03-01 20:45:01, 37977
394767, 2015-03-01 20:50:01, 37651
394768, 2015-03-01 20:55:02, 37431
394769, 2015-03-01 21:00:04, 37153
394770, 2015-03-01 21:05:03, 36829
394771, 2015-03-01 21:10:02, 37040
394772, 2015-03-01 21:15:02, 36756
394773, 2015-03-01 21:20:04, 36429
394774, 2015-03-01 21:25:02, 36213
394775, 2015-03-01 21:30:03, 35798
394776, 2015-03-01 21:35:03, 35438
394777, 2015-03-01 21:40:06, 35264
394778, 2015-03-01 21:45:02, 34798
394779, 2015-03-01 21:50:03, 34505
394780, 2015-03-01 21:55:02, 34182
394781, 2015-03-01 22:00:03, 33885
394782, 2015-03-01 22:05:02, 33496
394783, 2015-03-01 22:10:01, 33460
394784, 2015-03-01 22:15:02, 33143
394785, 2015-03-01 22:20:05, 32694
394786, 2015-03-01 22:25:02, 32269
394787, 2015-03-01 22:30:03, 31819
394788, 2015-03-01 22:35:02, 31606
394789, 2015-03-01 22:40:02, 31708
394790, 2015-03-01 22:45:07, 31398
394791, 2015-03-01 22:50:02, 31001
394792, 2015-03-01 22:55:02, 30745
394793, 2015-03-01 23:00:03, 30331
394794, 2015-03-01 23:05:03, 29944
394795, 2015-03-01 23:10:02, 29696
394796, 2015-03-01 23:15:02, 29451
394797, 2015-03-01 23:20:06, 29181
394798, 2015-03-01 23:25:02, 28818
394799, 2015-03-01 23:30:02, 28508
394800, 2015-03-01 23:35:02, 28195
394801, 2015-03-01 23:40:01, 28194
394802, 2015-03-01 23:45:02, 28075
394803, 2015-03-01 23:50:06, 27951
394804, 2015-03-01 23:55:03, 27969
394805, 2015-03-02 00:00:04, 27802
394806, 2015-03-02 00:05:01, 27742
394807, 2015-03-02 00:10:02, 27905
394808, 2015-03-02 00:15:02, 27937
394809, 2015-03-02 00:20:03, 28020
394810, 2015-03-02 00:25:03, 28016
394811, 2015-03-02 00:30:01, 28057
394812, 2015-03-02 00:35:01, 28155
394813, 2015-03-02 00:40:02, 28331
394814, 2015-03-02 00:45:03, 28496
394815, 2015-03-02 00:50:03, 28552
394816, 2015-03-02 00:55:01, 28631
394817, 2015-03-02 01:00:01, 28677
394818, 2015-03-02 01:05:02, 28648
394819, 2015-03-02 01:10:03, 28635
394820, 2015-03-02 01:16:10, 28666
394821, 2015-03-02 01:20:02, 28666
394822, 2015-03-02 01:25:02, 28606
394823, 2015-03-02 01:30:04, 28619
394824, 2015-03-02 01:35:02, 28702
394825, 2015-03-02 01:40:01, 28664
394826, 2015-03-02 01:45:02, 28642
394827, 2015-03-02 01:50:04, 28469
394828, 2015-03-02 01:55:03, 28510
394829, 2015-03-02 02:00:04, 28607
394830, 2015-03-02 02:05:03, 28502
394831, 2015-03-02 02:10:02, 28407
394832, 2015-03-02 02:15:02, 28419
394833, 2015-03-02 02:20:07, 28376
394834, 2015-03-02 02:25:03, 28263
394835, 2015-03-02 02:30:03, 28189
394836, 2015-03-02 02:35:02, 28190
394837, 2015-03-02 02:40:04, 28328
394838, 2015-03-02 02:45:02, 28324
394839, 2015-03-02 02:50:03, 28294
394840, 2015-03-02 02:55:04, 28227
394841, 2015-03-02 03:00:06, 28162
394842, 2015-03-02 03:05:04, 28099
394843, 2015-03-02 03:10:04, 28215
394844, 2015-03-02 03:15:03, 28322
394845, 2015-03-02 03:20:03, 28395
394846, 2015-03-02 03:25:02, 28271
394847, 2015-03-02 03:30:03, 28177
394848, 2015-03-02 03:35:04, 28068
394849, 2015-03-02 03:40:02, 28016
394850, 2015-03-02 03:45:02, 27931
394851, 2015-03-02 03:50:02, 27867
394852, 2015-03-02 03:55:03, 27724
394853, 2015-03-02 04:00:03, 27620
394854, 2015-03-02 04:05:03, 27584
394855, 2015-03-02 04:10:02, 27563
394856, 2015-03-02 04:15:02, 27547
394857, 2015-03-02 04:20:02, 27542
394858, 2015-03-02 04:25:03, 27514
394859, 2015-03-02 04:30:03, 27497
394860, 2015-03-02 04:35:03, 27435
394861, 2015-03-02 04:40:02, 27535
394862, 2015-03-02 04:45:03, 27540
394863, 2015-03-02 04:50:03, 27479
394864, 2015-03-02 04:55:03, 27545
394865, 2015-03-02 05:00:01, 27606
394866, 2015-03-02 05:05:03, 27512
394867, 2015-03-02 05:10:03, 27714
394868, 2015-03-02 05:15:03, 27948
394869, 2015-03-02 05:20:05, 28017
394870, 2015-03-02 05:25:01, 28117
394871, 2015-03-02 05:30:03, 28243
394872, 2015-03-02 05:35:02, 28362
394873, 2015-03-02 05:40:02, 28566
394874, 2015-03-02 05:45:01, 28699
394875, 2015-03-02 05:50:03, 28863
394876, 2015-03-02 05:55:02, 29141
394877, 2015-03-02 06:00:04, 29456
394878, 2015-03-02 06:05:02, 29736
394879, 2015-03-02 06:10:02, 30363
394880, 2015-03-02 06:15:02, 31261
394881, 2015-03-02 06:20:04, 31914
394882, 2015-03-02 06:25:02, 32437
394883, 2015-03-02 06:30:02, 32956
394884, 2015-03-02 06:35:02, 33366
394885, 2015-03-02 06:40:04, 33861
394886, 2015-03-02 06:45:01, 34373
394887, 2015-03-02 06:50:03, 34846
394888, 2015-03-02 06:55:02, 35355
394889, 2015-03-02 07:00:02, 35877
394890, 2015-03-02 07:05:01, 36396
394891, 2015-03-02 07:10:01, 37054
394892, 2015-03-02 07:15:01, 37891
394893, 2015-03-02 07:20:04, 38453
394894, 2015-03-02 07:25:01, 38893
394895, 2015-03-02 07:30:02, 39252
394896, 2015-03-02 07:35:04, 39452
394897, 2015-03-02 07:40:02, 39460
394898, 2015-03-02 07:45:02, 39643
394899, 2015-03-02 07:50:03, 39761
394900, 2015-03-02 07:55:01, 39866
394901, 2015-03-02 08:00:06, 39967
394902, 2015-03-02 08:05:01, 40111
394903, 2015-03-02 08:10:02, 40309
394904, 2015-03-02 08:15:03, 40562
394905, 2015-03-02 08:20:03, 40745
394906, 2015-03-02 08:25:02, 40879
394907, 2015-03-02 08:30:02, 40886
394908, 2015-03-02 08:35:04, 40798
394909, 2015-03-02 08:40:02, 40842
394910, 2015-03-02 08:45:03, 40869
394911, 2015-03-02 08:50:02, 40793
394912, 2015-03-02 08:55:02, 40734
394913, 2015-03-02 09:00:06, 40857
394914, 2015-03-02 09:05:02, 40950
394915, 2015-03-02 09:10:36, 41114
394916, 2015-03-02 09:15:01, 41297
394917, 2015-03-02 09:20:04, 41402
394918, 2015-03-02 09:25:02, 41413
394919, 2015-03-02 09:30:02, 41364
394920, 2015-03-02 09:35:02, 41377
394921, 2015-03-02 09:40:01, 41313
394922, 2015-03-02 09:45:03, 41260
394923, 2015-03-02 09:50:03, 41247
394924, 2015-03-02 09:55:06, 41261
394925, 2015-03-02 10:00:02, 41286
394926, 2015-03-02 10:05:02, 41318
394927, 2015-03-02 10:10:02, 41273
394928, 2015-03-02 10:15:02, 41305
394929, 2015-03-02 10:20:07, 41240
394930, 2015-03-02 10:25:01, 41115
394931, 2015-03-02 10:30:01, 41180
394932, 2015-03-02 10:35:02, 41181
394933, 2015-03-02 10:40:02, 41146
394934, 2015-03-02 10:45:02, 41074
394935, 2015-03-02 10:50:03, 41025
394936, 2015-03-02 10:55:02, 41014
394937, 2015-03-02 11:00:02, 40999
394938, 2015-03-02 11:05:02, 40967
394939, 2015-03-02 11:10:03, 41019
394940, 2015-03-02 11:15:02, 41016
394941, 2015-03-02 11:20:03, 41026
394942, 2015-03-02 11:25:02, 41081
394943, 2015-03-02 11:30:03, 41115
394944, 2015-03-02 11:35:02, 40976
394945, 2015-03-02 11:40:02, 40895
394946, 2015-03-02 11:45:02, 40915
394947, 2015-03-02 11:50:02, 40857
394948, 2015-03-02 11:55:02, 40869
394949, 2015-03-02 12:00:07, 40806
394950, 2015-03-02 12:05:02, 40729
394951, 2015-03-02 12:10:01, 40748
394952, 2015-03-02 12:15:01, 40812
394953, 2015-03-02 12:20:06, 40801
394954, 2015-03-02 12:25:01, 40842
394955, 2015-03-02 12:30:02, 40733
394956, 2015-03-02 12:35:02, 40719
394957, 2015-03-02 12:40:02, 40758
394958, 2015-03-02 12:45:02, 40668
394959, 2015-03-02 12:50:02, 40526
394960, 2015-03-02 12:55:02, 40413
394961, 2015-03-02 13:00:07, 40357
394962, 2015-03-02 13:05:03, 40310
394963, 2015-03-02 13:10:02, 40394
394964, 2015-03-02 13:15:02, 40381
394965, 2015-03-02 13:20:04, 40362
394966, 2015-03-02 13:25:02, 40334
394967, 2015-03-02 13:30:02, 40167
394968, 2015-03-02 13:35:02, 40014
394969, 2015-03-02 13:40:01, 40120
394970, 2015-03-02 13:45:04, 40062
394971, 2015-03-02 13:50:03, 39976
394972, 2015-03-02 13:55:02, 39888
394973, 2015-03-02 14:00:04, 39814
394974, 2015-03-02 14:05:02, 39902
394975, 2015-03-02 14:10:02, 40059
394976, 2015-03-02 14:15:03, 40091
394977, 2015-03-02 14:20:05, 40102
394978, 2015-03-02 14:25:02, 40055
394979, 2015-03-02 14:30:02, 40041
394980, 2015-03-02 14:35:04, 40019
394981, 2015-03-02 14:40:01, 39902
394982, 2015-03-02 14:45:02, 39788
394983, 2015-03-02 14:50:02, 39756
394984, 2015-03-02 14:55:03, 39800
394985, 2015-03-02 15:00:02, 39798
394986, 2015-03-02 15:05:02, 39832
394987, 2015-03-02 15:10:02, 39851
394988, 2015-03-02 15:15:02, 39815
394989, 2015-03-02 15:20:04, 39685
394990, 2015-03-02 15:25:03, 39738
394991, 2015-03-02 15:30:01, 39772
394992, 2015-03-02 15:35:01, 39891
394993, 2015-03-02 15:40:01, 40067
394994, 2015-03-02 15:45:03, 40132
394995, 2015-03-02 15:50:01, 40366
394996, 2015-03-02 15:55:02, 40654
394997, 2015-03-02 16:00:02, 40831
394998, 2015-03-02 16:05:02, 40865
394999, 2015-03-02 16:10:01, 40971
395000, 2015-03-02 16:15:02, 41128
395001, 2015-03-02 16:20:05, 41272
395002, 2015-03-02 16:25:01, 41581
395003, 2015-03-02 16:30:03, 41862
395004, 2015-03-02 16:35:03, 42088
395005, 2015-03-02 16:40:02, 42458
395006, 2015-03-02 16:45:03, 42699
395007, 2015-03-02 16:50:04, 43000
395008, 2015-03-02 16:55:02, 43369
395009, 2015-03-02 17:00:10, 43708
395010, 2015-03-02 17:05:02, 43895
395011, 2015-03-02 17:10:02, 44115
395012, 2015-03-02 17:15:03, 44370
395013, 2015-03-02 17:20:04, 44443
395014, 2015-03-02 17:25:01, 44756
395015, 2015-03-02 17:30:02, 45158
395016, 2015-03-02 17:35:02, 45383
395017, 2015-03-02 17:40:02, 45684
395018, 2015-03-02 17:45:03, 45775
395019, 2015-03-02 17:50:04, 45972
395020, 2015-03-02 17:55:03, 46398
395021, 2015-03-02 18:00:03, 46782
395022, 2015-03-02 18:05:03, 47222
395023, 2015-03-02 18:10:03, 47960
395024, 2015-03-02 18:15:02, 48474
395025, 2015-03-02 18:20:04, 48949
395026, 2015-03-02 18:25:03, 49032
395027, 2015-03-02 18:30:02, 49085
395028, 2015-03-02 18:35:02, 49086
395029, 2015-03-02 18:40:02, 49150
395030, 2015-03-02 18:45:02, 49095
395031, 2015-03-02 18:50:02, 49099
395032, 2015-03-02 18:55:02, 49063
395033, 2015-03-02 19:00:03, 48857
395034, 2015-03-02 19:05:02, 48757
395035, 2015-03-02 19:10:03, 48636
395036, 2015-03-02 19:15:02, 48340
395037, 2015-03-02 19:20:04, 48293
395038, 2015-03-02 19:25:02, 47997
395039, 2015-03-02 19:30:03, 47680
395040, 2015-03-02 19:35:02, 47562
395041, 2015-03-02 19:40:02, 47545
395042, 2015-03-02 19:45:02, 47248
395043, 2015-03-02 19:50:03, 46990
395044, 2015-03-02 19:55:03, 46796
395045, 2015-03-02 20:00:03, 46358
395046, 2015-03-02 20:05:05, 46039
395047, 2015-03-02 20:10:02, 46128
395048, 2015-03-02 20:15:03, 45780
395049, 2015-03-02 20:20:04, 45229
395050, 2015-03-02 20:25:03, 44927
395051, 2015-03-02 20:30:05, 44528
395052, 2015-03-02 20:35:01, 44123
395053, 2015-03-02 20:40:01, 44099
395054, 2015-03-02 20:45:03, 43652
395055, 2015-03-02 20:50:02, 43621
395056, 2015-03-02 20:55:03, 43173
395057, 2015-03-02 21:00:02, 42771
395058, 2015-03-02 21:05:02, 42508
395059, 2015-03-02 21:10:03, 42398
395060, 2015-03-02 21:15:02, 41960
395061, 2015-03-02 21:20:03, 41482
395062, 2015-03-02 21:25:02, 41017
395063, 2015-03-02 21:30:04, 40720
395064, 2015-03-02 21:35:02, 40197
395065, 2015-03-02 21:40:02, 39915
395066, 2015-03-02 21:45:04, 39622
395067, 2015-03-02 21:50:02, 39196
395068, 2015-03-02 21:55:02, 38653
395069, 2015-03-02 22:00:04, 38172
395070, 2015-03-02 22:05:02, 37786
395071, 2015-03-02 22:10:01, 37529
395072, 2015-03-02 22:15:02, 36973
395073, 2015-03-02 22:20:04, 36596
395074, 2015-03-02 22:25:03, 36138
395075, 2015-03-02 22:30:04, 35642
395076, 2015-03-02 22:35:03, 35143
395077, 2015-03-02 22:40:03, 35008
395078, 2015-03-02 22:45:02, 34697
395079, 2015-03-02 22:50:02, 34331
395080, 2015-03-02 22:55:02, 33969
395081, 2015-03-02 23:00:03, 33592
395082, 2015-03-02 23:05:03, 33224
395083, 2015-03-02 23:10:05, 32739
395084, 2015-03-02 23:15:03, 32470
395085, 2015-03-02 23:20:05, 32092
395086, 2015-03-02 23:25:02, 31746
395087, 2015-03-02 23:30:04, 31553
395088, 2015-03-02 23:35:02, 31303
395089, 2015-03-02 23:40:02, 31194
395090, 2015-03-02 23:45:04, 31074
395091, 2015-03-02 23:50:01, 31000
395092, 2015-03-02 23:55:02, 30854
395093, 2015-03-03 00:00:03, 30624
395094, 2015-03-03 00:05:01, 30563
395095, 2015-03-03 00:10:01, 30777
395096, 2015-03-03 00:15:01, 30728
395097, 2015-03-03 00:20:03, 30798
395098, 2015-03-03 00:25:02, 31007
395099, 2015-03-03 00:30:02, 31050
395100, 2015-03-03 00:35:02, 30979
395101, 2015-03-03 00:40:02, 31241
395102, 2015-03-03 00:45:04, 31408
395103, 2015-03-03 00:50:02, 31601
395104, 2015-03-03 00:55:03, 31460
395105, 2015-03-03 01:00:03, 31448
395106, 2015-03-03 01:05:01, 31565
395107, 2015-03-03 01:10:01, 31795
395108, 2015-03-03 01:15:02, 31747
395109, 2015-03-03 01:20:02, 31827
395110, 2015-03-03 01:25:02, 31745
395111, 2015-03-03 01:30:03, 31646
395112, 2015-03-03 01:36:04, 31646
395113, 2015-03-03 01:40:01, 31313
395114, 2015-03-03 01:45:02, 31161
395115, 2015-03-03 01:50:02, 31017
395116, 2015-03-03 01:55:01, 30945
395117, 2015-03-03 02:00:01, 30869
395118, 2015-03-03 02:05:02, 30841
395119, 2015-03-03 02:10:02, 31196
395120, 2015-03-03 02:15:01, 31253
395121, 2015-03-03 02:20:03, 31378
395122, 2015-03-03 02:25:02, 31361
395123, 2015-03-03 02:30:02, 31257
395124, 2015-03-03 02:35:03, 31214
395125, 2015-03-03 02:40:02, 31429
395126, 2015-03-03 02:45:01, 31424
395127, 2015-03-03 02:50:03, 31360
395128, 2015-03-03 02:55:03, 31271
395129, 2015-03-03 03:00:05, 31145
395130, 2015-03-03 03:05:02, 30994
395131, 2015-03-03 03:10:01, 31026
395132, 2015-03-03 03:15:01, 31012
395133, 2015-03-03 03:20:06, 30986
395134, 2015-03-03 03:25:01, 30992
395135, 2015-03-03 03:30:03, 30855
395136, 2015-03-03 03:35:03, 30818
395137, 2015-03-03 03:40:06, 30568
395138, 2015-03-03 03:45:07, 30677
395139, 2015-03-03 03:50:02, 30726
395140, 2015-03-03 03:55:03, 30739
395141, 2015-03-03 04:00:04, 30718
395142, 2015-03-03 04:05:03, 30629
395143, 2015-03-03 04:10:01, 30562
395144, 2015-03-03 04:15:02, 30464
395145, 2015-03-03 04:20:03, 30351
395146, 2015-03-03 04:25:01, 30324
395147, 2015-03-03 04:30:03, 30219
395148, 2015-03-03 04:35:03, 30025
395149, 2015-03-03 04:40:02, 30004
395150, 2015-03-03 04:45:02, 29894
395151, 2015-03-03 04:50:03, 30034
395152, 2015-03-03 04:55:01, 30149
395153, 2015-03-03 05:00:06, 30072
395154, 2015-03-03 05:05:02, 30372
395155, 2015-03-03 05:10:02, 30572
395156, 2015-03-03 05:15:02, 30803
395157, 2015-03-03 05:20:04, 30884
395158, 2015-03-03 05:25:02, 30999
395159, 2015-03-03 05:30:01, 31031
395160, 2015-03-03 05:35:02, 30915
395161, 2015-03-03 05:40:01, 31013
395162, 2015-03-03 05:45:04, 31242
395163, 2015-03-03 05:50:03, 31426
395164, 2015-03-03 05:55:02, 31909
395165, 2015-03-03 06:00:02, 32295
395166, 2015-03-03 06:05:03, 32549
395167, 2015-03-03 06:10:02, 33191
395168, 2015-03-03 06:15:01, 33807
395169, 2015-03-03 06:20:05, 34267
395170, 2015-03-03 06:25:02, 34490
395171, 2015-03-03 06:30:02, 34833
395172, 2015-03-03 06:35:02, 35188
395173, 2015-03-03 06:40:01, 35607
395174, 2015-03-03 06:45:03, 36091
395175, 2015-03-03 06:50:01, 36527
395176, 2015-03-03 06:55:02, 36971
395177, 2015-03-03 07:00:03, 37557
395178, 2015-03-03 07:05:04, 37969
395179, 2015-03-03 07:10:04, 38545
395180, 2015-03-03 07:15:02, 39431
395181, 2015-03-03 07:20:04, 40104
395182, 2015-03-03 07:25:03, 40686
395183, 2015-03-03 07:30:02, 40978
395184, 2015-03-03 07:35:02, 41128
395185, 2015-03-03 07:40:01, 41186
395186, 2015-03-03 07:45:03, 41292
395187, 2015-03-03 07:50:02, 41438
395188, 2015-03-03 07:55:03, 41598
395189, 2015-03-03 08:00:02, 41711
395190, 2015-03-03 08:05:02, 41828
395191, 2015-03-03 08:10:03, 41946
395192, 2015-03-03 08:15:02, 42224
395193, 2015-03-03 08:20:02, 42355
395194, 2015-03-03 08:25:01, 42371
395195, 2015-03-03 08:30:02, 42339
395196, 2015-03-03 08:35:03, 42321
395197, 2015-03-03 08:40:02, 42227
395198, 2015-03-03 08:45:03, 42059
395199, 2015-03-03 08:50:02, 42044
395200, 2015-03-03 08:55:01, 42074
395201, 2015-03-03 09:00:05, 42100
395202, 2015-03-03 09:05:02, 42151
395203, 2015-03-03 09:10:02, 42304
395204, 2015-03-03 09:15:02, 42381
395205, 2015-03-03 09:20:06, 42454
395206, 2015-03-03 09:25:01, 42596
395207, 2015-03-03 09:30:05, 42581
395208, 2015-03-03 09:35:03, 42482
395209, 2015-03-03 09:40:03, 42375
395210, 2015-03-03 09:45:03, 42297
395211, 2015-03-03 09:50:02, 42197
395212, 2015-03-03 09:55:03, 41929
395213, 2015-03-03 10:00:03, 41728
395214, 2015-03-03 10:05:01, 41659
395215, 2015-03-03 10:10:02, 41572
395216, 2015-03-03 10:15:02, 41412
395217, 2015-03-03 10:20:04, 41288
395218, 2015-03-03 10:25:02, 41227
395219, 2015-03-03 10:30:04, 41172
395220, 2015-03-03 10:35:02, 41126
395221, 2015-03-03 10:40:01, 41070
395222, 2015-03-03 10:45:05, 41003
395223, 2015-03-03 10:50:02, 40952
395224, 2015-03-03 10:55:02, 40963
395225, 2015-03-03 11:00:03, 40835
395226, 2015-03-03 11:05:02, 40823
395227, 2015-03-03 11:10:03, 40756
395228, 2015-03-03 11:15:02, 40720
395229, 2015-03-03 11:20:03, 40634
395230, 2015-03-03 11:25:02, 40534
395231, 2015-03-03 11:30:07, 40404
395232, 2015-03-03 11:35:03, 40379
395233, 2015-03-03 11:40:01, 40370
395234, 2015-03-03 11:45:04, 40253
395235, 2015-03-03 11:50:02, 40213
395236, 2015-03-03 11:55:03, 40275
395237, 2015-03-03 12:00:03, 40230
395238, 2015-03-03 12:05:03, 40153
395239, 2015-03-03 12:10:02, 40203
395240, 2015-03-03 12:15:02, 40233
395241, 2015-03-03 12:20:03, 40246
395242, 2015-03-03 12:25:02, 40206
395243, 2015-03-03 12:30:01, 40087
395244, 2015-03-03 12:35:02, 39951
395245, 2015-03-03 12:40:01, 39979
395246, 2015-03-03 12:45:02, 39979
395247, 2015-03-03 12:50:02, 39902
395248, 2015-03-03 12:55:01, 39750
395249, 2015-03-03 13:00:02, 39684
395250, 2015-03-03 13:05:01, 39524
395251, 2015-03-03 13:10:02, 39590
395252, 2015-03-03 13:15:05, 39640
395253, 2015-03-03 13:20:03, 39551
395254, 2015-03-03 13:25:02, 39496
395255, 2015-03-03 13:30:03, 39439
395256, 2015-03-03 13:35:03, 39412
395257, 2015-03-03 13:40:01, 39464
395258, 2015-03-03 13:45:01, 39491
395259, 2015-03-03 13:50:01, 39519
395260, 2015-03-03 13:55:01, 39480
395261, 2015-03-03 14:00:05, 39421
395262, 2015-03-03 14:05:04, 39387
395263, 2015-03-03 14:10:01, 39503
395264, 2015-03-03 14:15:01, 39574
395265, 2015-03-03 14:20:02, 39532
395266, 2015-03-03 14:25:03, 39414
395267, 2015-03-03 14:30:02, 39432
395268, 2015-03-03 14:35:04, 39440
395269, 2015-03-03 14:40:01, 39420
395270, 2015-03-03 14:45:02, 39326
395271, 2015-03-03 14:50:03, 39209
395272, 2015-03-03 14:55:03, 39265
395273, 2015-03-03 15:00:03, 39226
395274, 2015-03-03 15:05:02, 39206
395275, 2015-03-03 15:10:02, 39304
395276, 2015-03-03 15:15:02, 39259
395277, 2015-03-03 15:20:05, 39343
395278, 2015-03-03 15:25:02, 39431
395279, 2015-03-03 15:30:05, 39514
395280, 2015-03-03 15:35:02, 39701
395281, 2015-03-03 15:40:01, 39803
395282, 2015-03-03 15:45:02, 39989
395283, 2015-03-03 15:50:02, 40260
395284, 2015-03-03 15:55:01, 40514
395285, 2015-03-03 16:00:04, 40694
395286, 2015-03-03 16:05:04, 40806
395287, 2015-03-03 16:10:03, 40896
395288, 2015-03-03 16:15:04, 41087
395289, 2015-03-03 16:20:07, 41334
395290, 2015-03-03 16:25:02, 41631
395291, 2015-03-03 16:30:02, 41893
395292, 2015-03-03 16:35:03, 42177
395293, 2015-03-03 16:40:01, 42384
395294, 2015-03-03 16:45:03, 42527
395295, 2015-03-03 16:50:03, 42900
395296, 2015-03-03 16:55:02, 43176
395297, 2015-03-03 17:00:07, 43323
395298, 2015-03-03 17:05:02, 43494
395299, 2015-03-03 17:10:02, 43707
395300, 2015-03-03 17:15:01, 43833
395301, 2015-03-03 17:20:03, 44114
395302, 2015-03-03 17:25:03, 44564
395303, 2015-03-03 17:30:03, 44880
395304, 2015-03-03 17:35:01, 45085
395305, 2015-03-03 17:40:03, 45189
395306, 2015-03-03 17:45:02, 45415
395307, 2015-03-03 17:50:02, 45646
395308, 2015-03-03 17:55:02, 46095
395309, 2015-03-03 18:00:03, 46398
395310, 2015-03-03 18:05:02, 46879
395311, 2015-03-03 18:10:02, 47614
395312, 2015-03-03 18:15:02, 48097
395313, 2015-03-03 18:20:06, 48446
395314, 2015-03-03 18:25:02, 48617
395315, 2015-03-03 18:30:04, 48676
395316, 2015-03-03 18:35:02, 48648
395317, 2015-03-03 18:40:01, 48734
395318, 2015-03-03 18:45:01, 48765
395319, 2015-03-03 18:50:03, 48675
395320, 2015-03-03 18:55:02, 48540
395321, 2015-03-03 19:00:02, 48306
395322, 2015-03-03 19:05:02, 48173
395323, 2015-03-03 19:10:02, 48240
395324, 2015-03-03 19:15:03, 48018
395325, 2015-03-03 19:20:03, 47824
395326, 2015-03-03 19:25:01, 47627
395327, 2015-03-03 19:30:02, 47233
395328, 2015-03-03 19:35:03, 46887
395329, 2015-03-03 19:40:02, 46825
395330, 2015-03-03 19:45:02, 46435
395331, 2015-03-03 19:50:02, 46171
395332, 2015-03-03 19:55:01, 45805
395333, 2015-03-03 20:00:03, 45487
395334, 2015-03-03 20:05:02, 45339
395335, 2015-03-03 20:10:02, 45427
395336, 2015-03-03 20:15:02, 45046
395337, 2015-03-03 20:20:05, 44657
395338, 2015-03-03 20:25:02, 44413
395339, 2015-03-03 20:30:03, 44118
395340, 2015-03-03 20:35:02, 43832
395341, 2015-03-03 20:40:01, 43528
395342, 2015-03-03 20:45:03, 43228
395343, 2015-03-03 20:50:01, 42822
395344, 2015-03-03 20:55:01, 42546
395345, 2015-03-03 21:00:04, 42071
395346, 2015-03-03 21:05:02, 41686
395347, 2015-03-03 21:10:01, 41693
395348, 2015-03-03 21:15:03, 41232
395349, 2015-03-03 21:20:02, 40884
395350, 2015-03-03 21:25:01, 40410
395351, 2015-03-03 21:30:03, 40011
395352, 2015-03-03 21:35:02, 39518
395353, 2015-03-03 21:40:02, 39177
395354, 2015-03-03 21:45:03, 38726
395355, 2015-03-03 21:50:04, 38392
395356, 2015-03-03 21:55:03, 37935
395357, 2015-03-03 22:00:05, 37492
395358, 2015-03-03 22:05:02, 37136
395359, 2015-03-03 22:10:03, 36877
395360, 2015-03-03 22:15:01, 36388
395361, 2015-03-03 22:20:02, 35909
395362, 2015-03-03 22:25:02, 35444
395363, 2015-03-03 22:30:04, 34950
395364, 2015-03-03 22:35:02, 34502
395365, 2015-03-03 22:40:02, 34365
395366, 2015-03-03 22:45:02, 34024
395367, 2015-03-03 22:50:01, 33635
395368, 2015-03-03 22:55:03, 33244
395369, 2015-03-03 23:00:03, 32805
395370, 2015-03-03 23:05:01, 32381
395371, 2015-03-03 23:10:03, 31991
395372, 2015-03-03 23:15:02, 31502
395373, 2015-03-03 23:20:03, 31057
395374, 2015-03-03 23:25:02, 30841
395375, 2015-03-03 23:30:03, 30491
395376, 2015-03-03 23:35:02, 30190
395377, 2015-03-03 23:40:01, 30373
395378, 2015-03-03 23:45:03, 30208
395379, 2015-03-03 23:50:03, 30202
395380, 2015-03-03 23:55:02, 30321
395381, 2015-03-04 00:00:03, 30260
395382, 2015-03-04 00:05:03, 30296
395383, 2015-03-04 00:10:01, 30324
395384, 2015-03-04 00:15:02, 30412
395385, 2015-03-04 00:20:05, 30498
395386, 2015-03-04 00:25:02, 30528
395387, 2015-03-04 00:30:02, 30624
395388, 2015-03-04 00:35:01, 30744
395389, 2015-03-04 00:40:01, 31007
395390, 2015-03-04 00:45:02, 31165
395391, 2015-03-04 00:50:03, 31259
395392, 2015-03-04 00:55:01, 31399
395393, 2015-03-04 01:00:02, 31482
395394, 2015-03-04 01:05:02, 31551
395395, 2015-03-04 01:10:02, 31678
395396, 2015-03-04 01:15:02, 31623
395397, 2015-03-04 01:20:04, 31532
395398, 2015-03-04 01:25:02, 31357
395399, 2015-03-04 01:30:03, 31269
395400, 2015-03-04 01:35:02, 31245
395401, 2015-03-04 01:40:01, 31197
395402, 2015-03-04 01:45:02, 31135
395403, 2015-03-04 01:50:02, 31087
395404, 2015-03-04 01:55:01, 30971
395405, 2015-03-04 02:00:04, 30877
395406, 2015-03-04 02:05:03, 30697
395407, 2015-03-04 02:10:02, 30698
395408, 2015-03-04 02:15:02, 30733
395409, 2015-03-04 02:20:03, 30824
395410, 2015-03-04 02:25:02, 30744
395411, 2015-03-04 02:30:03, 30721
395412, 2015-03-04 02:35:02, 30669
395413, 2015-03-04 02:40:01, 30946
395414, 2015-03-04 02:45:02, 30995
395415, 2015-03-04 02:50:05, 30973
395416, 2015-03-04 02:55:03, 30901
395417, 2015-03-04 03:00:03, 30825
395418, 2015-03-04 03:05:04, 30766
395419, 2015-03-04 03:10:03, 30784
395420, 2015-03-04 03:15:04, 30754
395421, 2015-03-04 03:20:04, 30716
395422, 2015-03-04 03:25:05, 30633
395423, 2015-03-04 03:30:02, 30480
395424, 2015-03-04 03:35:02, 30328
395425, 2015-03-04 03:40:02, 30208
395426, 2015-03-04 03:45:05, 30083
395427, 2015-03-04 03:50:04, 29914
395428, 2015-03-04 03:55:02, 29867
395429, 2015-03-04 04:00:03, 29814
395430, 2015-03-04 04:05:04, 29770
395431, 2015-03-04 04:10:01, 29705
395432, 2015-03-04 04:15:02, 29521
395433, 2015-03-04 04:20:05, 29659
395434, 2015-03-04 04:25:02, 29607
395435, 2015-03-04 04:30:03, 29604
395436, 2015-03-04 04:35:03, 29569
395437, 2015-03-04 04:40:02, 29684
395438, 2015-03-04 04:45:02, 29796
395439, 2015-03-04 04:50:02, 29832
395440, 2015-03-04 04:55:01, 29799
395441, 2015-03-04 05:00:03, 29759
395442, 2015-03-04 05:05:02, 29773
395443, 2015-03-04 05:10:05, 30038
395444, 2015-03-04 05:15:03, 30243
395445, 2015-03-04 05:20:02, 30299
395446, 2015-03-04 05:25:03, 30338
395447, 2015-03-04 05:30:05, 30293
395448, 2015-03-04 05:35:02, 30347
395449, 2015-03-04 05:40:02, 30596
395450, 2015-03-04 05:45:02, 30874
395451, 2015-03-04 05:50:06, 30957
395452, 2015-03-04 05:55:03, 31132
395453, 2015-03-04 06:00:04, 31164
395454, 2015-03-04 06:05:02, 31288
395455, 2015-03-04 06:10:02, 31955
395456, 2015-03-04 06:15:02, 32502
395457, 2015-03-04 06:20:04, 33064
395458, 2015-03-04 06:25:02, 33684
395459, 2015-03-04 06:30:02, 34249
395460, 2015-03-04 06:35:01, 34650
395461, 2015-03-04 06:40:01, 35019
395462, 2015-03-04 06:45:01, 35570
395463, 2015-03-04 06:50:04, 35979
395464, 2015-03-04 06:55:02, 36478
395465, 2015-03-04 07:00:02, 36974
395466, 2015-03-04 07:05:03, 37580
395467, 2015-03-04 07:10:03, 38159
395468, 2015-03-04 07:15:02, 38930
395469, 2015-03-04 07:20:06, 39370
395470, 2015-03-04 07:25:02, 39777
395471, 2015-03-04 07:30:03, 40109
395472, 2015-03-04 07:35:03, 40476
395473, 2015-03-04 07:40:02, 40529
395474, 2015-03-04 07:45:02, 40789
395475, 2015-03-04 07:50:03, 41041
395476, 2015-03-04 07:55:02, 41125
395477, 2015-03-04 08:00:03, 41214
395478, 2015-03-04 08:05:02, 41323
395479, 2015-03-04 08:10:01, 41438
395480, 2015-03-04 08:15:03, 41564
395481, 2015-03-04 08:20:03, 41615
395482, 2015-03-04 08:25:02, 41689
395483, 2015-03-04 08:30:03, 41560
395484, 2015-03-04 08:35:02, 41373
395485, 2015-03-04 08:40:02, 41218
395486, 2015-03-04 08:45:03, 41116
395487, 2015-03-04 08:50:01, 41042
395488, 2015-03-04 08:55:01, 41119
395489, 2015-03-04 09:00:03, 41184
395490, 2015-03-04 09:05:04, 41211
395491, 2015-03-04 09:10:01, 41442
395492, 2015-03-04 09:15:02, 41471
395493, 2015-03-04 09:20:05, 41525
395494, 2015-03-04 09:25:01, 41567
395495, 2015-03-04 09:30:08, 41574
395496, 2015-03-04 09:35:02, 41587
395497, 2015-03-04 09:40:02, 41513
395498, 2015-03-04 09:45:01, 41404
395499, 2015-03-04 09:50:02, 41276
395500, 2015-03-04 09:55:03, 41170
395501, 2015-03-04 10:00:05, 41087
395502, 2015-03-04 10:05:02, 40949
395503, 2015-03-04 10:10:02, 40837
395504, 2015-03-04 10:15:01, 40756
395505, 2015-03-04 10:20:05, 40692
395506, 2015-03-04 10:25:03, 40671
395507, 2015-03-04 10:30:02, 40631
395508, 2015-03-04 10:35:02, 40583
395509, 2015-03-04 10:40:01, 40592
395510, 2015-03-04 10:45:03, 40540
395511, 2015-03-04 10:50:02, 40441
395512, 2015-03-04 10:55:02, 40376
395513, 2015-03-04 11:00:03, 40307
395514, 2015-03-04 11:05:02, 40278
395515, 2015-03-04 11:10:08, 40302
395516, 2015-03-04 11:15:02, 40306
395517, 2015-03-04 11:20:04, 40277
395518, 2015-03-04 11:25:02, 40266
395519, 2015-03-04 11:30:03, 40155
395520, 2015-03-04 11:35:03, 40119
395521, 2015-03-04 11:40:02, 40142
395522, 2015-03-04 11:45:04, 40134
395523, 2015-03-04 11:50:02, 40159
395524, 2015-03-04 11:55:03, 40198
395525, 2015-03-04 12:00:03, 40220
395526, 2015-03-04 12:05:02, 40170
395527, 2015-03-04 12:10:02, 40208
395528, 2015-03-04 12:15:49, 40302
395529, 2015-03-04 12:20:02, 40283
395530, 2015-03-04 12:25:02, 40283
395531, 2015-03-04 12:30:02, 40233
395532, 2015-03-04 12:35:02, 40230
395533, 2015-03-04 12:40:02, 40215
395534, 2015-03-04 12:45:02, 40164
395535, 2015-03-04 12:50:02, 40016
395536, 2015-03-04 12:55:01, 39921
395537, 2015-03-04 13:00:03, 39871
395538, 2015-03-04 13:05:02, 39755
395539, 2015-03-04 13:10:01, 39830
395540, 2015-03-04 13:15:02, 39871
395541, 2015-03-04 13:20:07, 39868
395542, 2015-03-04 13:25:03, 39833
395543, 2015-03-04 13:30:02, 39812
395544, 2015-03-04 13:35:04, 39696
395545, 2015-03-04 13:40:01, 39723
395546, 2015-03-04 13:45:03, 39745
395547, 2015-03-04 13:50:03, 39745
395548, 2015-03-04 13:55:02, 39682
395549, 2015-03-04 14:00:04, 39634
395550, 2015-03-04 14:05:02, 39676
395551, 2015-03-04 14:10:02, 39766
395552, 2015-03-04 14:15:03, 39777
395553, 2015-03-04 14:20:04, 39797
395554, 2015-03-04 14:25:03, 39704
395555, 2015-03-04 14:30:03, 39801
395556, 2015-03-04 14:35:04, 39804
395557, 2015-03-04 14:40:02, 39872
395558, 2015-03-04 14:45:03, 39809
395559, 2015-03-04 14:50:15, 39737
395560, 2015-03-04 14:55:01, 39816
395561, 2015-03-04 15:00:04, 39831
395562, 2015-03-04 15:05:02, 39843
395563, 2015-03-04 15:10:03, 39904
395564, 2015-03-04 15:15:02, 39970
395565, 2015-03-04 15:20:03, 39918
395566, 2015-03-04 15:25:02, 39974
395567, 2015-03-04 15:30:02, 40016
395568, 2015-03-04 15:35:02, 40166
395569, 2015-03-04 15:40:01, 40334
395570, 2015-03-04 15:45:02, 40485
395571, 2015-03-04 15:50:02, 40724
395572, 2015-03-04 15:55:01, 40998
395573, 2015-03-04 16:00:05, 41152
395574, 2015-03-04 16:05:03, 41409
395575, 2015-03-04 16:10:02, 41660
395576, 2015-03-04 16:15:01, 41784
395577, 2015-03-04 16:20:05, 42023
395578, 2015-03-04 16:25:03, 42263
395579, 2015-03-04 16:30:03, 42486
395580, 2015-03-04 16:35:02, 42665
395581, 2015-03-04 16:40:02, 42937
395582, 2015-03-04 16:45:03, 43126
395583, 2015-03-04 16:50:04, 43475
395584, 2015-03-04 16:55:03, 43636
395585, 2015-03-04 17:00:04, 43848
395586, 2015-03-04 17:05:03, 44091
395587, 2015-03-04 17:10:01, 44409
395588, 2015-03-04 17:15:02, 44623
395589, 2015-03-04 17:20:04, 44778
395590, 2015-03-04 17:25:02, 45070
395591, 2015-03-04 17:30:03, 45397
395592, 2015-03-04 17:35:02, 45564
395593, 2015-03-04 17:40:02, 45740
395594, 2015-03-04 17:45:03, 45972
395595, 2015-03-04 17:50:04, 46288
395596, 2015-03-04 17:55:03, 46535
395597, 2015-03-04 18:00:02, 46650
395598, 2015-03-04 18:05:02, 47166
395599, 2015-03-04 18:10:02, 48014
395600, 2015-03-04 18:15:02, 48527
395601, 2015-03-04 18:20:04, 48832
395602, 2015-03-04 18:25:02, 48982
395603, 2015-03-04 18:30:02, 49032
395604, 2015-03-04 18:35:03, 49038
395605, 2015-03-04 18:40:04, 49206
395606, 2015-03-04 18:45:05, 49233
395607, 2015-03-04 18:50:03, 49274
395608, 2015-03-04 18:55:02, 49264
395609, 2015-03-04 19:00:04, 49272
395610, 2015-03-04 19:05:02, 49320
395611, 2015-03-04 19:10:03, 49311
395612, 2015-03-04 19:15:02, 49161
395613, 2015-03-04 19:20:08, 49094
395614, 2015-03-04 19:25:02, 48810
395615, 2015-03-04 19:30:03, 48474
395616, 2015-03-04 19:35:02, 48386
395617, 2015-03-04 19:40:02, 48322
395618, 2015-03-04 19:45:03, 47984
395619, 2015-03-04 19:50:01, 47746
395620, 2015-03-04 19:55:03, 47510
395621, 2015-03-04 20:00:01, 47084
395622, 2015-03-04 20:05:03, 46739
395623, 2015-03-04 20:10:04, 46748
395624, 2015-03-04 20:15:02, 46471
395625, 2015-03-04 20:20:04, 46131
395626, 2015-03-04 20:25:02, 45708
395627, 2015-03-04 20:30:07, 45335
395628, 2015-03-04 20:35:03, 45004
395629, 2015-03-04 20:40:01, 44701
395630, 2015-03-04 20:45:04, 44488
395631, 2015-03-04 20:50:02, 44185
395632, 2015-03-04 20:55:02, 43893
395633, 2015-03-04 21:00:03, 43477
395634, 2015-03-04 21:05:01, 43189
395635, 2015-03-04 21:10:02, 43062
395636, 2015-03-04 21:15:02, 42593
395637, 2015-03-04 21:20:04, 42190
395638, 2015-03-04 21:25:02, 41812
395639, 2015-03-04 21:30:03, 41526
395640, 2015-03-04 21:35:03, 41173
395641, 2015-03-04 21:40:01, 40657
395642, 2015-03-04 21:45:02, 40186
395643, 2015-03-04 21:50:03, 39719
395644, 2015-03-04 21:55:01, 39380
395645, 2015-03-04 22:00:02, 39030
395646, 2015-03-04 22:05:03, 38554
395647, 2015-03-04 22:10:02, 38315
395648, 2015-03-04 22:15:02, 37987
395649, 2015-03-04 22:20:02, 37491
395650, 2015-03-04 22:25:02, 37023
395651, 2015-03-04 22:30:04, 36654
395652, 2015-03-04 22:35:01, 36251
395653, 2015-03-04 22:40:01, 36174
395654, 2015-03-04 22:45:01, 35768
395655, 2015-03-04 22:50:02, 35362
395656, 2015-03-04 22:55:02, 35011
395657, 2015-03-04 23:00:04, 34482
395658, 2015-03-04 23:05:02, 34006
395659, 2015-03-04 23:10:02, 33682
395660, 2015-03-04 23:15:03, 33235
395661, 2015-03-04 23:20:03, 32772
395662, 2015-03-04 23:25:02, 32460
395663, 2015-03-04 23:30:02, 32103
395664, 2015-03-04 23:35:01, 31774
395665, 2015-03-04 23:40:02, 32013
395666, 2015-03-04 23:45:02, 32059
395667, 2015-03-04 23:50:02, 31993
395668, 2015-03-04 23:55:03, 32099
395669, 2015-03-05 00:00:07, 31910
395670, 2015-03-05 00:05:02, 31747
395671, 2015-03-05 00:10:01, 31884
395672, 2015-03-05 00:15:02, 31858
395673, 2015-03-05 00:20:05, 31804
395674, 2015-03-05 00:25:02, 31815
395675, 2015-03-05 00:30:03, 31787
395676, 2015-03-05 00:35:02, 31851
395677, 2015-03-05 00:40:01, 32083
395678, 2015-03-05 00:45:03, 31987
395679, 2015-03-05 00:50:01, 32066
395680, 2015-03-05 00:55:02, 32070
395681, 2015-03-05 01:00:03, 32066
395682, 2015-03-05 01:05:04, 32067
395683, 2015-03-05 01:10:03, 32301
395684, 2015-03-05 01:15:03, 32394
395685, 2015-03-05 01:20:02, 32621
395686, 2015-03-05 01:25:03, 32515
395687, 2015-03-05 01:30:02, 32206
395688, 2015-03-05 01:35:02, 32057
395689, 2015-03-05 01:40:01, 32015
395690, 2015-03-05 01:45:01, 31918
395691, 2015-03-05 01:50:02, 31729
395692, 2015-03-05 01:55:02, 31447
395693, 2015-03-05 02:00:02, 31386
395694, 2015-03-05 02:05:04, 31360
395695, 2015-03-05 02:10:03, 31487
395696, 2015-03-05 02:15:02, 31553
395697, 2015-03-05 02:20:03, 31620
395698, 2015-03-05 02:25:02, 31502
395699, 2015-03-05 02:30:02, 31521
395700, 2015-03-05 02:35:02, 31301
395701, 2015-03-05 02:40:02, 31614
395702, 2015-03-05 02:45:01, 31505
395703, 2015-03-05 02:50:05, 31506
395704, 2015-03-05 02:55:03, 31578
395705, 2015-03-05 03:00:04, 31351
395706, 2015-03-05 03:05:07, 31148
395707, 2015-03-05 03:10:07, 31317
395708, 2015-03-05 03:15:03, 31232
395709, 2015-03-05 03:20:05, 31011
395710, 2015-03-05 03:25:02, 31005
395711, 2015-03-05 03:30:04, 30828
395712, 2015-03-05 03:35:02, 30673
395713, 2015-03-05 03:40:02, 30668
395714, 2015-03-05 03:45:03, 30605
395715, 2015-03-05 03:50:05, 30549
395716, 2015-03-05 03:55:01, 30626
395717, 2015-03-05 04:00:05, 30615
395718, 2015-03-05 04:05:02, 30670
395719, 2015-03-05 04:10:02, 30578
395720, 2015-03-05 04:15:02, 30529
395721, 2015-03-05 04:20:03, 30557
395722, 2015-03-05 04:25:06, 30463
395723, 2015-03-05 04:30:02, 30353
395724, 2015-03-05 04:35:03, 30338
395725, 2015-03-05 04:40:02, 30381
395726, 2015-03-05 04:45:02, 30418
395727, 2015-03-05 04:50:02, 30404
395728, 2015-03-05 04:55:01, 30461
395729, 2015-03-05 05:00:02, 30466
395730, 2015-03-05 05:05:02, 30337
395731, 2015-03-05 05:10:01, 30603
395732, 2015-03-05 05:15:03, 30575
395733, 2015-03-05 05:20:04, 30727
395734, 2015-03-05 05:25:03, 30698
395735, 2015-03-05 05:30:02, 30824
395736, 2015-03-05 05:35:03, 31014
395737, 2015-03-05 05:40:02, 31474
395738, 2015-03-05 05:45:03, 31600
395739, 2015-03-05 05:50:02, 31597
395740, 2015-03-05 05:55:02, 31695
395741, 2015-03-05 06:00:04, 31857
395742, 2015-03-05 06:05:02, 32074
395743, 2015-03-05 06:10:01, 32368
395744, 2015-03-05 06:15:03, 33319
395745, 2015-03-05 06:20:03, 33837
395746, 2015-03-05 06:25:02, 34297
395747, 2015-03-05 06:30:05, 34794
395748, 2015-03-05 06:35:01, 35203
395749, 2015-03-05 06:40:02, 35602
395750, 2015-03-05 06:45:02, 36106
395751, 2015-03-05 06:50:02, 36590
395752, 2015-03-05 06:55:01, 37015
395753, 2015-03-05 07:00:01, 37544
395754, 2015-03-05 07:05:03, 38122
395755, 2015-03-05 07:10:01, 38718
395756, 2015-03-05 07:15:02, 39495
395757, 2015-03-05 07:20:04, 40071
395758, 2015-03-05 07:25:02, 40422
395759, 2015-03-05 07:30:01, 40660
395760, 2015-03-05 07:35:02, 40872
395761, 2015-03-05 07:40:02, 40886
395762, 2015-03-05 07:45:05, 41094
395763, 2015-03-05 07:50:02, 41171
395764, 2015-03-05 07:55:02, 41199
395765, 2015-03-05 08:00:03, 41204
395766, 2015-03-05 08:05:05, 41386
395767, 2015-03-05 08:10:01, 41574
395768, 2015-03-05 08:15:01, 41839
395769, 2015-03-05 08:20:04, 42015
395770, 2015-03-05 08:25:02, 42039
395771, 2015-03-05 08:30:06, 42049
395772, 2015-03-05 08:35:03, 41972
395773, 2015-03-05 08:40:01, 41930
395774, 2015-03-05 08:45:01, 41767
395775, 2015-03-05 08:50:02, 41784
395776, 2015-03-05 08:55:02, 41802
395777, 2015-03-05 09:00:03, 41881
395778, 2015-03-05 09:05:03, 42062
395779, 2015-03-05 09:10:02, 42246
395780, 2015-03-05 09:15:03, 42396
395781, 2015-03-05 09:20:02, 42488
395782, 2015-03-05 09:25:03, 42468
395783, 2015-03-05 09:30:02, 42427
395784, 2015-03-05 09:35:02, 42408
395785, 2015-03-05 09:40:02, 42440
395786, 2015-03-05 09:45:02, 42396
395787, 2015-03-05 09:50:02, 42355
395788, 2015-03-05 09:55:01, 42291
395789, 2015-03-05 10:00:05, 42216
395790, 2015-03-05 10:05:02, 42146
395791, 2015-03-05 10:10:01, 42108
395792, 2015-03-05 10:15:01, 42058
395793, 2015-03-05 10:20:06, 41953
395794, 2015-03-05 10:25:04, 41986
395795, 2015-03-05 10:30:02, 41940
395796, 2015-03-05 10:35:03, 41906
395797, 2015-03-05 10:40:07, 41913
395798, 2015-03-05 10:45:03, 41902
395799, 2015-03-05 10:50:02, 41824
395800, 2015-03-05 10:55:04, 41800
395801, 2015-03-05 11:00:02, 41758
395802, 2015-03-05 11:05:01, 41710
395803, 2015-03-05 11:10:03, 41751
395804, 2015-03-05 11:15:02, 41808
395805, 2015-03-05 11:20:06, 41829
395806, 2015-03-05 11:25:02, 41754
395807, 2015-03-05 11:30:02, 41632
395808, 2015-03-05 11:35:02, 41604
395809, 2015-03-05 11:40:02, 41598
395810, 2015-03-05 11:45:02, 41561
395811, 2015-03-05 11:50:02, 41501
395812, 2015-03-05 11:55:02, 41512
395813, 2015-03-05 12:00:02, 41481
395814, 2015-03-05 12:05:03, 41496
395815, 2015-03-05 12:10:02, 41603
395816, 2015-03-05 12:15:03, 41558
395817, 2015-03-05 12:20:06, 41492
395818, 2015-03-05 12:25:05, 41484
395819, 2015-03-05 12:30:03, 41520
395820, 2015-03-05 12:35:04, 41474
395821, 2015-03-05 12:40:02, 41503
395822, 2015-03-05 12:45:02, 41491
395823, 2015-03-05 12:50:01, 41411
395824, 2015-03-05 12:55:03, 41308
395825, 2015-03-05 13:00:03, 41240
395826, 2015-03-05 13:05:02, 41131
395827, 2015-03-05 13:10:02, 41141
395828, 2015-03-05 13:15:01, 41205
395829, 2015-03-05 13:20:04, 41173
395830, 2015-03-05 13:25:02, 41172
395831, 2015-03-05 13:30:02, 41102
395832, 2015-03-05 13:35:04, 40974
395833, 2015-03-05 13:40:01, 41115
395834, 2015-03-05 13:45:01, 41234
395835, 2015-03-05 13:50:02, 41115
395836, 2015-03-05 13:55:02, 41079
395837, 2015-03-05 14:00:02, 41029
395838, 2015-03-05 14:05:02, 40997
395839, 2015-03-05 14:10:02, 41155
395840, 2015-03-05 14:15:03, 41237
395841, 2015-03-05 14:20:02, 41254
395842, 2015-03-05 14:25:02, 41251
395843, 2015-03-05 14:30:06, 41225
395844, 2015-03-05 14:35:03, 41232
395845, 2015-03-05 14:40:01, 41579
395846, 2015-03-05 14:45:03, 41490
395847, 2015-03-05 14:50:03, 41440
395848, 2015-03-05 14:55:01, 41444
395849, 2015-03-05 15:00:01, 41471
395850, 2015-03-05 15:05:02, 41517
395851, 2015-03-05 15:10:02, 41582
395852, 2015-03-05 15:15:01, 41550
395853, 2015-03-05 15:20:05, 41554
395854, 2015-03-05 15:25:01, 41602
395855, 2015-03-05 15:30:03, 41654
395856, 2015-03-05 15:35:02, 41802
395857, 2015-03-05 15:40:02, 41926
395858, 2015-03-05 15:45:01, 42082
395859, 2015-03-05 15:50:02, 42257
395860, 2015-03-05 15:55:03, 42439
395861, 2015-03-05 16:00:04, 42573
395862, 2015-03-05 16:05:03, 42791
395863, 2015-03-05 16:10:02, 42851
395864, 2015-03-05 16:15:03, 42988
395865, 2015-03-05 16:20:03, 43186
395866, 2015-03-05 16:25:02, 43440
395867, 2015-03-05 16:30:02, 43614
395868, 2015-03-05 16:35:03, 43934
395869, 2015-03-05 16:40:02, 44123
395870, 2015-03-05 16:45:06, 44230
395871, 2015-03-05 16:50:09, 44390
395872, 2015-03-05 16:55:01, 44676
395873, 2015-03-05 17:00:02, 44849
395874, 2015-03-05 17:05:02, 45019
395875, 2015-03-05 17:10:02, 45179
395876, 2015-03-05 17:15:02, 45157
395877, 2015-03-05 17:20:03, 45274
395878, 2015-03-05 17:25:03, 45583
395879, 2015-03-05 17:30:04, 45874
395880, 2015-03-05 17:35:02, 45929
395881, 2015-03-05 17:40:02, 46044
395882, 2015-03-05 17:45:02, 46183
395883, 2015-03-05 17:50:02, 46273
395884, 2015-03-05 17:55:02, 46563
395885, 2015-03-05 18:00:02, 46885
395886, 2015-03-05 18:05:03, 47373
395887, 2015-03-05 18:10:01, 48002
395888, 2015-03-05 18:15:01, 48401
395889, 2015-03-05 18:20:03, 48680
395890, 2015-03-05 18:25:01, 48792
395891, 2015-03-05 18:30:02, 48885
395892, 2015-03-05 18:35:03, 49002
395893, 2015-03-05 18:40:02, 49144
395894, 2015-03-05 18:45:02, 49151
395895, 2015-03-05 18:50:02, 49019
395896, 2015-03-05 18:55:02, 48822
395897, 2015-03-05 19:00:03, 48571
395898, 2015-03-05 19:05:02, 48495
395899, 2015-03-05 19:10:02, 48444
395900, 2015-03-05 19:15:02, 48157
395901, 2015-03-05 19:20:03, 47896
395902, 2015-03-05 19:25:02, 47677
395903, 2015-03-05 19:30:03, 47356
395904, 2015-03-05 19:35:02, 47078
395905, 2015-03-05 19:40:03, 47094
395906, 2015-03-05 19:45:03, 46837
395907, 2015-03-05 19:50:01, 46522
395908, 2015-03-05 19:55:02, 46337
395909, 2015-03-05 20:00:03, 46051
395910, 2015-03-05 20:05:02, 45880
395911, 2015-03-05 20:10:01, 46105
395912, 2015-03-05 20:15:01, 45779
395913, 2015-03-05 20:20:03, 45605
395914, 2015-03-05 20:25:02, 45145
395915, 2015-03-05 20:30:03, 44621
395916, 2015-03-05 20:35:02, 44324
395917, 2015-03-05 20:40:04, 44262
395918, 2015-03-05 20:45:02, 43906
395919, 2015-03-05 20:50:02, 43677
395920, 2015-03-05 20:55:03, 43357
395921, 2015-03-05 21:00:04, 42982
395922, 2015-03-05 21:05:02, 42540
395923, 2015-03-05 21:10:01, 42410
395924, 2015-03-05 21:15:02, 41844
395925, 2015-03-05 21:20:03, 41362
395926, 2015-03-05 21:25:02, 40886
395927, 2015-03-05 21:30:03, 40465
395928, 2015-03-05 21:35:02, 40024
395929, 2015-03-05 21:40:02, 39673
395930, 2015-03-05 21:45:02, 39317
395931, 2015-03-05 21:50:02, 38896
395932, 2015-03-05 21:55:03, 38502
395933, 2015-03-05 22:00:06, 38197
395934, 2015-03-05 22:05:01, 37809
395935, 2015-03-05 22:10:01, 37678
395936, 2015-03-05 22:15:02, 37246
395937, 2015-03-05 22:20:03, 36762
395938, 2015-03-05 22:25:04, 36300
395939, 2015-03-05 22:30:03, 35770
395940, 2015-03-05 22:35:02, 35469
395941, 2015-03-05 22:40:01, 35445
395942, 2015-03-05 22:45:04, 35205
395943, 2015-03-05 22:50:02, 34751
395944, 2015-03-05 22:55:02, 34333
395945, 2015-03-05 23:00:03, 33881
395946, 2015-03-05 23:05:03, 33430
395947, 2015-03-05 23:10:02, 33041
395948, 2015-03-05 23:15:02, 32535
395949, 2015-03-05 23:20:03, 32067
395950, 2015-03-05 23:25:02, 31750
395951, 2015-03-05 23:30:05, 31542
395952, 2015-03-05 23:35:02, 31448
395953, 2015-03-05 23:40:02, 31538
395954, 2015-03-05 23:45:02, 31393
395955, 2015-03-05 23:50:02, 31216
395956, 2015-03-05 23:55:01, 31257
395957, 2015-03-06 00:00:02, 31144
395958, 2015-03-06 00:05:02, 30931
395959, 2015-03-06 00:10:02, 31000
395960, 2015-03-06 00:15:02, 30959
395961, 2015-03-06 00:20:03, 30938
395962, 2015-03-06 00:25:03, 30941
395963, 2015-03-06 00:30:03, 30942
395964, 2015-03-06 00:35:01, 30961
395965, 2015-03-06 00:40:02, 31158
395966, 2015-03-06 00:45:06, 31228
395967, 2015-03-06 00:50:04, 31274
395968, 2015-03-06 00:55:01, 31332
395969, 2015-03-06 01:00:03, 31264
395970, 2015-03-06 01:05:03, 31192
395971, 2015-03-06 01:10:02, 31360
395972, 2015-03-06 01:15:02, 31340
395973, 2015-03-06 01:20:04, 31160
395974, 2015-03-06 01:25:01, 31034
395975, 2015-03-06 01:30:02, 30942
395976, 2015-03-06 01:35:02, 30840
395977, 2015-03-06 01:40:02, 30766
395978, 2015-03-06 01:45:02, 30771
395979, 2015-03-06 01:50:04, 30796
395980, 2015-03-06 01:55:01, 30780
395981, 2015-03-06 02:00:01, 30799
395982, 2015-03-06 02:05:02, 30674
395983, 2015-03-06 02:10:04, 30614
395984, 2015-03-06 02:15:02, 30540
395985, 2015-03-06 02:20:03, 30421
395986, 2015-03-06 02:25:04, 30353
395987, 2015-03-06 02:30:02, 30370
395988, 2015-03-06 02:35:03, 30307
395989, 2015-03-06 02:40:02, 30462
395990, 2015-03-06 02:45:02, 30453
395991, 2015-03-06 02:50:07, 30281
395992, 2015-03-06 02:55:03, 30278
395993, 2015-03-06 03:00:05, 30204
395994, 2015-03-06 03:05:04, 30130
395995, 2015-03-06 03:10:03, 30157
395996, 2015-03-06 03:15:03, 30060
395997, 2015-03-06 03:20:03, 29883
395998, 2015-03-06 03:25:03, 29811
395999, 2015-03-06 03:30:04, 29661
396000, 2015-03-06 03:35:02, 29612
396001, 2015-03-06 03:40:02, 29570
396002, 2015-03-06 03:45:04, 29565
396003, 2015-03-06 03:50:03, 29486
396004, 2015-03-06 03:55:03, 29420
396005, 2015-03-06 04:00:05, 29364
396006, 2015-03-06 04:05:03, 29436
396007, 2015-03-06 04:10:01, 29343
396008, 2015-03-06 04:15:03, 29333
396009, 2015-03-06 04:20:02, 29322
396010, 2015-03-06 04:25:02, 29319
396011, 2015-03-06 04:30:04, 29220
396012, 2015-03-06 04:35:03, 29080
396013, 2015-03-06 04:40:02, 29105
396014, 2015-03-06 04:45:05, 29145
396015, 2015-03-06 04:50:04, 29176
396016, 2015-03-06 04:55:02, 29229
396017, 2015-03-06 05:00:05, 29200
396018, 2015-03-06 05:05:05, 29168
396019, 2015-03-06 05:10:02, 29048
396020, 2015-03-06 05:15:02, 28922
396021, 2015-03-06 05:20:04, 28799
396022, 2015-03-06 05:25:02, 28801
396023, 2015-03-06 05:30:04, 28962
396024, 2015-03-06 05:35:03, 29142
396025, 2015-03-06 05:40:01, 29359
396026, 2015-03-06 05:45:03, 29482
396027, 2015-03-06 05:50:03, 29726
396028, 2015-03-06 05:55:03, 30002
396029, 2015-03-06 06:00:03, 30314
396030, 2015-03-06 06:05:02, 30738
396031, 2015-03-06 06:10:01, 31207
396032, 2015-03-06 06:15:02, 31691
396033, 2015-03-06 06:20:05, 32383
396034, 2015-03-06 06:25:01, 32851
396035, 2015-03-06 06:30:02, 33340
396036, 2015-03-06 06:35:03, 33817
396037, 2015-03-06 06:40:02, 34027
396038, 2015-03-06 06:45:03, 34605
396039, 2015-03-06 06:50:02, 35179
396040, 2015-03-06 06:55:02, 35767
396041, 2015-03-06 07:00:01, 36308
396042, 2015-03-06 07:05:02, 36878
396043, 2015-03-06 07:10:04, 37478
396044, 2015-03-06 07:15:02, 38225
396045, 2015-03-06 07:20:03, 38886
396046, 2015-03-06 07:25:02, 39311
396047, 2015-03-06 07:30:03, 39754
396048, 2015-03-06 07:35:02, 40056
396049, 2015-03-06 07:40:02, 40065
396050, 2015-03-06 07:45:02, 40115
396051, 2015-03-06 07:50:02, 40246
396052, 2015-03-06 07:55:02, 40334
396053, 2015-03-06 08:00:05, 40530
396054, 2015-03-06 08:05:03, 40711
396055, 2015-03-06 08:10:01, 40887
396056, 2015-03-06 08:15:02, 41011
396057, 2015-03-06 08:20:04, 41058
396058, 2015-03-06 08:25:02, 41158
396059, 2015-03-06 08:30:03, 41229
396060, 2015-03-06 08:35:03, 41206
396061, 2015-03-06 08:40:02, 41160
396062, 2015-03-06 08:45:02, 41071
396063, 2015-03-06 08:50:03, 40952
396064, 2015-03-06 08:55:01, 40889
396065, 2015-03-06 09:00:04, 40845
396066, 2015-03-06 09:05:03, 40831
396067, 2015-03-06 09:10:02, 40973
396068, 2015-03-06 09:15:02, 41058
396069, 2015-03-06 09:20:06, 41106
396070, 2015-03-06 09:25:02, 41046
396071, 2015-03-06 09:30:05, 41047
396072, 2015-03-06 09:35:03, 40995
396073, 2015-03-06 09:40:03, 40874
396074, 2015-03-06 09:45:03, 40680
396075, 2015-03-06 09:50:03, 40532
396076, 2015-03-06 09:55:02, 40410
396077, 2015-03-06 10:00:02, 40296
396078, 2015-03-06 10:05:03, 40244
396079, 2015-03-06 10:10:02, 40157
396080, 2015-03-06 10:15:03, 39991
396081, 2015-03-06 10:20:03, 39813
396082, 2015-03-06 10:25:03, 39601
396083, 2015-03-06 10:30:03, 39481
396084, 2015-03-06 10:35:02, 39398
396085, 2015-03-06 10:40:03, 39345
396086, 2015-03-06 10:45:02, 39277
396087, 2015-03-06 10:50:04, 39184
396088, 2015-03-06 10:55:02, 39066
396089, 2015-03-06 11:00:04, 39059
396090, 2015-03-06 11:05:02, 38993
396091, 2015-03-06 11:10:02, 38911
396092, 2015-03-06 11:15:02, 38834
396093, 2015-03-06 11:20:02, 38748
396094, 2015-03-06 11:25:03, 38605
396095, 2015-03-06 11:30:04, 38480
396096, 2015-03-06 11:35:03, 38464
396097, 2015-03-06 11:40:02, 38419
396098, 2015-03-06 11:45:03, 38380
396099, 2015-03-06 11:50:03, 38293
396100, 2015-03-06 11:55:03, 38197
396101, 2015-03-06 12:00:04, 38147
396102, 2015-03-06 12:05:02, 38082
396103, 2015-03-06 12:10:02, 38093
396104, 2015-03-06 12:15:02, 38102
396105, 2015-03-06 12:20:05, 38030
396106, 2015-03-06 12:25:02, 37991
396107, 2015-03-06 12:30:04, 37917
396108, 2015-03-06 12:35:02, 37853
396109, 2015-03-06 12:40:02, 37760
396110, 2015-03-06 12:45:02, 37498
396111, 2015-03-06 12:50:02, 37211
396112, 2015-03-06 12:55:02, 37186
396113, 2015-03-06 13:00:03, 37123
396114, 2015-03-06 13:05:02, 37037
396115, 2015-03-06 13:10:03, 37104
396116, 2015-03-06 13:15:02, 37053
396117, 2015-03-06 13:20:03, 36878
396118, 2015-03-06 13:25:01, 36721
396119, 2015-03-06 13:30:02, 36545
396120, 2015-03-06 13:35:03, 36531
396121, 2015-03-06 13:40:01, 36608
396122, 2015-03-06 13:45:02, 36547
396123, 2015-03-06 13:50:03, 36441
396124, 2015-03-06 13:55:03, 36337
396125, 2015-03-06 14:00:02, 36238
396126, 2015-03-06 14:05:02, 36156
396127, 2015-03-06 14:10:01, 36228
396128, 2015-03-06 14:15:03, 36192
396129, 2015-03-06 14:20:05, 36254
396130, 2015-03-06 14:25:02, 36249
396131, 2015-03-06 14:30:03, 36286
396132, 2015-03-06 14:35:01, 36295
396133, 2015-03-06 14:40:02, 36271
396134, 2015-03-06 14:45:02, 36199
396135, 2015-03-06 14:50:03, 36193
396136, 2015-03-06 14:55:02, 36115
396137, 2015-03-06 15:00:04, 36054
396138, 2015-03-06 15:05:02, 35920
396139, 2015-03-06 15:10:01, 35850
396140, 2015-03-06 15:15:02, 35866
396141, 2015-03-06 15:20:03, 35866
396142, 2015-03-06 15:25:02, 35905
396143, 2015-03-06 15:30:03, 35934
396144, 2015-03-06 15:35:02, 35931
396145, 2015-03-06 15:40:02, 36161
396146, 2015-03-06 15:45:03, 36369
396147, 2015-03-06 15:50:04, 36512
396148, 2015-03-06 15:55:01, 36688
396149, 2015-03-06 16:00:02, 36753
396150, 2015-03-06 16:05:02, 36907
396151, 2015-03-06 16:10:03, 37032
396152, 2015-03-06 16:15:02, 37249
396153, 2015-03-06 16:20:04, 37344
396154, 2015-03-06 16:25:03, 37509
396155, 2015-03-06 16:30:02, 37636
396156, 2015-03-06 16:35:03, 37929
396157, 2015-03-06 16:40:01, 38366
396158, 2015-03-06 16:45:04, 38612
396159, 2015-03-06 16:50:02, 38749
396160, 2015-03-06 16:55:02, 38905
396161, 2015-03-06 17:00:02, 39166
396162, 2015-03-06 17:05:04, 39353
396163, 2015-03-06 17:10:01, 39556
396164, 2015-03-06 17:15:01, 39669
396165, 2015-03-06 17:20:04, 40130
396166, 2015-03-06 17:25:02, 40481
396167, 2015-03-06 17:30:02, 40690
396168, 2015-03-06 17:35:03, 40873
396169, 2015-03-06 17:40:02, 41170
396170, 2015-03-06 17:45:05, 41245
396171, 2015-03-06 17:50:03, 41291
396172, 2015-03-06 17:55:02, 41759
396173, 2015-03-06 18:00:06, 42231
396174, 2015-03-06 18:05:02, 42778
396175, 2015-03-06 18:10:02, 43356
396176, 2015-03-06 18:15:02, 43761
396177, 2015-03-06 18:20:03, 43985
396178, 2015-03-06 18:25:01, 44171
396179, 2015-03-06 18:30:03, 44320
396180, 2015-03-06 18:35:03, 44553
396181, 2015-03-06 18:40:02, 44745
396182, 2015-03-06 18:45:03, 44768
396183, 2015-03-06 18:50:04, 44634
396184, 2015-03-06 18:55:01, 44577
396185, 2015-03-06 19:00:04, 44478
396186, 2015-03-06 19:05:02, 44385
396187, 2015-03-06 19:10:02, 44242
396188, 2015-03-06 19:15:02, 44027
396189, 2015-03-06 19:20:05, 43895
396190, 2015-03-06 19:25:02, 43532
396191, 2015-03-06 19:30:03, 43192
396192, 2015-03-06 19:35:02, 43108
396193, 2015-03-06 19:40:02, 43009
396194, 2015-03-06 19:45:03, 42647
396195, 2015-03-06 19:50:03, 42447
396196, 2015-03-06 19:55:01, 42180
396197, 2015-03-06 20:00:02, 41855
396198, 2015-03-06 20:05:02, 41611
396199, 2015-03-06 20:10:05, 41565
396200, 2015-03-06 20:15:01, 41217
396201, 2015-03-06 20:20:03, 40770
396202, 2015-03-06 20:25:02, 40398
396203, 2015-03-06 20:30:04, 40108
396204, 2015-03-06 20:35:02, 39894
396205, 2015-03-06 20:40:02, 39641
396206, 2015-03-06 20:45:02, 39306
396207, 2015-03-06 20:50:03, 39123
396208, 2015-03-06 20:55:02, 38845
396209, 2015-03-06 21:00:04, 38542
396210, 2015-03-06 21:05:02, 38453
396211, 2015-03-06 21:10:05, 38140
396212, 2015-03-06 21:15:02, 37679
396213, 2015-03-06 21:20:03, 37215
396214, 2015-03-06 21:25:03, 36960
396215, 2015-03-06 21:30:04, 36499
396216, 2015-03-06 21:35:02, 36118
396217, 2015-03-06 21:40:02, 35736
396218, 2015-03-06 21:45:02, 35342
396219, 2015-03-06 21:50:02, 35030
396220, 2015-03-06 21:55:02, 34810
396221, 2015-03-06 22:00:02, 34439
396222, 2015-03-06 22:05:01, 34110
396223, 2015-03-06 22:10:02, 34019
396224, 2015-03-06 22:15:01, 33673
396225, 2015-03-06 22:20:04, 33286
396226, 2015-03-06 22:25:02, 32876
396227, 2015-03-06 22:30:05, 32436
396228, 2015-03-06 22:35:02, 32135
396229, 2015-03-06 22:40:01, 32176
396230, 2015-03-06 22:45:03, 31915
396231, 2015-03-06 22:50:04, 31488
396232, 2015-03-06 22:55:03, 31179
396233, 2015-03-06 23:00:03, 30857
396234, 2015-03-06 23:05:02, 30504
396235, 2015-03-06 23:10:01, 30133
396236, 2015-03-06 23:15:03, 29842
396237, 2015-03-06 23:20:03, 29581
396238, 2015-03-06 23:25:02, 29252
396239, 2015-03-06 23:30:03, 28976
396240, 2015-03-06 23:35:02, 28767
396241, 2015-03-06 23:40:02, 28700
396242, 2015-03-06 23:45:02, 28655
396243, 2015-03-06 23:50:02, 28453
396244, 2015-03-06 23:55:01, 28275
396245, 2015-03-07 00:00:03, 28159
396246, 2015-03-07 00:05:02, 28113
396247, 2015-03-07 00:10:03, 28226
396248, 2015-03-07 00:15:03, 28362
396249, 2015-03-07 00:20:03, 28431
396250, 2015-03-07 00:25:03, 28435
396251, 2015-03-07 00:30:02, 28408
396252, 2015-03-07 00:35:02, 28461
396253, 2015-03-07 00:40:03, 28735
396254, 2015-03-07 00:45:03, 28637
396255, 2015-03-07 00:50:03, 28446
396256, 2015-03-07 00:55:02, 28345
396257, 2015-03-07 01:00:03, 28418
396258, 2015-03-07 01:05:02, 28292
396259, 2015-03-07 01:10:02, 28317
396260, 2015-03-07 01:15:02, 28230
396261, 2015-03-07 01:20:03, 28294
396262, 2015-03-07 01:25:02, 28235
396263, 2015-03-07 01:30:02, 28279
396264, 2015-03-07 01:35:02, 28333
396265, 2015-03-07 01:40:01, 28173
396266, 2015-03-07 01:45:02, 28029
396267, 2015-03-07 01:50:02, 27937
396268, 2015-03-07 01:55:02, 27879
396269, 2015-03-07 02:00:02, 27873
396270, 2015-03-07 02:05:03, 27830
396271, 2015-03-07 02:10:04, 27978
396272, 2015-03-07 02:15:02, 27979
396273, 2015-03-07 02:20:04, 27844
396274, 2015-03-07 02:25:01, 27708
396275, 2015-03-07 02:30:01, 27624
396276, 2015-03-07 02:35:03, 27568
396277, 2015-03-07 02:40:02, 27739
396278, 2015-03-07 02:45:02, 27739
396279, 2015-03-07 02:50:04, 27651
396280, 2015-03-07 02:55:03, 27621
396281, 2015-03-07 03:00:05, 27520
396282, 2015-03-07 03:05:10, 27437
396283, 2015-03-07 03:10:05, 27186
396284, 2015-03-07 03:15:04, 26986
396285, 2015-03-07 03:20:04, 27063
396286, 2015-03-07 03:25:03, 27001
396287, 2015-03-07 03:30:03, 26909
396288, 2015-03-07 03:35:03, 26751
396289, 2015-03-07 03:40:01, 26687
396290, 2015-03-07 03:45:03, 26531
396291, 2015-03-07 03:50:03, 26389
396292, 2015-03-07 03:55:03, 26362
396293, 2015-03-07 04:00:04, 26264
396294, 2015-03-07 04:05:06, 26176
396295, 2015-03-07 04:11:11, 26233
396296, 2015-03-07 04:15:04, 26171
396297, 2015-03-07 04:20:06, 26079
396298, 2015-03-07 04:25:02, 26008
396299, 2015-03-07 04:30:03, 25933
396300, 2015-03-07 04:35:02, 25902
396301, 2015-03-07 04:40:02, 25958
396302, 2015-03-07 04:45:03, 25872
396303, 2015-03-07 04:50:03, 25859
396304, 2015-03-07 04:55:02, 25809
396305, 2015-03-07 05:00:03, 25831
396306, 2015-03-07 05:05:04, 25817
396307, 2015-03-07 05:10:02, 25892
396308, 2015-03-07 05:15:02, 26006
396309, 2015-03-07 05:20:04, 26013
396310, 2015-03-07 05:25:02, 26023
396311, 2015-03-07 05:30:04, 26059
396312, 2015-03-07 05:35:03, 26098
396313, 2015-03-07 05:40:02, 26171
396314, 2015-03-07 05:45:02, 26206
396315, 2015-03-07 05:50:02, 26229
396316, 2015-03-07 05:55:03, 26303
396317, 2015-03-07 06:00:03, 26472
396318, 2015-03-07 06:05:02, 26737
396319, 2015-03-07 06:10:01, 27019
396320, 2015-03-07 06:15:02, 27128
396321, 2015-03-07 06:20:05, 27082
396322, 2015-03-07 06:25:03, 26962
396323, 2015-03-07 06:30:02, 26884
396324, 2015-03-07 06:35:01, 26837
396325, 2015-03-07 06:40:01, 26634
396326, 2015-03-07 06:45:02, 26660
396327, 2015-03-07 06:50:05, 26745
396328, 2015-03-07 06:55:02, 26889
396329, 2015-03-07 07:00:09, 27049
396330, 2015-03-07 07:05:02, 27248
396331, 2015-03-07 07:10:05, 27591
396332, 2015-03-07 07:15:02, 27942
396333, 2015-03-07 07:20:02, 28265
396334, 2015-03-07 07:25:02, 28468
396335, 2015-03-07 07:30:02, 28674
396336, 2015-03-07 07:35:02, 28861
396337, 2015-03-07 07:40:02, 28832
396338, 2015-03-07 07:45:02, 29099
396339, 2015-03-07 07:50:03, 29369
396340, 2015-03-07 07:55:02, 29617
396341, 2015-03-07 08:00:03, 29916
396342, 2015-03-07 08:05:02, 30318
396343, 2015-03-07 08:10:03, 30738
396344, 2015-03-07 08:15:02, 31050
396345, 2015-03-07 08:20:03, 31383
396346, 2015-03-07 08:25:01, 31614
396347, 2015-03-07 08:30:01, 31851
396348, 2015-03-07 08:35:02, 32096
396349, 2015-03-07 08:40:01, 32207
396350, 2015-03-07 08:45:04, 32331
396351, 2015-03-07 08:50:02, 32579
396352, 2015-03-07 08:55:01, 32740
396353, 2015-03-07 09:00:03, 32930
396354, 2015-03-07 09:05:02, 33099
396355, 2015-03-07 09:10:01, 33504
396356, 2015-03-07 09:15:01, 33872
396357, 2015-03-07 09:20:03, 33884
396358, 2015-03-07 09:25:02, 33818
396359, 2015-03-07 09:30:02, 33807
396360, 2015-03-07 09:35:02, 33948
396361, 2015-03-07 09:40:01, 33882
396362, 2015-03-07 09:45:04, 33981
396363, 2015-03-07 09:50:04, 34044
396364, 2015-03-07 09:55:02, 34017
396365, 2015-03-07 10:00:04, 34053
396366, 2015-03-07 10:05:02, 34081
396367, 2015-03-07 10:10:02, 34103
396368, 2015-03-07 10:15:01, 34106
396369, 2015-03-07 10:20:02, 34052
396370, 2015-03-07 10:25:03, 33951
396371, 2015-03-07 10:30:02, 33936
396372, 2015-03-07 10:35:02, 33824
396373, 2015-03-07 10:40:01, 33831
396374, 2015-03-07 10:45:04, 33706
396375, 2015-03-07 10:50:02, 33584
396376, 2015-03-07 10:55:02, 33522
396377, 2015-03-07 11:00:02, 33498
396378, 2015-03-07 11:05:02, 33366
396379, 2015-03-07 11:10:02, 33316
396380, 2015-03-07 11:15:02, 33239
396381, 2015-03-07 11:20:05, 33257
396382, 2015-03-07 11:25:01, 33165
396383, 2015-03-07 11:30:03, 33023
396384, 2015-03-07 11:35:02, 32955
396385, 2015-03-07 11:40:02, 32943
396386, 2015-03-07 11:45:04, 32837
396387, 2015-03-07 11:50:03, 32753
396388, 2015-03-07 11:55:01, 32645
396389, 2015-03-07 12:00:07, 32523
396390, 2015-03-07 12:05:03, 32450
396391, 2015-03-07 12:10:01, 32383
396392, 2015-03-07 12:15:01, 32360
396393, 2015-03-07 12:20:04, 32352
396394, 2015-03-07 12:25:02, 32265
396395, 2015-03-07 12:30:02, 31978
396396, 2015-03-07 12:35:02, 31822
396397, 2015-03-07 12:40:02, 31814
396398, 2015-03-07 12:45:02, 31655
396399, 2015-03-07 12:50:02, 31457
396400, 2015-03-07 12:55:02, 31377
396401, 2015-03-07 13:00:04, 31241
396402, 2015-03-07 13:05:03, 31072
396403, 2015-03-07 13:10:04, 31034
396404, 2015-03-07 13:15:01, 30944
396405, 2015-03-07 13:20:03, 30807
396406, 2015-03-07 13:25:02, 30745
396407, 2015-03-07 13:30:02, 30617
396408, 2015-03-07 13:35:02, 30517
396409, 2015-03-07 13:40:02, 30576
396410, 2015-03-07 13:45:03, 30512
396411, 2015-03-07 13:50:02, 30391
396412, 2015-03-07 13:55:02, 30217
396413, 2015-03-07 14:00:03, 30165
396414, 2015-03-07 14:05:02, 30089
396415, 2015-03-07 14:10:02, 30156
396416, 2015-03-07 14:15:03, 30164
396417, 2015-03-07 14:20:03, 30079
396418, 2015-03-07 14:25:02, 30031
396419, 2015-03-07 14:30:03, 30005
396420, 2015-03-07 14:35:01, 29950
396421, 2015-03-07 14:40:02, 29948
396422, 2015-03-07 14:45:02, 29871
396423, 2015-03-07 14:50:02, 29792
396424, 2015-03-07 14:55:02, 29853
396425, 2015-03-07 15:00:04, 29929
396426, 2015-03-07 15:05:02, 29933
396427, 2015-03-07 15:10:03, 29962
396428, 2015-03-07 15:15:01, 30008
396429, 2015-03-07 15:20:03, 29936
396430, 2015-03-07 15:25:02, 29953
396431, 2015-03-07 15:30:04, 29998
396432, 2015-03-07 15:35:02, 30139
396433, 2015-03-07 15:40:02, 30235
396434, 2015-03-07 15:45:01, 30305
396435, 2015-03-07 15:50:02, 30385
396436, 2015-03-07 15:55:03, 30517
396437, 2015-03-07 16:00:03, 30698
396438, 2015-03-07 16:05:01, 30784
396439, 2015-03-07 16:10:02, 30942
396440, 2015-03-07 16:15:02, 31076
396441, 2015-03-07 16:20:04, 31298
396442, 2015-03-07 16:25:03, 31444
396443, 2015-03-07 16:30:02, 31625
396444, 2015-03-07 16:35:02, 31917
396445, 2015-03-07 16:40:01, 32208
396446, 2015-03-07 16:45:02, 32399
396447, 2015-03-07 16:50:02, 32646
396448, 2015-03-07 16:55:02, 32905
396449, 2015-03-07 17:00:02, 33237
396450, 2015-03-07 17:05:03, 33551
396451, 2015-03-07 17:10:03, 33983
396452, 2015-03-07 17:15:03, 34323
396453, 2015-03-07 17:20:02, 34632
396454, 2015-03-07 17:25:03, 34989
396455, 2015-03-07 17:30:03, 35273
396456, 2015-03-07 17:35:01, 35546
396457, 2015-03-07 17:40:03, 35816
396458, 2015-03-07 17:45:01, 35945
396459, 2015-03-07 17:50:02, 36253
396460, 2015-03-07 17:55:02, 36693
396461, 2015-03-07 18:00:03, 37031
396462, 2015-03-07 18:05:02, 37319
396463, 2015-03-07 18:10:01, 37746
396464, 2015-03-07 18:15:02, 38345
396465, 2015-03-07 18:20:04, 38786
396466, 2015-03-07 18:25:03, 39299
396467, 2015-03-07 18:30:02, 39837
396468, 2015-03-07 18:35:03, 40091
396469, 2015-03-07 18:40:01, 40215
396470, 2015-03-07 18:45:03, 40192
396471, 2015-03-07 18:50:02, 40193
396472, 2015-03-07 18:55:02, 40198
396473, 2015-03-07 19:00:03, 40054
396474, 2015-03-07 19:05:03, 39932
396475, 2015-03-07 19:10:01, 39801
396476, 2015-03-07 19:15:01, 39597
396477, 2015-03-07 19:20:03, 39390
396478, 2015-03-07 19:25:01, 39103
396479, 2015-03-07 19:30:03, 38935
396480, 2015-03-07 19:35:02, 38648
396481, 2015-03-07 19:40:01, 38497
396482, 2015-03-07 19:45:04, 38274
396483, 2015-03-07 19:50:03, 37906
396484, 2015-03-07 19:55:01, 37553
396485, 2015-03-07 20:00:04, 37298
396486, 2015-03-07 20:05:02, 37142
396487, 2015-03-07 20:10:04, 37068
396488, 2015-03-07 20:15:02, 36860
396489, 2015-03-07 20:20:04, 36590
396490, 2015-03-07 20:25:02, 36305
396491, 2015-03-07 20:30:01, 36012
396492, 2015-03-07 20:35:02, 35905
396493, 2015-03-07 20:40:02, 35610
396494, 2015-03-07 20:45:02, 35248
396495, 2015-03-07 20:50:01, 35042
396496, 2015-03-07 20:55:03, 34935
396497, 2015-03-07 21:00:03, 34579
396498, 2015-03-07 21:05:02, 34393
396499, 2015-03-07 21:10:01, 34265
396500, 2015-03-07 21:15:02, 33875
396501, 2015-03-07 21:20:05, 33619
396502, 2015-03-07 21:25:01, 33386
396503, 2015-03-07 21:30:02, 33162
396504, 2015-03-07 21:35:03, 32909
396505, 2015-03-07 21:40:01, 32837
396506, 2015-03-07 21:45:03, 32658
396507, 2015-03-07 21:50:02, 32410
396508, 2015-03-07 21:55:02, 32177
396509, 2015-03-07 22:00:03, 31987
396510, 2015-03-07 22:05:02, 31721
396511, 2015-03-07 22:10:02, 31484
396512, 2015-03-07 22:15:03, 31251
396513, 2015-03-07 22:20:03, 30963
396514, 2015-03-07 22:25:03, 30685
396515, 2015-03-07 22:30:02, 30514
396516, 2015-03-07 22:35:02, 30344
396517, 2015-03-07 22:40:01, 30455
396518, 2015-03-07 22:45:01, 30279
396519, 2015-03-07 22:50:02, 29903
396520, 2015-03-07 22:55:03, 29705
396521, 2015-03-07 23:00:01, 29455
396522, 2015-03-07 23:05:02, 29071
396523, 2015-03-07 23:10:04, 28776
396524, 2015-03-07 23:15:02, 28369
396525, 2015-03-07 23:20:02, 28072
396526, 2015-03-07 23:25:03, 27806
396527, 2015-03-07 23:30:01, 27564
396528, 2015-03-07 23:35:02, 27266
396529, 2015-03-07 23:40:01, 27417
396530, 2015-03-07 23:45:03, 27356
396531, 2015-03-07 23:50:01, 27460
396532, 2015-03-07 23:55:01, 27459
396533, 2015-03-08 00:00:03, 27394
396534, 2015-03-08 00:05:01, 27343
396535, 2015-03-08 00:10:01, 27399
396536, 2015-03-08 00:15:02, 27422
396537, 2015-03-08 00:20:04, 27144
396538, 2015-03-08 00:25:02, 27402
396539, 2015-03-08 00:30:02, 27081
396540, 2015-03-08 00:35:01, 27090
396541, 2015-03-08 00:40:01, 27152
396542, 2015-03-08 00:45:03, 27237
396543, 2015-03-08 00:50:02, 27306
396544, 2015-03-08 00:55:02, 27308
396545, 2015-03-08 01:00:03, 27232
396546, 2015-03-08 01:05:02, 27330
396547, 2015-03-08 01:10:02, 27452
396548, 2015-03-08 01:15:02, 27369
396549, 2015-03-08 01:20:03, 27361
396550, 2015-03-08 01:25:02, 27143
396551, 2015-03-08 01:30:02, 26987
396552, 2015-03-08 01:35:03, 26859
396553, 2015-03-08 01:40:02, 26724
396554, 2015-03-08 01:45:04, 26795
396555, 2015-03-08 01:50:02, 26680
396556, 2015-03-08 01:55:01, 26497
396557, 2015-03-08 02:00:02, 26313
396558, 2015-03-08 02:05:02, 26408
396559, 2015-03-08 02:10:02, 26309
396560, 2015-03-08 02:15:01, 26205
396561, 2015-03-08 02:20:04, 26157
396562, 2015-03-08 02:25:02, 26049
396563, 2015-03-08 02:30:02, 25979
396564, 2015-03-08 02:35:01, 25914
396565, 2015-03-08 02:40:02, 26068
396566, 2015-03-08 02:45:02, 26055
396567, 2015-03-08 02:50:05, 25931
396568, 2015-03-08 02:55:03, 25817
396569, 2015-03-08 03:00:03, 25663
396570, 2015-03-08 03:05:03, 25580
396571, 2015-03-08 03:10:03, 25482
396572, 2015-03-08 03:15:02, 25425
396573, 2015-03-08 03:20:04, 25429
396574, 2015-03-08 03:25:01, 25349
396575, 2015-03-08 03:30:02, 25388
396576, 2015-03-08 03:35:03, 25493
396577, 2015-03-08 03:40:02, 25510
396578, 2015-03-08 03:45:03, 25422
396579, 2015-03-08 03:50:03, 25331
396580, 2015-03-08 03:55:03, 25165
396581, 2015-03-08 04:00:03, 25102
396582, 2015-03-08 04:05:09, 24791
396583, 2015-03-08 04:10:02, 24778
396584, 2015-03-08 04:15:03, 24594
396585, 2015-03-08 04:21:14, 24811
396586, 2015-03-08 04:25:01, 24910
396587, 2015-03-08 04:30:02, 24846
396588, 2015-03-08 04:35:02, 24883
396589, 2015-03-08 04:40:03, 24825
396590, 2015-03-08 04:45:03, 24745
396591, 2015-03-08 04:50:03, 24599
396592, 2015-03-08 04:55:01, 24485
396593, 2015-03-08 05:00:03, 24430
396594, 2015-03-08 05:05:03, 24387
396595, 2015-03-08 05:10:02, 24366
396596, 2015-03-08 05:15:01, 24172
396597, 2015-03-08 05:20:03, 24187
396598, 2015-03-08 05:25:01, 24027
396599, 2015-03-08 05:30:03, 24247
396600, 2015-03-08 05:35:06, 24203
396601, 2015-03-08 05:40:01, 24016
396602, 2015-03-08 05:45:01, 24019
396603, 2015-03-08 05:50:02, 24090
396604, 2015-03-08 05:55:02, 24184
396605, 2015-03-08 06:00:03, 24480
396606, 2015-03-08 06:05:01, 24675
396607, 2015-03-08 06:10:02, 25198
396608, 2015-03-08 06:15:03, 25492
396609, 2015-03-08 06:20:03, 25568
396610, 2015-03-08 06:25:01, 25392
396611, 2015-03-08 06:30:13, 25462
396612, 2015-03-08 06:35:03, 25320
396613, 2015-03-08 06:40:01, 25291
396614, 2015-03-08 06:45:02, 25107
396615, 2015-03-08 06:50:03, 25137
396616, 2015-03-08 06:55:03, 25344
396617, 2015-03-08 07:00:02, 25441
396618, 2015-03-08 07:05:03, 25619
396619, 2015-03-08 07:10:04, 25961
396620, 2015-03-08 07:15:02, 25940
396621, 2015-03-08 07:20:04, 25935
396622, 2015-03-08 07:25:02, 25954
396623, 2015-03-08 07:30:01, 25762
396624, 2015-03-08 07:35:03, 25898
396625, 2015-03-08 07:40:02, 25734
396626, 2015-03-08 07:45:02, 25885
396627, 2015-03-08 07:50:02, 25988
396628, 2015-03-08 07:55:03, 26254
396629, 2015-03-08 08:00:03, 26536
396630, 2015-03-08 08:05:02, 26846
396631, 2015-03-08 08:10:02, 27113
396632, 2015-03-08 08:15:04, 27544
396633, 2015-03-08 08:20:03, 27823
396634, 2015-03-08 08:25:01, 28040
396635, 2015-03-08 08:30:02, 28272
396636, 2015-03-08 08:35:02, 28607
396637, 2015-03-08 08:40:02, 28895
396638, 2015-03-08 08:45:02, 29206
396639, 2015-03-08 08:50:02, 29546
396640, 2015-03-08 08:55:03, 29917
396641, 2015-03-08 09:00:07, 30214
396642, 2015-03-08 09:05:01, 30454
396643, 2015-03-08 09:10:02, 30816
396644, 2015-03-08 09:15:02, 31221
396645, 2015-03-08 09:20:04, 31513
396646, 2015-03-08 09:25:02, 31748
396647, 2015-03-08 09:30:03, 31937
396648, 2015-03-08 09:35:02, 32095
396649, 2015-03-08 09:40:02, 32281
396650, 2015-03-08 09:45:03, 32428
396651, 2015-03-08 09:50:02, 32508
396652, 2015-03-08 09:55:03, 32640
396653, 2015-03-08 10:00:02, 32796
396654, 2015-03-08 10:05:03, 33018
396655, 2015-03-08 10:10:02, 33351
396656, 2015-03-08 10:15:04, 33594
396657, 2015-03-08 10:20:03, 33684
396658, 2015-03-08 10:25:02, 33696
396659, 2015-03-08 10:30:03, 33671
396660, 2015-03-08 10:35:02, 33717
396661, 2015-03-08 10:40:01, 33866
396662, 2015-03-08 10:45:02, 33894
396663, 2015-03-08 10:50:03, 33899
396664, 2015-03-08 10:55:03, 33964
396665, 2015-03-08 11:00:02, 34081
396666, 2015-03-08 11:05:02, 34152
396667, 2015-03-08 11:10:04, 34324
396668, 2015-03-08 11:15:02, 34453
396669, 2015-03-08 11:20:03, 34551
396670, 2015-03-08 11:25:01, 34719
396671, 2015-03-08 11:30:02, 34807
396672, 2015-03-08 11:35:02, 34837
396673, 2015-03-08 11:40:01, 34965
396674, 2015-03-08 11:45:03, 35014
396675, 2015-03-08 11:50:02, 35113
396676, 2015-03-08 11:55:01, 35269
396677, 2015-03-08 12:00:09, 35285
396678, 2015-03-08 12:05:01, 35292
396679, 2015-03-08 12:10:02, 35373
396680, 2015-03-08 12:15:02, 35499
396681, 2015-03-08 12:20:05, 35621
396682, 2015-03-08 12:25:02, 35726
396683, 2015-03-08 12:30:02, 35750
396684, 2015-03-08 12:35:02, 35797
396685, 2015-03-08 12:40:01, 35919
396686, 2015-03-08 12:45:02, 35957
396687, 2015-03-08 12:50:03, 35883
396688, 2015-03-08 12:55:03, 35917
396689, 2015-03-08 13:00:02, 35890
396690, 2015-03-08 13:05:02, 35901
396691, 2015-03-08 13:10:02, 35965
396692, 2015-03-08 13:15:02, 35927
396693, 2015-03-08 13:20:03, 35799
396694, 2015-03-08 13:25:02, 35787
396695, 2015-03-08 13:30:02, 35632
396696, 2015-03-08 13:35:02, 35506
396697, 2015-03-08 13:40:03, 35449
396698, 2015-03-08 13:45:02, 35413
396699, 2015-03-08 13:50:03, 35259
396700, 2015-03-08 13:55:02, 35062
396701, 2015-03-08 14:00:05, 34916
396702, 2015-03-08 14:05:02, 34830
396703, 2015-03-08 14:10:03, 34917
396704, 2015-03-08 14:15:01, 34941
396705, 2015-03-08 14:20:03, 34870
396706, 2015-03-08 14:25:03, 34876
396707, 2015-03-08 14:30:01, 34817
396708, 2015-03-08 14:35:02, 34748
396709, 2015-03-08 14:40:02, 34699
396710, 2015-03-08 14:45:02, 34673
396711, 2015-03-08 14:50:03, 34684
396712, 2015-03-08 14:55:02, 34693
396713, 2015-03-08 15:00:03, 34704
396714, 2015-03-08 15:05:02, 34728
396715, 2015-03-08 15:10:02, 34813
396716, 2015-03-08 15:15:01, 34814
396717, 2015-03-08 15:20:04, 34743
396718, 2015-03-08 15:25:01, 34706
396719, 2015-03-08 15:30:03, 34769
396720, 2015-03-08 15:35:01, 34872
396721, 2015-03-08 15:40:02, 35015
396722, 2015-03-08 15:45:03, 35024
396723, 2015-03-08 15:50:01, 35115
396724, 2015-03-08 15:55:03, 35221
396725, 2015-03-08 16:00:03, 35221
396726, 2015-03-08 16:05:03, 35281
396727, 2015-03-08 16:10:01, 35343
396728, 2015-03-08 16:15:01, 35456
396729, 2015-03-08 16:20:03, 35515
396730, 2015-03-08 16:25:02, 35637
396731, 2015-03-08 16:30:04, 35791
396732, 2015-03-08 16:35:02, 36094
396733, 2015-03-08 16:40:01, 36313
396734, 2015-03-08 16:45:02, 36487
396735, 2015-03-08 16:50:02, 36745
396736, 2015-03-08 16:55:02, 37011
396737, 2015-03-08 17:00:02, 37258
396738, 2015-03-08 17:05:02, 37544
396739, 2015-03-08 17:10:01, 37871
396740, 2015-03-08 17:15:02, 38011
396741, 2015-03-08 17:20:02, 38136
396742, 2015-03-08 17:25:01, 38313
396743, 2015-03-08 17:30:01, 38446
396744, 2015-03-08 17:35:01, 38734
396745, 2015-03-08 17:40:02, 39011
396746, 2015-03-08 17:45:03, 39303
396747, 2015-03-08 17:50:02, 39467
396748, 2015-03-08 17:55:01, 39729
396749, 2015-03-08 18:00:03, 40033
396750, 2015-03-08 18:05:02, 40345
396751, 2015-03-08 18:10:02, 40843
396752, 2015-03-08 18:15:03, 41309
396753, 2015-03-08 18:20:02, 41595
396754, 2015-03-08 18:25:02, 42002
396755, 2015-03-08 18:30:03, 42331
396756, 2015-03-08 18:35:03, 42555
396757, 2015-03-08 18:40:03, 42839
396758, 2015-03-08 18:45:04, 42891
396759, 2015-03-08 18:50:02, 42825
396760, 2015-03-08 18:55:02, 42825
396761, 2015-03-08 19:00:03, 42722
396762, 2015-03-08 19:05:02, 42678
396763, 2015-03-08 19:10:01, 42744
396764, 2015-03-08 19:15:02, 42650
396765, 2015-03-08 19:20:05, 42392
396766, 2015-03-08 19:25:02, 42194
396767, 2015-03-08 19:30:02, 42027
396768, 2015-03-08 19:35:02, 41902
396769, 2015-03-08 19:40:02, 41843
396770, 2015-03-08 19:45:01, 41739
396771, 2015-03-08 19:50:03, 41595
396772, 2015-03-08 19:55:03, 41624
396773, 2015-03-08 20:00:03, 41390
396774, 2015-03-08 20:05:01, 41163
396775, 2015-03-08 20:10:01, 41142
396776, 2015-03-08 20:15:02, 40948
396777, 2015-03-08 20:20:03, 40713
396778, 2015-03-08 20:25:02, 40547
396779, 2015-03-08 20:30:03, 40184
396780, 2015-03-08 20:35:02, 39934
396781, 2015-03-08 20:40:02, 39598
396782, 2015-03-08 20:45:02, 39278
396783, 2015-03-08 20:50:02, 38994
396784, 2015-03-08 20:55:03, 38793
396785, 2015-03-08 21:00:03, 38586
396786, 2015-03-08 21:05:02, 38334
396787, 2015-03-08 21:10:02, 38671
396788, 2015-03-08 21:15:02, 38336
396789, 2015-03-08 21:20:03, 38051
396790, 2015-03-08 21:25:01, 37798
396791, 2015-03-08 21:30:02, 37486
396792, 2015-03-08 21:35:02, 37175
396793, 2015-03-08 21:40:02, 36852
396794, 2015-03-08 21:45:02, 36438
396795, 2015-03-08 21:50:01, 36026
396796, 2015-03-08 21:55:01, 35761
396797, 2015-03-08 22:00:03, 35449
396798, 2015-03-08 22:05:03, 35075
396799, 2015-03-08 22:10:02, 35141
396800, 2015-03-08 22:15:01, 34753
396801, 2015-03-08 22:20:05, 34367
396802, 2015-03-08 22:25:02, 33976
396803, 2015-03-08 22:30:02, 33593
396804, 2015-03-08 22:35:03, 33312
396805, 2015-03-08 22:40:02, 33280
396806, 2015-03-08 22:45:05, 32981
396807, 2015-03-08 22:50:03, 32655
396808, 2015-03-08 22:55:03, 32354
396809, 2015-03-08 23:00:03, 31955
396810, 2015-03-08 23:05:02, 31616
396811, 2015-03-08 23:10:01, 31261
396812, 2015-03-08 23:15:02, 30902
396813, 2015-03-08 23:20:03, 30642
396814, 2015-03-08 23:25:02, 30583
396815, 2015-03-08 23:30:03, 30342
396816, 2015-03-08 23:35:01, 30208
396817, 2015-03-08 23:40:01, 30206
396818, 2015-03-08 23:45:03, 30154
396819, 2015-03-08 23:50:02, 30036
396820, 2015-03-08 23:55:03, 29896
396821, 2015-03-09 00:00:06, 29682
396822, 2015-03-09 00:05:02, 29628
396823, 2015-03-09 00:10:02, 29850
396824, 2015-03-09 00:15:03, 30087
396825, 2015-03-09 00:20:03, 30117
396826, 2015-03-09 00:25:02, 30122
396827, 2015-03-09 00:30:02, 30042
396828, 2015-03-09 00:35:03, 30063
396829, 2015-03-09 00:40:01, 30281
396830, 2015-03-09 00:45:03, 30265
396831, 2015-03-09 00:50:02, 30283
396832, 2015-03-09 00:55:02, 30302
396833, 2015-03-09 01:00:02, 30223
396834, 2015-03-09 01:05:02, 30153
396835, 2015-03-09 01:10:02, 30318
396836, 2015-03-09 01:15:01, 30163
396837, 2015-03-09 01:20:04, 30243
396838, 2015-03-09 01:25:01, 30107
396839, 2015-03-09 01:30:01, 30027
396840, 2015-03-09 01:35:02, 30130
396841, 2015-03-09 01:40:02, 30162
396842, 2015-03-09 01:45:03, 30150
396843, 2015-03-09 01:50:01, 30054
396844, 2015-03-09 01:55:02, 29958
396845, 2015-03-09 02:00:03, 29779
396846, 2015-03-09 02:05:02, 29716
396847, 2015-03-09 02:10:02, 29495
396848, 2015-03-09 02:15:03, 29333
396849, 2015-03-09 02:20:06, 29370
396850, 2015-03-09 02:25:03, 29329
396851, 2015-03-09 02:30:02, 29256
396852, 2015-03-09 02:35:02, 29218
396853, 2015-03-09 02:40:02, 29389
396854, 2015-03-09 02:45:01, 29350
396855, 2015-03-09 02:50:03, 29242
396856, 2015-03-09 02:55:04, 29306
396857, 2015-03-09 03:00:07, 29260
396858, 2015-03-09 03:05:03, 29307
396859, 2015-03-09 03:10:02, 29523
396860, 2015-03-09 03:15:04, 29440
396861, 2015-03-09 03:20:03, 29254
396862, 2015-03-09 03:25:02, 29182
396863, 2015-03-09 03:30:03, 29108
396864, 2015-03-09 03:35:02, 29032
396865, 2015-03-09 03:40:01, 29047
396866, 2015-03-09 03:45:03, 28994
396867, 2015-03-09 03:50:02, 28916
396868, 2015-03-09 03:55:01, 28824
396869, 2015-03-09 04:00:04, 28698
396870, 2015-03-09 04:05:04, 28677
396871, 2015-03-09 04:10:02, 28685
396872, 2015-03-09 04:15:02, 28653
396873, 2015-03-09 04:20:03, 28473
396874, 2015-03-09 04:25:01, 28462
396875, 2015-03-09 04:30:01, 28454
396876, 2015-03-09 04:35:02, 28381
396877, 2015-03-09 04:40:01, 28364
396878, 2015-03-09 04:45:02, 28401
396879, 2015-03-09 04:50:02, 28346
396880, 2015-03-09 04:55:02, 28356
396881, 2015-03-09 05:00:01, 28331
396882, 2015-03-09 05:05:02, 28374
396883, 2015-03-09 05:10:02, 28572
396884, 2015-03-09 05:15:02, 28770
396885, 2015-03-09 05:20:04, 29001
396886, 2015-03-09 05:25:02, 29246
396887, 2015-03-09 05:30:01, 29435
396888, 2015-03-09 05:35:03, 29605
396889, 2015-03-09 05:40:03, 29822
396890, 2015-03-09 05:45:02, 29856
396891, 2015-03-09 05:50:03, 30061
396892, 2015-03-09 05:55:01, 30492
396893, 2015-03-09 06:00:03, 30681
396894, 2015-03-09 06:05:02, 30953
396895, 2015-03-09 06:10:02, 31598
396896, 2015-03-09 06:15:01, 32022
396897, 2015-03-09 06:20:02, 32314
396898, 2015-03-09 06:25:02, 32589
396899, 2015-03-09 06:30:02, 32825
396900, 2015-03-09 06:35:04, 33078
396901, 2015-03-09 06:40:02, 33440
396902, 2015-03-09 06:45:03, 34035
396903, 2015-03-09 06:50:01, 34577
396904, 2015-03-09 06:55:01, 35010
396905, 2015-03-09 07:00:02, 35630
396906, 2015-03-09 07:05:03, 36259
396907, 2015-03-09 07:10:01, 36754
396908, 2015-03-09 07:15:02, 37467
396909, 2015-03-09 07:20:04, 37953
396910, 2015-03-09 07:25:02, 38263
396911, 2015-03-09 07:30:02, 38655
396912, 2015-03-09 07:35:03, 38911
396913, 2015-03-09 07:40:01, 38977
396914, 2015-03-09 07:45:03, 39140
396915, 2015-03-09 07:50:03, 39271
396916, 2015-03-09 07:55:03, 39452
396917, 2015-03-09 08:00:03, 39700
396918, 2015-03-09 08:05:03, 39928
396919, 2015-03-09 08:10:02, 40109
396920, 2015-03-09 08:15:01, 40324
396921, 2015-03-09 08:20:03, 40458
396922, 2015-03-09 08:25:04, 40510
396923, 2015-03-09 08:30:02, 40580
396924, 2015-03-09 08:35:03, 40616
396925, 2015-03-09 08:40:02, 40595
396926, 2015-03-09 08:45:02, 40599
396927, 2015-03-09 08:50:01, 40602
396928, 2015-03-09 08:55:02, 40680
396929, 2015-03-09 09:00:01, 40798
396930, 2015-03-09 09:05:02, 40911
396931, 2015-03-09 09:10:02, 41120
396932, 2015-03-09 09:15:02, 41375
396933, 2015-03-09 09:20:04, 41524
396934, 2015-03-09 09:25:02, 41640
396935, 2015-03-09 09:30:03, 41702
396936, 2015-03-09 09:35:02, 41842
396937, 2015-03-09 09:40:01, 41844
396938, 2015-03-09 09:45:04, 41852
396939, 2015-03-09 09:50:02, 41801
396940, 2015-03-09 09:55:03, 41875
396941, 2015-03-09 10:00:03, 41957
396942, 2015-03-09 10:05:02, 42004
396943, 2015-03-09 10:10:01, 42039
396944, 2015-03-09 10:15:03, 42070
396945, 2015-03-09 10:20:04, 42018
396946, 2015-03-09 10:25:02, 42012
396947, 2015-03-09 10:30:02, 42003
396948, 2015-03-09 10:35:02, 42014
396949, 2015-03-09 10:40:02, 42157
396950, 2015-03-09 10:45:02, 42237
396951, 2015-03-09 10:50:01, 42282
396952, 2015-03-09 10:55:02, 42236
396953, 2015-03-09 11:00:03, 42245
396954, 2015-03-09 11:05:02, 42283
396955, 2015-03-09 11:10:01, 42438
396956, 2015-03-09 11:15:01, 42449
396957, 2015-03-09 11:20:03, 42521
396958, 2015-03-09 11:25:02, 42704
396959, 2015-03-09 11:30:04, 42700
396960, 2015-03-09 11:35:03, 42808
396961, 2015-03-09 11:40:01, 42988
396962, 2015-03-09 11:45:03, 43134
396963, 2015-03-09 11:50:04, 43127
396964, 2015-03-09 11:55:02, 43186
396965, 2015-03-09 12:00:02, 43297
396966, 2015-03-09 12:05:02, 43411
396967, 2015-03-09 12:10:02, 43463
396968, 2015-03-09 12:15:02, 43430
396969, 2015-03-09 12:20:02, 43421
396970, 2015-03-09 12:25:02, 43497
396971, 2015-03-09 12:30:03, 43426
396972, 2015-03-09 12:35:03, 43412
396973, 2015-03-09 12:40:02, 43475
396974, 2015-03-09 12:45:02, 43463
396975, 2015-03-09 12:50:02, 43346
396976, 2015-03-09 12:55:02, 43330
396977, 2015-03-09 13:00:09, 41297
396978, 2015-03-09 13:05:03, 43222
396979, 2015-03-09 13:10:02, 43220
396980, 2015-03-09 13:15:01, 43194
396981, 2015-03-09 13:20:03, 43010
396982, 2015-03-09 13:25:01, 42979
396983, 2015-03-09 13:30:05, 42889
396984, 2015-03-09 13:35:02, 42732
396985, 2015-03-09 13:40:01, 42713
396986, 2015-03-09 13:45:03, 42665
396987, 2015-03-09 13:50:02, 42598
396988, 2015-03-09 13:55:03, 42544
396989, 2015-03-09 14:00:04, 42497
396990, 2015-03-09 14:05:02, 42508
396991, 2015-03-09 14:10:02, 42563
396992, 2015-03-09 14:15:03, 42576
396993, 2015-03-09 14:20:03, 42587
396994, 2015-03-09 14:25:01, 42557
396995, 2015-03-09 14:30:03, 42502
396996, 2015-03-09 14:35:03, 42515
396997, 2015-03-09 14:40:01, 42451
396998, 2015-03-09 14:45:03, 42313
396999, 2015-03-09 14:50:02, 42281
397000, 2015-03-09 14:55:03, 42321
397001, 2015-03-09 15:00:04, 42209
397002, 2015-03-09 15:05:02, 42149
397003, 2015-03-09 15:10:01, 42158
397004, 2015-03-09 15:15:04, 42056
397005, 2015-03-09 15:20:04, 41967
397006, 2015-03-09 15:25:02, 41948
397007, 2015-03-09 15:30:04, 41897
397008, 2015-03-09 15:35:02, 41945
397009, 2015-03-09 15:40:03, 41976
397010, 2015-03-09 15:45:02, 42162
397011, 2015-03-09 15:50:01, 42310
397012, 2015-03-09 15:55:03, 42526
397013, 2015-03-09 16:00:02, 42691
397014, 2015-03-09 16:05:03, 42854
397015, 2015-03-09 16:10:01, 42972
397016, 2015-03-09 16:15:02, 43045
397017, 2015-03-09 16:20:03, 43114
397018, 2015-03-09 16:25:02, 43223
397019, 2015-03-09 16:30:02, 43436
397020, 2015-03-09 16:35:02, 43624
397021, 2015-03-09 16:40:02, 43747
397022, 2015-03-09 16:45:02, 44047
397023, 2015-03-09 16:50:02, 44239
397024, 2015-03-09 16:55:02, 44416
397025, 2015-03-09 17:00:03, 44429
397026, 2015-03-09 17:05:04, 44648
397027, 2015-03-09 17:10:02, 44812
397028, 2015-03-09 17:15:03, 44735
397029, 2015-03-09 17:20:03, 44840
397030, 2015-03-09 17:25:02, 45097
397031, 2015-03-09 17:30:02, 45355
397032, 2015-03-09 17:35:02, 45497
397033, 2015-03-09 17:40:02, 45620
397034, 2015-03-09 17:45:02, 45593
397035, 2015-03-09 17:50:02, 45536
397036, 2015-03-09 17:55:02, 45793
397037, 2015-03-09 18:00:03, 45967
397038, 2015-03-09 18:05:03, 46269
397039, 2015-03-09 18:10:01, 46604
397040, 2015-03-09 18:15:01, 46884
397041, 2015-03-09 18:20:03, 47078
397042, 2015-03-09 18:25:02, 47125
397043, 2015-03-09 18:30:02, 47141
397044, 2015-03-09 18:35:02, 47258
397045, 2015-03-09 18:40:01, 47330
397046, 2015-03-09 18:45:02, 47330
397047, 2015-03-09 18:50:03, 47287
397048, 2015-03-09 18:55:02, 47286
397049, 2015-03-09 19:00:02, 47242
397050, 2015-03-09 19:05:02, 47142
397051, 2015-03-09 19:10:01, 47136
397052, 2015-03-09 19:15:01, 46869
397053, 2015-03-09 19:20:04, 46748
397054, 2015-03-09 19:25:01, 46557
397055, 2015-03-09 19:30:02, 46202
397056, 2015-03-09 19:35:02, 46048
397057, 2015-03-09 19:40:02, 46041
397058, 2015-03-09 19:45:02, 45605
397059, 2015-03-09 19:50:03, 45314
397060, 2015-03-09 19:55:01, 44944
397061, 2015-03-09 20:00:04, 44414
397062, 2015-03-09 20:05:05, 44141
397063, 2015-03-09 20:10:02, 44214
397064, 2015-03-09 20:15:02, 44088
397065, 2015-03-09 20:20:03, 43743
397066, 2015-03-09 20:25:02, 43464
397067, 2015-03-09 20:30:03, 43142
397068, 2015-03-09 20:35:02, 42775
397069, 2015-03-09 20:40:01, 42519
397070, 2015-03-09 20:45:03, 42447
397071, 2015-03-09 20:50:02, 42126
397072, 2015-03-09 20:55:02, 41729
397073, 2015-03-09 21:00:03, 41184
397074, 2015-03-09 21:05:02, 40715
397075, 2015-03-09 21:10:04, 40491
397076, 2015-03-09 21:15:02, 40174
397077, 2015-03-09 21:20:02, 39910
397078, 2015-03-09 21:25:03, 39634
397079, 2015-03-09 21:30:03, 39134
397080, 2015-03-09 21:35:02, 38747
397081, 2015-03-09 21:40:01, 38295
397082, 2015-03-09 21:45:01, 37923
397083, 2015-03-09 21:50:02, 37602
397084, 2015-03-09 21:55:03, 37375
397085, 2015-03-09 22:00:04, 37062
397086, 2015-03-09 22:05:02, 36620
397087, 2015-03-09 22:10:01, 36523
397088, 2015-03-09 22:15:01, 36061
397089, 2015-03-09 22:20:04, 35477
397090, 2015-03-09 22:25:03, 34945
397091, 2015-03-09 22:30:04, 34445
397092, 2015-03-09 22:35:02, 34100
397093, 2015-03-09 22:40:02, 33903
397094, 2015-03-09 22:45:02, 33465
397095, 2015-03-09 22:50:02, 32978
397096, 2015-03-09 22:55:03, 32560
397097, 2015-03-09 23:00:02, 32127
397098, 2015-03-09 23:05:03, 31644
397099, 2015-03-09 23:10:02, 31535
397100, 2015-03-09 23:15:03, 31473
397101, 2015-03-09 23:20:02, 31354
397102, 2015-03-09 23:25:02, 31334
397103, 2015-03-09 23:30:02, 31349
397104, 2015-03-09 23:35:02, 31258
397105, 2015-03-09 23:40:02, 31040
397106, 2015-03-09 23:45:02, 30810
397107, 2015-03-09 23:50:02, 30544
397108, 2015-03-09 23:55:02, 30466
397109, 2015-03-10 00:00:03, 30369
397110, 2015-03-10 00:05:03, 30279
397111, 2015-03-10 00:10:02, 30405
397112, 2015-03-10 00:15:03, 30386
397113, 2015-03-10 00:20:04, 30364
397114, 2015-03-10 00:25:01, 30487
397115, 2015-03-10 00:30:03, 30452
397116, 2015-03-10 00:35:02, 30332
397117, 2015-03-10 00:40:02, 30532
397118, 2015-03-10 00:45:02, 30536
397119, 2015-03-10 00:50:04, 30461
397120, 2015-03-10 00:55:02, 30462
397121, 2015-03-10 01:00:01, 30525
397122, 2015-03-10 01:05:02, 30615
397123, 2015-03-10 01:10:03, 30629
397124, 2015-03-10 01:15:03, 30636
397125, 2015-03-10 01:20:02, 30587
397126, 2015-03-10 01:25:01, 30647
397127, 2015-03-10 01:30:04, 30714
397128, 2015-03-10 01:35:02, 30577
397129, 2015-03-10 01:40:01, 30554
397130, 2015-03-10 01:45:04, 30409
397131, 2015-03-10 01:50:03, 30253
397132, 2015-03-10 01:55:02, 30180
397133, 2015-03-10 02:00:02, 30118
397134, 2015-03-10 02:05:02, 30055
397135, 2015-03-10 02:10:03, 29988
397136, 2015-03-10 02:15:03, 29860
397137, 2015-03-10 02:20:04, 29770
397138, 2015-03-10 02:25:04, 29869
397139, 2015-03-10 02:30:04, 29941
397140, 2015-03-10 02:35:02, 29947
397141, 2015-03-10 02:40:02, 30136
397142, 2015-03-10 02:45:02, 30093
397143, 2015-03-10 02:50:03, 29948
397144, 2015-03-10 02:55:01, 29983
397145, 2015-03-10 03:00:02, 29896
397146, 2015-03-10 03:05:02, 29896
397147, 2015-03-10 03:10:01, 29763
397148, 2015-03-10 03:15:02, 29699
397149, 2015-03-10 03:20:03, 29696
397150, 2015-03-10 03:25:02, 29607
397151, 2015-03-10 03:30:04, 29423
397152, 2015-03-10 03:35:02, 29304
397153, 2015-03-10 03:40:02, 29279
397154, 2015-03-10 03:45:05, 29305
397155, 2015-03-10 03:50:03, 29240
397156, 2015-03-10 03:55:02, 29216
397157, 2015-03-10 04:00:02, 29153
397158, 2015-03-10 04:05:02, 29120
397159, 2015-03-10 04:10:01, 29110
397160, 2015-03-10 04:15:01, 29097
397161, 2015-03-10 04:20:03, 29044
397162, 2015-03-10 04:25:01, 29039
397163, 2015-03-10 04:30:03, 28947
397164, 2015-03-10 04:35:02, 28972
397165, 2015-03-10 04:40:01, 29112
397166, 2015-03-10 04:45:03, 29165
397167, 2015-03-10 04:50:01, 29179
397168, 2015-03-10 04:55:02, 29211
397169, 2015-03-10 05:00:02, 28914
397170, 2015-03-10 05:05:01, 28904
397171, 2015-03-10 05:10:01, 28806
397172, 2015-03-10 05:15:01, 28782
397173, 2015-03-10 05:20:03, 28761
397174, 2015-03-10 05:25:02, 28615
397175, 2015-03-10 05:30:02, 28756
397176, 2015-03-10 05:35:02, 28873
397177, 2015-03-10 05:40:02, 29213
397178, 2015-03-10 05:45:03, 29456
397179, 2015-03-10 05:50:01, 29621
397180, 2015-03-10 05:55:02, 29884
397181, 2015-03-10 06:00:02, 30301
397182, 2015-03-10 06:05:03, 30758
397183, 2015-03-10 06:10:02, 31522
397184, 2015-03-10 06:15:02, 32409
397185, 2015-03-10 06:20:03, 33081
397186, 2015-03-10 06:25:03, 33376
397187, 2015-03-10 06:30:02, 33634
397188, 2015-03-10 06:35:02, 34093
397189, 2015-03-10 06:40:02, 34707
397190, 2015-03-10 06:45:03, 35259
397191, 2015-03-10 06:50:01, 35642
397192, 2015-03-10 06:55:02, 36092
397193, 2015-03-10 07:00:03, 36746
397194, 2015-03-10 07:05:02, 37397
397195, 2015-03-10 07:10:02, 38013
397196, 2015-03-10 07:15:02, 38885
397197, 2015-03-10 07:20:03, 39414
397198, 2015-03-10 07:25:01, 39731
397199, 2015-03-10 07:30:02, 40091
397200, 2015-03-10 07:35:02, 40358
397201, 2015-03-10 07:40:01, 40449
397202, 2015-03-10 07:45:03, 40519
397203, 2015-03-10 07:50:02, 40653
397204, 2015-03-10 07:55:01, 40736
397205, 2015-03-10 08:00:01, 40817
397206, 2015-03-10 08:05:02, 40927
397207, 2015-03-10 08:10:02, 41036
397208, 2015-03-10 08:15:01, 41236
397209, 2015-03-10 08:20:03, 41298
397210, 2015-03-10 08:25:02, 41172
397211, 2015-03-10 08:30:03, 41032
397212, 2015-03-10 08:35:02, 41036
397213, 2015-03-10 08:40:01, 40970
397214, 2015-03-10 08:45:03, 40919
397215, 2015-03-10 08:50:01, 40793
397216, 2015-03-10 08:55:03, 40740
397217, 2015-03-10 09:00:02, 40730
397218, 2015-03-10 09:05:02, 40790
397219, 2015-03-10 09:10:02, 40843
397220, 2015-03-10 09:15:02, 40780
397221, 2015-03-10 09:20:02, 40793
397222, 2015-03-10 09:25:02, 40631
397223, 2015-03-10 09:30:02, 40496
397224, 2015-03-10 09:35:02, 40388
397225, 2015-03-10 09:40:02, 40252
397226, 2015-03-10 09:45:03, 40185
397227, 2015-03-10 09:50:03, 40054
397228, 2015-03-10 09:55:02, 40003
397229, 2015-03-10 10:00:03, 39905
397230, 2015-03-10 10:05:02, 39778
397231, 2015-03-10 10:10:02, 39717
397232, 2015-03-10 10:15:02, 39617
397233, 2015-03-10 10:20:04, 39534
397234, 2015-03-10 10:25:01, 39515
397235, 2015-03-10 10:30:01, 39466
397236, 2015-03-10 10:35:01, 39377
397237, 2015-03-10 10:40:02, 39289
397238, 2015-03-10 10:45:10, 39317
397239, 2015-03-10 10:50:03, 39269
397240, 2015-03-10 10:55:03, 39245
397241, 2015-03-10 11:00:04, 39179
397242, 2015-03-10 11:05:03, 39194
397243, 2015-03-10 11:10:01, 39260
397244, 2015-03-10 11:15:02, 39231
397245, 2015-03-10 11:20:05, 39213
397246, 2015-03-10 11:25:03, 39130
397247, 2015-03-10 11:30:06, 39112
397248, 2015-03-10 11:35:03, 38636
397249, 2015-03-10 11:40:01, 39144
397250, 2015-03-10 11:45:02, 39141
397251, 2015-03-10 11:50:02, 39189
397252, 2015-03-10 11:55:03, 39196
397253, 2015-03-10 12:00:05, 39184
397254, 2015-03-10 12:05:04, 39180
397255, 2015-03-10 12:10:02, 39205
397256, 2015-03-10 12:15:02, 39174
397257, 2015-03-10 12:20:03, 39070
397258, 2015-03-10 12:25:01, 39170
397259, 2015-03-10 12:30:02, 39152
397260, 2015-03-10 12:35:03, 39082
397261, 2015-03-10 12:40:01, 39069
397262, 2015-03-10 12:45:01, 39036
397263, 2015-03-10 12:50:02, 38963
397264, 2015-03-10 12:55:02, 38918
397265, 2015-03-10 13:00:03, 38739
397266, 2015-03-10 13:05:02, 38628
397267, 2015-03-10 13:10:02, 38654
397268, 2015-03-10 13:15:01, 38645
397269, 2015-03-10 13:20:06, 38587
397270, 2015-03-10 13:25:01, 38603
397271, 2015-03-10 13:30:02, 38510
397272, 2015-03-10 13:35:05, 38394
397273, 2015-03-10 13:40:01, 38432
397274, 2015-03-10 13:45:01, 38509
397275, 2015-03-10 13:50:02, 38476
397276, 2015-03-10 13:55:01, 38422
397277, 2015-03-10 14:00:03, 38449
397278, 2015-03-10 14:05:01, 38472
397279, 2015-03-10 14:10:02, 38673
397280, 2015-03-10 14:15:02, 38739
397281, 2015-03-10 14:20:06, 38688
397282, 2015-03-10 14:25:02, 38660
397283, 2015-03-10 14:30:04, 38665
397284, 2015-03-10 14:35:01, 38670
397285, 2015-03-10 14:40:02, 38720
397286, 2015-03-10 14:45:01, 38648
397287, 2015-03-10 14:50:04, 38677
397288, 2015-03-10 14:55:03, 38695
397289, 2015-03-10 15:00:04, 38638
397290, 2015-03-10 15:05:02, 38590
397291, 2015-03-10 15:10:01, 38648
397292, 2015-03-10 15:15:01, 38679
397293, 2015-03-10 15:20:06, 38713
397294, 2015-03-10 15:25:02, 38758
397295, 2015-03-10 15:30:04, 38867
397296, 2015-03-10 15:35:02, 39015
397297, 2015-03-10 15:40:03, 39198
397298, 2015-03-10 15:45:03, 39381
397299, 2015-03-10 15:50:02, 39560
397300, 2015-03-10 15:55:02, 39892
397301, 2015-03-10 16:00:03, 40097
397302, 2015-03-10 16:05:06, 40291
397303, 2015-03-10 16:10:02, 40464
397304, 2015-03-10 16:15:01, 40483
397305, 2015-03-10 16:20:03, 40711
397306, 2015-03-10 16:25:02, 40918
397307, 2015-03-10 16:30:02, 41101
397308, 2015-03-10 16:35:02, 41326
397309, 2015-03-10 16:40:02, 41624
397310, 2015-03-10 16:45:04, 41956
397311, 2015-03-10 16:50:03, 42193
397312, 2015-03-10 16:55:02, 42484
397313, 2015-03-10 17:00:03, 42677
397314, 2015-03-10 17:05:03, 42853
397315, 2015-03-10 17:10:03, 43120
397316, 2015-03-10 17:15:01, 43392
397317, 2015-03-10 17:20:05, 43601
397318, 2015-03-10 17:25:02, 43782
397319, 2015-03-10 17:30:04, 43838
397320, 2015-03-10 17:35:41, 43890
397321, 2015-03-10 17:40:02, 44032
397322, 2015-03-10 17:45:02, 44265
397323, 2015-03-10 17:50:02, 44404
397324, 2015-03-10 17:55:04, 44465
397325, 2015-03-10 18:00:02, 44696
397326, 2015-03-10 18:05:03, 45189
397327, 2015-03-10 18:10:01, 45867
397328, 2015-03-10 18:15:02, 46226
397329, 2015-03-10 18:20:03, 46663
397330, 2015-03-10 18:25:03, 47185
397331, 2015-03-10 18:30:02, 47552
397332, 2015-03-10 18:35:02, 47930
397333, 2015-03-10 18:40:02, 48276
397334, 2015-03-10 18:45:03, 48322
397335, 2015-03-10 18:50:03, 48278
397336, 2015-03-10 18:55:02, 48236
397337, 2015-03-10 19:00:01, 48094
397338, 2015-03-10 19:05:02, 48170
397339, 2015-03-10 19:10:02, 48168
397340, 2015-03-10 19:15:02, 48065
397341, 2015-03-10 19:20:06, 48027
397342, 2015-03-10 19:25:02, 47756
397343, 2015-03-10 19:30:04, 47600
397344, 2015-03-10 19:35:03, 47520
397345, 2015-03-10 19:40:01, 47362
397346, 2015-03-10 19:45:04, 47055
397347, 2015-03-10 19:50:03, 46797
397348, 2015-03-10 19:55:03, 46563
397349, 2015-03-10 20:00:01, 46189
397350, 2015-03-10 20:05:01, 45974
397351, 2015-03-10 20:10:01, 46028
397352, 2015-03-10 20:15:02, 45773
397353, 2015-03-10 20:20:06, 45345
397354, 2015-03-10 20:25:03, 45026
397355, 2015-03-10 20:30:03, 44627
397356, 2015-03-10 20:35:04, 44355
397357, 2015-03-10 20:40:02, 43967
397358, 2015-03-10 20:45:04, 43718
397359, 2015-03-10 20:50:02, 43506
397360, 2015-03-10 20:55:02, 43214
397361, 2015-03-10 21:00:04, 42844
397362, 2015-03-10 21:05:02, 42526
397363, 2015-03-10 21:10:02, 42507
397364, 2015-03-10 21:15:01, 42087
397365, 2015-03-10 21:20:04, 41831
397366, 2015-03-10 21:25:04, 41518
397367, 2015-03-10 21:30:03, 41084
397368, 2015-03-10 21:35:03, 40560
397369, 2015-03-10 21:40:01, 40164
397370, 2015-03-10 21:45:04, 39745
397371, 2015-03-10 21:50:03, 39332
397372, 2015-03-10 21:55:02, 38952
397373, 2015-03-10 22:00:03, 38569
397374, 2015-03-10 22:05:04, 38117
397375, 2015-03-10 22:10:01, 37899
397376, 2015-03-10 22:15:02, 37348
397377, 2015-03-10 22:20:04, 36888
397378, 2015-03-10 22:25:01, 36365
397379, 2015-03-10 22:30:03, 35926
397380, 2015-03-10 22:35:05, 35523
397381, 2015-03-10 22:40:01, 35377
397382, 2015-03-10 22:45:02, 35026
397383, 2015-03-10 22:50:03, 34629
397384, 2015-03-10 22:55:02, 34219
397385, 2015-03-10 23:00:04, 33711
397386, 2015-03-10 23:05:02, 33197
397387, 2015-03-10 23:10:03, 32825
397388, 2015-03-10 23:15:02, 32245
397389, 2015-03-10 23:20:03, 32024
397390, 2015-03-10 23:25:02, 31660
397391, 2015-03-10 23:30:03, 31277
397392, 2015-03-10 23:35:01, 30720
397393, 2015-03-10 23:40:01, 30728
397394, 2015-03-10 23:45:02, 30776
397395, 2015-03-10 23:50:01, 30927
397396, 2015-03-10 23:55:03, 31199
397397, 2015-03-11 00:00:08, 31273
397398, 2015-03-11 00:05:02, 31218
397399, 2015-03-11 00:10:02, 31398
397400, 2015-03-11 00:15:02, 31355
397401, 2015-03-11 00:20:05, 31307
397402, 2015-03-11 00:25:03, 31279
397403, 2015-03-11 00:30:02, 31295
397404, 2015-03-11 00:35:02, 31208
397405, 2015-03-11 00:40:01, 31451
397406, 2015-03-11 00:45:04, 31580
397407, 2015-03-11 00:50:02, 31571
397408, 2015-03-11 00:55:02, 31589
397409, 2015-03-11 01:00:04, 31526
397410, 2015-03-11 01:05:02, 31529
397411, 2015-03-11 01:10:02, 31664
397412, 2015-03-11 01:15:02, 31569
397413, 2015-03-11 01:20:06, 31430
397414, 2015-03-11 01:25:01, 31332
397415, 2015-03-11 01:30:01, 31148
397416, 2015-03-11 01:35:01, 30951
397417, 2015-03-11 01:40:02, 30689
397418, 2015-03-11 01:45:03, 30713
397419, 2015-03-11 01:50:02, 30615
397420, 2015-03-11 01:55:03, 30551
397421, 2015-03-11 02:00:03, 30394
397422, 2015-03-11 02:05:03, 30199
397423, 2015-03-11 02:10:02, 29978
397424, 2015-03-11 02:15:02, 29891
397425, 2015-03-11 02:20:04, 29750
397426, 2015-03-11 02:25:03, 29659
397427, 2015-03-11 02:30:03, 29654
397428, 2015-03-11 02:35:05, 29628
397429, 2015-03-11 02:40:02, 29785
397430, 2015-03-11 02:45:02, 29790
397431, 2015-03-11 02:50:03, 29771
397432, 2015-03-11 02:55:03, 29846
397433, 2015-03-11 03:00:06, 29911
397434, 2015-03-11 03:05:01, 29849
397435, 2015-03-11 03:10:01, 29707
397436, 2015-03-11 03:15:03, 29419
397437, 2015-03-11 03:20:03, 29314
397438, 2015-03-11 03:25:02, 29256
397439, 2015-03-11 03:30:03, 29182
397440, 2015-03-11 03:35:02, 29019
397441, 2015-03-11 03:40:02, 29113
397442, 2015-03-11 03:45:02, 29092
397443, 2015-03-11 03:50:02, 28992
397444, 2015-03-11 03:55:03, 28929
397445, 2015-03-11 04:00:03, 28834
397446, 2015-03-11 04:05:02, 28839
397447, 2015-03-11 04:10:04, 28850
397448, 2015-03-11 04:15:02, 28836
397449, 2015-03-11 04:20:05, 28729
397450, 2015-03-11 04:25:02, 28671
397451, 2015-03-11 04:30:02, 28638
397452, 2015-03-11 04:35:01, 28665
397453, 2015-03-11 04:40:01, 28774
397454, 2015-03-11 04:45:02, 28815
397455, 2015-03-11 04:50:03, 28701
397456, 2015-03-11 04:55:03, 28729
397457, 2015-03-11 05:00:02, 28745
397458, 2015-03-11 05:05:02, 28761
397459, 2015-03-11 05:10:02, 28858
397460, 2015-03-11 05:15:02, 28974
397461, 2015-03-11 05:20:03, 29030
397462, 2015-03-11 05:25:01, 29362
397463, 2015-03-11 05:30:02, 29517
397464, 2015-03-11 05:35:02, 29617
397465, 2015-03-11 05:40:02, 29801
397466, 2015-03-11 05:45:03, 29968
397467, 2015-03-11 05:50:02, 30152
397468, 2015-03-11 05:55:01, 30485
397469, 2015-03-11 06:00:02, 30653
397470, 2015-03-11 06:05:03, 31004
397471, 2015-03-11 06:10:02, 31469
397472, 2015-03-11 06:15:02, 32109
397473, 2015-03-11 06:20:03, 32493
397474, 2015-03-11 06:25:02, 32864
397475, 2015-03-11 06:30:01, 33112
397476, 2015-03-11 06:35:02, 33463
397477, 2015-03-11 06:40:02, 33803
397478, 2015-03-11 06:45:03, 34413
397479, 2015-03-11 06:50:03, 34823
397480, 2015-03-11 06:55:02, 35375
397481, 2015-03-11 07:00:02, 35959
397482, 2015-03-11 07:05:04, 36413
397483, 2015-03-11 07:10:02, 36945
397484, 2015-03-11 07:15:02, 37768
397485, 2015-03-11 07:20:02, 38270
397486, 2015-03-11 07:25:01, 38635
397487, 2015-03-11 07:30:02, 38900
397488, 2015-03-11 07:35:01, 38955
397489, 2015-03-11 07:40:02, 38936
397490, 2015-03-11 07:45:06, 39031
397491, 2015-03-11 07:50:03, 39129
397492, 2015-03-11 07:55:01, 39187
397493, 2015-03-11 08:00:07, 39298
397494, 2015-03-11 08:05:03, 39453
397495, 2015-03-11 08:10:02, 39692
397496, 2015-03-11 08:15:02, 39833
397497, 2015-03-11 08:20:03, 39827
397498, 2015-03-11 08:25:02, 39803
397499, 2015-03-11 08:30:02, 39715
397500, 2015-03-11 08:35:03, 39704
397501, 2015-03-11 08:40:02, 39649
397502, 2015-03-11 08:45:05, 39660
397503, 2015-03-11 08:50:02, 39603
397504, 2015-03-11 08:55:02, 39547
397505, 2015-03-11 09:00:03, 39519
397506, 2015-03-11 09:05:03, 39587
397507, 2015-03-11 09:10:02, 39665
397508, 2015-03-11 09:15:01, 39738
397509, 2015-03-11 09:20:05, 39737
397510, 2015-03-11 09:25:02, 39767
397511, 2015-03-11 09:30:03, 39743
397512, 2015-03-11 09:35:02, 39605
397513, 2015-03-11 09:40:02, 39553
397514, 2015-03-11 09:45:05, 39444
397515, 2015-03-11 09:50:02, 39366
397516, 2015-03-11 09:55:02, 39246
397517, 2015-03-11 10:00:01, 39233
397518, 2015-03-11 10:05:03, 39131
397519, 2015-03-11 10:10:02, 39080
397520, 2015-03-11 10:15:02, 39017
397521, 2015-03-11 10:20:03, 38934
397522, 2015-03-11 10:25:02, 38974
397523, 2015-03-11 10:30:03, 39013
397524, 2015-03-11 10:35:02, 39008
397525, 2015-03-11 10:40:02, 39044
397526, 2015-03-11 10:45:03, 39050
397527, 2015-03-11 10:50:01, 39028
397528, 2015-03-11 10:55:01, 38979
397529, 2015-03-11 11:00:02, 39002
397530, 2015-03-11 11:05:02, 38971
397531, 2015-03-11 11:10:01, 39011
397532, 2015-03-11 11:15:02, 39070
397533, 2015-03-11 11:20:02, 39126
397534, 2015-03-11 11:25:03, 39121
397535, 2015-03-11 11:30:01, 38982
397536, 2015-03-11 11:35:03, 39069
397537, 2015-03-11 11:40:01, 39256
397538, 2015-03-11 11:45:02, 39324
397539, 2015-03-11 11:50:03, 39343
397540, 2015-03-11 11:55:03, 39448
397541, 2015-03-11 12:00:02, 39485
397542, 2015-03-11 12:05:02, 39505
397543, 2015-03-11 12:10:02, 39546
397544, 2015-03-11 12:15:01, 39594
397545, 2015-03-11 12:20:02, 39613
397546, 2015-03-11 12:25:01, 39547
397547, 2015-03-11 12:30:02, 39546
397548, 2015-03-11 12:35:02, 39571
397549, 2015-03-11 12:40:01, 39597
397550, 2015-03-11 12:45:02, 39579
397551, 2015-03-11 12:50:02, 39550
397552, 2015-03-11 12:55:02, 39607
397553, 2015-03-11 13:00:03, 39605
397554, 2015-03-11 13:05:02, 39653
397555, 2015-03-11 13:10:02, 39711
397556, 2015-03-11 13:15:02, 39769
397557, 2015-03-11 13:20:03, 39790
397558, 2015-03-11 13:25:03, 39931
397559, 2015-03-11 13:30:02, 39908
397560, 2015-03-11 13:35:05, 39858
397561, 2015-03-11 13:40:01, 40037
397562, 2015-03-11 13:45:01, 40017
397563, 2015-03-11 13:50:01, 40024
397564, 2015-03-11 13:55:03, 39983
397565, 2015-03-11 14:00:03, 39973
397566, 2015-03-11 14:05:01, 40003
397567, 2015-03-11 14:10:02, 40220
397568, 2015-03-11 14:15:04, 40376
397569, 2015-03-11 14:20:05, 40364
397570, 2015-03-11 14:25:03, 40426
397571, 2015-03-11 14:30:01, 40426
397572, 2015-03-11 14:35:02, 40281
397573, 2015-03-11 14:40:02, 40400
397574, 2015-03-11 14:45:03, 40434
397575, 2015-03-11 14:50:04, 40479
397576, 2015-03-11 14:55:02, 40419
397577, 2015-03-11 15:00:04, 40372
397578, 2015-03-11 15:05:03, 40316
397579, 2015-03-11 15:10:03, 40306
397580, 2015-03-11 15:15:02, 40263
397581, 2015-03-11 15:20:03, 40325
397582, 2015-03-11 15:25:01, 40390
397583, 2015-03-11 15:30:02, 40511
397584, 2015-03-11 15:35:03, 40704
397585, 2015-03-11 15:40:01, 40941
397586, 2015-03-11 15:45:05, 41203
397587, 2015-03-11 15:50:01, 41407
397588, 2015-03-11 15:55:04, 41624
397589, 2015-03-11 16:00:02, 41798
397590, 2015-03-11 16:05:02, 41895
397591, 2015-03-11 16:10:02, 41985
397592, 2015-03-11 16:15:02, 42155
397593, 2015-03-11 16:20:05, 42382
397594, 2015-03-11 16:25:03, 42638
397595, 2015-03-11 16:30:02, 42836
397596, 2015-03-11 16:35:04, 42974
397597, 2015-03-11 16:40:02, 43300
397598, 2015-03-11 16:45:03, 43526
397599, 2015-03-11 16:50:02, 43553
397600, 2015-03-11 16:55:03, 43948
397601, 2015-03-11 17:00:02, 44203
397602, 2015-03-11 17:05:06, 44373
397603, 2015-03-11 17:10:02, 44464
397604, 2015-03-11 17:15:01, 44555
397605, 2015-03-11 17:20:02, 44637
397606, 2015-03-11 17:25:02, 44873
397607, 2015-03-11 17:30:04, 45074
397608, 2015-03-11 17:35:02, 45196
397609, 2015-03-11 17:40:02, 45256
397610, 2015-03-11 17:45:03, 45207
397611, 2015-03-11 17:50:02, 45296
397612, 2015-03-11 17:55:03, 45444
397613, 2015-03-11 18:00:02, 45459
397614, 2015-03-11 18:05:03, 45768
397615, 2015-03-11 18:10:01, 46259
397616, 2015-03-11 18:15:03, 46414
397617, 2015-03-11 18:20:02, 46551
397618, 2015-03-11 18:25:02, 46920
397619, 2015-03-11 18:30:02, 47303
397620, 2015-03-11 18:35:02, 47499
397621, 2015-03-11 18:40:02, 47751
397622, 2015-03-11 18:45:02, 47782
397623, 2015-03-11 18:50:02, 47689
397624, 2015-03-11 18:55:02, 47640
397625, 2015-03-11 19:00:02, 47639
397626, 2015-03-11 19:05:01, 47617
397627, 2015-03-11 19:10:01, 47506
397628, 2015-03-11 19:15:01, 47330
397629, 2015-03-11 19:20:04, 47214
397630, 2015-03-11 19:25:01, 46998
397631, 2015-03-11 19:30:03, 46673
397632, 2015-03-11 19:35:02, 46669
397633, 2015-03-11 19:40:02, 46748
397634, 2015-03-11 19:45:02, 46490
397635, 2015-03-11 19:50:02, 46253
397636, 2015-03-11 19:55:02, 46124
397637, 2015-03-11 20:00:03, 45608
397638, 2015-03-11 20:05:03, 45209
397639, 2015-03-11 20:10:03, 45446
397640, 2015-03-11 20:15:02, 45291
397641, 2015-03-11 20:20:03, 44999
397642, 2015-03-11 20:25:03, 44664
397643, 2015-03-11 20:30:03, 44458
397644, 2015-03-11 20:35:02, 44239
397645, 2015-03-11 20:40:01, 43970
397646, 2015-03-11 20:45:02, 43614
397647, 2015-03-11 20:50:02, 43400
397648, 2015-03-11 20:55:02, 43019
397649, 2015-03-11 21:00:02, 42513
397650, 2015-03-11 21:05:02, 42260
397651, 2015-03-11 21:10:01, 42265
397652, 2015-03-11 21:15:03, 41892
397653, 2015-03-11 21:20:05, 41484
397654, 2015-03-11 21:25:06, 41035
397655, 2015-03-11 21:30:05, 40700
397656, 2015-03-11 21:35:02, 40412
397657, 2015-03-11 21:40:02, 40155
397658, 2015-03-11 21:45:02, 39602
397659, 2015-03-11 21:50:02, 39233
397660, 2015-03-11 21:55:02, 38837
397661, 2015-03-11 22:00:11, 38449
397662, 2015-03-11 22:05:03, 38118
397663, 2015-03-11 22:10:01, 37890
397664, 2015-03-11 22:15:01, 37417
397665, 2015-03-11 22:20:04, 36971
397666, 2015-03-11 22:25:02, 36557
397667, 2015-03-11 22:30:01, 36175
397668, 2015-03-11 22:35:03, 35714
397669, 2015-03-11 22:40:01, 35691
397670, 2015-03-11 22:45:02, 35258
397671, 2015-03-11 22:50:02, 34807
397672, 2015-03-11 22:55:03, 34432
397673, 2015-03-11 23:00:04, 34003
397674, 2015-03-11 23:05:02, 33575
397675, 2015-03-11 23:10:01, 33251
397676, 2015-03-11 23:15:02, 32900
397677, 2015-03-11 23:20:03, 32508
397678, 2015-03-11 23:25:03, 32060
397679, 2015-03-11 23:30:02, 31916
397680, 2015-03-11 23:35:02, 31822
397681, 2015-03-11 23:40:01, 32075
397682, 2015-03-11 23:45:02, 31819
397683, 2015-03-11 23:50:03, 31671
397684, 2015-03-11 23:55:03, 31596
397685, 2015-03-12 00:00:03, 31403
397686, 2015-03-12 00:05:03, 31266
397687, 2015-03-12 00:10:04, 31441
397688, 2015-03-12 00:15:02, 31440
397689, 2015-03-12 00:20:06, 31544
397690, 2015-03-12 00:25:02, 31757
397691, 2015-03-12 00:30:03, 31678
397692, 2015-03-12 00:35:02, 31578
397693, 2015-03-12 00:40:02, 31655
397694, 2015-03-12 00:45:02, 31657
397695, 2015-03-12 00:50:02, 31677
397696, 2015-03-12 00:55:02, 31711
397697, 2015-03-12 01:00:01, 31838
397698, 2015-03-12 01:05:03, 31653
397699, 2015-03-12 01:10:02, 31858
397700, 2015-03-12 01:15:02, 31831
397701, 2015-03-12 01:20:03, 31740
397702, 2015-03-12 01:25:02, 31505
397703, 2015-03-12 01:30:02, 31298
397704, 2015-03-12 01:35:03, 31197
397705, 2015-03-12 01:40:01, 31123
397706, 2015-03-12 01:45:02, 31099
397707, 2015-03-12 01:50:02, 31130
397708, 2015-03-12 01:55:03, 31030
397709, 2015-03-12 02:00:03, 30780
397710, 2015-03-12 02:05:02, 30587
397711, 2015-03-12 02:10:02, 30547
397712, 2015-03-12 02:15:03, 30433
397713, 2015-03-12 02:20:04, 30351
397714, 2015-03-12 02:25:02, 30440
397715, 2015-03-12 02:30:03, 30467
397716, 2015-03-12 02:35:04, 30376
397717, 2015-03-12 02:40:02, 30540
397718, 2015-03-12 02:45:03, 30484
397719, 2015-03-12 02:50:03, 30331
397720, 2015-03-12 02:55:03, 30355
397721, 2015-03-12 03:00:04, 30254
397722, 2015-03-12 03:05:04, 30041
397723, 2015-03-12 03:10:05, 30019
397724, 2015-03-12 03:15:02, 29858
397725, 2015-03-12 03:20:03, 29728
397726, 2015-03-12 03:25:03, 29620
397727, 2015-03-12 03:30:03, 29523
397728, 2015-03-12 03:35:03, 29373
397729, 2015-03-12 03:40:02, 29365
397730, 2015-03-12 03:45:04, 29316
397731, 2015-03-12 03:50:03, 29255
397732, 2015-03-12 03:55:01, 29097
397733, 2015-03-12 04:00:03, 28968
397734, 2015-03-12 04:05:02, 28785
397735, 2015-03-12 04:10:02, 28848
397736, 2015-03-12 04:15:02, 28973
397737, 2015-03-12 04:20:03, 28589
397738, 2015-03-12 04:25:02, 28599
397739, 2015-03-12 04:30:03, 28665
397740, 2015-03-12 04:35:07, 28744
397741, 2015-03-12 04:40:01, 28798
397742, 2015-03-12 04:45:02, 28753
397743, 2015-03-12 04:50:02, 28680
397744, 2015-03-12 04:55:01, 28666
397745, 2015-03-12 05:00:02, 28770
397746, 2015-03-12 05:05:02, 28815
397747, 2015-03-12 05:10:02, 28902
397748, 2015-03-12 05:15:01, 29039
397749, 2015-03-12 05:20:03, 29075
397750, 2015-03-12 05:25:01, 29183
397751, 2015-03-12 05:30:03, 29335
397752, 2015-03-12 05:35:03, 29596
397753, 2015-03-12 05:40:02, 29872
397754, 2015-03-12 05:45:03, 30061
397755, 2015-03-12 05:50:02, 30310
397756, 2015-03-12 05:55:02, 30569
397757, 2015-03-12 06:00:03, 30782
397758, 2015-03-12 06:05:02, 31155
397759, 2015-03-12 06:10:01, 31593
397760, 2015-03-12 06:15:03, 32060
397761, 2015-03-12 06:20:02, 32222
397762, 2015-03-12 06:25:03, 32210
397763, 2015-03-12 06:30:02, 32307
397764, 2015-03-12 06:35:02, 32646
397765, 2015-03-12 06:40:01, 33204
397766, 2015-03-12 06:45:04, 33900
397767, 2015-03-12 06:50:03, 34338
397768, 2015-03-12 06:55:01, 34836
397769, 2015-03-12 07:00:02, 35388
397770, 2015-03-12 07:05:02, 35877
397771, 2015-03-12 07:10:02, 36498
397772, 2015-03-12 07:15:01, 37392
397773, 2015-03-12 07:20:07, 37899
397774, 2015-03-12 07:25:03, 38248
397775, 2015-03-12 07:30:02, 38535
397776, 2015-03-12 07:35:02, 38632
397777, 2015-03-12 07:40:02, 38680
397778, 2015-03-12 07:45:03, 38803
397779, 2015-03-12 07:50:03, 38966
397780, 2015-03-12 07:55:03, 38999
397781, 2015-03-12 08:00:03, 39153
397782, 2015-03-12 08:05:02, 39200
397783, 2015-03-12 08:10:02, 39173
397784, 2015-03-12 08:15:01, 39297
397785, 2015-03-12 08:20:07, 39365
397786, 2015-03-12 08:25:02, 39371
397787, 2015-03-12 08:30:02, 39312
397788, 2015-03-12 08:35:03, 39274
397789, 2015-03-12 08:40:01, 39210
397790, 2015-03-12 08:45:03, 39143
397791, 2015-03-12 08:50:03, 39157
397792, 2015-03-12 08:55:01, 39156
397793, 2015-03-12 09:00:03, 39164
397794, 2015-03-12 09:05:03, 39253
397795, 2015-03-12 09:10:01, 39431
397796, 2015-03-12 09:15:02, 39630
397797, 2015-03-12 09:20:03, 39654
397798, 2015-03-12 09:25:03, 39707
397799, 2015-03-12 09:30:02, 39673
397800, 2015-03-12 09:35:03, 39698
397801, 2015-03-12 09:40:01, 39589
397802, 2015-03-12 09:45:03, 39537
397803, 2015-03-12 09:50:02, 39426
397804, 2015-03-12 09:55:03, 39457
397805, 2015-03-12 10:00:02, 39488
397806, 2015-03-12 10:05:03, 39522
397807, 2015-03-12 10:10:02, 39472
397808, 2015-03-12 10:15:03, 39336
397809, 2015-03-12 10:20:04, 39148
397810, 2015-03-12 10:25:03, 39117
397811, 2015-03-12 10:30:02, 39049
397812, 2015-03-12 10:35:03, 38982
397813, 2015-03-12 10:40:01, 38954
397814, 2015-03-12 10:45:03, 38907
397815, 2015-03-12 10:50:03, 38809
397816, 2015-03-12 10:55:03, 38786
397817, 2015-03-12 11:00:02, 38781
397818, 2015-03-12 11:05:03, 38754
397819, 2015-03-12 11:10:02, 38806
397820, 2015-03-12 11:15:03, 38748
397821, 2015-03-12 11:20:03, 38708
397822, 2015-03-12 11:25:01, 38749
397823, 2015-03-12 11:30:03, 38744
397824, 2015-03-12 11:35:03, 38715
397825, 2015-03-12 11:40:03, 38690
397826, 2015-03-12 11:45:03, 38627
397827, 2015-03-12 11:50:03, 38639
397828, 2015-03-12 11:55:02, 38593
397829, 2015-03-12 12:00:03, 38555
397830, 2015-03-12 12:05:02, 38536
397831, 2015-03-12 12:10:03, 38577
397832, 2015-03-12 12:15:02, 38637
397833, 2015-03-12 12:20:04, 38602
397834, 2015-03-12 12:25:02, 38549
397835, 2015-03-12 12:30:03, 38505
397836, 2015-03-12 12:35:03, 38490
397837, 2015-03-12 12:40:02, 38521
397838, 2015-03-12 12:45:03, 38502
397839, 2015-03-12 12:50:03, 38426
397840, 2015-03-12 12:55:02, 38427
397841, 2015-03-12 13:00:03, 38405
397842, 2015-03-12 13:05:03, 38266
397843, 2015-03-12 13:10:02, 38292
397844, 2015-03-12 13:15:05, 38321
397845, 2015-03-12 13:20:04, 38283
397846, 2015-03-12 13:25:01, 38219
397847, 2015-03-12 13:30:03, 38159
397848, 2015-03-12 13:35:03, 38125
397849, 2015-03-12 13:40:02, 38162
397850, 2015-03-12 13:45:02, 38130
397851, 2015-03-12 13:50:03, 38180
397852, 2015-03-12 13:55:01, 38223
397853, 2015-03-12 14:00:03, 38239
397854, 2015-03-12 14:05:02, 38234
397855, 2015-03-12 14:10:02, 38472
397856, 2015-03-12 14:15:02, 38534
397857, 2015-03-12 14:20:05, 38578
397858, 2015-03-12 14:25:03, 38634
397859, 2015-03-12 14:30:03, 38643
397860, 2015-03-12 14:35:04, 38600
397861, 2015-03-12 14:40:02, 38385
397862, 2015-03-12 14:45:03, 38380
397863, 2015-03-12 14:50:01, 38380
397864, 2015-03-12 14:55:02, 38446
397865, 2015-03-12 15:00:04, 38447
397866, 2015-03-12 15:05:03, 38420
397867, 2015-03-12 15:10:02, 38473
397868, 2015-03-12 15:15:02, 38603
397869, 2015-03-12 15:20:03, 38674
397870, 2015-03-12 15:25:02, 38750
397871, 2015-03-12 15:30:04, 38847
397872, 2015-03-12 15:35:03, 38968
397873, 2015-03-12 15:40:02, 39196
397874, 2015-03-12 15:45:04, 39388
397875, 2015-03-12 15:50:02, 39658
397876, 2015-03-12 15:55:03, 39920
397877, 2015-03-12 16:00:04, 40131
397878, 2015-03-12 16:05:02, 40232
397879, 2015-03-12 16:10:02, 40408
397880, 2015-03-12 16:15:02, 40546
397881, 2015-03-12 16:20:03, 40782
397882, 2015-03-12 16:25:02, 41019
397883, 2015-03-12 16:30:02, 41225
397884, 2015-03-12 16:35:03, 41473
397885, 2015-03-12 16:40:02, 41791
397886, 2015-03-12 16:45:02, 41954
397887, 2015-03-12 16:50:03, 42236
397888, 2015-03-12 16:55:02, 42490
397889, 2015-03-12 17:00:03, 42666
397890, 2015-03-12 17:05:03, 42875
397891, 2015-03-12 17:10:03, 43060
397892, 2015-03-12 17:15:02, 43213
397893, 2015-03-12 17:20:04, 43286
397894, 2015-03-12 17:25:02, 43481
397895, 2015-03-12 17:30:02, 43712
397896, 2015-03-12 17:35:02, 43823
397897, 2015-03-12 17:40:02, 43944
397898, 2015-03-12 17:45:02, 44165
397899, 2015-03-12 17:50:04, 44336
397900, 2015-03-12 17:55:02, 44045
397901, 2015-03-12 18:00:03, 44449
397902, 2015-03-12 18:05:03, 44991
397903, 2015-03-12 18:10:02, 45736
397904, 2015-03-12 18:15:03, 46003
397905, 2015-03-12 18:20:04, 46318
397906, 2015-03-12 18:25:03, 46692
397907, 2015-03-12 18:30:03, 46762
397908, 2015-03-12 18:35:03, 46886
397909, 2015-03-12 18:40:02, 47019
397910, 2015-03-12 18:45:03, 47073
397911, 2015-03-12 18:50:04, 47036
397912, 2015-03-12 18:55:02, 46813
397913, 2015-03-12 19:00:03, 46586
397914, 2015-03-12 19:05:03, 46458
397915, 2015-03-12 19:10:02, 46412
397916, 2015-03-12 19:15:02, 46254
397917, 2015-03-12 19:20:05, 46145
397918, 2015-03-12 19:25:02, 46030
397919, 2015-03-12 19:30:02, 45746
397920, 2015-03-12 19:35:01, 45468
397921, 2015-03-12 19:40:01, 45434
397922, 2015-03-12 19:45:02, 45188
397923, 2015-03-12 19:50:02, 44932
397924, 2015-03-12 19:55:01, 44871
397925, 2015-03-12 20:00:01, 44762
397926, 2015-03-12 20:05:03, 44517
397927, 2015-03-12 20:10:02, 44395
397928, 2015-03-12 20:15:01, 44067
397929, 2015-03-12 20:20:04, 43546
397930, 2015-03-12 20:25:01, 43090
397931, 2015-03-12 20:30:03, 42687
397932, 2015-03-12 20:35:03, 42400
397933, 2015-03-12 20:40:02, 42163
397934, 2015-03-12 20:45:01, 41910
397935, 2015-03-12 20:50:03, 41615
397936, 2015-03-12 20:55:02, 41313
397937, 2015-03-12 21:00:03, 41132
397938, 2015-03-12 21:05:03, 40868
397939, 2015-03-12 21:10:02, 40999
397940, 2015-03-12 21:15:02, 40612
397941, 2015-03-12 21:20:03, 40254
397942, 2015-03-12 21:25:02, 39850
397943, 2015-03-12 21:30:02, 39386
397944, 2015-03-12 21:35:01, 38975
397945, 2015-03-12 21:40:02, 38694
397946, 2015-03-12 21:45:03, 38298
397947, 2015-03-12 21:50:04, 37966
397948, 2015-03-12 21:55:02, 37721
397949, 2015-03-12 22:00:02, 37407
397950, 2015-03-12 22:05:03, 37020
397951, 2015-03-12 22:10:02, 36686
397952, 2015-03-12 22:15:03, 36404
397953, 2015-03-12 22:20:03, 35813
397954, 2015-03-12 22:25:03, 35536
397955, 2015-03-12 22:30:03, 35113
397956, 2015-03-12 22:35:04, 34712
397957, 2015-03-12 22:40:01, 34668
397958, 2015-03-12 22:45:01, 34308
397959, 2015-03-12 22:50:04, 33913
397960, 2015-03-12 22:55:02, 33648
397961, 2015-03-12 23:00:04, 33252
397962, 2015-03-12 23:05:01, 32789
397963, 2015-03-12 23:10:03, 32520
397964, 2015-03-12 23:15:02, 32031
397965, 2015-03-12 23:20:03, 31686
397966, 2015-03-12 23:25:02, 31478
397967, 2015-03-12 23:30:03, 31379
397968, 2015-03-12 23:35:04, 31281
397969, 2015-03-12 23:40:02, 31297
397970, 2015-03-12 23:45:03, 31244
397971, 2015-03-12 23:50:04, 31029
397972, 2015-03-12 23:55:03, 30883
397973, 2015-03-13 00:00:04, 30592
397974, 2015-03-13 00:05:03, 30455
397975, 2015-03-13 00:10:02, 30519
397976, 2015-03-13 00:15:03, 30528
397977, 2015-03-13 00:20:04, 30508
397978, 2015-03-13 00:25:02, 30543
397979, 2015-03-13 00:30:03, 30606
397980, 2015-03-13 00:35:02, 30602
397981, 2015-03-13 00:40:01, 30554
397982, 2015-03-13 00:45:02, 30549
397983, 2015-03-13 00:50:03, 30524
397984, 2015-03-13 00:55:03, 30770
397985, 2015-03-13 01:00:02, 30813
397986, 2015-03-13 01:05:02, 30824
397987, 2015-03-13 01:10:02, 30874
397988, 2015-03-13 01:15:02, 31012
397989, 2015-03-13 01:20:03, 30983
397990, 2015-03-13 01:25:02, 30915
397991, 2015-03-13 01:30:02, 30999
397992, 2015-03-13 01:35:02, 30865
397993, 2015-03-13 01:40:02, 30776
397994, 2015-03-13 01:45:03, 30709
397995, 2015-03-13 01:50:02, 30597
397996, 2015-03-13 01:55:01, 30485
397997, 2015-03-13 02:00:04, 30510
397998, 2015-03-13 02:05:03, 30311
397999, 2015-03-13 02:10:03, 30348
398000, 2015-03-13 02:15:02, 30270
398001, 2015-03-13 02:20:03, 30251
398002, 2015-03-13 02:25:01, 30185
398003, 2015-03-13 02:30:04, 30088
398004, 2015-03-13 02:35:02, 29980
398005, 2015-03-13 02:40:03, 30149
398006, 2015-03-13 02:45:03, 30123
398007, 2015-03-13 02:50:03, 30016
398008, 2015-03-13 02:55:01, 29927
398009, 2015-03-13 03:00:04, 29855
398010, 2015-03-13 03:05:04, 29785
398011, 2015-03-13 03:10:05, 29851
398012, 2015-03-13 03:15:04, 29806
398013, 2015-03-13 03:20:04, 29939
398014, 2015-03-13 03:25:02, 29671
398015, 2015-03-13 03:30:05, 29718
398016, 2015-03-13 03:35:04, 29696
398017, 2015-03-13 03:40:02, 29660
398018, 2015-03-13 03:45:01, 29585
398019, 2015-03-13 03:50:05, 29456
398020, 2015-03-13 03:55:03, 29396
398021, 2015-03-13 04:00:04, 29321
398022, 2015-03-13 04:05:03, 29236
398023, 2015-03-13 04:10:01, 29161
398024, 2015-03-13 04:15:04, 29123
398025, 2015-03-13 04:20:05, 29081
398026, 2015-03-13 04:25:02, 29112
398027, 2015-03-13 04:30:04, 29138
398028, 2015-03-13 04:35:02, 29140
398029, 2015-03-13 04:40:01, 29180
398030, 2015-03-13 04:45:02, 29110
398031, 2015-03-13 04:50:04, 29100
398032, 2015-03-13 04:55:02, 29016
398033, 2015-03-13 05:00:03, 29290
398034, 2015-03-13 05:05:03, 29509
398035, 2015-03-13 05:10:02, 29785
398036, 2015-03-13 05:15:02, 29676
398037, 2015-03-13 05:20:04, 29837
398038, 2015-03-13 05:25:01, 30119
398039, 2015-03-13 05:30:02, 30276
398040, 2015-03-13 05:35:04, 30397
398041, 2015-03-13 05:40:02, 30634
398042, 2015-03-13 05:45:02, 30708
398043, 2015-03-13 05:50:02, 30792
398044, 2015-03-13 05:55:01, 30890
398045, 2015-03-13 06:00:02, 30970
398046, 2015-03-13 06:05:01, 31458
398047, 2015-03-13 06:10:02, 31949
398048, 2015-03-13 06:15:02, 32541
398049, 2015-03-13 06:20:03, 32974
398050, 2015-03-13 06:25:02, 33380
398051, 2015-03-13 06:30:02, 33803
398052, 2015-03-13 06:35:02, 34165
398053, 2015-03-13 06:40:02, 34620
398054, 2015-03-13 06:45:01, 35189
398055, 2015-03-13 06:50:03, 35675
398056, 2015-03-13 06:55:01, 36139
398057, 2015-03-13 07:00:02, 36778
398058, 2015-03-13 07:05:05, 37469
398059, 2015-03-13 07:10:03, 38102
398060, 2015-03-13 07:15:02, 38905
398061, 2015-03-13 07:20:03, 39629
398062, 2015-03-13 07:25:01, 40056
398063, 2015-03-13 07:30:01, 40429
398064, 2015-03-13 07:35:05, 40722
398065, 2015-03-13 07:40:02, 40696
398066, 2015-03-13 07:45:01, 40974
398067, 2015-03-13 07:50:03, 41270
398068, 2015-03-13 07:55:02, 41417
398069, 2015-03-13 08:00:05, 41546
398070, 2015-03-13 08:05:02, 41674
398071, 2015-03-13 08:10:01, 41689
398072, 2015-03-13 08:15:02, 41726
398073, 2015-03-13 08:20:06, 41827
398074, 2015-03-13 08:25:01, 41918
398075, 2015-03-13 08:30:03, 41867
398076, 2015-03-13 08:35:02, 41860
398077, 2015-03-13 08:40:01, 41908
398078, 2015-03-13 08:45:03, 41935
398079, 2015-03-13 08:50:02, 41896
398080, 2015-03-13 08:55:01, 41829
398081, 2015-03-13 09:00:04, 42014
398082, 2015-03-13 09:05:02, 42155
398083, 2015-03-13 09:10:01, 42267
398084, 2015-03-13 09:15:04, 42492
398085, 2015-03-13 09:20:06, 42623
398086, 2015-03-13 09:25:03, 42633
398087, 2015-03-13 09:30:03, 42577
398088, 2015-03-13 09:35:02, 42658
398089, 2015-03-13 09:40:02, 42604
398090, 2015-03-13 09:45:03, 42591
398091, 2015-03-13 09:50:06, 42567
398092, 2015-03-13 09:55:02, 42542
398093, 2015-03-13 10:00:03, 42505
398094, 2015-03-13 10:05:03, 42492
398095, 2015-03-13 10:10:01, 42472
398096, 2015-03-13 10:15:01, 42463
398097, 2015-03-13 10:20:05, 42477
398098, 2015-03-13 10:25:02, 42522
398099, 2015-03-13 10:30:02, 42617
398100, 2015-03-13 10:35:03, 42598
398101, 2015-03-13 10:40:02, 42665
398102, 2015-03-13 10:45:01, 42664
398103, 2015-03-13 10:50:05, 42573
398104, 2015-03-13 10:55:02, 42524
398105, 2015-03-13 11:00:03, 42617
398106, 2015-03-13 11:05:02, 42543
398107, 2015-03-13 11:10:02, 42539
398108, 2015-03-13 11:15:03, 42563
398109, 2015-03-13 11:20:02, 42592
398110, 2015-03-13 11:25:01, 42529
398111, 2015-03-13 11:30:03, 42459
398112, 2015-03-13 11:35:02, 42396
398113, 2015-03-13 11:40:02, 42365
398114, 2015-03-13 11:45:02, 42305
398115, 2015-03-13 11:50:04, 42363
398116, 2015-03-13 11:55:03, 42405
398117, 2015-03-13 12:00:06, 42393
398118, 2015-03-13 12:05:02, 42390
398119, 2015-03-13 12:10:01, 42445
398120, 2015-03-13 12:15:01, 42447
398121, 2015-03-13 12:20:04, 42380
398122, 2015-03-13 12:25:03, 42299
398123, 2015-03-13 12:30:02, 42221
398124, 2015-03-13 12:35:06, 42176
398125, 2015-03-13 12:40:02, 42120
398126, 2015-03-13 12:45:01, 42040
398127, 2015-03-13 12:50:02, 41920
398128, 2015-03-13 12:55:01, 41828
398129, 2015-03-13 13:00:03, 41809
398130, 2015-03-13 13:05:03, 41782
398131, 2015-03-13 13:10:01, 41820
398132, 2015-03-13 13:15:02, 41772
398133, 2015-03-13 13:20:03, 41648
398134, 2015-03-13 13:25:02, 41622
398135, 2015-03-13 13:30:04, 41528
398136, 2015-03-13 13:35:03, 41386
398137, 2015-03-13 13:40:02, 41366
398138, 2015-03-13 13:45:02, 41306
398139, 2015-03-13 13:50:02, 41239
398140, 2015-03-13 13:55:01, 41183
398141, 2015-03-13 14:00:02, 41087
398142, 2015-03-13 14:05:02, 41140
398143, 2015-03-13 14:10:02, 41272
398144, 2015-03-13 14:15:01, 41221
398145, 2015-03-13 14:20:04, 41154
398146, 2015-03-13 14:25:01, 41067
398147, 2015-03-13 14:30:01, 40986
398148, 2015-03-13 14:35:02, 41031
398149, 2015-03-13 14:40:01, 41043
398150, 2015-03-13 14:45:02, 40933
398151, 2015-03-13 14:50:04, 40814
398152, 2015-03-13 14:55:01, 40740
398153, 2015-03-13 15:00:04, 40574
398154, 2015-03-13 15:05:01, 40474
398155, 2015-03-13 15:10:01, 40520
398156, 2015-03-13 15:15:02, 40426
398157, 2015-03-13 15:20:05, 40407
398158, 2015-03-13 15:25:01, 40390
398159, 2015-03-13 15:30:05, 40312
398160, 2015-03-13 15:35:03, 40226
398161, 2015-03-13 15:40:02, 40286
398162, 2015-03-13 15:45:02, 40432
398163, 2015-03-13 15:50:01, 40608
398164, 2015-03-13 15:55:01, 40752
398165, 2015-03-13 16:00:04, 40966
398166, 2015-03-13 16:05:01, 41169
398167, 2015-03-13 16:10:02, 41205
398168, 2015-03-13 16:15:03, 41234
398169, 2015-03-13 16:20:05, 41255
398170, 2015-03-13 16:25:02, 41429
398171, 2015-03-13 16:30:03, 41611
398172, 2015-03-13 16:35:04, 41705
398173, 2015-03-13 16:40:02, 41870
398174, 2015-03-13 16:45:03, 42066
398175, 2015-03-13 16:50:03, 42218
398176, 2015-03-13 16:55:03, 42370
398177, 2015-03-13 17:00:01, 42497
398178, 2015-03-13 17:05:04, 42654
398179, 2015-03-13 17:10:01, 42765
398180, 2015-03-13 17:15:03, 42753
398181, 2015-03-13 17:20:03, 42882
398182, 2015-03-13 17:25:02, 43023
398183, 2015-03-13 17:30:01, 43286
398184, 2015-03-13 17:35:01, 43442
398185, 2015-03-13 17:40:01, 43525
398186, 2015-03-13 17:45:03, 43577
398187, 2015-03-13 17:50:02, 43602
398188, 2015-03-13 17:55:02, 43808
398189, 2015-03-13 18:00:10, 43927
398190, 2015-03-13 18:05:04, 44267
398191, 2015-03-13 18:10:01, 44747
398192, 2015-03-13 18:15:01, 45122
398193, 2015-03-13 18:20:04, 45326
398194, 2015-03-13 18:25:02, 45658
398195, 2015-03-13 18:30:02, 46013
398196, 2015-03-13 18:35:02, 46337
398197, 2015-03-13 18:40:01, 46707
398198, 2015-03-13 18:45:03, 46783
398199, 2015-03-13 18:50:04, 46728
398200, 2015-03-13 18:55:02, 46661
398201, 2015-03-13 19:00:03, 46579
398202, 2015-03-13 19:05:01, 46584
398203, 2015-03-13 19:10:01, 46458
398204, 2015-03-13 19:15:01, 46313
398205, 2015-03-13 19:20:01, 46126
398206, 2015-03-13 19:25:03, 45719
398207, 2015-03-13 19:30:03, 45412
398208, 2015-03-13 19:35:04, 45283
398209, 2015-03-13 19:40:01, 45152
398210, 2015-03-13 19:45:03, 44825
398211, 2015-03-13 19:50:02, 44569
398212, 2015-03-13 19:55:01, 44351
398213, 2015-03-13 20:00:04, 44143
398214, 2015-03-13 20:05:02, 43912
398215, 2015-03-13 20:10:02, 44024
398216, 2015-03-13 20:15:02, 43705
398217, 2015-03-13 20:20:04, 43315
398218, 2015-03-13 20:25:04, 42890
398219, 2015-03-13 20:30:04, 42637
398220, 2015-03-13 20:35:01, 42338
398221, 2015-03-13 20:40:02, 42176
398222, 2015-03-13 20:45:02, 41798
398223, 2015-03-13 20:50:04, 41348
398224, 2015-03-13 20:55:02, 41151
398225, 2015-03-13 21:00:02, 40832
398226, 2015-03-13 21:05:02, 40636
398227, 2015-03-13 21:10:02, 40469
398228, 2015-03-13 21:15:03, 40113
398229, 2015-03-13 21:20:03, 39711
398230, 2015-03-13 21:25:01, 39338
398231, 2015-03-13 21:30:03, 39054
398232, 2015-03-13 21:35:01, 38820
398233, 2015-03-13 21:40:02, 38510
398234, 2015-03-13 21:45:03, 38222
398235, 2015-03-13 21:50:02, 37883
398236, 2015-03-13 21:55:02, 37584
398237, 2015-03-13 22:00:03, 37123
398238, 2015-03-13 22:05:02, 36800
398239, 2015-03-13 22:10:02, 36680
398240, 2015-03-13 22:15:02, 36307
398241, 2015-03-13 22:20:04, 35775
398242, 2015-03-13 22:25:03, 35381
398243, 2015-03-13 22:30:03, 35049
398244, 2015-03-13 22:35:01, 34746
398245, 2015-03-13 22:40:02, 34714
398246, 2015-03-13 22:45:04, 34424
398247, 2015-03-13 22:50:02, 34090
398248, 2015-03-13 22:55:03, 33749
398249, 2015-03-13 23:00:01, 33139
398250, 2015-03-13 23:05:03, 32763
398251, 2015-03-13 23:10:02, 32812
398252, 2015-03-13 23:15:03, 32734
398253, 2015-03-13 23:20:02, 32391
398254, 2015-03-13 23:25:02, 31979
398255, 2015-03-13 23:30:03, 31693
398256, 2015-03-13 23:35:02, 31434
398257, 2015-03-13 23:40:02, 31469
398258, 2015-03-13 23:45:03, 31402
398259, 2015-03-13 23:50:04, 31287
398260, 2015-03-13 23:55:02, 31166
398261, 2015-03-14 00:00:07, 31063
398262, 2015-03-14 00:05:02, 30853
398263, 2015-03-14 00:10:03, 30891
398264, 2015-03-14 00:15:02, 30951
398265, 2015-03-14 00:20:06, 31080
398266, 2015-03-14 00:25:02, 31086
398267, 2015-03-14 00:30:03, 31021
398268, 2015-03-14 00:35:03, 30949
398269, 2015-03-14 00:40:01, 31073
398270, 2015-03-14 00:45:03, 31012
398271, 2015-03-14 00:50:03, 30836
398272, 2015-03-14 00:55:01, 30820
398273, 2015-03-14 01:00:01, 30717
398274, 2015-03-14 01:05:02, 30917
398275, 2015-03-14 01:10:02, 30969
398276, 2015-03-14 01:15:02, 31228
398277, 2015-03-14 01:20:03, 31282
398278, 2015-03-14 01:25:03, 31188
398279, 2015-03-14 01:30:02, 30855
398280, 2015-03-14 01:35:02, 30652
398281, 2015-03-14 01:40:01, 30569
398282, 2015-03-14 01:45:01, 30459
398283, 2015-03-14 01:50:02, 30260
398284, 2015-03-14 01:55:02, 30156
398285, 2015-03-14 02:00:03, 29988
398286, 2015-03-14 02:05:02, 30038
398287, 2015-03-14 02:10:03, 30068
398288, 2015-03-14 02:15:02, 29986
398289, 2015-03-14 02:20:03, 30012
398290, 2015-03-14 02:25:02, 30032
398291, 2015-03-14 02:30:03, 29980
398292, 2015-03-14 02:35:03, 29929
398293, 2015-03-14 02:40:03, 30045
398294, 2015-03-14 02:45:02, 29904
398295, 2015-03-14 02:50:01, 29797
398296, 2015-03-14 02:55:03, 29532
398297, 2015-03-14 03:00:04, 29395
398298, 2015-03-14 03:05:05, 29267
398299, 2015-03-14 03:10:05, 29362
398300, 2015-03-14 03:15:05, 29248
398301, 2015-03-14 03:20:03, 29221
398302, 2015-03-14 03:25:02, 29138
398303, 2015-03-14 03:30:02, 29097
398304, 2015-03-14 03:35:02, 29043
398305, 2015-03-14 03:40:02, 29047
398306, 2015-03-14 03:45:04, 28918
398307, 2015-03-14 03:50:03, 28790
398308, 2015-03-14 03:55:02, 28677
398309, 2015-03-14 04:00:04, 28590
398310, 2015-03-14 04:05:08, 28537
398311, 2015-03-14 04:10:03, 28582
398312, 2015-03-14 04:15:03, 28529
398313, 2015-03-14 04:20:03, 28462
398314, 2015-03-14 04:25:03, 28391
398315, 2015-03-14 04:30:05, 28367
398316, 2015-03-14 04:35:02, 28296
398317, 2015-03-14 04:40:02, 28286
398318, 2015-03-14 04:45:04, 28261
398319, 2015-03-14 04:50:02, 28135
398320, 2015-03-14 04:55:02, 28093
398321, 2015-03-14 05:00:03, 28072
398322, 2015-03-14 05:05:02, 28101
398323, 2015-03-14 05:10:03, 28166
398324, 2015-03-14 05:15:02, 28162
398325, 2015-03-14 05:20:02, 28192
398326, 2015-03-14 05:25:02, 28209
398327, 2015-03-14 05:30:02, 28057
398328, 2015-03-14 05:35:03, 28063
398329, 2015-03-14 05:40:01, 28298
398330, 2015-03-14 05:45:04, 28425
398331, 2015-03-14 05:50:03, 28519
398332, 2015-03-14 05:55:02, 28546
398333, 2015-03-14 06:00:01, 28498
398334, 2015-03-14 06:05:02, 28460
398335, 2015-03-14 06:10:01, 28576
398336, 2015-03-14 06:15:02, 28879
398337, 2015-03-14 06:20:04, 28974
398338, 2015-03-14 06:25:02, 28860
398339, 2015-03-14 06:30:02, 28806
398340, 2015-03-14 06:35:02, 28915
398341, 2015-03-14 06:40:03, 29085
398342, 2015-03-14 06:45:03, 29293
398343, 2015-03-14 06:50:03, 29538
398344, 2015-03-14 06:55:01, 29585
398345, 2015-03-14 07:00:02, 29763
398346, 2015-03-14 07:05:05, 29959
398347, 2015-03-14 07:10:02, 30224
398348, 2015-03-14 07:15:02, 30656
398349, 2015-03-14 07:20:03, 31004
398350, 2015-03-14 07:25:03, 31279
398351, 2015-03-14 07:30:03, 31545
398352, 2015-03-14 07:35:02, 31762
398353, 2015-03-14 07:40:02, 31818
398354, 2015-03-14 07:45:03, 31998
398355, 2015-03-14 07:50:02, 32195
398356, 2015-03-14 07:55:02, 32435
398357, 2015-03-14 08:00:04, 32824
398358, 2015-03-14 08:05:02, 33252
398359, 2015-03-14 08:10:02, 33700
398360, 2015-03-14 08:15:03, 34006
398361, 2015-03-14 08:20:03, 34450
398362, 2015-03-14 08:25:02, 34827
398363, 2015-03-14 08:30:03, 35118
398364, 2015-03-14 08:35:02, 35396
398365, 2015-03-14 08:40:01, 35598
398366, 2015-03-14 08:45:03, 35846
398367, 2015-03-14 08:50:02, 35981
398368, 2015-03-14 08:55:02, 35301
398369, 2015-03-14 09:00:02, 35537
398370, 2015-03-14 09:05:02, 35756
398371, 2015-03-14 09:10:01, 35978
398372, 2015-03-14 09:15:02, 36264
398373, 2015-03-14 09:20:03, 36339
398374, 2015-03-14 09:25:01, 36382
398375, 2015-03-14 09:30:03, 36413
398376, 2015-03-14 09:35:02, 36405
398377, 2015-03-14 09:40:01, 33364
398378, 2015-03-14 09:45:02, 33398
398379, 2015-03-14 09:50:02, 33410
398380, 2015-03-14 09:55:02, 33464
398381, 2015-03-14 10:00:03, 33457
398382, 2015-03-14 10:05:02, 33431
398383, 2015-03-14 10:10:02, 33448
398384, 2015-03-14 10:15:03, 37660
398385, 2015-03-14 10:20:04, 37656
398386, 2015-03-14 10:25:02, 37596
398387, 2015-03-14 10:30:03, 37602
398388, 2015-03-14 10:35:02, 37700
398389, 2015-03-14 10:40:01, 37722
398390, 2015-03-14 10:45:01, 37710
398391, 2015-03-14 10:50:03, 37661
398392, 2015-03-14 10:55:01, 37703
398393, 2015-03-14 11:00:01, 37722
398394, 2015-03-14 11:05:03, 37741
398395, 2015-03-14 11:10:02, 37843
398396, 2015-03-14 11:15:02, 37971
398397, 2015-03-14 11:20:03, 37982
398398, 2015-03-14 11:25:01, 38039
398399, 2015-03-14 11:30:03, 38089
398400, 2015-03-14 11:35:02, 38146
398401, 2015-03-14 11:40:01, 38214
398402, 2015-03-14 11:45:03, 38276
398403, 2015-03-14 11:50:03, 38196
398404, 2015-03-14 11:55:02, 38211
398405, 2015-03-14 12:00:05, 38239
398406, 2015-03-14 12:05:02, 38228
398407, 2015-03-14 12:10:02, 38292
398408, 2015-03-14 12:15:02, 38262
398409, 2015-03-14 12:20:03, 38243
398410, 2015-03-14 12:25:01, 38222
398411, 2015-03-14 12:30:01, 38213
398412, 2015-03-14 12:35:01, 38045
398413, 2015-03-14 12:40:02, 38032
398414, 2015-03-14 12:45:02, 37952
398415, 2015-03-14 12:50:03, 37884
398416, 2015-03-14 12:55:02, 37963
398417, 2015-03-14 13:00:02, 37853
398418, 2015-03-14 13:05:02, 37810
398419, 2015-03-14 13:10:02, 37781
398420, 2015-03-14 13:15:02, 37804
398421, 2015-03-14 13:20:03, 37702
398422, 2015-03-14 13:25:01, 37710
398423, 2015-03-14 13:30:03, 37580
398424, 2015-03-14 13:35:01, 37557
398425, 2015-03-14 13:40:02, 37487
398426, 2015-03-14 13:45:05, 37410
398427, 2015-03-14 13:50:02, 37269
398428, 2015-03-14 13:55:02, 37179
398429, 2015-03-14 14:00:03, 37103
398430, 2015-03-14 14:05:02, 37055
398431, 2015-03-14 14:10:02, 37143
398432, 2015-03-14 14:15:02, 37133
398433, 2015-03-14 14:20:03, 37048
398434, 2015-03-14 14:25:01, 36954
398435, 2015-03-14 14:30:04, 36841
398436, 2015-03-14 14:35:03, 36802
398437, 2015-03-14 14:40:02, 36789
398438, 2015-03-14 14:45:02, 36622
398439, 2015-03-14 14:50:03, 36516
398440, 2015-03-14 14:55:01, 36458
398441, 2015-03-14 15:00:03, 36454
398442, 2015-03-14 15:05:02, 36434
398443, 2015-03-14 15:10:01, 36438
398444, 2015-03-14 15:15:01, 36431
398445, 2015-03-14 15:20:03, 36355
398446, 2015-03-14 15:25:01, 36313
398447, 2015-03-14 15:30:03, 36383
398448, 2015-03-14 15:35:02, 36403
398449, 2015-03-14 15:40:03, 36397
398450, 2015-03-14 15:45:03, 36378
398451, 2015-03-14 15:50:04, 36420
398452, 2015-03-14 15:55:01, 36499
398453, 2015-03-14 16:00:04, 36604
398454, 2015-03-14 16:05:02, 36645
398455, 2015-03-14 16:10:02, 36705
398456, 2015-03-14 16:15:02, 36763
398457, 2015-03-14 16:20:03, 36869
398458, 2015-03-14 16:25:01, 36986
398459, 2015-03-14 16:30:02, 37152
398460, 2015-03-14 16:35:02, 37364
398461, 2015-03-14 16:40:01, 37632
398462, 2015-03-14 16:45:02, 37876
398463, 2015-03-14 16:50:03, 38102
398464, 2015-03-14 16:55:03, 38300
398465, 2015-03-14 17:00:01, 38517
398466, 2015-03-14 17:05:04, 38710
398467, 2015-03-14 17:10:02, 38988
398468, 2015-03-14 17:15:02, 39142
398469, 2015-03-14 17:20:04, 39259
398470, 2015-03-14 17:25:03, 39382
398471, 2015-03-14 17:30:01, 39585
398472, 2015-03-14 17:35:03, 39849
398473, 2015-03-14 17:40:01, 39982
398474, 2015-03-14 17:45:02, 40166
398475, 2015-03-14 17:50:01, 40338
398476, 2015-03-14 17:55:03, 40726
398477, 2015-03-14 18:00:02, 41011
398478, 2015-03-14 18:05:03, 41137
398479, 2015-03-14 18:10:02, 41403
398480, 2015-03-14 18:15:02, 41636
398481, 2015-03-14 18:20:02, 41828
398482, 2015-03-14 18:25:04, 42126
398483, 2015-03-14 18:30:02, 42460
398484, 2015-03-14 18:35:03, 42951
398485, 2015-03-14 18:40:02, 43226
398486, 2015-03-14 18:45:02, 43476
398487, 2015-03-14 18:50:03, 43560
398488, 2015-03-14 18:55:02, 43697
398489, 2015-03-14 19:00:02, 43709
398490, 2015-03-14 19:05:02, 43752
398491, 2015-03-14 19:10:02, 43678
398492, 2015-03-14 19:15:02, 43535
398493, 2015-03-14 19:20:02, 43302
398494, 2015-03-14 19:25:02, 43091
398495, 2015-03-14 19:30:02, 42989
398496, 2015-03-14 19:35:03, 42634
398497, 2015-03-14 19:40:02, 42269
398498, 2015-03-14 19:45:02, 41949
398499, 2015-03-14 19:50:02, 41713
398500, 2015-03-14 19:55:02, 41533
398501, 2015-03-14 20:00:01, 41256
398502, 2015-03-14 20:05:04, 41065
398503, 2015-03-14 20:10:02, 40937
398504, 2015-03-14 20:15:02, 40628
398505, 2015-03-14 20:20:02, 40270
398506, 2015-03-14 20:25:03, 40016
398507, 2015-03-14 20:30:01, 39893
398508, 2015-03-14 20:35:03, 39576
398509, 2015-03-14 20:40:02, 39382
398510, 2015-03-14 20:45:02, 39176
398511, 2015-03-14 20:50:03, 38867
398512, 2015-03-14 20:55:01, 38710
398513, 2015-03-14 21:00:04, 38507
398514, 2015-03-14 21:05:03, 38243
398515, 2015-03-14 21:10:02, 37994
398516, 2015-03-14 21:15:01, 37812
398517, 2015-03-14 21:20:01, 37523
398518, 2015-03-14 21:25:02, 37134
398519, 2015-03-14 21:30:03, 36830
398520, 2015-03-14 21:35:03, 36603
398521, 2015-03-14 21:40:02, 36387
398522, 2015-03-14 21:45:03, 36130
398523, 2015-03-14 21:50:02, 35799
398524, 2015-03-14 21:55:02, 35524
398525, 2015-03-14 22:00:02, 35303
398526, 2015-03-14 22:05:02, 35062
398527, 2015-03-14 22:10:02, 34629
398528, 2015-03-14 22:15:03, 34318
398529, 2015-03-14 22:20:03, 34133
398530, 2015-03-14 22:25:02, 33918
398531, 2015-03-14 22:30:03, 33677
398532, 2015-03-14 22:35:01, 33488
398533, 2015-03-14 22:40:02, 33513
398534, 2015-03-14 22:45:03, 33327
398535, 2015-03-14 22:50:01, 33031
398536, 2015-03-14 22:55:01, 32857
398537, 2015-03-14 23:00:01, 32565
398538, 2015-03-14 23:05:01, 32159
398539, 2015-03-14 23:10:01, 31795
398540, 2015-03-14 23:15:02, 31522
398541, 2015-03-14 23:20:03, 31218
398542, 2015-03-14 23:25:03, 31000
398543, 2015-03-14 23:30:01, 30762
398544, 2015-03-14 23:35:02, 30446
398545, 2015-03-14 23:40:08, 30332
398546, 2015-03-14 23:45:02, 30239
398547, 2015-03-14 23:50:01, 30132
398548, 2015-03-14 23:55:01, 29970
398549, 2015-03-15 00:00:03, 29809
398550, 2015-03-15 00:05:02, 29661
398551, 2015-03-15 00:10:01, 29826
398552, 2015-03-15 00:15:02, 29845
398553, 2015-03-15 00:20:02, 29811
398554, 2015-03-15 00:25:02, 29789
398555, 2015-03-15 00:30:02, 29702
398556, 2015-03-15 00:35:01, 29620
398557, 2015-03-15 00:40:02, 29877
398558, 2015-03-15 00:45:02, 29999
398559, 2015-03-15 00:50:03, 30060
398560, 2015-03-15 00:55:01, 30044
398561, 2015-03-15 01:00:01, 30026
398562, 2015-03-15 01:05:01, 29914
398563, 2015-03-15 01:10:01, 29819
398564, 2015-03-15 01:15:02, 29669
398565, 2015-03-15 01:20:03, 29464
398566, 2015-03-15 01:25:01, 29222
398567, 2015-03-15 01:30:04, 29093
398568, 2015-03-15 01:35:02, 28959
398569, 2015-03-15 01:40:02, 28827
398570, 2015-03-15 01:45:02, 28772
398571, 2015-03-15 01:50:03, 28704
398572, 2015-03-15 01:55:02, 28673
398573, 2015-03-15 02:00:03, 28594
398574, 2015-03-15 02:05:02, 28646
398575, 2015-03-15 02:10:03, 28618
398576, 2015-03-15 02:15:02, 28614
398577, 2015-03-15 02:20:04, 28667
398578, 2015-03-15 02:25:03, 28808
398579, 2015-03-15 02:30:02, 29003
398580, 2015-03-15 02:35:02, 29023
398581, 2015-03-15 02:40:02, 29087
398582, 2015-03-15 02:45:03, 29074
398583, 2015-03-15 02:50:03, 29001
398584, 2015-03-15 02:55:02, 28904
398585, 2015-03-15 03:00:03, 28806
398586, 2015-03-15 03:05:04, 28772
398587, 2015-03-15 03:10:02, 28816
398588, 2015-03-15 03:15:03, 28645
398589, 2015-03-15 03:20:04, 28586
398590, 2015-03-15 03:25:02, 28598
398591, 2015-03-15 03:30:02, 28506
398592, 2015-03-15 03:35:02, 28507
398593, 2015-03-15 03:40:02, 28543
398594, 2015-03-15 03:45:03, 28462
398595, 2015-03-15 03:50:04, 28185
398596, 2015-03-15 03:55:02, 28021
398597, 2015-03-15 04:00:06, 27909
398598, 2015-03-15 04:05:09, 27806
398599, 2015-03-15 04:10:01, 27981
398600, 2015-03-15 04:15:02, 28087
398601, 2015-03-15 04:20:02, 28082
398602, 2015-03-15 04:25:02, 28045
398603, 2015-03-15 04:30:09, 28017
398604, 2015-03-15 04:35:03, 27918
398605, 2015-03-15 04:40:02, 27809
398606, 2015-03-15 04:45:03, 27796
398607, 2015-03-15 04:50:03, 27740
398608, 2015-03-15 04:55:02, 27743
398609, 2015-03-15 05:00:04, 27700
398610, 2015-03-15 05:05:03, 27643
398611, 2015-03-15 05:10:02, 27749
398612, 2015-03-15 05:15:03, 27811
398613, 2015-03-15 05:20:02, 27802
398614, 2015-03-15 05:25:02, 27751
398615, 2015-03-15 05:30:04, 27725
398616, 2015-03-15 05:35:03, 27683
398617, 2015-03-15 05:40:02, 27743
398618, 2015-03-15 05:45:03, 27785
398619, 2015-03-15 05:50:03, 27798
398620, 2015-03-15 05:55:02, 27806
398621, 2015-03-15 06:00:04, 27884
398622, 2015-03-15 06:05:03, 27919
398623, 2015-03-15 06:10:02, 28022
398624, 2015-03-15 06:15:01, 28333
398625, 2015-03-15 06:20:03, 28357
398626, 2015-03-15 06:25:02, 28260
398627, 2015-03-15 06:30:11, 28154
398628, 2015-03-15 06:35:02, 28112
398629, 2015-03-15 06:40:01, 28103
398630, 2015-03-15 06:45:01, 28139
398631, 2015-03-15 06:50:02, 28189
398632, 2015-03-15 06:55:02, 28230
398633, 2015-03-15 07:00:04, 28298
398634, 2015-03-15 07:05:01, 28351
398635, 2015-03-15 07:10:01, 28207
398636, 2015-03-15 07:15:03, 28141
398637, 2015-03-15 07:20:03, 28157
398638, 2015-03-15 07:25:01, 28221
398639, 2015-03-15 07:30:02, 28267
398640, 2015-03-15 07:35:02, 28387
398641, 2015-03-15 07:40:01, 28299
398642, 2015-03-15 07:45:01, 28416
398643, 2015-03-15 07:50:03, 28564
398644, 2015-03-15 07:55:02, 28821
398645, 2015-03-15 08:00:02, 28821
398646, 2015-03-15 08:05:02, 29606
398647, 2015-03-15 08:10:02, 29921
398648, 2015-03-15 08:15:03, 30342
398649, 2015-03-15 08:20:02, 30797
398650, 2015-03-15 08:25:02, 31044
398651, 2015-03-15 08:30:01, 31410
398652, 2015-03-15 08:35:03, 31813
398653, 2015-03-15 08:40:02, 32083
398654, 2015-03-15 08:45:03, 32307
398655, 2015-03-15 08:50:01, 32500
398656, 2015-03-15 08:55:01, 32642
398657, 2015-03-15 09:00:02, 32897
398658, 2015-03-15 09:05:02, 33147
398659, 2015-03-15 09:10:02, 33545
398660, 2015-03-15 09:15:01, 34039
398661, 2015-03-15 09:20:03, 34418
398662, 2015-03-15 09:25:01, 34741
398663, 2015-03-15 09:30:03, 35006
398664, 2015-03-15 09:35:02, 35211
398665, 2015-03-15 09:40:02, 35267
398666, 2015-03-15 09:45:04, 35498
398667, 2015-03-15 09:50:02, 35746
398668, 2015-03-15 09:55:01, 35839
398669, 2015-03-15 10:00:03, 35993
398670, 2015-03-15 10:05:04, 36129
398671, 2015-03-15 10:10:02, 36244
398672, 2015-03-15 10:15:02, 36454
398673, 2015-03-15 10:20:05, 36595
398674, 2015-03-15 10:25:03, 36759
398675, 2015-03-15 10:30:02, 36912
398676, 2015-03-15 10:35:03, 37098
398677, 2015-03-15 10:40:02, 37282
398678, 2015-03-15 10:45:02, 37308
398679, 2015-03-15 10:50:02, 37393
398680, 2015-03-15 10:55:02, 37539
398681, 2015-03-15 11:00:01, 37626
398682, 2015-03-15 11:05:02, 37722
398683, 2015-03-15 11:10:02, 37843
398684, 2015-03-15 11:15:02, 37910
398685, 2015-03-15 11:20:02, 37977
398686, 2015-03-15 11:25:02, 38078
398687, 2015-03-15 11:30:03, 38033
398688, 2015-03-15 11:35:02, 38056
398689, 2015-03-15 11:40:02, 38196
398690, 2015-03-15 11:45:03, 38248
398691, 2015-03-15 11:50:02, 38221
398692, 2015-03-15 11:55:02, 38227
398693, 2015-03-15 12:00:01, 38250
398694, 2015-03-15 12:05:02, 38308
398695, 2015-03-15 12:10:01, 38496
398696, 2015-03-15 12:15:01, 38623
398697, 2015-03-15 12:20:02, 38684
398698, 2015-03-15 12:25:02, 38756
398699, 2015-03-15 12:30:03, 38895
398700, 2015-03-15 12:35:02, 38911
398701, 2015-03-15 12:40:01, 38945
398702, 2015-03-15 12:45:03, 38828
398703, 2015-03-15 12:50:02, 38762
398704, 2015-03-15 12:55:03, 38731
398705, 2015-03-15 13:00:02, 38651
398706, 2015-03-15 13:05:01, 38503
398707, 2015-03-15 13:10:02, 38435
398708, 2015-03-15 13:15:03, 38290
398709, 2015-03-15 13:20:03, 38156
398710, 2015-03-15 13:25:02, 38182
398711, 2015-03-15 13:30:02, 38120
398712, 2015-03-15 13:35:02, 38067
398713, 2015-03-15 13:40:01, 38075
398714, 2015-03-15 13:45:02, 38063
398715, 2015-03-15 13:50:02, 38066
398716, 2015-03-15 13:55:02, 37958
398717, 2015-03-15 14:00:01, 37854
398718, 2015-03-15 14:05:02, 37823
398719, 2015-03-15 14:10:01, 38041
398720, 2015-03-15 14:15:02, 38018
398721, 2015-03-15 14:20:03, 37989
398722, 2015-03-15 14:25:01, 37947
398723, 2015-03-15 14:30:03, 37934
398724, 2015-03-15 14:35:03, 37820
398725, 2015-03-15 14:40:01, 37785
398726, 2015-03-15 14:45:02, 37648
398727, 2015-03-15 14:50:02, 37624
398728, 2015-03-15 14:55:02, 37663
398729, 2015-03-15 15:00:02, 37671
398730, 2015-03-15 15:05:02, 37710
398731, 2015-03-15 15:10:01, 37853
398732, 2015-03-15 15:15:01, 37868
398733, 2015-03-15 15:20:04, 37852
398734, 2015-03-15 15:25:01, 37916
398735, 2015-03-15 15:30:03, 37920
398736, 2015-03-15 15:35:03, 37994
398737, 2015-03-15 15:40:01, 38080
398738, 2015-03-15 15:45:03, 38086
398739, 2015-03-15 15:50:02, 38113
398740, 2015-03-15 15:55:01, 38199
398741, 2015-03-15 16:00:03, 38350
398742, 2015-03-15 16:05:53, 38449
398743, 2015-03-15 16:10:02, 38528
398744, 2015-03-15 16:15:02, 38603
398745, 2015-03-15 16:20:03, 38584
398746, 2015-03-15 16:25:01, 38658
398747, 2015-03-15 16:30:02, 38838
398748, 2015-03-15 16:35:02, 38899
398749, 2015-03-15 16:40:02, 38953
398750, 2015-03-15 16:45:03, 39095
398751, 2015-03-15 16:50:02, 39199
398752, 2015-03-15 16:55:02, 39362
398753, 2015-03-15 17:00:03, 39595
398754, 2015-03-15 17:05:03, 39749
398755, 2015-03-15 17:10:02, 39787
398756, 2015-03-15 17:15:02, 39896
398757, 2015-03-15 17:20:03, 40006
398758, 2015-03-15 17:25:03, 40030
398759, 2015-03-15 17:30:02, 40055
398760, 2015-03-15 17:35:02, 40184
398761, 2015-03-15 17:40:02, 40348
398762, 2015-03-15 17:45:03, 40502
398763, 2015-03-15 17:50:02, 40638
398764, 2015-03-15 17:55:02, 40836
398765, 2015-03-15 18:00:03, 41039
398766, 2015-03-15 18:05:02, 41298
398767, 2015-03-15 18:10:03, 41519
398768, 2015-03-15 18:15:02, 41696
398769, 2015-03-15 18:20:04, 41845
398770, 2015-03-15 18:25:02, 42090
398771, 2015-03-15 18:30:02, 42283
398772, 2015-03-15 18:35:03, 42575
398773, 2015-03-15 18:40:02, 42887
398774, 2015-03-15 18:45:02, 42936
398775, 2015-03-15 18:50:03, 42853
398776, 2015-03-15 18:55:01, 42788
398777, 2015-03-15 19:00:01, 42822
398778, 2015-03-15 19:05:01, 42789
398779, 2015-03-15 19:10:01, 42734
398780, 2015-03-15 19:15:01, 42691
398781, 2015-03-15 19:20:04, 42564
398782, 2015-03-15 19:25:02, 42482
398783, 2015-03-15 19:30:01, 42261
398784, 2015-03-15 19:35:03, 42163
398785, 2015-03-15 19:40:01, 42091
398786, 2015-03-15 19:45:03, 41989
398787, 2015-03-15 19:50:03, 41857
398788, 2015-03-15 19:55:01, 41680
398789, 2015-03-15 20:00:02, 41473
398790, 2015-03-15 20:05:02, 41334
398791, 2015-03-15 20:10:02, 41285
398792, 2015-03-15 20:15:02, 41189
398793, 2015-03-15 20:20:03, 40940
398794, 2015-03-15 20:25:02, 40671
398795, 2015-03-15 20:30:02, 40452
398796, 2015-03-15 20:35:02, 40183
398797, 2015-03-15 20:40:02, 39892
398798, 2015-03-15 20:45:03, 39690
398799, 2015-03-15 20:50:02, 39452
398800, 2015-03-15 20:55:02, 39315
398801, 2015-03-15 21:00:02, 39064
398802, 2015-03-15 21:05:02, 38853
398803, 2015-03-15 21:10:02, 38951
398804, 2015-03-15 21:15:01, 38549
398805, 2015-03-15 21:20:02, 38141
398806, 2015-03-15 21:25:02, 37840
398807, 2015-03-15 21:30:02, 37371
398808, 2015-03-15 21:35:02, 37024
398809, 2015-03-15 21:40:01, 36826
398810, 2015-03-15 21:45:02, 36407
398811, 2015-03-15 21:50:02, 35982
398812, 2015-03-15 21:55:01, 35717
398813, 2015-03-15 22:00:03, 35408
398814, 2015-03-15 22:05:02, 35078
398815, 2015-03-15 22:10:01, 35159
398816, 2015-03-15 22:15:01, 34769
398817, 2015-03-15 22:20:03, 34379
398818, 2015-03-15 22:25:03, 33984
398819, 2015-03-15 22:30:03, 33563
398820, 2015-03-15 22:35:02, 33316
398821, 2015-03-15 22:40:02, 33255
398822, 2015-03-15 22:45:03, 33009
398823, 2015-03-15 22:50:02, 32556
398824, 2015-03-15 22:55:02, 32241
398825, 2015-03-15 23:00:02, 31743
398826, 2015-03-15 23:05:01, 31318
398827, 2015-03-15 23:10:02, 31099
398828, 2015-03-15 23:15:02, 30765
398829, 2015-03-15 23:20:02, 30428
398830, 2015-03-15 23:25:01, 30278
398831, 2015-03-15 23:30:01, 30280
398832, 2015-03-15 23:35:03, 30305
398833, 2015-03-15 23:40:02, 30352
398834, 2015-03-15 23:45:03, 30240
398835, 2015-03-15 23:50:01, 30076
398836, 2015-03-15 23:55:01, 29908
398837, 2015-03-16 00:00:05, 29983
398838, 2015-03-16 00:05:02, 29936
398839, 2015-03-16 00:10:02, 30048
398840, 2015-03-16 00:15:02, 30130
398841, 2015-03-16 00:20:02, 30137
398842, 2015-03-16 00:25:02, 30033
398843, 2015-03-16 00:30:03, 29995
398844, 2015-03-16 00:35:02, 29968
398845, 2015-03-16 00:40:02, 30059
398846, 2015-03-16 00:45:03, 30275
398847, 2015-03-16 00:50:02, 30451
398848, 2015-03-16 00:55:01, 30571
398849, 2015-03-16 01:00:01, 30556
398850, 2015-03-16 01:05:01, 30466
398851, 2015-03-16 01:10:02, 30534
398852, 2015-03-16 01:15:02, 30581
398853, 2015-03-16 01:20:03, 30763
398854, 2015-03-16 01:25:02, 30764
398855, 2015-03-16 01:30:01, 30710
398856, 2015-03-16 01:35:02, 30553
398857, 2015-03-16 01:40:01, 30528
398858, 2015-03-16 01:45:01, 30397
398859, 2015-03-16 01:50:02, 30281
398860, 2015-03-16 01:55:01, 30095
398861, 2015-03-16 02:00:03, 29851
398862, 2015-03-16 02:05:02, 29796
398863, 2015-03-16 02:10:02, 29956
398864, 2015-03-16 02:15:01, 30089
398865, 2015-03-16 02:20:03, 30139
398866, 2015-03-16 02:25:02, 30049
398867, 2015-03-16 02:30:04, 29994
398868, 2015-03-16 02:35:02, 29997
398869, 2015-03-16 02:40:01, 30039
398870, 2015-03-16 02:45:01, 29997
398871, 2015-03-16 02:50:02, 29935
398872, 2015-03-16 02:55:03, 29887
398873, 2015-03-16 03:00:04, 29843
398874, 2015-03-16 03:05:03, 29936
398875, 2015-03-16 03:10:03, 30146
398876, 2015-03-16 03:15:03, 30139
398877, 2015-03-16 03:20:03, 30059
398878, 2015-03-16 03:25:03, 29929
398879, 2015-03-16 03:30:03, 29842
398880, 2015-03-16 03:35:02, 29768
398881, 2015-03-16 03:40:02, 29644
398882, 2015-03-16 03:45:02, 29581
398883, 2015-03-16 03:50:02, 29531
398884, 2015-03-16 03:55:02, 29446
398885, 2015-03-16 04:00:05, 29422
398886, 2015-03-16 04:05:02, 29353
398887, 2015-03-16 04:10:03, 29332
398888, 2015-03-16 04:15:02, 29273
398889, 2015-03-16 04:20:03, 29268
398890, 2015-03-16 04:25:03, 29221
398891, 2015-03-16 04:30:04, 29160
398892, 2015-03-16 04:35:02, 29060
398893, 2015-03-16 04:40:01, 29166
398894, 2015-03-16 04:45:03, 29273
398895, 2015-03-16 04:50:02, 29300
398896, 2015-03-16 04:55:03, 29341
398897, 2015-03-16 05:00:02, 29401
398898, 2015-03-16 05:05:02, 29188
398899, 2015-03-16 05:10:05, 29144
398900, 2015-03-16 05:15:03, 29174
398901, 2015-03-16 05:20:03, 29390
398902, 2015-03-16 05:25:02, 29610
398903, 2015-03-16 05:30:03, 29710
398904, 2015-03-16 05:35:03, 30067
398905, 2015-03-16 05:40:02, 30460
398906, 2015-03-16 05:45:03, 30776
398907, 2015-03-16 05:50:04, 30963
398908, 2015-03-16 05:55:03, 31288
398909, 2015-03-16 06:00:03, 31570
398910, 2015-03-16 06:05:02, 31918
398911, 2015-03-16 06:10:04, 32368
398912, 2015-03-16 06:15:02, 32875
398913, 2015-03-16 06:20:03, 33139
398914, 2015-03-16 06:25:02, 33400
398915, 2015-03-16 06:30:01, 33703
398916, 2015-03-16 06:35:02, 34060
398917, 2015-03-16 06:40:02, 34535
398918, 2015-03-16 06:45:02, 35260
398919, 2015-03-16 06:50:04, 35857
398920, 2015-03-16 06:55:03, 36422
398921, 2015-03-16 07:00:02, 37008
398922, 2015-03-16 07:05:02, 37512
398923, 2015-03-16 07:10:01, 38128
398924, 2015-03-16 07:15:02, 39140
398925, 2015-03-16 07:20:04, 39945
398926, 2015-03-16 07:25:02, 40485
398927, 2015-03-16 07:30:02, 40919
398928, 2015-03-16 07:35:02, 41292
398929, 2015-03-16 07:40:01, 41387
398930, 2015-03-16 07:45:02, 41637
398931, 2015-03-16 07:50:04, 41959
398932, 2015-03-16 07:55:02, 42242
398933, 2015-03-16 08:00:03, 42428
398934, 2015-03-16 08:05:03, 42686
398935, 2015-03-16 08:10:02, 42879
398936, 2015-03-16 08:15:03, 43225
398937, 2015-03-16 08:20:04, 43403
398938, 2015-03-16 08:25:02, 43560
398939, 2015-03-16 08:30:04, 43643
398940, 2015-03-16 08:35:02, 43695
398941, 2015-03-16 08:40:02, 43706
398942, 2015-03-16 08:45:03, 43772
398943, 2015-03-16 08:50:03, 43795
398944, 2015-03-16 08:55:03, 43884
398945, 2015-03-16 09:00:03, 44008
398946, 2015-03-16 09:05:02, 44174
398947, 2015-03-16 09:10:02, 44425
398948, 2015-03-16 09:15:04, 44592
398949, 2015-03-16 09:20:03, 44766
398950, 2015-03-16 09:25:03, 44867
398951, 2015-03-16 09:30:04, 44951
398952, 2015-03-16 09:35:03, 45011
398953, 2015-03-16 09:40:02, 45056
398954, 2015-03-16 09:45:02, 45111
398955, 2015-03-16 09:50:03, 45153
398956, 2015-03-16 09:55:02, 45088
398957, 2015-03-16 10:00:03, 44955
398958, 2015-03-16 10:05:03, 44884
398959, 2015-03-16 10:10:01, 44903
398960, 2015-03-16 10:15:02, 44964
398961, 2015-03-16 10:20:04, 44911
398962, 2015-03-16 10:25:03, 44927
398963, 2015-03-16 10:30:02, 44903
398964, 2015-03-16 10:35:02, 44918
398965, 2015-03-16 10:40:02, 44966
398966, 2015-03-16 10:45:03, 44961
398967, 2015-03-16 10:50:02, 44954
398968, 2015-03-16 10:55:02, 44982
398969, 2015-03-16 11:00:04, 45036
398970, 2015-03-16 11:05:02, 44986
398971, 2015-03-16 11:10:01, 45085
398972, 2015-03-16 11:15:02, 45128
398973, 2015-03-16 11:20:03, 45135
398974, 2015-03-16 11:25:02, 45162
398975, 2015-03-16 11:30:02, 45126
398976, 2015-03-16 11:35:02, 45163
398977, 2015-03-16 11:40:02, 45237
398978, 2015-03-16 11:45:02, 45294
398979, 2015-03-16 11:50:02, 45228
398980, 2015-03-16 11:55:03, 45272
398981, 2015-03-16 12:00:04, 45281
398982, 2015-03-16 12:05:04, 45318
398983, 2015-03-16 12:10:02, 45419
398984, 2015-03-16 12:15:02, 45464
398985, 2015-03-16 12:20:03, 45508
398986, 2015-03-16 12:25:01, 45537
398987, 2015-03-16 12:30:02, 45432
398988, 2015-03-16 12:35:01, 45358
398989, 2015-03-16 12:40:02, 45351
398990, 2015-03-16 12:45:02, 45311
398991, 2015-03-16 12:50:03, 45214
398992, 2015-03-16 12:55:02, 45148
398993, 2015-03-16 13:00:01, 45143
398994, 2015-03-16 13:05:03, 45021
398995, 2015-03-16 13:10:02, 45124
398996, 2015-03-16 13:15:02, 45094
398997, 2015-03-16 13:20:03, 45061
398998, 2015-03-16 13:25:03, 45196
398999, 2015-03-16 13:30:02, 45147
399000, 2015-03-16 13:35:04, 45034
399001, 2015-03-16 13:40:02, 45108
399002, 2015-03-16 13:45:02, 45114
399003, 2015-03-16 13:50:02, 45205
399004, 2015-03-16 13:55:02, 45188
399005, 2015-03-16 14:00:03, 45204
399006, 2015-03-16 14:05:02, 45142
399007, 2015-03-16 14:10:01, 45279
399008, 2015-03-16 14:15:02, 45398
399009, 2015-03-16 14:20:03, 45296
399010, 2015-03-16 14:25:01, 45230
399011, 2015-03-16 14:30:04, 45227
399012, 2015-03-16 14:35:03, 45180
399013, 2015-03-16 14:40:02, 45147
399014, 2015-03-16 14:45:02, 45033
399015, 2015-03-16 14:50:02, 44950
399016, 2015-03-16 14:55:01, 44878
399017, 2015-03-16 15:00:04, 44862
399018, 2015-03-16 15:05:01, 44824
399019, 2015-03-16 15:10:01, 44837
399020, 2015-03-16 15:15:02, 44883
399021, 2015-03-16 15:20:02, 44858
399022, 2015-03-16 15:25:02, 44914
399023, 2015-03-16 15:30:03, 44924
399024, 2015-03-16 15:35:03, 44989
399025, 2015-03-16 15:40:02, 45080
399026, 2015-03-16 15:45:03, 45207
399027, 2015-03-16 15:50:02, 45314
399028, 2015-03-16 15:55:02, 45545
399029, 2015-03-16 16:00:04, 45747
399030, 2015-03-16 16:05:02, 45913
399031, 2015-03-16 16:10:03, 45990
399032, 2015-03-16 16:15:04, 46146
399033, 2015-03-16 16:20:02, 46343
399034, 2015-03-16 16:25:01, 46572
399035, 2015-03-16 16:30:03, 46722
399036, 2015-03-16 16:35:02, 46926
399037, 2015-03-16 16:40:02, 47082
399038, 2015-03-16 16:45:03, 47258
399039, 2015-03-16 16:50:02, 47448
399040, 2015-03-16 16:55:02, 47689
399041, 2015-03-16 17:00:03, 47776
399042, 2015-03-16 17:05:03, 47885
399043, 2015-03-16 17:10:02, 47997
399044, 2015-03-16 17:15:02, 48021
399045, 2015-03-16 17:20:05, 48080
399046, 2015-03-16 17:25:02, 48287
399047, 2015-03-16 17:30:02, 48499
399048, 2015-03-16 17:35:02, 48567
399049, 2015-03-16 17:40:01, 48615
399050, 2015-03-16 17:45:03, 48542
399051, 2015-03-16 17:50:02, 48530
399052, 2015-03-16 17:55:01, 48663
399053, 2015-03-16 18:00:03, 48613
399054, 2015-03-16 18:05:01, 48776
399055, 2015-03-16 18:10:02, 49205
399056, 2015-03-16 18:15:02, 49322
399057, 2015-03-16 18:20:03, 49448
399058, 2015-03-16 18:25:01, 49672
399059, 2015-03-16 18:30:02, 49846
399060, 2015-03-16 18:35:02, 50075
399061, 2015-03-16 18:40:02, 50402
399062, 2015-03-16 18:45:03, 50459
399063, 2015-03-16 18:50:02, 50386
399064, 2015-03-16 18:55:02, 50319
399065, 2015-03-16 19:00:03, 50195
399066, 2015-03-16 19:05:03, 50123
399067, 2015-03-16 19:10:02, 50070
399068, 2015-03-16 19:15:01, 49862
399069, 2015-03-16 19:20:03, 49687
399070, 2015-03-16 19:25:01, 49473
399071, 2015-03-16 19:30:03, 49227
399072, 2015-03-16 19:35:01, 49115
399073, 2015-03-16 19:40:01, 49009
399074, 2015-03-16 19:45:03, 48606
399075, 2015-03-16 19:50:02, 48295
399076, 2015-03-16 19:55:01, 48112
399077, 2015-03-16 20:00:03, 47674
399078, 2015-03-16 20:05:02, 47295
399079, 2015-03-16 20:10:02, 47448
399080, 2015-03-16 20:15:03, 47257
399081, 2015-03-16 20:20:04, 46866
399082, 2015-03-16 20:25:01, 46555
399083, 2015-03-16 20:30:03, 46194
399084, 2015-03-16 20:35:01, 45984
399085, 2015-03-16 20:40:01, 45644
399086, 2015-03-16 20:45:02, 45252
399087, 2015-03-16 20:50:02, 44920
399088, 2015-03-16 20:55:02, 44566
399089, 2015-03-16 21:00:03, 44183
399090, 2015-03-16 21:05:02, 43957
399091, 2015-03-16 21:10:02, 43788
399092, 2015-03-16 21:15:02, 43293
399093, 2015-03-16 21:20:03, 42833
399094, 2015-03-16 21:25:01, 42490
399095, 2015-03-16 21:30:02, 42068
399096, 2015-03-16 21:35:02, 41739
399097, 2015-03-16 21:40:03, 41435
399098, 2015-03-16 21:45:03, 41035
399099, 2015-03-16 21:50:03, 40561
399100, 2015-03-16 21:55:03, 40214
399101, 2015-03-16 22:00:06, 39760
399102, 2015-03-16 22:05:02, 39267
399103, 2015-03-16 22:10:03, 38978
399104, 2015-03-16 22:15:02, 38533
399105, 2015-03-16 22:20:03, 37980
399106, 2015-03-16 22:25:03, 37569
399107, 2015-03-16 22:30:03, 37125
399108, 2015-03-16 22:35:02, 36713
399109, 2015-03-16 22:40:01, 36644
399110, 2015-03-16 22:45:03, 36237
399111, 2015-03-16 22:50:02, 35842
399112, 2015-03-16 22:55:01, 35520
399113, 2015-03-16 23:00:03, 35055
399114, 2015-03-16 23:05:01, 34527
399115, 2015-03-16 23:10:01, 34361
399116, 2015-03-16 23:15:02, 34227
399117, 2015-03-16 23:20:03, 34020
399118, 2015-03-16 23:25:01, 33663
399119, 2015-03-16 23:30:02, 33506
399120, 2015-03-16 23:35:01, 33364
399121, 2015-03-16 23:40:02, 33500
399122, 2015-03-16 23:45:03, 33394
399123, 2015-03-16 23:50:03, 33322
399124, 2015-03-16 23:55:02, 33157
399125, 2015-03-17 00:00:04, 33168
399126, 2015-03-17 00:05:02, 32989
399127, 2015-03-17 00:10:03, 33070
399128, 2015-03-17 00:15:01, 33185
399129, 2015-03-17 00:20:04, 33110
399130, 2015-03-17 00:25:02, 33039
399131, 2015-03-17 00:30:01, 32801
399132, 2015-03-17 00:35:01, 32748
399133, 2015-03-17 00:40:03, 32832
399134, 2015-03-17 00:45:02, 32910
399135, 2015-03-17 00:50:02, 33187
399136, 2015-03-17 00:55:02, 33273
399137, 2015-03-17 01:00:02, 33408
399138, 2015-03-17 01:05:02, 33393
399139, 2015-03-17 01:10:03, 33552
399140, 2015-03-17 01:15:02, 33591
399141, 2015-03-17 01:20:04, 33660
399142, 2015-03-17 01:25:01, 33613
399143, 2015-03-17 01:30:02, 33562
399144, 2015-03-17 01:35:02, 33401
399145, 2015-03-17 01:40:02, 33296
399146, 2015-03-17 01:45:03, 33150
399147, 2015-03-17 01:50:01, 32992
399148, 2015-03-17 01:55:01, 32802
399149, 2015-03-17 02:00:03, 32701
399150, 2015-03-17 02:05:02, 32520
399151, 2015-03-17 02:10:06, 32477
399152, 2015-03-17 02:15:02, 32411
399153, 2015-03-17 02:20:06, 32334
399154, 2015-03-17 02:25:01, 32228
399155, 2015-03-17 02:30:02, 32169
399156, 2015-03-17 02:35:02, 32152
399157, 2015-03-17 02:40:01, 32325
399158, 2015-03-17 02:45:02, 32353
399159, 2015-03-17 02:50:03, 32308
399160, 2015-03-17 02:55:03, 32253
399161, 2015-03-17 03:00:03, 32219
399162, 2015-03-17 03:05:03, 32120
399163, 2015-03-17 03:10:02, 32244
399164, 2015-03-17 03:15:02, 32181
399165, 2015-03-17 03:20:03, 32129
399166, 2015-03-17 03:25:02, 32003
399167, 2015-03-17 03:30:02, 31733
399168, 2015-03-17 03:35:02, 31570
399169, 2015-03-17 03:40:02, 31660
399170, 2015-03-17 03:45:03, 31601
399171, 2015-03-17 03:50:03, 31431
399172, 2015-03-17 03:55:01, 31213
399173, 2015-03-17 04:00:04, 31117
399174, 2015-03-17 04:05:03, 31123
399175, 2015-03-17 04:10:02, 31110
399176, 2015-03-17 04:15:03, 31147
399177, 2015-03-17 04:20:02, 31158
399178, 2015-03-17 04:25:01, 31132
399179, 2015-03-17 04:30:01, 31041
399180, 2015-03-17 04:35:01, 30989
399181, 2015-03-17 04:40:01, 31088
399182, 2015-03-17 04:45:04, 31131
399183, 2015-03-17 04:50:02, 31155
399184, 2015-03-17 04:55:01, 31211
399185, 2015-03-17 05:00:04, 31252
399186, 2015-03-17 05:05:02, 31357
399187, 2015-03-17 05:10:02, 31315
399188, 2015-03-17 05:15:03, 31188
399189, 2015-03-17 05:20:03, 31282
399190, 2015-03-17 05:25:01, 31337
399191, 2015-03-17 05:30:02, 31406
399192, 2015-03-17 05:35:02, 31361
399193, 2015-03-17 05:40:01, 31792
399194, 2015-03-17 05:45:03, 32141
399195, 2015-03-17 05:50:03, 32187
399196, 2015-03-17 05:55:02, 32331
399197, 2015-03-17 06:00:02, 32521
399198, 2015-03-17 06:05:02, 32830
399199, 2015-03-17 06:10:02, 33510
399200, 2015-03-17 06:15:02, 34080
399201, 2015-03-17 06:20:03, 34420
399202, 2015-03-17 06:25:02, 34679
399203, 2015-03-17 06:30:01, 34994
399204, 2015-03-17 06:35:02, 35365
399205, 2015-03-17 06:40:01, 35751
399206, 2015-03-17 06:45:02, 36440
399207, 2015-03-17 06:50:03, 36973
399208, 2015-03-17 06:55:02, 37447
399209, 2015-03-17 07:00:01, 38142
399210, 2015-03-17 07:05:04, 38689
399211, 2015-03-17 07:10:01, 39158
399212, 2015-03-17 07:15:02, 40004
399213, 2015-03-17 07:20:02, 40714
399214, 2015-03-17 07:25:02, 41191
399215, 2015-03-17 07:30:01, 41494
399216, 2015-03-17 07:35:02, 41728
399217, 2015-03-17 07:40:03, 41880
399218, 2015-03-17 07:45:03, 42054
399219, 2015-03-17 07:50:02, 42387
399220, 2015-03-17 07:55:03, 42511
399221, 2015-03-17 08:00:05, 42564
399222, 2015-03-17 08:05:02, 42697
399223, 2015-03-17 08:10:01, 42923
399224, 2015-03-17 08:15:02, 43298
399225, 2015-03-17 08:20:03, 43458
399226, 2015-03-17 08:25:03, 43515
399227, 2015-03-17 08:30:02, 43535
399228, 2015-03-17 08:35:01, 43533
399229, 2015-03-17 08:40:02, 43439
399230, 2015-03-17 08:45:03, 43432
399231, 2015-03-17 08:50:02, 43486
399232, 2015-03-17 08:55:01, 43569
399233, 2015-03-17 09:00:04, 43629
399234, 2015-03-17 09:05:03, 43800
399235, 2015-03-17 09:10:02, 44081
399236, 2015-03-17 09:15:02, 44257
399237, 2015-03-17 09:20:02, 44316
399238, 2015-03-17 09:25:02, 44297
399239, 2015-03-17 09:30:02, 44293
399240, 2015-03-17 09:35:02, 44313
399241, 2015-03-17 09:40:01, 44238
399242, 2015-03-17 09:45:04, 44178
399243, 2015-03-17 09:50:02, 44056
399244, 2015-03-17 09:55:02, 44038
399245, 2015-03-17 10:00:03, 44087
399246, 2015-03-17 10:05:03, 44048
399247, 2015-03-17 10:10:05, 43987
399248, 2015-03-17 10:15:01, 43942
399249, 2015-03-17 10:20:03, 43779
399250, 2015-03-17 10:25:01, 43779
399251, 2015-03-17 10:30:01, 43779
399252, 2015-03-17 10:35:01, 43779
399253, 2015-03-17 10:40:02, 43779
399254, 2015-03-17 10:45:01, 43779
399255, 2015-03-17 10:50:01, 43779
399256, 2015-03-17 10:55:01, 43779
399257, 2015-03-17 11:00:01, 43779
399258, 2015-03-17 11:05:01, 43779
399259, 2015-03-17 11:10:01, 43779
399260, 2015-03-17 11:15:02, 43779
399261, 2015-03-17 11:20:02, 43779
399262, 2015-03-17 11:25:01, 43779
399263, 2015-03-17 11:30:01, 43779
399264, 2015-03-17 11:35:01, 43779
399265, 2015-03-17 11:40:01, 43779
399266, 2015-03-17 11:45:01, 43779
399267, 2015-03-17 11:50:01, 43779
399268, 2015-03-17 11:55:01, 43779
399269, 2015-03-17 12:00:01, 43779
399270, 2015-03-17 12:05:02, 43779
399271, 2015-03-17 12:10:02, 43779
399272, 2015-03-17 12:15:01, 43779
399273, 2015-03-17 12:20:03, 43779
399274, 2015-03-17 12:25:02, 43779
399275, 2015-03-17 12:30:01, 43779
399276, 2015-03-17 12:35:01, 43779
399277, 2015-03-17 12:40:01, 43779
399278, 2015-03-17 12:45:02, 43779
399279, 2015-03-17 12:50:01, 43779
399280, 2015-03-17 12:55:03, 86419
399281, 2015-03-17 13:00:02, 172082
399282, 2015-03-17 13:05:02, 171980
399283, 2015-03-17 13:10:03, 42596
399284, 2015-03-17 13:15:02, 42493
399285, 2015-03-17 13:20:03, 42504
399286, 2015-03-17 13:25:03, 42463
399287, 2015-03-17 13:30:03, 42401
399288, 2015-03-17 13:35:02, 42367
399289, 2015-03-17 13:40:02, 42410
399290, 2015-03-17 13:45:03, 42341
399291, 2015-03-17 13:50:02, 42170
399292, 2015-03-17 13:55:01, 42066
399293, 2015-03-17 14:00:04, 41996
399294, 2015-03-17 14:05:02, 41983
399295, 2015-03-17 14:10:01, 42048
399296, 2015-03-17 14:15:03, 42011
399297, 2015-03-17 14:20:05, 41959
399298, 2015-03-17 14:25:02, 42001
399299, 2015-03-17 14:30:04, 41900
399300, 2015-03-17 14:35:03, 41875
399301, 2015-03-17 14:40:02, 41807
399302, 2015-03-17 14:45:04, 41729
399303, 2015-03-17 14:50:03, 41641
399304, 2015-03-17 14:55:03, 41691
399305, 2015-03-17 15:00:04, 41680
399306, 2015-03-17 15:05:03, 41635
399307, 2015-03-17 15:10:01, 41637
399308, 2015-03-17 15:15:02, 41597
399309, 2015-03-17 15:20:04, 41677
399310, 2015-03-17 15:25:02, 41756
399311, 2015-03-17 15:30:03, 41757
399312, 2015-03-17 15:35:02, 41842
399313, 2015-03-17 15:40:58, 42123
399314, 2015-03-17 15:46:58, 42274
399315, 2015-03-17 15:50:11, 42274
399316, 2015-03-17 15:55:02, 42425
399317, 2015-03-17 16:00:03, 42645
399318, 2015-03-17 16:05:05, 42898
399319, 2015-03-17 16:10:02, 43075
399320, 2015-03-17 16:15:04, 43211
399321, 2015-03-17 16:20:03, 43411
399322, 2015-03-17 16:25:02, 43606
399323, 2015-03-17 16:30:03, 43795
399324, 2015-03-17 16:35:02, 44107
399325, 2015-03-17 16:40:02, 44398
399326, 2015-03-17 16:45:03, 44457
399327, 2015-03-17 16:50:03, 44713
399328, 2015-03-17 16:55:02, 44948
399329, 2015-03-17 17:00:02, 45050
399330, 2015-03-17 17:05:02, 45255
399331, 2015-03-17 17:10:01, 45474
399332, 2015-03-17 17:15:01, 45500
399333, 2015-03-17 17:20:03, 45669
399334, 2015-03-17 17:25:01, 45892
399335, 2015-03-17 17:30:02, 46037
399336, 2015-03-17 17:35:02, 46013
399337, 2015-03-17 17:40:01, 46202
399338, 2015-03-17 17:45:03, 46222
399339, 2015-03-17 17:50:02, 46228
399340, 2015-03-17 17:55:03, 46469
399341, 2015-03-17 18:00:02, 46550
399342, 2015-03-17 18:05:03, 46887
399343, 2015-03-17 18:10:03, 47350
399344, 2015-03-17 18:15:02, 47518
399345, 2015-03-17 18:20:04, 47802
399346, 2015-03-17 18:25:02, 48115
399347, 2015-03-17 18:30:02, 48391
399348, 2015-03-17 18:35:03, 48690
399349, 2015-03-17 18:40:02, 49359
399350, 2015-03-17 18:45:04, 49588
399351, 2015-03-17 18:50:02, 49661
399352, 2015-03-17 18:55:01, 49641
399353, 2015-03-17 19:00:01, 49607
399354, 2015-03-17 19:05:02, 49518
399355, 2015-03-17 19:10:02, 49394
399356, 2015-03-17 19:15:07, 49273
399357, 2015-03-17 19:20:03, 49047
399358, 2015-03-17 19:25:03, 48857
399359, 2015-03-17 19:30:02, 48578
399360, 2015-03-17 19:35:02, 48558
399361, 2015-03-17 19:40:03, 48497
399362, 2015-03-17 19:45:03, 48308
399363, 2015-03-17 19:50:02, 47973
399364, 2015-03-17 19:55:01, 47701
399365, 2015-03-17 20:00:02, 47391
399366, 2015-03-17 20:05:04, 47103
399367, 2015-03-17 20:10:02, 47135
399368, 2015-03-17 20:15:03, 46869
399369, 2015-03-17 20:20:04, 46618
399370, 2015-03-17 20:25:01, 46275
399371, 2015-03-17 20:30:01, 45924
399372, 2015-03-17 20:35:03, 45594
399373, 2015-03-17 20:40:02, 45335
399374, 2015-03-17 20:45:02, 45079
399375, 2015-03-17 20:50:03, 44665
399376, 2015-03-17 20:55:03, 44388
399377, 2015-03-17 21:00:03, 44036
399378, 2015-03-17 21:05:03, 43675
399379, 2015-03-17 21:10:02, 43616
399380, 2015-03-17 21:15:03, 43108
399381, 2015-03-17 21:20:03, 42606
399382, 2015-03-17 21:25:02, 42198
399383, 2015-03-17 21:30:02, 41844
399384, 2015-03-17 21:35:03, 41523
399385, 2015-03-17 21:40:01, 41076
399386, 2015-03-17 21:45:02, 40770
399387, 2015-03-17 21:50:01, 40507
399388, 2015-03-17 21:55:03, 40127
399389, 2015-03-17 22:00:05, 39677
399390, 2015-03-17 22:05:02, 39270
399391, 2015-03-17 22:10:01, 39147
399392, 2015-03-17 22:15:04, 38667
399393, 2015-03-17 22:20:02, 38142
399394, 2015-03-17 22:25:01, 37694
399395, 2015-03-17 22:30:03, 37275
399396, 2015-03-17 22:35:01, 36873
399397, 2015-03-17 22:40:01, 36786
399398, 2015-03-17 22:45:03, 36314
399399, 2015-03-17 22:50:02, 35801
399400, 2015-03-17 22:55:03, 35431
399401, 2015-03-17 23:00:02, 34996
399402, 2015-03-17 23:05:02, 34534
399403, 2015-03-17 23:10:02, 34063
399404, 2015-03-17 23:15:02, 33675
399405, 2015-03-17 23:20:03, 33145
399406, 2015-03-17 23:25:02, 32955
399407, 2015-03-17 23:30:02, 32764
399408, 2015-03-17 23:35:01, 32631
399409, 2015-03-17 23:40:01, 32608
399410, 2015-03-17 23:45:03, 32644
399411, 2015-03-17 23:50:02, 32783
399412, 2015-03-17 23:55:01, 32678
399413, 2015-03-18 00:00:07, 32420
399414, 2015-03-18 00:05:03, 32390
399415, 2015-03-18 00:10:01, 32641
399416, 2015-03-18 00:15:01, 32646
399417, 2015-03-18 00:20:03, 32641
399418, 2015-03-18 00:25:03, 32672
399419, 2015-03-18 00:30:01, 32833
399420, 2015-03-18 00:35:01, 32728
399421, 2015-03-18 00:40:02, 32622
399422, 2015-03-18 00:45:02, 32564
399423, 2015-03-18 00:50:01, 32630
399424, 2015-03-18 00:55:03, 32725
399425, 2015-03-18 01:00:02, 32651
399426, 2015-03-18 01:05:01, 32617
399427, 2015-03-18 01:10:01, 32767
399428, 2015-03-18 01:15:01, 32657
399429, 2015-03-18 01:20:02, 32624
399430, 2015-03-18 01:25:01, 32623
399431, 2015-03-18 01:30:03, 32554
399432, 2015-03-18 01:35:02, 32368
399433, 2015-03-18 01:40:02, 32430
399434, 2015-03-18 01:45:03, 32338
399435, 2015-03-18 01:50:03, 32297
399436, 2015-03-18 01:55:02, 32322
399437, 2015-03-18 02:00:03, 32231
399438, 2015-03-18 02:05:02, 32220
399439, 2015-03-18 02:10:02, 32221
399440, 2015-03-18 02:15:02, 32155
399441, 2015-03-18 02:20:02, 32039
399442, 2015-03-18 02:25:02, 31860
399443, 2015-03-18 02:30:04, 32093
399444, 2015-03-18 02:35:02, 32122
399445, 2015-03-18 02:40:02, 32125
399446, 2015-03-18 02:45:02, 32237
399447, 2015-03-18 02:50:04, 32225
399448, 2015-03-18 02:55:03, 32183
399449, 2015-03-18 03:00:04, 32016
399450, 2015-03-18 03:05:02, 31866
399451, 2015-03-18 03:10:03, 31873
399452, 2015-03-18 03:15:02, 31823
399453, 2015-03-18 03:20:03, 31712
399454, 2015-03-18 03:25:03, 31691
399455, 2015-03-18 03:30:03, 31604
399456, 2015-03-18 03:35:03, 31454
399457, 2015-03-18 03:40:01, 31365
399458, 2015-03-18 03:45:01, 31274
399459, 2015-03-18 03:50:02, 31192
399460, 2015-03-18 03:55:01, 31088
399461, 2015-03-18 04:00:03, 31024
399462, 2015-03-18 04:05:02, 30939
399463, 2015-03-18 04:10:01, 30894
399464, 2015-03-18 04:15:03, 30889
399465, 2015-03-18 04:20:03, 30883
399466, 2015-03-18 04:25:02, 30837
399467, 2015-03-18 04:30:03, 30799
399468, 2015-03-18 04:35:02, 30733
399469, 2015-03-18 04:40:01, 30869
399470, 2015-03-18 04:45:01, 30928
399471, 2015-03-18 04:50:02, 30968
399472, 2015-03-18 04:55:01, 30982
399473, 2015-03-18 05:00:03, 31052
399474, 2015-03-18 05:05:01, 31067
399475, 2015-03-18 05:10:01, 31049
399476, 2015-03-18 05:15:03, 31263
399477, 2015-03-18 05:20:03, 31383
399478, 2015-03-18 05:25:01, 31481
399479, 2015-03-18 05:30:01, 31565
399480, 2015-03-18 05:35:02, 31735
399481, 2015-03-18 05:40:02, 31910
399482, 2015-03-18 05:45:04, 31940
399483, 2015-03-18 05:50:02, 32043
399484, 2015-03-18 05:55:02, 32203
399485, 2015-03-18 06:00:03, 32308
399486, 2015-03-18 06:05:02, 32545
399487, 2015-03-18 06:10:01, 33010
399488, 2015-03-18 06:15:01, 33268
399489, 2015-03-18 06:20:03, 33688
399490, 2015-03-18 06:25:02, 34143
399491, 2015-03-18 06:30:02, 34640
399492, 2015-03-18 06:35:01, 35153
399493, 2015-03-18 06:40:02, 35728
399494, 2015-03-18 06:45:03, 36290
399495, 2015-03-18 06:50:01, 36772
399496, 2015-03-18 06:55:02, 37287
399497, 2015-03-18 07:00:01, 37955
399498, 2015-03-18 07:05:03, 38378
399499, 2015-03-18 07:10:02, 38994
399500, 2015-03-18 07:15:02, 39941
399501, 2015-03-18 07:20:04, 40473
399502, 2015-03-18 07:25:01, 40853
399503, 2015-03-18 07:30:01, 41221
399504, 2015-03-18 07:35:02, 41522
399505, 2015-03-18 07:40:01, 41611
399506, 2015-03-18 07:45:02, 41807
399507, 2015-03-18 07:50:01, 41943
399508, 2015-03-18 07:55:02, 41991
399509, 2015-03-18 08:00:02, 42110
399510, 2015-03-18 08:05:02, 42309
399511, 2015-03-18 08:10:02, 42577
399512, 2015-03-18 08:15:03, 42798
399513, 2015-03-18 08:20:03, 42980
399514, 2015-03-18 08:25:02, 43051
399515, 2015-03-18 08:30:03, 43077
399516, 2015-03-18 08:35:01, 42987
399517, 2015-03-18 08:40:02, 42877
399518, 2015-03-18 08:45:03, 42843
399519, 2015-03-18 08:50:02, 42818
399520, 2015-03-18 08:55:02, 42818
399521, 2015-03-18 09:00:05, 42853
399522, 2015-03-18 09:05:04, 42933
399523, 2015-03-18 09:10:01, 43006
399524, 2015-03-18 09:15:04, 43132
399525, 2015-03-18 09:20:04, 43113
399526, 2015-03-18 09:25:02, 43151
399527, 2015-03-18 09:30:03, 43101
399528, 2015-03-18 09:35:01, 43049
399529, 2015-03-18 09:40:02, 43106
399530, 2015-03-18 09:45:03, 42884
399531, 2015-03-18 09:50:03, 42819
399532, 2015-03-18 09:55:02, 42756
399533, 2015-03-18 10:00:07, 42823
399534, 2015-03-18 10:05:03, 42797
399535, 2015-03-18 10:10:03, 42665
399536, 2015-03-18 10:15:01, 42455
399537, 2015-03-18 10:20:04, 42349
399538, 2015-03-18 10:25:02, 42166
399539, 2015-03-18 10:30:02, 42097
399540, 2015-03-18 10:35:02, 42044
399541, 2015-03-18 10:40:02, 42030
399542, 2015-03-18 10:45:03, 41970
399543, 2015-03-18 10:50:02, 41957
399544, 2015-03-18 10:55:02, 41915
399545, 2015-03-18 11:00:01, 41830
399546, 2015-03-18 11:05:02, 41811
399547, 2015-03-18 11:10:01, 41865
399548, 2015-03-18 11:15:03, 41810
399549, 2015-03-18 11:20:04, 41759
399550, 2015-03-18 11:25:02, 41622
399551, 2015-03-18 11:30:06, 41629
399552, 2015-03-18 11:35:02, 41563
399553, 2015-03-18 11:40:01, 41562
399554, 2015-03-18 11:45:02, 41414
399555, 2015-03-18 11:50:02, 41379
399556, 2015-03-18 11:55:01, 41360
399557, 2015-03-18 12:00:02, 41433
399558, 2015-03-18 12:05:02, 41395
399559, 2015-03-18 12:10:02, 41525
399560, 2015-03-18 12:15:02, 41531
399561, 2015-03-18 12:20:04, 41597
399562, 2015-03-18 12:25:03, 41596
399563, 2015-03-18 12:30:03, 41519
399564, 2015-03-18 12:35:04, 41345
399565, 2015-03-18 12:40:02, 41284
399566, 2015-03-18 12:45:02, 41335
399567, 2015-03-18 12:50:02, 41331
399568, 2015-03-18 12:55:03, 41292
399569, 2015-03-18 13:00:03, 41231
399570, 2015-03-18 13:05:02, 41077
399571, 2015-03-18 13:10:02, 41096
399572, 2015-03-18 13:15:02, 41184
399573, 2015-03-18 13:20:04, 41037
399574, 2015-03-18 13:25:03, 41007
399575, 2015-03-18 13:30:04, 40878
399576, 2015-03-18 13:35:02, 40769
399577, 2015-03-18 13:40:02, 40834
399578, 2015-03-18 13:45:01, 40891
399579, 2015-03-18 13:50:02, 40797
399580, 2015-03-18 13:55:03, 40746
399581, 2015-03-18 14:00:07, 40630
399582, 2015-03-18 14:05:02, 40647
399583, 2015-03-18 14:10:05, 40827
399584, 2015-03-18 14:15:02, 40894
399585, 2015-03-18 14:20:05, 40887
399586, 2015-03-18 14:25:01, 40856
399587, 2015-03-18 14:30:02, 40770
399588, 2015-03-18 14:35:03, 40775
399589, 2015-03-18 14:40:03, 40707
399590, 2015-03-18 14:45:02, 40726
399591, 2015-03-18 14:50:01, 40703
399592, 2015-03-18 14:55:03, 40700
399593, 2015-03-18 15:00:05, 40703
399594, 2015-03-18 15:05:06, 40809
399595, 2015-03-18 15:10:12, 40913
399596, 2015-03-18 15:15:02, 40920
399597, 2015-03-18 15:20:03, 40975
399598, 2015-03-18 15:25:03, 41002
399599, 2015-03-18 15:30:05, 41052
399600, 2015-03-18 15:35:02, 41170
399601, 2015-03-18 15:40:02, 41285
399602, 2015-03-18 15:45:02, 41491
399603, 2015-03-18 15:50:09, 41756
399604, 2015-03-18 15:55:03, 41978
399605, 2015-03-18 16:00:03, 42178
399606, 2015-03-18 16:05:02, 42410
399607, 2015-03-18 16:10:02, 42528
399608, 2015-03-18 16:15:02, 42652
399609, 2015-03-18 16:20:05, 42848
399610, 2015-03-18 16:25:02, 43114
399611, 2015-03-18 16:30:02, 43272
399612, 2015-03-18 16:35:02, 43491
399613, 2015-03-18 16:40:01, 43698
399614, 2015-03-18 16:45:03, 43945
399615, 2015-03-18 16:50:01, 44246
399616, 2015-03-18 16:55:01, 44501
399617, 2015-03-18 17:00:02, 44562
399618, 2015-03-18 17:05:02, 44838
399619, 2015-03-18 17:10:01, 44922
399620, 2015-03-18 17:15:03, 45051
399621, 2015-03-18 17:20:03, 45228
399622, 2015-03-18 17:25:03, 45526
399623, 2015-03-18 17:30:03, 45707
399624, 2015-03-18 17:35:02, 45732
399625, 2015-03-18 17:40:02, 45809
399626, 2015-03-18 17:45:02, 45840
399627, 2015-03-18 17:50:02, 45872
399628, 2015-03-18 17:55:02, 46004
399629, 2015-03-18 18:00:06, 46056
399630, 2015-03-18 18:05:02, 46323
399631, 2015-03-18 18:10:02, 46637
399632, 2015-03-18 18:15:02, 46720
399633, 2015-03-18 18:20:05, 46951
399634, 2015-03-18 18:25:01, 47241
399635, 2015-03-18 18:30:02, 47622
399636, 2015-03-18 18:35:02, 48067
399637, 2015-03-18 18:40:01, 48634
399638, 2015-03-18 18:45:04, 48907
399639, 2015-03-18 18:50:02, 49010
399640, 2015-03-18 18:55:01, 49128
399641, 2015-03-18 19:00:06, 49094
399642, 2015-03-18 19:05:03, 49073
399643, 2015-03-18 19:10:02, 48950
399644, 2015-03-18 19:15:03, 48880
399645, 2015-03-18 19:20:03, 48738
399646, 2015-03-18 19:25:03, 48596
399647, 2015-03-18 19:30:02, 48312
399648, 2015-03-18 19:35:02, 48285
399649, 2015-03-18 19:40:02, 48196
399650, 2015-03-18 19:45:03, 47749
399651, 2015-03-18 19:50:02, 47481
399652, 2015-03-18 19:55:02, 47238
399653, 2015-03-18 20:00:02, 46913
399654, 2015-03-18 20:05:03, 46635
399655, 2015-03-18 20:10:02, 46647
399656, 2015-03-18 20:15:03, 46416
399657, 2015-03-18 20:20:04, 46021
399658, 2015-03-18 20:25:04, 45680
399659, 2015-03-18 20:30:02, 45267
399660, 2015-03-18 20:35:02, 45064
399661, 2015-03-18 20:40:01, 44716
399662, 2015-03-18 20:45:03, 44308
399663, 2015-03-18 20:50:02, 44086
399664, 2015-03-18 20:55:03, 43865
399665, 2015-03-18 21:00:02, 43545
399666, 2015-03-18 21:05:04, 43280
399667, 2015-03-18 21:10:02, 42958
399668, 2015-03-18 21:15:01, 42533
399669, 2015-03-18 21:20:03, 42133
399670, 2015-03-18 21:25:02, 41833
399671, 2015-03-18 21:30:02, 41521
399672, 2015-03-18 21:35:03, 41101
399673, 2015-03-18 21:40:05, 40573
399674, 2015-03-18 21:45:03, 40134
399675, 2015-03-18 21:50:02, 39853
399676, 2015-03-18 21:55:02, 39530
399677, 2015-03-18 22:00:03, 39124
399678, 2015-03-18 22:05:02, 38676
399679, 2015-03-18 22:10:02, 38461
399680, 2015-03-18 22:15:02, 38123
399681, 2015-03-18 22:20:05, 37526
399682, 2015-03-18 22:25:01, 37015
399683, 2015-03-18 22:30:03, 36481
399684, 2015-03-18 22:35:01, 36021
399685, 2015-03-18 22:40:02, 35945
399686, 2015-03-18 22:45:03, 35558
399687, 2015-03-18 22:50:02, 35171
399688, 2015-03-18 22:55:02, 34812
399689, 2015-03-18 23:00:01, 34282
399690, 2015-03-18 23:05:01, 33834
399691, 2015-03-18 23:10:01, 33722
399692, 2015-03-18 23:15:02, 33235
399693, 2015-03-18 23:20:03, 33008
399694, 2015-03-18 23:25:03, 32734
399695, 2015-03-18 23:30:04, 32596
399696, 2015-03-18 23:35:02, 32575
399697, 2015-03-18 23:40:02, 32621
399698, 2015-03-18 23:45:03, 32507
399699, 2015-03-18 23:50:01, 32336
399700, 2015-03-18 23:55:02, 32182
399701, 2015-03-19 00:00:06, 31998
399702, 2015-03-19 00:05:02, 31835
399703, 2015-03-19 00:10:02, 31974
399704, 2015-03-19 00:15:02, 32002
399705, 2015-03-19 00:20:03, 31931
399706, 2015-03-19 00:25:02, 31967
399707, 2015-03-19 00:30:02, 31952
399708, 2015-03-19 00:35:02, 31991
399709, 2015-03-19 00:40:01, 32251
399710, 2015-03-19 00:45:01, 32322
399711, 2015-03-19 00:50:02, 32397
399712, 2015-03-19 00:55:02, 32432
399713, 2015-03-19 01:00:02, 32340
399714, 2015-03-19 01:05:01, 32272
399715, 2015-03-19 01:10:02, 32079
399716, 2015-03-19 01:15:02, 31980
399717, 2015-03-19 01:20:02, 31870
399718, 2015-03-19 01:25:02, 31713
399719, 2015-03-19 01:30:02, 31641
399720, 2015-03-19 01:35:02, 31537
399721, 2015-03-19 01:40:02, 31455
399722, 2015-03-19 01:45:01, 31394
399723, 2015-03-19 01:50:02, 31261
399724, 2015-03-19 01:55:02, 31227
399725, 2015-03-19 02:00:06, 31114
399726, 2015-03-19 02:05:02, 31037
399727, 2015-03-19 02:10:01, 31186
399728, 2015-03-19 02:15:02, 31182
399729, 2015-03-19 02:20:04, 31139
399730, 2015-03-19 02:25:03, 31022
399731, 2015-03-19 02:30:02, 30911
399732, 2015-03-19 02:35:03, 30828
399733, 2015-03-19 02:40:02, 31012
399734, 2015-03-19 02:45:02, 30989
399735, 2015-03-19 02:50:02, 30941
399736, 2015-03-19 02:55:03, 30926
399737, 2015-03-19 03:00:03, 30853
399738, 2015-03-19 03:05:02, 30812
399739, 2015-03-19 03:10:02, 30909
399740, 2015-03-19 03:15:03, 30817
399741, 2015-03-19 03:20:04, 30754
399742, 2015-03-19 03:25:04, 30654
399743, 2015-03-19 03:30:02, 30559
399744, 2015-03-19 03:35:04, 30463
399745, 2015-03-19 03:40:02, 30429
399746, 2015-03-19 03:45:02, 30300
399747, 2015-03-19 03:50:03, 30028
399748, 2015-03-19 03:55:03, 30001
399749, 2015-03-19 04:00:03, 29991
399750, 2015-03-19 04:05:01, 29950
399751, 2015-03-19 04:10:01, 29971
399752, 2015-03-19 04:15:02, 29739
399753, 2015-03-19 04:20:02, 29625
399754, 2015-03-19 04:25:02, 29842
399755, 2015-03-19 04:30:03, 29920
399756, 2015-03-19 04:35:02, 29917
399757, 2015-03-19 04:40:02, 30029
399758, 2015-03-19 04:45:02, 30089
399759, 2015-03-19 04:50:03, 30106
399760, 2015-03-19 04:55:02, 30062
399761, 2015-03-19 05:00:02, 30070
399762, 2015-03-19 05:05:02, 30047
399763, 2015-03-19 05:10:02, 30120
399764, 2015-03-19 05:15:03, 30172
399765, 2015-03-19 05:20:03, 30121
399766, 2015-03-19 05:25:02, 30083
399767, 2015-03-19 05:30:02, 30230
399768, 2015-03-19 05:35:02, 30325
399769, 2015-03-19 05:40:02, 30592
399770, 2015-03-19 05:45:03, 30743
399771, 2015-03-19 05:50:03, 30868
399772, 2015-03-19 05:55:01, 31051
399773, 2015-03-19 06:00:01, 31217
399774, 2015-03-19 06:05:02, 31404
399775, 2015-03-19 06:10:02, 32069
399776, 2015-03-19 06:15:02, 32866
399777, 2015-03-19 06:20:03, 33324
399778, 2015-03-19 06:25:02, 33842
399779, 2015-03-19 06:30:01, 34246
399780, 2015-03-19 06:35:01, 34687
399781, 2015-03-19 06:40:02, 34991
399782, 2015-03-19 06:45:03, 35609
399783, 2015-03-19 06:50:02, 36217
399784, 2015-03-19 06:55:02, 36734
399785, 2015-03-19 07:00:03, 37408
399786, 2015-03-19 07:05:02, 38092
399787, 2015-03-19 07:10:02, 38786
399788, 2015-03-19 07:15:03, 39572
399789, 2015-03-19 07:20:03, 40198
399790, 2015-03-19 07:25:02, 40673
399791, 2015-03-19 07:30:01, 41073
399792, 2015-03-19 07:35:02, 41349
399793, 2015-03-19 07:40:01, 41436
399794, 2015-03-19 07:45:03, 41647
399795, 2015-03-19 07:50:02, 41905
399796, 2015-03-19 07:55:02, 42020
399797, 2015-03-19 08:00:03, 42197
399798, 2015-03-19 08:05:01, 42402
399799, 2015-03-19 08:10:01, 42642
399800, 2015-03-19 08:15:01, 42920
399801, 2015-03-19 08:20:05, 43071
399802, 2015-03-19 08:25:02, 43032
399803, 2015-03-19 08:30:01, 43045
399804, 2015-03-19 08:35:02, 42943
399805, 2015-03-19 08:40:01, 42882
399806, 2015-03-19 08:45:03, 42853
399807, 2015-03-19 08:50:01, 42857
399808, 2015-03-19 08:55:01, 42889
399809, 2015-03-19 09:00:05, 42956
399810, 2015-03-19 09:05:02, 43050
399811, 2015-03-19 09:10:02, 43370
399812, 2015-03-19 09:15:03, 43498
399813, 2015-03-19 09:20:02, 43530
399814, 2015-03-19 09:25:02, 43572
399815, 2015-03-19 09:30:01, 43634
399816, 2015-03-19 09:35:02, 43676
399817, 2015-03-19 09:40:01, 43647
399818, 2015-03-19 09:45:03, 43616
399819, 2015-03-19 09:50:02, 43567
399820, 2015-03-19 09:55:02, 43561
399821, 2015-03-19 10:00:03, 43602
399822, 2015-03-19 10:05:40, 43595
399823, 2015-03-19 10:10:02, 43595
399824, 2015-03-19 10:15:02, 43558
399825, 2015-03-19 10:20:02, 43604
399826, 2015-03-19 10:25:07, 43727
399827, 2015-03-19 10:30:02, 43720
399828, 2015-03-19 10:35:02, 43753
399829, 2015-03-19 10:40:01, 43782
399830, 2015-03-19 10:45:03, 43719
399831, 2015-03-19 10:50:02, 43694
399832, 2015-03-19 10:55:02, 43678
399833, 2015-03-19 11:00:03, 43622
399834, 2015-03-19 11:05:01, 43618
399835, 2015-03-19 11:10:02, 43696
399836, 2015-03-19 11:15:03, 43702
399837, 2015-03-19 11:20:03, 43353
399838, 2015-03-19 11:25:01, 42649
399839, 2015-03-19 11:30:03, 42563
399840, 2015-03-19 11:35:02, 43338
399841, 2015-03-19 11:40:02, 43413
399842, 2015-03-19 11:45:02, 43459
399843, 2015-03-19 11:50:02, 43432
399844, 2015-03-19 11:55:04, 43495
399845, 2015-03-19 12:00:05, 43467
399846, 2015-03-19 12:05:02, 43471
399847, 2015-03-19 12:10:01, 43477
399848, 2015-03-19 12:15:02, 43450
399849, 2015-03-19 12:20:03, 43422
399850, 2015-03-19 12:25:01, 43423
399851, 2015-03-19 12:30:02, 43375
399852, 2015-03-19 12:35:02, 43260
399853, 2015-03-19 12:40:03, 43166
399854, 2015-03-19 12:45:01, 43112
399855, 2015-03-19 12:50:02, 43057
399856, 2015-03-19 12:55:02, 43037
399857, 2015-03-19 13:00:04, 42961
399858, 2015-03-19 13:05:02, 42861
399859, 2015-03-19 13:10:02, 42991
399860, 2015-03-19 13:15:01, 42992
399861, 2015-03-19 13:20:05, 42911
399862, 2015-03-19 13:25:03, 42913
399863, 2015-03-19 13:30:02, 42838
399864, 2015-03-19 13:35:03, 42797
399865, 2015-03-19 13:40:04, 42807
399866, 2015-03-19 13:45:01, 42786
399867, 2015-03-19 13:50:02, 42673
399868, 2015-03-19 13:55:01, 42531
399869, 2015-03-19 14:00:02, 42446
399870, 2015-03-19 14:05:03, 42400
399871, 2015-03-19 14:10:02, 42501
399872, 2015-03-19 14:15:03, 42522
399873, 2015-03-19 14:20:05, 42534
399874, 2015-03-19 14:25:03, 42472
399875, 2015-03-19 14:30:04, 42357
399876, 2015-03-19 14:35:02, 42309
399877, 2015-03-19 14:40:01, 42289
399878, 2015-03-19 14:45:01, 42206
399879, 2015-03-19 14:50:03, 42187
399880, 2015-03-19 14:55:02, 42266
399881, 2015-03-19 15:00:04, 42192
399882, 2015-03-19 15:05:03, 42074
399883, 2015-03-19 15:10:02, 42097
399884, 2015-03-19 15:15:03, 42066
399885, 2015-03-19 15:20:03, 41969
399886, 2015-03-19 15:25:02, 41979
399887, 2015-03-19 15:30:03, 41995
399888, 2015-03-19 15:35:03, 42161
399889, 2015-03-19 15:40:02, 42318
399890, 2015-03-19 15:45:03, 42518
399891, 2015-03-19 15:50:01, 42689
399892, 2015-03-19 15:55:02, 42855
399893, 2015-03-19 16:00:03, 43020
399894, 2015-03-19 16:05:03, 43244
399895, 2015-03-19 16:10:01, 43369
399896, 2015-03-19 16:15:02, 43544
399897, 2015-03-19 16:20:04, 43671
399898, 2015-03-19 16:25:02, 43848
399899, 2015-03-19 16:30:03, 43969
399900, 2015-03-19 16:35:03, 44163
399901, 2015-03-19 16:40:02, 44359
399902, 2015-03-19 16:45:05, 44568
399903, 2015-03-19 16:50:03, 44838
399904, 2015-03-19 16:55:02, 45079
399905, 2015-03-19 17:00:03, 45233
399906, 2015-03-19 17:05:04, 45297
399907, 2015-03-19 17:10:02, 45461
399908, 2015-03-19 17:15:01, 45602
399909, 2015-03-19 17:20:04, 45677
399910, 2015-03-19 17:25:02, 45802
399911, 2015-03-19 17:30:01, 45861
399912, 2015-03-19 17:35:03, 46068
399913, 2015-03-19 17:40:02, 46271
399914, 2015-03-19 17:45:04, 46315
399915, 2015-03-19 17:50:02, 46394
399916, 2015-03-19 17:55:03, 46524
399917, 2015-03-19 18:00:02, 46604
399918, 2015-03-19 18:05:02, 46850
399919, 2015-03-19 18:10:02, 47191
399920, 2015-03-19 18:15:02, 47251
399921, 2015-03-19 18:20:03, 47370
399922, 2015-03-19 18:25:03, 47728
399923, 2015-03-19 18:30:01, 48029
399924, 2015-03-19 18:35:02, 48222
399925, 2015-03-19 18:40:01, 48722
399926, 2015-03-19 18:45:04, 48975
399927, 2015-03-19 18:50:03, 49088
399928, 2015-03-19 18:55:02, 49094
399929, 2015-03-19 19:00:02, 49124
399930, 2015-03-19 19:05:02, 49134
399931, 2015-03-19 19:10:02, 49105
399932, 2015-03-19 19:15:03, 48867
399933, 2015-03-19 19:20:04, 48603
399934, 2015-03-19 19:25:01, 48509
399935, 2015-03-19 19:30:02, 48203
399936, 2015-03-19 19:35:02, 47914
399937, 2015-03-19 19:40:01, 47911
399938, 2015-03-19 19:45:01, 47657
399939, 2015-03-19 19:50:02, 47310
399940, 2015-03-19 19:55:02, 47058
399941, 2015-03-19 20:00:02, 46696
399942, 2015-03-19 20:05:02, 46566
399943, 2015-03-19 20:10:02, 46575
399944, 2015-03-19 20:15:02, 46319
399945, 2015-03-19 20:20:03, 46007
399946, 2015-03-19 20:25:01, 45581
399947, 2015-03-19 20:30:01, 45172
399948, 2015-03-19 20:35:38, 44871
399949, 2015-03-19 20:40:01, 44782
399950, 2015-03-19 20:45:02, 44487
399951, 2015-03-19 20:50:02, 44233
399952, 2015-03-19 20:55:02, 44027
399953, 2015-03-19 21:00:04, 43701
399954, 2015-03-19 21:05:02, 43190
399955, 2015-03-19 21:10:02, 42954
399956, 2015-03-19 21:15:02, 42412
399957, 2015-03-19 21:20:04, 41992
399958, 2015-03-19 21:25:03, 41681
399959, 2015-03-19 21:30:02, 41343
399960, 2015-03-19 21:35:02, 40956
399961, 2015-03-19 21:40:02, 40550
399962, 2015-03-19 21:45:03, 40200
399963, 2015-03-19 21:50:04, 39887
399964, 2015-03-19 21:55:01, 39568
399965, 2015-03-19 22:00:04, 39139
399966, 2015-03-19 22:05:02, 38695
399967, 2015-03-19 22:10:01, 38485
399968, 2015-03-19 22:15:01, 38083
399969, 2015-03-19 22:20:03, 37626
399970, 2015-03-19 22:25:01, 37088
399971, 2015-03-19 22:30:02, 36538
399972, 2015-03-19 22:35:02, 36037
399973, 2015-03-19 22:40:01, 35886
399974, 2015-03-19 22:45:04, 35605
399975, 2015-03-19 22:50:03, 34535
399976, 2015-03-19 22:55:02, 34106
399977, 2015-03-19 23:00:03, 33736
399978, 2015-03-19 23:05:01, 33271
399979, 2015-03-19 23:10:01, 33124
399980, 2015-03-19 23:15:02, 32835
399981, 2015-03-19 23:20:03, 32468
399982, 2015-03-19 23:25:02, 32291
399983, 2015-03-19 23:30:02, 31986
399984, 2015-03-19 23:35:02, 32406
399985, 2015-03-19 23:40:02, 32393
399986, 2015-03-19 23:45:02, 32277
399987, 2015-03-19 23:50:02, 32070
399988, 2015-03-19 23:55:01, 31856
399989, 2015-03-20 00:00:02, 31541
399990, 2015-03-20 00:05:02, 31380
399991, 2015-03-20 00:10:01, 31803
399992, 2015-03-20 00:15:02, 31907
399993, 2015-03-20 00:20:03, 31878
399994, 2015-03-20 00:25:01, 31797
399995, 2015-03-20 00:30:02, 31735
399996, 2015-03-20 00:35:03, 31734
399997, 2015-03-20 00:40:01, 31993
399998, 2015-03-20 00:45:03, 32133
399999, 2015-03-20 00:50:01, 32217
400000, 2015-03-20 00:55:02, 32251
400001, 2015-03-20 01:00:01, 32216
400002, 2015-03-20 01:05:02, 32142
400003, 2015-03-20 01:10:02, 32349
400004, 2015-03-20 01:15:02, 32278
400005, 2015-03-20 01:20:03, 32159
400006, 2015-03-20 01:25:02, 31998
400007, 2015-03-20 01:30:02, 31891
400008, 2015-03-20 01:35:02, 31720
400009, 2015-03-20 01:40:02, 31877
400010, 2015-03-20 01:45:01, 31799
400011, 2015-03-20 01:50:05, 31749
400012, 2015-03-20 01:55:01, 31626
400013, 2015-03-20 02:00:02, 31488
400014, 2015-03-20 02:05:02, 31290
400015, 2015-03-20 02:10:02, 31248
400016, 2015-03-20 02:15:01, 31228
400017, 2015-03-20 02:20:02, 31129
400018, 2015-03-20 02:25:02, 31042
400019, 2015-03-20 02:30:01, 30994
400020, 2015-03-20 02:35:02, 30949
400021, 2015-03-20 02:40:01, 31117
400022, 2015-03-20 02:45:02, 31126
400023, 2015-03-20 02:50:03, 31098
400024, 2015-03-20 02:55:03, 31006
400025, 2015-03-20 03:00:04, 30903
400026, 2015-03-20 03:05:02, 30856
400027, 2015-03-20 03:10:02, 30844
400028, 2015-03-20 03:15:02, 30798
400029, 2015-03-20 03:20:04, 30750
400030, 2015-03-20 03:25:02, 30686
400031, 2015-03-20 03:30:02, 30555
400032, 2015-03-20 03:35:03, 30417
400033, 2015-03-20 03:40:02, 30342
400034, 2015-03-20 03:45:04, 30203
400035, 2015-03-20 03:50:02, 30117
400036, 2015-03-20 03:55:03, 30023
400037, 2015-03-20 04:00:08, 29949
400038, 2015-03-20 04:05:02, 29900
400039, 2015-03-20 04:10:02, 29888
400040, 2015-03-20 04:15:01, 29775
400041, 2015-03-20 04:20:03, 29731
400042, 2015-03-20 04:25:01, 29686
400043, 2015-03-20 04:30:03, 29716
400044, 2015-03-20 04:35:02, 29739
400045, 2015-03-20 04:40:02, 29852
400046, 2015-03-20 04:45:03, 29853
400047, 2015-03-20 04:50:02, 29836
400048, 2015-03-20 04:55:03, 29875
400049, 2015-03-20 05:00:03, 29928
400050, 2015-03-20 05:05:02, 29975
400051, 2015-03-20 05:10:02, 30171
400052, 2015-03-20 05:15:02, 30341
400053, 2015-03-20 05:20:02, 30452
400054, 2015-03-20 05:25:03, 30392
400055, 2015-03-20 05:30:02, 30444
400056, 2015-03-20 05:35:01, 30508
400057, 2015-03-20 05:40:02, 30771
400058, 2015-03-20 05:45:03, 30949
400059, 2015-03-20 05:50:03, 31034
400060, 2015-03-20 05:55:02, 31103
400061, 2015-03-20 06:00:02, 31199
400062, 2015-03-20 06:05:02, 31228
400063, 2015-03-20 06:10:02, 31691
400064, 2015-03-20 06:15:01, 32343
400065, 2015-03-20 06:20:02, 32666
400066, 2015-03-20 06:25:02, 33048
400067, 2015-03-20 06:30:02, 33290
400068, 2015-03-20 06:35:02, 33744
400069, 2015-03-20 06:40:01, 34232
400070, 2015-03-20 06:45:01, 34761
400071, 2015-03-20 06:50:03, 35283
400072, 2015-03-20 06:55:01, 35806
400073, 2015-03-20 07:00:01, 36516
400074, 2015-03-20 07:05:02, 37210
400075, 2015-03-20 07:10:02, 37785
400076, 2015-03-20 07:15:01, 38621
400077, 2015-03-20 07:20:04, 39365
400078, 2015-03-20 07:25:02, 39815
400079, 2015-03-20 07:30:03, 40142
400080, 2015-03-20 07:35:02, 40384
400081, 2015-03-20 07:40:02, 40520
400082, 2015-03-20 07:45:03, 40757
400083, 2015-03-20 07:50:03, 41071
400084, 2015-03-20 07:55:01, 41293
400085, 2015-03-20 08:00:03, 41548
400086, 2015-03-20 08:05:02, 41693
400087, 2015-03-20 08:10:02, 41837
400088, 2015-03-20 08:15:02, 41981
400089, 2015-03-20 08:20:06, 42012
400090, 2015-03-20 08:25:01, 42041
400091, 2015-03-20 08:30:03, 42048
400092, 2015-03-20 08:35:05, 42077
400093, 2015-03-20 08:40:01, 42041
400094, 2015-03-20 08:45:02, 42134
400095, 2015-03-20 08:50:02, 42108
400096, 2015-03-20 08:55:03, 42205
400097, 2015-03-20 09:00:03, 42433
400098, 2015-03-20 09:05:02, 42733
400099, 2015-03-20 09:10:01, 43133
400100, 2015-03-20 09:15:02, 43427
400101, 2015-03-20 09:20:06, 43712
400102, 2015-03-20 09:25:03, 43980
400103, 2015-03-20 09:30:07, 44128
400104, 2015-03-20 09:35:03, 44144
400105, 2015-03-20 09:40:03, 44259
400106, 2015-03-20 09:45:02, 44373
400107, 2015-03-20 09:50:06, 44363
400108, 2015-03-20 09:55:02, 44350
400109, 2015-03-20 10:00:03, 44319
400110, 2015-03-20 10:05:02, 44021
400111, 2015-03-20 10:10:02, 43728
400112, 2015-03-20 10:15:02, 43561
400113, 2015-03-20 10:20:05, 43286
400114, 2015-03-20 10:25:04, 43042
400115, 2015-03-20 10:30:06, 42830
400116, 2015-03-20 10:35:01, 42500
400117, 2015-03-20 10:40:04, 42290
400118, 2015-03-20 10:45:03, 42021
400119, 2015-03-20 10:50:02, 41800
400120, 2015-03-20 10:55:02, 41614
400121, 2015-03-20 11:00:03, 41511
400122, 2015-03-20 11:05:02, 41355
400123, 2015-03-20 11:10:02, 41379
400124, 2015-03-20 11:15:02, 41357
400125, 2015-03-20 11:20:10, 41255
400126, 2015-03-20 11:25:03, 41045
400127, 2015-03-20 11:30:03, 40954
400128, 2015-03-20 11:35:04, 40848
400129, 2015-03-20 11:40:01, 40802
400130, 2015-03-20 11:45:02, 40668
400131, 2015-03-20 11:50:03, 40562
400132, 2015-03-20 11:55:02, 40402
400133, 2015-03-20 12:00:02, 40291
400134, 2015-03-20 12:05:02, 40293
400135, 2015-03-20 12:10:01, 40232
400136, 2015-03-20 12:15:02, 40130
400137, 2015-03-20 12:20:05, 40048
400138, 2015-03-20 12:25:01, 39995
400139, 2015-03-20 12:30:03, 39887
400140, 2015-03-20 12:35:02, 39791
400141, 2015-03-20 12:40:02, 39744
400142, 2015-03-20 12:45:08, 39580
400143, 2015-03-20 12:50:06, 39318
400144, 2015-03-20 12:55:02, 39154
400145, 2015-03-20 13:00:01, 39001
400146, 2015-03-20 13:05:03, 38884
400147, 2015-03-20 13:10:02, 39027
400148, 2015-03-20 13:15:03, 38893
400149, 2015-03-20 13:20:02, 38774
400150, 2015-03-20 13:25:01, 38655
400151, 2015-03-20 13:30:02, 38556
400152, 2015-03-20 13:35:03, 38489
400153, 2015-03-20 13:40:01, 38393
400154, 2015-03-20 13:45:02, 38272
400155, 2015-03-20 13:50:02, 38117
400156, 2015-03-20 13:55:02, 37961
400157, 2015-03-20 14:00:03, 37919
400158, 2015-03-20 14:05:02, 37997
400159, 2015-03-20 14:10:02, 38124
400160, 2015-03-20 14:15:01, 38200
400161, 2015-03-20 14:20:04, 38152
400162, 2015-03-20 14:25:03, 38164
400163, 2015-03-20 14:30:04, 38122
400164, 2015-03-20 14:35:02, 38103
400165, 2015-03-20 14:40:01, 38087
400166, 2015-03-20 14:45:01, 38034
400167, 2015-03-20 14:50:02, 37948
400168, 2015-03-20 14:55:02, 37823
400169, 2015-03-20 15:01:13, 37652
400170, 2015-03-20 15:05:02, 37489
400171, 2015-03-20 15:10:01, 37472
400172, 2015-03-20 15:15:01, 37510
400173, 2015-03-20 15:20:05, 37491
400174, 2015-03-20 15:25:05, 37572
400175, 2015-03-20 15:30:02, 37542
400176, 2015-03-20 15:35:03, 37634
400177, 2015-03-20 15:40:03, 37733
400178, 2015-03-20 15:45:05, 37890
400179, 2015-03-20 15:50:02, 38053
400180, 2015-03-20 15:55:03, 38286
400181, 2015-03-20 16:00:02, 38462
400182, 2015-03-20 16:05:02, 38624
400183, 2015-03-20 16:10:02, 38706
400184, 2015-03-20 16:15:05, 38775
400185, 2015-03-20 16:20:03, 38931
400186, 2015-03-20 16:25:02, 39104
400187, 2015-03-20 16:30:02, 39268
400188, 2015-03-20 16:35:05, 39456
400189, 2015-03-20 16:40:19, 39727
400190, 2015-03-20 16:45:11, 39984
400191, 2015-03-20 16:50:03, 40072
400192, 2015-03-20 16:55:07, 40245
400193, 2015-03-20 17:00:02, 40401
400194, 2015-03-20 17:05:02, 40732
400195, 2015-03-20 17:10:02, 40843
400196, 2015-03-20 17:15:01, 40932
400197, 2015-03-20 17:20:03, 41031
400198, 2015-03-20 17:25:02, 41161
400199, 2015-03-20 17:30:03, 41286
400200, 2015-03-20 17:35:03, 41394
400201, 2015-03-20 17:40:01, 41477
400202, 2015-03-20 17:45:03, 41535
400203, 2015-03-20 17:50:04, 41610
400204, 2015-03-20 17:55:02, 41733
400205, 2015-03-20 18:00:03, 41856
400206, 2015-03-20 18:05:01, 42085
400207, 2015-03-20 18:10:05, 42463
400208, 2015-03-20 18:15:02, 42683
400209, 2015-03-20 18:20:04, 42886
400210, 2015-03-20 18:25:03, 43282
400211, 2015-03-20 18:30:03, 43573
400212, 2015-03-20 18:35:03, 44017
400213, 2015-03-20 18:40:06, 44380
400214, 2015-03-20 18:45:04, 44706
400215, 2015-03-20 18:50:04, 45030
400216, 2015-03-20 18:55:03, 45124
400217, 2015-03-20 19:00:03, 44968
400218, 2015-03-20 19:05:02, 44860
400219, 2015-03-20 19:10:02, 44934
400220, 2015-03-20 19:15:02, 44791
400221, 2015-03-20 19:20:02, 44730
400222, 2015-03-20 19:25:04, 44439
400223, 2015-03-20 19:30:01, 44142
400224, 2015-03-20 19:35:02, 44027
400225, 2015-03-20 19:40:02, 44063
400226, 2015-03-20 19:45:02, 43678
400227, 2015-03-20 19:50:01, 43434
400228, 2015-03-20 19:55:02, 43106
400229, 2015-03-20 20:00:03, 42874
400230, 2015-03-20 20:05:02, 42599
400231, 2015-03-20 20:10:01, 42639
400232, 2015-03-20 20:15:03, 42486
400233, 2015-03-20 20:20:04, 42124
400234, 2015-03-20 20:25:02, 41750
400235, 2015-03-20 20:30:03, 41530
400236, 2015-03-20 20:35:02, 41201
400237, 2015-03-20 20:40:01, 41044
400238, 2015-03-20 20:45:01, 40722
400239, 2015-03-20 20:50:02, 40594
400240, 2015-03-20 20:55:01, 40148
400241, 2015-03-20 21:00:02, 39816
400242, 2015-03-20 21:05:02, 39696
400243, 2015-03-20 21:10:02, 39501
400244, 2015-03-20 21:15:02, 39061
400245, 2015-03-20 21:20:05, 38635
400246, 2015-03-20 21:25:02, 38258
400247, 2015-03-20 21:30:02, 37840
400248, 2015-03-20 21:35:02, 37522
400249, 2015-03-20 21:40:02, 37207
400250, 2015-03-20 21:45:01, 36893
400251, 2015-03-20 21:50:02, 36699
400252, 2015-03-20 21:55:02, 36525
400253, 2015-03-20 22:00:03, 36116
400254, 2015-03-20 22:05:03, 35732
400255, 2015-03-20 22:10:01, 35597
400256, 2015-03-20 22:15:02, 35212
400257, 2015-03-20 22:20:03, 34811
400258, 2015-03-20 22:25:02, 34447
400259, 2015-03-20 22:30:02, 34049
400260, 2015-03-20 22:35:01, 33753
400261, 2015-03-20 22:40:02, 33802
400262, 2015-03-20 22:45:02, 33623
400263, 2015-03-20 22:50:02, 33231
400264, 2015-03-20 22:55:02, 32933
400265, 2015-03-20 23:00:03, 32421
400266, 2015-03-20 23:05:01, 32025
400267, 2015-03-20 23:10:01, 31806
400268, 2015-03-20 23:15:02, 31581
400269, 2015-03-20 23:20:03, 31238
400270, 2015-03-20 23:25:02, 30914
400271, 2015-03-20 23:30:01, 30663
400272, 2015-03-20 23:35:02, 30457
400273, 2015-03-20 23:40:02, 30445
400274, 2015-03-20 23:45:05, 30351
400275, 2015-03-20 23:50:02, 30110
400276, 2015-03-20 23:55:02, 30098
400277, 2015-03-21 00:00:05, 29915
400278, 2015-03-21 00:05:03, 29793
400279, 2015-03-21 00:10:02, 29855
400280, 2015-03-21 00:15:02, 29820
400281, 2015-03-21 00:20:03, 29663
400282, 2015-03-21 00:25:01, 29530
400283, 2015-03-21 00:30:02, 29471
400284, 2015-03-21 00:35:02, 29376
400285, 2015-03-21 00:40:01, 29607
400286, 2015-03-21 00:45:01, 29698
400287, 2015-03-21 00:50:02, 29762
400288, 2015-03-21 00:55:01, 29868
400289, 2015-03-21 01:00:02, 30019
400290, 2015-03-21 01:05:02, 29899
400291, 2015-03-21 01:10:03, 30112
400292, 2015-03-21 01:15:01, 30110
400293, 2015-03-21 01:20:03, 30143
400294, 2015-03-21 01:25:02, 30070
400295, 2015-03-21 01:30:02, 30064
400296, 2015-03-21 01:35:02, 29892
400297, 2015-03-21 01:40:02, 29845
400298, 2015-03-21 01:45:03, 29699
400299, 2015-03-21 01:50:05, 29650
400300, 2015-03-21 01:55:02, 29505
400301, 2015-03-21 02:00:03, 29340
400302, 2015-03-21 02:05:02, 29169
400303, 2015-03-21 02:10:03, 29219
400304, 2015-03-21 02:15:02, 29273
400305, 2015-03-21 02:20:02, 29175
400306, 2015-03-21 02:25:04, 29071
400307, 2015-03-21 02:30:02, 28914
400308, 2015-03-21 02:35:01, 28857
400309, 2015-03-21 02:40:02, 29015
400310, 2015-03-21 02:45:02, 29008
400311, 2015-03-21 02:50:03, 28937
400312, 2015-03-21 02:55:03, 28869
400313, 2015-03-21 03:00:03, 28637
400314, 2015-03-21 03:05:05, 28527
400315, 2015-03-21 03:10:02, 28545
400316, 2015-03-21 03:15:02, 28371
400317, 2015-03-21 03:20:04, 28177
400318, 2015-03-21 03:25:03, 28001
400319, 2015-03-21 03:30:02, 27844
400320, 2015-03-21 03:35:03, 27740
400321, 2015-03-21 03:40:02, 27642
400322, 2015-03-21 03:45:02, 27498
400323, 2015-03-21 03:50:02, 27310
400324, 2015-03-21 03:55:02, 27189
400325, 2015-03-21 04:00:04, 27142
400326, 2015-03-21 04:05:09, 27132
400327, 2015-03-21 04:10:01, 27153
400328, 2015-03-21 04:15:05, 27077
400329, 2015-03-21 04:20:04, 26924
400330, 2015-03-21 04:25:02, 26834
400331, 2015-03-21 04:30:03, 26807
400332, 2015-03-21 04:35:03, 26776
400333, 2015-03-21 04:40:01, 26775
400334, 2015-03-21 04:45:02, 26753
400335, 2015-03-21 04:50:02, 26758
400336, 2015-03-21 04:55:02, 26773
400337, 2015-03-21 05:00:01, 26755
400338, 2015-03-21 05:05:03, 26719
400339, 2015-03-21 05:10:02, 26784
400340, 2015-03-21 05:15:02, 26780
400341, 2015-03-21 05:20:02, 26836
400342, 2015-03-21 05:25:02, 27019
400343, 2015-03-21 05:30:03, 27057
400344, 2015-03-21 05:35:01, 27044
400345, 2015-03-21 05:40:02, 27165
400346, 2015-03-21 05:45:02, 27033
400347, 2015-03-21 05:50:02, 26895
400348, 2015-03-21 05:55:03, 26657
400349, 2015-03-21 06:00:02, 26507
400350, 2015-03-21 06:05:02, 26583
400351, 2015-03-21 06:10:02, 26803
400352, 2015-03-21 06:15:02, 26966
400353, 2015-03-21 06:20:02, 27113
400354, 2015-03-21 06:25:01, 27205
400355, 2015-03-21 06:30:02, 27191
400356, 2015-03-21 06:35:02, 26856
400357, 2015-03-21 06:40:02, 27109
400358, 2015-03-21 06:45:03, 27319
400359, 2015-03-21 06:50:01, 27458
400360, 2015-03-21 06:55:02, 27628
400361, 2015-03-21 07:00:01, 27915
400362, 2015-03-21 07:05:02, 28295
400363, 2015-03-21 07:10:02, 28637
400364, 2015-03-21 07:15:02, 28985
400365, 2015-03-21 07:20:03, 29200
400366, 2015-03-21 07:25:02, 29366
400367, 2015-03-21 07:30:02, 29543
400368, 2015-03-21 07:35:01, 29812
400369, 2015-03-21 07:40:01, 29872
400370, 2015-03-21 07:45:03, 29890
400371, 2015-03-21 07:50:01, 30041
400372, 2015-03-21 07:55:01, 30184
400373, 2015-03-21 08:00:03, 30478
400374, 2015-03-21 08:05:02, 30817
400375, 2015-03-21 08:10:01, 31228
400376, 2015-03-21 08:15:03, 31634
400377, 2015-03-21 08:20:03, 32007
400378, 2015-03-21 08:25:02, 32276
400379, 2015-03-21 08:30:02, 32417
400380, 2015-03-21 08:35:03, 32573
400381, 2015-03-21 08:40:02, 32787
400382, 2015-03-21 08:45:03, 33127
400383, 2015-03-21 08:50:02, 33412
400384, 2015-03-21 08:55:02, 33549
400385, 2015-03-21 09:00:04, 33691
400386, 2015-03-21 09:05:02, 33843
400387, 2015-03-21 09:10:01, 34204
400388, 2015-03-21 09:15:02, 34421
400389, 2015-03-21 09:20:02, 34515
400390, 2015-03-21 09:25:02, 34539
400391, 2015-03-21 09:30:03, 34697
400392, 2015-03-21 09:35:02, 34821
400393, 2015-03-21 09:40:01, 34911
400394, 2015-03-21 09:45:01, 35020
400395, 2015-03-21 09:50:03, 35164
400396, 2015-03-21 09:55:03, 35131
400397, 2015-03-21 10:00:03, 35144
400398, 2015-03-21 10:05:02, 35204
400399, 2015-03-21 10:10:02, 35273
400400, 2015-03-21 10:15:02, 35321
400401, 2015-03-21 10:20:03, 35449
400402, 2015-03-21 10:25:02, 35508
400403, 2015-03-21 10:30:02, 35574
400404, 2015-03-21 10:35:01, 35572
400405, 2015-03-21 10:40:01, 35603
400406, 2015-03-21 10:45:03, 35561
400407, 2015-03-21 10:50:02, 35535
400408, 2015-03-21 10:55:02, 35549
400409, 2015-03-21 11:00:02, 35534
400410, 2015-03-21 11:05:02, 35484
400411, 2015-03-21 11:10:02, 35590
400412, 2015-03-21 11:15:03, 35640
400413, 2015-03-21 11:20:02, 35624
400414, 2015-03-21 11:25:02, 35583
400415, 2015-03-21 11:30:03, 35632
400416, 2015-03-21 11:35:03, 35563
400417, 2015-03-21 11:40:01, 35609
400418, 2015-03-21 11:45:02, 35619
400419, 2015-03-21 11:50:02, 35574
400420, 2015-03-21 11:55:02, 35580
400421, 2015-03-21 12:00:02, 35625
400422, 2015-03-21 12:05:02, 35664
400423, 2015-03-21 12:10:03, 35666
400424, 2015-03-21 12:15:02, 35627
400425, 2015-03-21 12:20:02, 35640
400426, 2015-03-21 12:25:02, 35563
400427, 2015-03-21 12:30:02, 35565
400428, 2015-03-21 12:35:02, 35516
400429, 2015-03-21 12:40:01, 35442
400430, 2015-03-21 12:45:02, 35257
400431, 2015-03-21 12:50:03, 35189
400432, 2015-03-21 12:55:01, 35121
400433, 2015-03-21 13:00:02, 35070
400434, 2015-03-21 13:05:01, 34979
400435, 2015-03-21 13:10:01, 34865
400436, 2015-03-21 13:15:01, 34780
400437, 2015-03-21 13:20:03, 34768
400438, 2015-03-21 13:25:01, 34760
400439, 2015-03-21 13:30:01, 34733
400440, 2015-03-21 13:35:04, 34538
400441, 2015-03-21 13:40:01, 34561
400442, 2015-03-21 13:45:02, 34547
400443, 2015-03-21 13:50:02, 34470
400444, 2015-03-21 13:55:01, 34301
400445, 2015-03-21 14:00:01, 34219
400446, 2015-03-21 14:05:02, 34129
400447, 2015-03-21 14:10:02, 34160
400448, 2015-03-21 14:15:01, 34098
400449, 2015-03-21 14:20:03, 33970
400450, 2015-03-21 14:25:02, 33911
400451, 2015-03-21 14:30:03, 33985
400452, 2015-03-21 14:35:02, 33975
400453, 2015-03-21 14:40:01, 34032
400454, 2015-03-21 14:45:04, 33933
400455, 2015-03-21 14:50:01, 33859
400456, 2015-03-21 14:55:01, 33837
400457, 2015-03-21 15:00:07, 33834
400458, 2015-03-21 15:05:01, 33890
400459, 2015-03-21 15:10:02, 33921
400460, 2015-03-21 15:15:02, 33813
400461, 2015-03-21 15:20:03, 33752
400462, 2015-03-21 15:25:01, 33839
400463, 2015-03-21 15:30:01, 33990
400464, 2015-03-21 15:35:02, 33995
400465, 2015-03-21 15:40:02, 34044
400466, 2015-03-21 15:45:03, 34087
400467, 2015-03-21 15:50:02, 34177
400468, 2015-03-21 15:55:02, 34269
400469, 2015-03-21 16:00:02, 34435
400470, 2015-03-21 16:05:02, 34606
400471, 2015-03-21 16:10:01, 34667
400472, 2015-03-21 16:15:03, 34773
400473, 2015-03-21 16:20:03, 34968
400474, 2015-03-21 16:25:02, 35197
400475, 2015-03-21 16:30:01, 35407
400476, 2015-03-21 16:35:02, 35659
400477, 2015-03-21 16:40:02, 35928
400478, 2015-03-21 16:45:03, 36163
400479, 2015-03-21 16:50:02, 36439
400480, 2015-03-21 16:55:02, 36670
400481, 2015-03-21 17:00:03, 36868
400482, 2015-03-21 17:05:02, 37134
400483, 2015-03-21 17:10:02, 37391
400484, 2015-03-21 17:15:02, 37587
400485, 2015-03-21 17:20:04, 37855
400486, 2015-03-21 17:25:01, 38064
400487, 2015-03-21 17:30:02, 38258
400488, 2015-03-21 17:35:02, 38524
400489, 2015-03-21 17:40:01, 38728
400490, 2015-03-21 17:45:04, 38844
400491, 2015-03-21 17:50:02, 39017
400492, 2015-03-21 17:55:02, 39234
400493, 2015-03-21 18:00:03, 39344
400494, 2015-03-21 18:05:01, 39642
400495, 2015-03-21 18:10:02, 40018
400496, 2015-03-21 18:15:02, 40169
400497, 2015-03-21 18:20:02, 40213
400498, 2015-03-21 18:25:02, 40231
400499, 2015-03-21 18:30:03, 40412
400500, 2015-03-21 18:35:02, 40785
400501, 2015-03-21 18:40:02, 41098
400502, 2015-03-21 18:45:02, 41390
400503, 2015-03-21 18:50:02, 41580
400504, 2015-03-21 18:55:02, 41842
400505, 2015-03-21 19:00:03, 41768
400506, 2015-03-21 19:05:02, 41850
400507, 2015-03-21 19:10:01, 42063
400508, 2015-03-21 19:15:02, 42135
400509, 2015-03-21 19:20:04, 42023
400510, 2015-03-21 19:25:02, 41985
400511, 2015-03-21 19:30:01, 41819
400512, 2015-03-21 19:35:02, 41574
400513, 2015-03-21 19:40:01, 41398
400514, 2015-03-21 19:45:01, 41227
400515, 2015-03-21 19:50:02, 40955
400516, 2015-03-21 19:55:02, 40764
400517, 2015-03-21 20:00:02, 40643
400518, 2015-03-21 20:05:01, 40393
400519, 2015-03-21 20:10:02, 40209
400520, 2015-03-21 20:15:02, 40029
400521, 2015-03-21 20:20:03, 39741
400522, 2015-03-21 20:25:02, 39451
400523, 2015-03-21 20:30:01, 39206
400524, 2015-03-21 20:35:02, 39004
400525, 2015-03-21 20:40:01, 38788
400526, 2015-03-21 20:45:03, 38501
400527, 2015-03-21 20:50:01, 38182
400528, 2015-03-21 20:55:01, 38060
400529, 2015-03-21 21:00:03, 37861
400530, 2015-03-21 21:05:02, 37628
400531, 2015-03-21 21:10:03, 37354
400532, 2015-03-21 21:15:03, 37060
400533, 2015-03-21 21:20:03, 36689
400534, 2015-03-21 21:25:03, 36519
400535, 2015-03-21 21:30:06, 36347
400536, 2015-03-21 21:35:01, 36166
400537, 2015-03-21 21:40:03, 36079
400538, 2015-03-21 21:45:04, 35706
400539, 2015-03-21 21:50:02, 35361
400540, 2015-03-21 21:55:02, 35119
400541, 2015-03-21 22:00:04, 34847
400542, 2015-03-21 22:05:03, 34545
400543, 2015-03-21 22:10:02, 34307
400544, 2015-03-21 22:15:03, 33975
400545, 2015-03-21 22:20:03, 33729
400546, 2015-03-21 22:25:02, 33492
400547, 2015-03-21 22:30:02, 33165
400548, 2015-03-21 22:35:02, 32962
400549, 2015-03-21 22:40:01, 33029
400550, 2015-03-21 22:45:03, 32778
400551, 2015-03-21 22:50:03, 32492
400552, 2015-03-21 22:55:02, 32268
400553, 2015-03-21 23:00:03, 31951
400554, 2015-03-21 23:05:02, 31625
400555, 2015-03-21 23:10:02, 31408
400556, 2015-03-21 23:15:03, 31099
400557, 2015-03-21 23:20:02, 30715
400558, 2015-03-21 23:25:03, 30467
400559, 2015-03-21 23:30:02, 30197
400560, 2015-03-21 23:35:02, 29970
400561, 2015-03-21 23:40:01, 29958
400562, 2015-03-21 23:45:04, 29850
400563, 2015-03-21 23:50:02, 29685
400564, 2015-03-21 23:55:02, 29559
400565, 2015-03-22 00:00:02, 29423
400566, 2015-03-22 00:05:02, 29258
400567, 2015-03-22 00:10:01, 29343
400568, 2015-03-22 00:15:01, 29333
400569, 2015-03-22 00:20:03, 29287
400570, 2015-03-22 00:25:02, 29445
400571, 2015-03-22 00:30:02, 29528
400572, 2015-03-22 00:35:02, 29454
400573, 2015-03-22 00:40:02, 29660
400574, 2015-03-22 00:45:03, 29765
400575, 2015-03-22 00:50:02, 29850
400576, 2015-03-22 00:55:02, 29956
400577, 2015-03-22 01:00:03, 30000
400578, 2015-03-22 01:05:02, 29893
400579, 2015-03-22 01:10:02, 29958
400580, 2015-03-22 01:15:02, 29848
400581, 2015-03-22 01:20:02, 29719
400582, 2015-03-22 01:25:01, 29549
400583, 2015-03-22 01:30:01, 29363
400584, 2015-03-22 01:35:01, 29162
400585, 2015-03-22 01:40:01, 29229
400586, 2015-03-22 01:45:01, 29218
400587, 2015-03-22 01:50:02, 29115
400588, 2015-03-22 01:55:02, 28985
400589, 2015-03-22 02:00:02, 28823
400590, 2015-03-22 02:05:03, 28846
400591, 2015-03-22 02:10:02, 28770
400592, 2015-03-22 02:15:02, 28715
400593, 2015-03-22 02:20:04, 28650
400594, 2015-03-22 02:25:01, 28542
400595, 2015-03-22 02:30:01, 28438
400596, 2015-03-22 02:35:02, 28382
400597, 2015-03-22 02:40:02, 28512
400598, 2015-03-22 02:45:02, 28539
400599, 2015-03-22 02:50:03, 28493
400600, 2015-03-22 02:55:03, 28369
400601, 2015-03-22 03:00:02, 28234
400602, 2015-03-22 03:05:04, 28135
400603, 2015-03-22 03:10:02, 28095
400604, 2015-03-22 03:15:02, 28210
400605, 2015-03-22 03:20:02, 28131
400606, 2015-03-22 03:25:02, 28034
400607, 2015-03-22 03:30:02, 27926
400608, 2015-03-22 03:35:02, 27855
400609, 2015-03-22 03:40:02, 27786
400610, 2015-03-22 03:45:04, 27736
400611, 2015-03-22 03:50:03, 27659
400612, 2015-03-22 03:55:02, 27549
400613, 2015-03-22 04:00:04, 27434
400614, 2015-03-22 04:05:10, 27572
400615, 2015-03-22 04:10:02, 27566
400616, 2015-03-22 04:15:02, 27464
400617, 2015-03-22 04:20:02, 27393
400618, 2015-03-22 04:25:01, 27326
400619, 2015-03-22 04:30:01, 27289
400620, 2015-03-22 04:35:03, 27320
400621, 2015-03-22 04:40:02, 27366
400622, 2015-03-22 04:45:02, 27289
400623, 2015-03-22 04:50:02, 27252
400624, 2015-03-22 04:55:02, 27222
400625, 2015-03-22 05:00:01, 27183
400626, 2015-03-22 05:05:03, 27164
400627, 2015-03-22 05:10:03, 27264
400628, 2015-03-22 05:15:02, 27374
400629, 2015-03-22 05:20:03, 27323
400630, 2015-03-22 05:25:02, 27225
400631, 2015-03-22 05:30:02, 27242
400632, 2015-03-22 05:35:01, 27197
400633, 2015-03-22 05:40:02, 27423
400634, 2015-03-22 05:45:03, 27338
400635, 2015-03-22 05:50:02, 27278
400636, 2015-03-22 05:55:03, 27353
400637, 2015-03-22 06:00:02, 27340
400638, 2015-03-22 06:05:02, 27314
400639, 2015-03-22 06:10:02, 27417
400640, 2015-03-22 06:15:03, 27570
400641, 2015-03-22 06:20:03, 27622
400642, 2015-03-22 06:25:02, 27659
400643, 2015-03-22 06:30:10, 27686
400644, 2015-03-22 06:35:03, 27734
400645, 2015-03-22 06:40:02, 27801
400646, 2015-03-22 06:45:02, 27914
400647, 2015-03-22 06:50:03, 28034
400648, 2015-03-22 06:55:01, 28173
400649, 2015-03-22 07:00:02, 28323
400650, 2015-03-22 07:05:02, 28463
400651, 2015-03-22 07:10:02, 28637
400652, 2015-03-22 07:15:02, 28866
400653, 2015-03-22 07:20:03, 29061
400654, 2015-03-22 07:25:02, 29136
400655, 2015-03-22 07:30:03, 29073
400656, 2015-03-22 07:35:02, 29101
400657, 2015-03-22 07:40:02, 28946
400658, 2015-03-22 07:45:01, 28921
400659, 2015-03-22 07:50:04, 28810
400660, 2015-03-22 07:55:02, 28769
400661, 2015-03-22 08:00:03, 28901
400662, 2015-03-22 08:05:02, 29028
400663, 2015-03-22 08:10:01, 29335
400664, 2015-03-22 08:15:01, 29636
400665, 2015-03-22 08:20:03, 29922
400666, 2015-03-22 08:25:02, 30183
400667, 2015-03-22 08:30:03, 30361
400668, 2015-03-22 08:35:02, 30521
400669, 2015-03-22 08:40:01, 30676
400670, 2015-03-22 08:45:04, 30947
400671, 2015-03-22 08:50:01, 31158
400672, 2015-03-22 08:55:01, 31364
400673, 2015-03-22 09:00:03, 31542
400674, 2015-03-22 09:05:02, 31842
400675, 2015-03-22 09:10:02, 32169
400676, 2015-03-22 09:15:02, 32386
400677, 2015-03-22 09:20:02, 32573
400678, 2015-03-22 09:25:02, 32741
400679, 2015-03-22 09:30:02, 32888
400680, 2015-03-22 09:35:03, 32977
400681, 2015-03-22 09:40:03, 33062
400682, 2015-03-22 09:45:02, 33159
400683, 2015-03-22 09:50:01, 33185
400684, 2015-03-22 09:55:01, 33310
400685, 2015-03-22 10:00:01, 33428
400686, 2015-03-22 10:05:03, 33547
400687, 2015-03-22 10:10:02, 33813
400688, 2015-03-22 10:15:02, 33941
400689, 2015-03-22 10:20:02, 34009
400690, 2015-03-22 10:25:02, 34103
400691, 2015-03-22 10:30:03, 34100
400692, 2015-03-22 10:35:01, 34132
400693, 2015-03-22 10:40:02, 34171
400694, 2015-03-22 10:45:03, 34218
400695, 2015-03-22 10:50:01, 34210
400696, 2015-03-22 10:55:01, 34271
400697, 2015-03-22 11:00:03, 34225
400698, 2015-03-22 11:05:01, 34264
400699, 2015-03-22 11:10:01, 34304
400700, 2015-03-22 11:15:02, 34312
400701, 2015-03-22 11:20:04, 34301
400702, 2015-03-22 11:25:02, 34331
400703, 2015-03-22 11:30:02, 34321
400704, 2015-03-22 11:35:02, 34329
400705, 2015-03-22 11:40:02, 34338
400706, 2015-03-22 11:45:04, 34311
400707, 2015-03-22 11:50:02, 34340
400708, 2015-03-22 11:55:02, 34254
400709, 2015-03-22 12:00:03, 34244
400710, 2015-03-22 12:05:01, 34307
400711, 2015-03-22 12:10:02, 34328
400712, 2015-03-22 12:15:02, 34317
400713, 2015-03-22 12:20:02, 34334
400714, 2015-03-22 12:25:02, 34309
400715, 2015-03-22 12:30:02, 34351
400716, 2015-03-22 12:35:02, 34246
400717, 2015-03-22 12:40:01, 34275
400718, 2015-03-22 12:45:02, 34302
400719, 2015-03-22 12:50:02, 34221
400720, 2015-03-22 12:55:01, 34102
400721, 2015-03-22 13:00:01, 34049
400722, 2015-03-22 13:05:02, 33912
400723, 2015-03-22 13:10:02, 33848
400724, 2015-03-22 13:15:02, 33792
400725, 2015-03-22 13:20:03, 33664
400726, 2015-03-22 13:25:02, 33533
400727, 2015-03-22 13:30:02, 33421
400728, 2015-03-22 13:35:01, 33326
400729, 2015-03-22 13:40:03, 33253
400730, 2015-03-22 13:45:02, 33114
400731, 2015-03-22 13:50:03, 32982
400732, 2015-03-22 13:55:01, 32880
400733, 2015-03-22 14:00:01, 32696
400734, 2015-03-22 14:05:02, 32655
400735, 2015-03-22 14:10:02, 32784
400736, 2015-03-22 14:15:02, 32752
400737, 2015-03-22 14:20:04, 32632
400738, 2015-03-22 14:25:02, 32629
400739, 2015-03-22 14:30:02, 32740
400740, 2015-03-22 14:35:03, 32637
400741, 2015-03-22 14:40:03, 32670
400742, 2015-03-22 14:45:02, 32575
400743, 2015-03-22 14:50:02, 32530
400744, 2015-03-22 14:55:01, 32597
400745, 2015-03-22 15:00:03, 32670
400746, 2015-03-22 15:05:02, 32707
400747, 2015-03-22 15:10:02, 32764
400748, 2015-03-22 15:15:01, 32857
400749, 2015-03-22 15:20:03, 32892
400750, 2015-03-22 15:25:03, 32927
400751, 2015-03-22 15:30:01, 33007
400752, 2015-03-22 15:35:03, 33162
400753, 2015-03-22 15:40:01, 33320
400754, 2015-03-22 15:45:03, 33337
400755, 2015-03-22 15:50:02, 33503
400756, 2015-03-22 15:55:02, 33685
400757, 2015-03-22 16:00:03, 33815
400758, 2015-03-22 16:05:01, 34085
400759, 2015-03-22 16:10:02, 34164
400760, 2015-03-22 16:15:02, 34312
400761, 2015-03-22 16:20:03, 34442
400762, 2015-03-22 16:25:01, 34649
400763, 2015-03-22 16:30:02, 34817
400764, 2015-03-22 16:35:02, 35017
400765, 2015-03-22 16:40:01, 35234
400766, 2015-03-22 16:45:03, 35452
400767, 2015-03-22 16:50:02, 35671
400768, 2015-03-22 16:55:02, 35995
400769, 2015-03-22 17:00:03, 36306
400770, 2015-03-22 17:05:02, 36606
400771, 2015-03-22 17:10:02, 36970
400772, 2015-03-22 17:15:02, 37227
400773, 2015-03-22 17:20:03, 37363
400774, 2015-03-22 17:25:02, 37522
400775, 2015-03-22 17:30:04, 37687
400776, 2015-03-22 17:35:02, 37875
400777, 2015-03-22 17:40:02, 37983
400778, 2015-03-22 17:45:03, 38139
400779, 2015-03-22 17:50:02, 38338
400780, 2015-03-22 17:55:01, 38480
400781, 2015-03-22 18:00:01, 38715
400782, 2015-03-22 18:05:01, 38943
400783, 2015-03-22 18:10:02, 39300
400784, 2015-03-22 18:15:02, 39565
400785, 2015-03-22 18:20:02, 39814
400786, 2015-03-22 18:25:02, 40018
400787, 2015-03-22 18:30:05, 40206
400788, 2015-03-22 18:35:01, 40398
400789, 2015-03-22 18:40:02, 40802
400790, 2015-03-22 18:45:03, 41258
400791, 2015-03-22 18:50:02, 41671
400792, 2015-03-22 18:55:01, 41965
400793, 2015-03-22 19:00:01, 42174
400794, 2015-03-22 19:05:01, 42247
400795, 2015-03-22 19:10:02, 42442
400796, 2015-03-22 19:15:03, 42585
400797, 2015-03-22 19:20:04, 42427
400798, 2015-03-22 19:25:02, 42318
400799, 2015-03-22 19:30:03, 42055
400800, 2015-03-22 19:35:02, 41781
400801, 2015-03-22 19:40:02, 41697
400802, 2015-03-22 19:45:02, 41502
400803, 2015-03-22 19:50:03, 41162
400804, 2015-03-22 19:55:02, 40941
400805, 2015-03-22 20:00:02, 40755
400806, 2015-03-22 20:05:02, 40667
400807, 2015-03-22 20:10:05, 40820
400808, 2015-03-22 20:15:01, 40682
400809, 2015-03-22 20:20:02, 40299
400810, 2015-03-22 20:25:02, 40035
400811, 2015-03-22 20:30:03, 39756
400812, 2015-03-22 20:35:02, 39481
400813, 2015-03-22 20:40:02, 39210
400814, 2015-03-22 20:45:02, 38914
400815, 2015-03-22 20:50:02, 38598
400816, 2015-03-22 20:55:01, 38377
400817, 2015-03-22 21:00:03, 38305
400818, 2015-03-22 21:05:02, 38056
400819, 2015-03-22 21:10:01, 38030
400820, 2015-03-22 21:15:01, 37566
400821, 2015-03-22 21:20:03, 37080
400822, 2015-03-22 21:25:01, 36851
400823, 2015-03-22 21:30:01, 36507
400824, 2015-03-22 21:35:02, 36184
400825, 2015-03-22 21:40:02, 35846
400826, 2015-03-22 21:45:03, 35392
400827, 2015-03-22 21:50:01, 35003
400828, 2015-03-22 21:55:02, 34636
400829, 2015-03-22 22:00:01, 34356
400830, 2015-03-22 22:05:02, 34047
400831, 2015-03-22 22:10:02, 33985
400832, 2015-03-22 22:15:02, 33658
400833, 2015-03-22 22:20:02, 33241
400834, 2015-03-22 22:25:02, 32797
400835, 2015-03-22 22:30:02, 32407
400836, 2015-03-22 22:35:01, 32098
400837, 2015-03-22 22:40:01, 32046
400838, 2015-03-22 22:45:02, 31770
400839, 2015-03-22 22:50:02, 31478
400840, 2015-03-22 22:55:03, 31017
400841, 2015-03-22 23:00:02, 30565
400842, 2015-03-22 23:05:02, 30224
400843, 2015-03-22 23:10:03, 29822
400844, 2015-03-22 23:15:02, 29427
400845, 2015-03-22 23:20:03, 29123
400846, 2015-03-22 23:25:02, 28876
400847, 2015-03-22 23:30:02, 28640
400848, 2015-03-22 23:35:02, 28376
400849, 2015-03-22 23:40:02, 28301
400850, 2015-03-22 23:45:02, 28227
400851, 2015-03-22 23:50:02, 28230
400852, 2015-03-22 23:55:02, 28220
400853, 2015-03-23 00:00:05, 28042
400854, 2015-03-23 00:05:02, 27901
400855, 2015-03-23 00:10:01, 28040
400856, 2015-03-23 00:15:03, 28102
400857, 2015-03-23 00:20:03, 28259
400858, 2015-03-23 00:25:02, 28453
400859, 2015-03-23 00:30:03, 28442
400860, 2015-03-23 00:35:03, 28418
400861, 2015-03-23 00:40:02, 28652
400862, 2015-03-23 00:45:04, 28672
400863, 2015-03-23 00:50:01, 28691
400864, 2015-03-23 00:55:02, 28772
400865, 2015-03-23 01:00:03, 28771
400866, 2015-03-23 01:05:02, 28900
400867, 2015-03-23 01:10:02, 29195
400868, 2015-03-23 01:15:02, 29190
400869, 2015-03-23 01:20:03, 29284
400870, 2015-03-23 01:25:02, 29403
400871, 2015-03-23 01:30:02, 29411
400872, 2015-03-23 01:35:03, 29262
400873, 2015-03-23 01:40:01, 29123
400874, 2015-03-23 01:45:03, 28984
400875, 2015-03-23 01:50:02, 28835
400876, 2015-03-23 01:55:01, 28718
400877, 2015-03-23 02:00:02, 28598
400878, 2015-03-23 02:05:02, 28486
400879, 2015-03-23 02:10:02, 28558
400880, 2015-03-23 02:15:02, 28486
400881, 2015-03-23 02:20:03, 28374
400882, 2015-03-23 02:25:02, 28373
400883, 2015-03-23 02:30:02, 28368
400884, 2015-03-23 02:35:03, 28324
400885, 2015-03-23 02:40:03, 28378
400886, 2015-03-23 02:45:02, 28213
400887, 2015-03-23 02:50:03, 28311
400888, 2015-03-23 02:55:05, 28304
400889, 2015-03-23 03:00:05, 28208
400890, 2015-03-23 03:05:03, 28041
400891, 2015-03-23 03:10:03, 27997
400892, 2015-03-23 03:15:03, 27878
400893, 2015-03-23 03:20:01, 27772
400894, 2015-03-23 03:25:03, 27684
400895, 2015-03-23 03:30:03, 27656
400896, 2015-03-23 03:35:03, 27570
400897, 2015-03-23 03:40:02, 27498
400898, 2015-03-23 03:45:02, 27414
400899, 2015-03-23 03:50:02, 27291
400900, 2015-03-23 03:55:01, 27212
400901, 2015-03-23 04:00:07, 27125
400902, 2015-03-23 04:05:01, 27059
400903, 2015-03-23 04:10:03, 27061
400904, 2015-03-23 04:15:02, 27091
400905, 2015-03-23 04:20:02, 27130
400906, 2015-03-23 04:25:02, 27156
400907, 2015-03-23 04:30:03, 27044
400908, 2015-03-23 04:35:02, 27023
400909, 2015-03-23 04:40:02, 27241
400910, 2015-03-23 04:45:02, 27307
400911, 2015-03-23 04:50:03, 27306
400912, 2015-03-23 04:55:01, 27290
400913, 2015-03-23 05:00:02, 27176
400914, 2015-03-23 05:05:01, 27155
400915, 2015-03-23 05:10:02, 27186
400916, 2015-03-23 05:15:02, 27542
400917, 2015-03-23 05:20:04, 27538
400918, 2015-03-23 05:25:02, 27490
400919, 2015-03-23 05:30:02, 27449
400920, 2015-03-23 05:35:05, 27507
400921, 2015-03-23 05:40:01, 27857
400922, 2015-03-23 05:45:02, 28135
400923, 2015-03-23 05:50:02, 28340
400924, 2015-03-23 05:55:02, 28667
400925, 2015-03-23 06:00:03, 28812
400926, 2015-03-23 06:05:01, 28961
400927, 2015-03-23 06:10:01, 29419
400928, 2015-03-23 06:15:02, 30087
400929, 2015-03-23 06:20:03, 30748
400930, 2015-03-23 06:25:01, 31249
400931, 2015-03-23 06:30:02, 31703
400932, 2015-03-23 06:35:02, 32096
400933, 2015-03-23 06:40:02, 32709
400934, 2015-03-23 06:45:04, 33289
400935, 2015-03-23 06:50:03, 33797
400936, 2015-03-23 06:55:02, 34352
400937, 2015-03-23 07:00:03, 35064
400938, 2015-03-23 07:05:02, 35571
400939, 2015-03-23 07:10:05, 36038
400940, 2015-03-23 07:15:02, 36823
400941, 2015-03-23 07:20:02, 37401
400942, 2015-03-23 07:25:02, 37824
400943, 2015-03-23 07:30:02, 38184
400944, 2015-03-23 07:35:03, 38516
400945, 2015-03-23 07:40:01, 38759
400946, 2015-03-23 07:45:02, 38953
400947, 2015-03-23 07:50:02, 39167
400948, 2015-03-23 07:55:02, 39217
400949, 2015-03-23 08:00:04, 39421
400950, 2015-03-23 08:05:02, 39632
400951, 2015-03-23 08:10:01, 39770
400952, 2015-03-23 08:15:02, 40023
400953, 2015-03-23 08:20:03, 40033
400954, 2015-03-23 08:25:03, 40059
400955, 2015-03-23 08:30:02, 40185
400956, 2015-03-23 08:35:02, 40168
400957, 2015-03-23 08:40:02, 40090
400958, 2015-03-23 08:45:03, 40115
400959, 2015-03-23 08:50:02, 40196
400960, 2015-03-23 08:55:02, 40304
400961, 2015-03-23 09:00:03, 40453
400962, 2015-03-23 09:05:02, 40631
400963, 2015-03-23 09:10:01, 40741
400964, 2015-03-23 09:15:01, 40922
400965, 2015-03-23 09:20:06, 41066
400966, 2015-03-23 09:25:02, 41118
400967, 2015-03-23 09:30:03, 41096
400968, 2015-03-23 09:35:02, 41060
400969, 2015-03-23 09:40:02, 40965
400970, 2015-03-23 09:45:03, 40972
400971, 2015-03-23 09:50:03, 40975
400972, 2015-03-23 09:55:02, 40959
400973, 2015-03-23 10:00:03, 40928
400974, 2015-03-23 10:05:02, 40973
400975, 2015-03-23 10:10:01, 40990
400976, 2015-03-23 10:15:04, 40960
400977, 2015-03-23 10:20:03, 40892
400978, 2015-03-23 10:25:04, 40807
400979, 2015-03-23 10:30:03, 40791
400980, 2015-03-23 10:35:02, 40781
400981, 2015-03-23 10:40:02, 40871
400982, 2015-03-23 10:45:02, 40935
400983, 2015-03-23 10:50:02, 40909
400984, 2015-03-23 10:55:02, 40900
400985, 2015-03-23 11:00:02, 40885
400986, 2015-03-23 11:05:02, 40856
400987, 2015-03-23 11:10:04, 40930
400988, 2015-03-23 11:15:02, 40931
400989, 2015-03-23 11:20:05, 40995
400990, 2015-03-23 11:25:02, 40940
400991, 2015-03-23 11:30:05, 40876
400992, 2015-03-23 11:35:02, 40955
400993, 2015-03-23 11:40:02, 41033
400994, 2015-03-23 11:45:02, 41008
400995, 2015-03-23 11:50:02, 41073
400996, 2015-03-23 11:55:03, 41043
400997, 2015-03-23 12:00:03, 41094
400998, 2015-03-23 12:05:02, 41077
400999, 2015-03-23 12:10:01, 41231
401000, 2015-03-23 12:15:01, 41237
401001, 2015-03-23 12:20:03, 41134
401002, 2015-03-23 12:25:02, 41220
401003, 2015-03-23 12:30:03, 41209
401004, 2015-03-23 12:35:02, 41193
401005, 2015-03-23 12:40:02, 41206
401006, 2015-03-23 12:45:02, 41157
401007, 2015-03-23 12:50:03, 41118
401008, 2015-03-23 12:55:02, 41149
401009, 2015-03-23 13:00:03, 41072
401010, 2015-03-23 13:05:02, 41031
401011, 2015-03-23 13:10:02, 41062
401012, 2015-03-23 13:15:02, 41078
401013, 2015-03-23 13:20:03, 41010
401014, 2015-03-23 13:25:03, 41047
401015, 2015-03-23 13:30:04, 40938
401016, 2015-03-23 13:35:04, 40844
401017, 2015-03-23 13:40:02, 40926
401018, 2015-03-23 13:45:02, 40976
401019, 2015-03-23 13:50:01, 40858
401020, 2015-03-23 13:55:05, 40780
401021, 2015-03-23 14:00:04, 40734
401022, 2015-03-23 14:05:03, 40751
401023, 2015-03-23 14:10:02, 40904
401024, 2015-03-23 14:15:02, 40972
401025, 2015-03-23 14:20:05, 40939
401026, 2015-03-23 14:25:03, 40876
401027, 2015-03-23 14:30:03, 40902
401028, 2015-03-23 14:35:02, 40847
401029, 2015-03-23 14:40:01, 40880
401030, 2015-03-23 14:45:02, 40841
401031, 2015-03-23 14:50:02, 40825
401032, 2015-03-23 14:55:02, 40831
401033, 2015-03-23 15:00:02, 40777
401034, 2015-03-23 15:05:02, 40794
401035, 2015-03-23 15:10:02, 40877
401036, 2015-03-23 15:15:02, 40817
401037, 2015-03-23 15:20:02, 40783
401038, 2015-03-23 15:25:02, 40775
401039, 2015-03-23 15:30:04, 40769
401040, 2015-03-23 15:35:02, 40844
401041, 2015-03-23 15:40:05, 40942
401042, 2015-03-23 15:45:04, 41113
401043, 2015-03-23 15:50:02, 41363
401044, 2015-03-23 15:55:01, 41582
401045, 2015-03-23 16:00:01, 41702
401046, 2015-03-23 16:05:01, 41860
401047, 2015-03-23 16:10:01, 41926
401048, 2015-03-23 16:16:29, 42158
401049, 2015-03-23 16:20:03, 42158
401050, 2015-03-23 16:25:02, 42358
401051, 2015-03-23 16:30:04, 42637
401052, 2015-03-23 16:35:03, 42885
401053, 2015-03-23 16:40:02, 43136
401054, 2015-03-23 16:45:02, 43296
401055, 2015-03-23 16:50:02, 43413
401056, 2015-03-23 16:55:02, 43606
401057, 2015-03-23 17:00:02, 43907
401058, 2015-03-23 17:05:04, 44095
401059, 2015-03-23 17:10:02, 44162
401060, 2015-03-23 17:15:02, 44223
401061, 2015-03-23 17:20:02, 44272
401062, 2015-03-23 17:25:02, 44428
401063, 2015-03-23 17:30:03, 44512
401064, 2015-03-23 17:35:02, 44538
401065, 2015-03-23 17:40:01, 44681
401066, 2015-03-23 17:45:02, 44707
401067, 2015-03-23 17:50:01, 44690
401068, 2015-03-23 17:55:01, 44784
401069, 2015-03-23 18:00:04, 44776
401070, 2015-03-23 18:05:02, 44931
401071, 2015-03-23 18:10:02, 45144
401072, 2015-03-23 18:15:07, 45163
401073, 2015-03-23 18:20:05, 45208
401074, 2015-03-23 18:25:03, 45268
401075, 2015-03-23 18:30:02, 45405
401076, 2015-03-23 18:35:02, 45845
401077, 2015-03-23 18:40:02, 46268
401078, 2015-03-23 18:45:02, 46500
401079, 2015-03-23 18:50:02, 46696
401080, 2015-03-23 18:55:02, 46969
401081, 2015-03-23 19:00:01, 47196
401082, 2015-03-23 19:05:01, 47320
401083, 2015-03-23 19:10:01, 47330
401084, 2015-03-23 19:15:01, 47210
401085, 2015-03-23 19:20:04, 47104
401086, 2015-03-23 19:25:02, 46973
401087, 2015-03-23 19:30:03, 46704
401088, 2015-03-23 19:35:01, 46635
401089, 2015-03-23 19:40:01, 46493
401090, 2015-03-23 19:45:02, 46129
401091, 2015-03-23 19:50:02, 45906
401092, 2015-03-23 19:55:01, 45805
401093, 2015-03-23 20:00:04, 45443
401094, 2015-03-23 20:05:02, 45138
401095, 2015-03-23 20:10:01, 45297
401096, 2015-03-23 20:15:01, 44960
401097, 2015-03-23 20:20:03, 44640
401098, 2015-03-23 20:25:02, 44255
401099, 2015-03-23 20:30:01, 43880
401100, 2015-03-23 20:35:01, 43632
401101, 2015-03-23 20:40:02, 43515
401102, 2015-03-23 20:45:02, 43105
401103, 2015-03-23 20:50:02, 42858
401104, 2015-03-23 20:55:01, 42521
401105, 2015-03-23 21:00:02, 42124
401106, 2015-03-23 21:05:02, 41928
401107, 2015-03-23 21:10:04, 41882
401108, 2015-03-23 21:15:01, 41458
401109, 2015-03-23 21:20:03, 41033
401110, 2015-03-23 21:25:01, 40658
401111, 2015-03-23 21:30:02, 40167
401112, 2015-03-23 21:35:02, 39815
401113, 2015-03-23 21:40:02, 39545
401114, 2015-03-23 21:45:03, 39062
401115, 2015-03-23 21:50:02, 38607
401116, 2015-03-23 21:55:02, 38135
401117, 2015-03-23 22:00:04, 37724
401118, 2015-03-23 22:05:02, 37272
401119, 2015-03-23 22:10:01, 37196
401120, 2015-03-23 22:15:02, 36758
401121, 2015-03-23 22:20:02, 36229
401122, 2015-03-23 22:25:02, 35756
401123, 2015-03-23 22:30:01, 35294
401124, 2015-03-23 22:35:02, 34970
401125, 2015-03-23 22:40:01, 34814
401126, 2015-03-23 22:45:01, 34442
401127, 2015-03-23 22:50:02, 34097
401128, 2015-03-23 22:55:01, 33645
401129, 2015-03-23 23:00:02, 33263
401130, 2015-03-23 23:05:02, 32836
401131, 2015-03-23 23:10:02, 32359
401132, 2015-03-23 23:15:03, 31911
401133, 2015-03-23 23:20:04, 31478
401134, 2015-03-23 23:25:02, 31137
401135, 2015-03-23 23:30:02, 30734
401136, 2015-03-23 23:35:02, 30426
401137, 2015-03-23 23:40:02, 30453
401138, 2015-03-23 23:45:01, 30389
401139, 2015-03-23 23:50:02, 30281
401140, 2015-03-23 23:55:02, 30278
401141, 2015-03-24 00:00:02, 30124
401142, 2015-03-24 00:05:02, 30056
401143, 2015-03-24 00:10:02, 30208
401144, 2015-03-24 00:15:02, 30299
401145, 2015-03-24 00:20:03, 30338
401146, 2015-03-24 00:25:02, 30350
401147, 2015-03-24 00:30:02, 30408
401148, 2015-03-24 00:35:02, 30462
401149, 2015-03-24 00:40:02, 30667
401150, 2015-03-24 00:45:03, 30815
401151, 2015-03-24 00:50:02, 30905
401152, 2015-03-24 00:55:01, 30947
401153, 2015-03-24 01:00:02, 30952
401154, 2015-03-24 01:05:02, 31083
401155, 2015-03-24 01:10:02, 31294
401156, 2015-03-24 01:15:02, 31336
401157, 2015-03-24 01:20:04, 31264
401158, 2015-03-24 01:25:02, 31076
401159, 2015-03-24 01:30:02, 30947
401160, 2015-03-24 01:35:02, 30802
401161, 2015-03-24 01:40:02, 30744
401162, 2015-03-24 01:45:02, 30575
401163, 2015-03-24 01:50:02, 30554
401164, 2015-03-24 01:55:02, 30449
401165, 2015-03-24 02:00:03, 30322
401166, 2015-03-24 02:05:01, 30269
401167, 2015-03-24 02:10:01, 30224
401168, 2015-03-24 02:15:02, 30191
401169, 2015-03-24 02:20:03, 30118
401170, 2015-03-24 02:25:02, 30057
401171, 2015-03-24 02:30:02, 29905
401172, 2015-03-24 02:35:02, 29825
401173, 2015-03-24 02:40:01, 30042
401174, 2015-03-24 02:45:02, 30163
401175, 2015-03-24 02:50:02, 30120
401176, 2015-03-24 02:55:03, 30093
401177, 2015-03-24 03:00:02, 29982
401178, 2015-03-24 03:05:02, 29913
401179, 2015-03-24 03:10:01, 29866
401180, 2015-03-24 03:15:03, 29735
401181, 2015-03-24 03:20:03, 29597
401182, 2015-03-24 03:25:02, 29423
401183, 2015-03-24 03:30:02, 29252
401184, 2015-03-24 03:35:01, 29190
401185, 2015-03-24 03:40:02, 29196
401186, 2015-03-24 03:45:03, 29160
401187, 2015-03-24 03:50:02, 29059
401188, 2015-03-24 03:55:02, 28920
401189, 2015-03-24 04:00:02, 28800
401190, 2015-03-24 04:05:03, 28796
401191, 2015-03-24 04:10:02, 28846
401192, 2015-03-24 04:15:02, 28737
401193, 2015-03-24 04:20:02, 28678
401194, 2015-03-24 04:25:03, 28624
401195, 2015-03-24 04:30:03, 28680
401196, 2015-03-24 04:35:01, 28719
401197, 2015-03-24 04:40:02, 28788
401198, 2015-03-24 04:45:02, 28819
401199, 2015-03-24 04:50:02, 28810
401200, 2015-03-24 04:55:02, 28885
401201, 2015-03-24 05:00:03, 28869
401202, 2015-03-24 05:05:02, 28970
401203, 2015-03-24 05:10:01, 29291
401204, 2015-03-24 05:15:02, 29423
401205, 2015-03-24 05:20:03, 29381
401206, 2015-03-24 05:25:02, 29522
401207, 2015-03-24 05:30:01, 29596
401208, 2015-03-24 05:35:02, 29790
401209, 2015-03-24 05:40:01, 30091
401210, 2015-03-24 05:45:03, 30362
401211, 2015-03-24 05:50:02, 30428
401212, 2015-03-24 05:55:03, 30613
401213, 2015-03-24 06:00:01, 30739
401214, 2015-03-24 06:05:02, 30866
401215, 2015-03-24 06:10:02, 31307
401216, 2015-03-24 06:15:01, 31853
401217, 2015-03-24 06:20:02, 32396
401218, 2015-03-24 06:25:02, 32909
401219, 2015-03-24 06:30:02, 33337
401220, 2015-03-24 06:35:01, 33740
401221, 2015-03-24 06:40:02, 34162
401222, 2015-03-24 06:45:03, 34715
401223, 2015-03-24 06:50:01, 35210
401224, 2015-03-24 06:55:02, 35681
401225, 2015-03-24 07:00:01, 36344
401226, 2015-03-24 07:05:02, 36827
401227, 2015-03-24 07:10:03, 37447
401228, 2015-03-24 07:15:01, 38277
401229, 2015-03-24 07:20:02, 38802
401230, 2015-03-24 07:25:02, 39127
401231, 2015-03-24 07:30:02, 39384
401232, 2015-03-24 07:35:02, 39593
401233, 2015-03-24 07:40:21, 39645
401234, 2015-03-24 07:45:03, 39898
401235, 2015-03-24 07:50:02, 39930
401236, 2015-03-24 07:55:02, 39958
401237, 2015-03-24 08:00:02, 40144
401238, 2015-03-24 08:05:03, 40321
401239, 2015-03-24 08:10:02, 40557
401240, 2015-03-24 08:15:02, 40700
401241, 2015-03-24 08:20:03, 40888
401242, 2015-03-24 08:25:02, 40988
401243, 2015-03-24 08:30:02, 40995
401244, 2015-03-24 08:35:04, 40950
401245, 2015-03-24 08:40:01, 40756
401246, 2015-03-24 08:45:03, 40682
401247, 2015-03-24 08:50:02, 40623
401248, 2015-03-24 08:55:03, 40624
401249, 2015-03-24 09:00:02, 40599
401250, 2015-03-24 09:05:02, 40659
401251, 2015-03-24 09:10:02, 40817
401252, 2015-03-24 09:15:03, 40993
401253, 2015-03-24 09:20:02, 40987
401254, 2015-03-24 09:25:01, 40991
401255, 2015-03-24 09:30:02, 40974
401256, 2015-03-24 09:35:02, 40902
401257, 2015-03-24 09:40:02, 40803
401258, 2015-03-24 09:45:02, 40722
401259, 2015-03-24 09:50:02, 40581
401260, 2015-03-24 09:55:01, 40498
401261, 2015-03-24 10:00:03, 40471
401262, 2015-03-24 10:05:02, 40440
401263, 2015-03-24 10:10:02, 40498
401264, 2015-03-24 10:15:02, 40604
401265, 2015-03-24 10:20:02, 40686
401266, 2015-03-24 10:25:03, 40630
401267, 2015-03-24 10:30:02, 40606
401268, 2015-03-24 10:35:03, 40536
401269, 2015-03-24 10:40:02, 40662
401270, 2015-03-24 10:45:03, 40734
401271, 2015-03-24 10:50:03, 40702
401272, 2015-03-24 10:55:02, 40734
401273, 2015-03-24 11:00:03, 40754
401274, 2015-03-24 11:05:02, 40660
401275, 2015-03-24 11:10:02, 40859
401276, 2015-03-24 11:15:01, 41065
401277, 2015-03-24 11:20:04, 41062
401278, 2015-03-24 11:25:01, 41090
401279, 2015-03-24 11:30:01, 41032
401280, 2015-03-24 11:35:02, 40914
401281, 2015-03-24 11:40:01, 40982
401282, 2015-03-24 11:45:03, 41099
401283, 2015-03-24 11:50:02, 41029
401284, 2015-03-24 11:55:02, 41025
401285, 2015-03-24 12:00:04, 41058
401286, 2015-03-24 12:05:10, 41025
401287, 2015-03-24 12:10:06, 41135
401288, 2015-03-24 12:15:02, 41186
401289, 2015-03-24 12:20:03, 41167
401290, 2015-03-24 12:25:04, 41145
401291, 2015-03-24 12:30:04, 41062
401292, 2015-03-24 12:35:02, 40896
401293, 2015-03-24 12:40:05, 40936
401294, 2015-03-24 12:45:02, 40890
401295, 2015-03-24 12:50:01, 40921
401296, 2015-03-24 12:55:02, 40916
401297, 2015-03-24 13:00:01, 40882
401298, 2015-03-24 13:05:02, 40845
401299, 2015-03-24 13:10:02, 41074
401300, 2015-03-24 13:15:02, 41328
401301, 2015-03-24 13:20:03, 41239
401302, 2015-03-24 13:25:01, 41113
401303, 2015-03-24 13:30:03, 41093
401304, 2015-03-24 13:35:01, 41020
401305, 2015-03-24 13:40:02, 41011
401306, 2015-03-24 13:45:04, 40915
401307, 2015-03-24 13:50:02, 40940
401308, 2015-03-24 13:55:02, 40916
401309, 2015-03-24 14:00:02, 40877
401310, 2015-03-24 14:05:01, 40854
401311, 2015-03-24 14:10:02, 41103
401312, 2015-03-24 14:15:05, 41313
401313, 2015-03-24 14:20:06, 41269
401314, 2015-03-24 14:25:02, 41253
401315, 2015-03-24 14:30:02, 41233
401316, 2015-03-24 14:35:01, 41074
401317, 2015-03-24 14:40:01, 40977
401318, 2015-03-24 14:45:03, 40957
401319, 2015-03-24 14:50:01, 40957
401320, 2015-03-24 14:55:03, 41017
401321, 2015-03-24 15:00:05, 41064
401322, 2015-03-24 15:05:03, 40879
401323, 2015-03-24 15:10:02, 40751
401324, 2015-03-24 15:15:02, 40646
401325, 2015-03-24 15:20:04, 40606
401326, 2015-03-24 15:25:01, 40590
401327, 2015-03-24 15:30:02, 40632
401328, 2015-03-24 15:35:02, 40766
401329, 2015-03-24 15:40:02, 40989
401330, 2015-03-24 15:45:02, 41105
401331, 2015-03-24 15:50:03, 41375
401332, 2015-03-24 15:55:02, 41518
401333, 2015-03-24 16:00:01, 41658
401334, 2015-03-24 16:05:02, 41421
401335, 2015-03-24 16:10:03, 41455
401336, 2015-03-24 16:15:02, 41527
401337, 2015-03-24 16:20:02, 41661
401338, 2015-03-24 16:25:03, 41899
401339, 2015-03-24 16:30:03, 42170
401340, 2015-03-24 16:35:03, 42414
401341, 2015-03-24 16:40:03, 42583
401342, 2015-03-24 16:45:03, 42882
401343, 2015-03-24 16:50:02, 43037
401344, 2015-03-24 16:55:01, 43358
401345, 2015-03-24 17:00:06, 43567
401346, 2015-03-24 17:05:01, 43657
401347, 2015-03-24 17:10:01, 43727
401348, 2015-03-24 17:15:01, 43762
401349, 2015-03-24 17:20:02, 43847
401350, 2015-03-24 17:25:02, 44026
401351, 2015-03-24 17:30:02, 44249
401352, 2015-03-24 17:35:02, 44284
401353, 2015-03-24 17:40:02, 44484
401354, 2015-03-24 17:45:03, 44454
401355, 2015-03-24 17:50:02, 44421
401356, 2015-03-24 17:55:01, 44519
401357, 2015-03-24 18:00:01, 44483
401358, 2015-03-24 18:05:02, 44564
401359, 2015-03-24 18:10:01, 44753
401360, 2015-03-24 18:15:02, 44796
401361, 2015-03-24 18:20:02, 44953
401362, 2015-03-24 18:25:01, 45112
401363, 2015-03-24 18:30:02, 45316
401364, 2015-03-24 18:35:02, 45729
401365, 2015-03-24 18:40:02, 46288
401366, 2015-03-24 18:45:01, 46608
401367, 2015-03-24 18:50:03, 47105
401368, 2015-03-24 18:55:01, 47534
401369, 2015-03-24 19:00:03, 47669
401370, 2015-03-24 19:05:01, 47675
401371, 2015-03-24 19:10:02, 47843
401372, 2015-03-24 19:15:02, 47851
401373, 2015-03-24 19:20:03, 47825
401374, 2015-03-24 19:25:04, 47758
401375, 2015-03-24 19:30:06, 47489
401376, 2015-03-24 19:35:02, 47418
401377, 2015-03-24 19:40:01, 47313
401378, 2015-03-24 19:45:02, 47072
401379, 2015-03-24 19:50:02, 46787
401380, 2015-03-24 19:55:01, 46441
401381, 2015-03-24 20:00:03, 46286
401382, 2015-03-24 20:05:01, 46159
401383, 2015-03-24 20:10:01, 46306
401384, 2015-03-24 20:15:02, 46018
401385, 2015-03-24 20:20:03, 45616
401386, 2015-03-24 20:25:02, 45275
401387, 2015-03-24 20:30:02, 45049
401388, 2015-03-24 20:35:01, 44898
401389, 2015-03-24 20:40:02, 44686
401390, 2015-03-24 20:45:01, 44441
401391, 2015-03-24 20:50:01, 44058
401392, 2015-03-24 20:55:02, 43815
401393, 2015-03-24 21:00:01, 43392
401394, 2015-03-24 21:05:02, 43211
401395, 2015-03-24 21:10:02, 42995
401396, 2015-03-24 21:15:01, 42394
401397, 2015-03-24 21:20:02, 41868
401398, 2015-03-24 21:25:02, 41372
401399, 2015-03-24 21:30:03, 41098
401400, 2015-03-24 21:35:02, 40971
401401, 2015-03-24 21:40:02, 40626
401402, 2015-03-24 21:45:04, 40256
401403, 2015-03-24 21:50:03, 39869
401404, 2015-03-24 21:55:01, 39574
401405, 2015-03-24 22:00:03, 38945
401406, 2015-03-24 22:05:03, 38595
401407, 2015-03-24 22:10:02, 38342
401408, 2015-03-24 22:15:03, 37774
401409, 2015-03-24 22:20:03, 37246
401410, 2015-03-24 22:25:03, 36831
401411, 2015-03-24 22:30:02, 36195
401412, 2015-03-24 22:35:02, 35771
401413, 2015-03-24 22:40:01, 35679
401414, 2015-03-24 22:45:03, 35256
401415, 2015-03-24 22:50:03, 34839
401416, 2015-03-24 22:55:01, 34502
401417, 2015-03-24 23:00:02, 34083
401418, 2015-03-24 23:05:02, 33688
401419, 2015-03-24 23:10:03, 33396
401420, 2015-03-24 23:15:01, 33000
401421, 2015-03-24 23:20:02, 32595
401422, 2015-03-24 23:25:01, 32271
401423, 2015-03-24 23:30:02, 32108
401424, 2015-03-24 23:35:01, 31986
401425, 2015-03-24 23:40:02, 32075
401426, 2015-03-24 23:45:02, 31994
401427, 2015-03-24 23:50:02, 31815
401428, 2015-03-24 23:55:02, 31659
401429, 2015-03-25 00:00:04, 31546
401430, 2015-03-25 00:05:02, 31524
401431, 2015-03-25 00:10:01, 31610
401432, 2015-03-25 00:15:01, 31642
401433, 2015-03-25 00:20:04, 31461
401434, 2015-03-25 00:25:03, 31432
401435, 2015-03-25 00:30:02, 31323
401436, 2015-03-25 00:35:02, 31355
401437, 2015-03-25 00:40:01, 31794
401438, 2015-03-25 00:45:02, 31929
401439, 2015-03-25 00:50:01, 32009
401440, 2015-03-25 00:55:02, 31986
401441, 2015-03-25 01:00:03, 31941
401442, 2015-03-25 01:05:02, 31884
401443, 2015-03-25 01:10:02, 32157
401444, 2015-03-25 01:15:02, 32165
401445, 2015-03-25 01:20:04, 32098
401446, 2015-03-25 01:25:01, 32007
401447, 2015-03-25 01:30:03, 31802
401448, 2015-03-25 01:35:03, 31634
401449, 2015-03-25 01:40:01, 31556
401450, 2015-03-25 01:45:03, 31659
401451, 2015-03-25 01:50:02, 31643
401452, 2015-03-25 01:55:02, 31540
401453, 2015-03-25 02:00:02, 31487
401454, 2015-03-25 02:05:01, 31483
401455, 2015-03-25 02:10:02, 31495
401456, 2015-03-25 02:15:02, 31482
401457, 2015-03-25 02:20:04, 31408
401458, 2015-03-25 02:25:01, 31390
401459, 2015-03-25 02:30:01, 31186
401460, 2015-03-25 02:35:02, 31220
401461, 2015-03-25 02:40:02, 31457
401462, 2015-03-25 02:45:03, 31467
401463, 2015-03-25 02:50:02, 31440
401464, 2015-03-25 02:55:02, 31365
401465, 2015-03-25 03:00:03, 31249
401466, 2015-03-25 03:05:02, 31022
401467, 2015-03-25 03:10:01, 30846
401468, 2015-03-25 03:15:03, 30814
401469, 2015-03-25 03:20:06, 30792
401470, 2015-03-25 03:25:02, 30700
401471, 2015-03-25 03:30:02, 30580
401472, 2015-03-25 03:35:03, 30574
401473, 2015-03-25 03:40:01, 30668
401474, 2015-03-25 03:45:04, 30684
401475, 2015-03-25 03:50:02, 30467
401476, 2015-03-25 03:55:02, 30315
401477, 2015-03-25 04:00:04, 30252
401478, 2015-03-25 04:05:02, 30220
401479, 2015-03-25 04:10:02, 30189
401480, 2015-03-25 04:15:03, 30194
401481, 2015-03-25 04:20:05, 30102
401482, 2015-03-25 04:25:02, 30086
401483, 2015-03-25 04:30:02, 30080
401484, 2015-03-25 04:35:02, 30106
401485, 2015-03-25 04:40:02, 30250
401486, 2015-03-25 04:45:03, 30200
401487, 2015-03-25 04:50:03, 30134
401488, 2015-03-25 04:55:01, 30129
401489, 2015-03-25 05:00:01, 30148
401490, 2015-03-25 05:05:01, 30311
401491, 2015-03-25 05:10:01, 30404
401492, 2015-03-25 05:15:03, 30759
401493, 2015-03-25 05:20:03, 31064
401494, 2015-03-25 05:25:01, 31337
401495, 2015-03-25 05:30:02, 31205
401496, 2015-03-25 05:35:02, 31451
401497, 2015-03-25 05:40:02, 31606
401498, 2015-03-25 05:45:02, 31738
401499, 2015-03-25 05:50:02, 31633
401500, 2015-03-25 05:55:01, 31529
401501, 2015-03-25 06:00:03, 31454
401502, 2015-03-25 06:05:01, 31487
401503, 2015-03-25 06:10:01, 31946
401504, 2015-03-25 06:15:02, 32654
401505, 2015-03-25 06:20:02, 33126
401506, 2015-03-25 06:25:02, 33737
401507, 2015-03-25 06:30:01, 34263
401508, 2015-03-25 06:35:02, 34566
401509, 2015-03-25 06:40:02, 35092
401510, 2015-03-25 06:45:02, 35683
401511, 2015-03-25 06:50:03, 36141
401512, 2015-03-25 06:55:03, 36723
401513, 2015-03-25 07:00:02, 37300
401514, 2015-03-25 07:05:02, 37778
401515, 2015-03-25 07:10:02, 38222
401516, 2015-03-25 07:15:02, 38930
401517, 2015-03-25 07:20:04, 39475
401518, 2015-03-25 07:25:02, 39842
401519, 2015-03-25 07:30:01, 40163
401520, 2015-03-25 07:35:02, 40402
401521, 2015-03-25 07:40:04, 40491
401522, 2015-03-25 07:45:03, 40544
401523, 2015-03-25 07:50:01, 40681
401524, 2015-03-25 07:55:01, 40764
401525, 2015-03-25 08:00:03, 40902
401526, 2015-03-25 08:05:02, 40990
401527, 2015-03-25 08:10:02, 41176
401528, 2015-03-25 08:15:02, 41347
401529, 2015-03-25 08:20:02, 41258
401530, 2015-03-25 08:25:02, 41129
401531, 2015-03-25 08:30:03, 41038
401532, 2015-03-25 08:35:02, 41217
401533, 2015-03-25 08:40:02, 41182
401534, 2015-03-25 08:45:03, 41122
401535, 2015-03-25 08:50:02, 41045
401536, 2015-03-25 08:55:02, 41065
401537, 2015-03-25 09:00:04, 41095
401538, 2015-03-25 09:05:02, 41105
401539, 2015-03-25 09:10:01, 41266
401540, 2015-03-25 09:15:01, 41399
401541, 2015-03-25 09:20:04, 41506
401542, 2015-03-25 09:25:02, 41509
401543, 2015-03-25 09:30:02, 41560
401544, 2015-03-25 09:35:01, 41490
401545, 2015-03-25 09:40:02, 41337
401546, 2015-03-25 09:45:04, 41208
401547, 2015-03-25 09:50:02, 41138
401548, 2015-03-25 09:55:01, 41095
401549, 2015-03-25 10:00:03, 40993
401550, 2015-03-25 10:05:02, 40950
401551, 2015-03-25 10:10:03, 41015
401552, 2015-03-25 10:15:02, 40992
401553, 2015-03-25 10:20:03, 40943
401554, 2015-03-25 10:25:03, 40994
401555, 2015-03-25 10:30:02, 40902
401556, 2015-03-25 10:35:03, 40984
401557, 2015-03-25 10:40:02, 41104
401558, 2015-03-25 10:45:03, 41108
401559, 2015-03-25 10:50:07, 41014
401560, 2015-03-25 10:55:02, 41004
401561, 2015-03-25 11:00:02, 40912
401562, 2015-03-25 11:05:02, 41330
401563, 2015-03-25 11:10:01, 41800
401564, 2015-03-25 11:15:02, 41802
401565, 2015-03-25 11:20:03, 41811
401566, 2015-03-25 11:25:03, 41817
401567, 2015-03-25 11:30:25, 41821
401568, 2015-03-25 11:35:02, 41853
401569, 2015-03-25 11:40:02, 41967
401570, 2015-03-25 11:45:04, 41802
401571, 2015-03-25 11:50:02, 41783
401572, 2015-03-25 11:55:05, 41856
401573, 2015-03-25 12:00:02, 41847
401574, 2015-03-25 12:05:02, 41875
401575, 2015-03-25 12:10:02, 41983
401576, 2015-03-25 12:15:02, 42108
401577, 2015-03-25 12:20:05, 42046
401578, 2015-03-25 12:25:04, 42017
401579, 2015-03-25 12:30:03, 41947
401580, 2015-03-25 12:35:01, 41834
401581, 2015-03-25 12:40:02, 41752
401582, 2015-03-25 12:45:01, 41670
401583, 2015-03-25 12:50:01, 41586
401584, 2015-03-25 12:55:02, 41492
401585, 2015-03-25 13:00:03, 41468
401586, 2015-03-25 13:05:02, 41400
401587, 2015-03-25 13:10:01, 41498
401588, 2015-03-25 13:15:03, 41568
401589, 2015-03-25 13:20:04, 41500
401590, 2015-03-25 13:25:02, 41382
401591, 2015-03-25 13:30:01, 41261
401592, 2015-03-25 13:35:01, 41249
401593, 2015-03-25 13:40:02, 41366
401594, 2015-03-25 13:45:02, 41434
401595, 2015-03-25 13:50:01, 41353
401596, 2015-03-25 13:55:02, 41360
401597, 2015-03-25 14:00:02, 41266
401598, 2015-03-25 14:05:03, 41056
401599, 2015-03-25 14:10:01, 41012
401600, 2015-03-25 14:15:02, 41011
401601, 2015-03-25 14:20:03, 40987
401602, 2015-03-25 14:25:01, 41041
401603, 2015-03-25 14:30:05, 40887
401604, 2015-03-25 14:35:02, 40822
401605, 2015-03-25 14:40:02, 40864
401606, 2015-03-25 14:45:03, 40833
401607, 2015-03-25 14:50:02, 40754
401608, 2015-03-25 14:55:03, 40798
401609, 2015-03-25 15:00:02, 40760
401610, 2015-03-25 15:05:02, 40612
401611, 2015-03-25 15:10:02, 40553
401612, 2015-03-25 15:15:02, 40461
401613, 2015-03-25 15:20:03, 40431
401614, 2015-03-25 15:25:01, 40363
401615, 2015-03-25 15:30:02, 40474
401616, 2015-03-25 15:35:02, 40642
401617, 2015-03-25 15:40:02, 40764
401618, 2015-03-25 15:45:03, 40965
401619, 2015-03-25 15:50:03, 41061
401620, 2015-03-25 15:55:03, 41255
401621, 2015-03-25 16:00:03, 41467
401622, 2015-03-25 16:05:02, 41337
401623, 2015-03-25 16:10:02, 41225
401624, 2015-03-25 16:15:01, 41310
401625, 2015-03-25 16:20:04, 41491
401626, 2015-03-25 16:25:01, 41765
401627, 2015-03-25 16:30:05, 41935
401628, 2015-03-25 16:35:03, 42144
401629, 2015-03-25 16:40:02, 42403
401630, 2015-03-25 16:45:04, 42631
401631, 2015-03-25 16:50:02, 42817
401632, 2015-03-25 16:55:02, 43029
401633, 2015-03-25 17:00:06, 43109
401634, 2015-03-25 17:05:03, 42982
401635, 2015-03-25 17:10:02, 42996
401636, 2015-03-25 17:15:02, 43216
401637, 2015-03-25 17:20:03, 43303
401638, 2015-03-25 17:25:04, 43492
401639, 2015-03-25 17:30:02, 43647
401640, 2015-03-25 17:35:02, 43749
401641, 2015-03-25 17:40:01, 43833
401642, 2015-03-25 17:45:02, 43882
401643, 2015-03-25 17:50:02, 43925
401644, 2015-03-25 17:55:03, 44047
401645, 2015-03-25 18:00:02, 44107
401646, 2015-03-25 18:05:03, 44345
401647, 2015-03-25 18:10:02, 44597
401648, 2015-03-25 18:15:01, 44664
401649, 2015-03-25 18:20:03, 44779
401650, 2015-03-25 18:25:01, 45086
401651, 2015-03-25 18:30:02, 45263
401652, 2015-03-25 18:35:02, 45620
401653, 2015-03-25 18:40:01, 46150
401654, 2015-03-25 18:45:03, 46522
401655, 2015-03-25 18:50:02, 46906
401656, 2015-03-25 18:55:02, 47302
401657, 2015-03-25 19:00:02, 47517
401658, 2015-03-25 19:05:02, 47629
401659, 2015-03-25 19:10:01, 47719
401660, 2015-03-25 19:15:02, 47617
401661, 2015-03-25 19:20:04, 47434
401662, 2015-03-25 19:25:02, 47296
401663, 2015-03-25 19:30:02, 47006
401664, 2015-03-25 19:35:03, 46925
401665, 2015-03-25 19:40:02, 46905
401666, 2015-03-25 19:45:04, 46673
401667, 2015-03-25 19:50:02, 46549
401668, 2015-03-25 19:55:02, 46300
401669, 2015-03-25 20:00:02, 46015
401670, 2015-03-25 20:05:01, 45785
401671, 2015-03-25 20:10:01, 45830
401672, 2015-03-25 20:15:03, 45687
401673, 2015-03-25 20:20:03, 45255
401674, 2015-03-25 20:25:01, 44942
401675, 2015-03-25 20:30:02, 44603
401676, 2015-03-25 20:35:02, 44378
401677, 2015-03-25 20:40:02, 43868
401678, 2015-03-25 20:45:03, 43422
401679, 2015-03-25 20:50:02, 43086
401680, 2015-03-25 20:55:02, 42734
401681, 2015-03-25 21:00:03, 42487
401682, 2015-03-25 21:05:03, 42254
401683, 2015-03-25 21:10:02, 42088
401684, 2015-03-25 21:15:02, 41634
401685, 2015-03-25 21:20:03, 41172
401686, 2015-03-25 21:25:03, 40775
401687, 2015-03-25 21:30:01, 40296
401688, 2015-03-25 21:35:02, 39756
401689, 2015-03-25 21:40:02, 39482
401690, 2015-03-25 21:45:03, 38943
401691, 2015-03-25 21:50:02, 38434
401692, 2015-03-25 21:55:02, 37994
401693, 2015-03-25 22:00:04, 37580
401694, 2015-03-25 22:05:02, 37093
401695, 2015-03-25 22:10:02, 36939
401696, 2015-03-25 22:15:01, 36428
401697, 2015-03-25 22:20:02, 35841
401698, 2015-03-25 22:25:02, 35381
401699, 2015-03-25 22:30:02, 34865
401700, 2015-03-25 22:35:03, 34324
401701, 2015-03-25 22:40:02, 34158
401702, 2015-03-25 22:45:03, 33883
401703, 2015-03-25 22:50:02, 33452
401704, 2015-03-25 22:55:02, 32997
401705, 2015-03-25 23:00:02, 32332
401706, 2015-03-25 23:05:02, 31979
401707, 2015-03-25 23:10:02, 31639
401708, 2015-03-25 23:15:03, 31155
401709, 2015-03-25 23:20:02, 30847
401710, 2015-03-25 23:25:01, 30483
401711, 2015-03-25 23:30:02, 30142
401712, 2015-03-25 23:35:01, 29853
401713, 2015-03-25 23:40:01, 29840
401714, 2015-03-25 23:45:02, 29703
401715, 2015-03-25 23:50:01, 29523
401716, 2015-03-25 23:55:02, 29303
401717, 2015-03-26 00:00:03, 29251
401718, 2015-03-26 00:05:02, 29236
401719, 2015-03-26 00:10:02, 29569
401720, 2015-03-26 00:15:02, 29791
401721, 2015-03-26 00:20:02, 29852
401722, 2015-03-26 00:25:02, 29970
401723, 2015-03-26 00:30:02, 30001
401724, 2015-03-26 00:35:02, 30034
401725, 2015-03-26 00:40:02, 30240
401726, 2015-03-26 00:45:02, 30347
401727, 2015-03-26 00:50:02, 30397
401728, 2015-03-26 00:55:02, 30456
401729, 2015-03-26 01:00:03, 30463
401730, 2015-03-26 01:05:02, 30555
401731, 2015-03-26 01:10:04, 30615
401732, 2015-03-26 01:15:02, 30500
401733, 2015-03-26 01:20:03, 30344
401734, 2015-03-26 01:25:01, 30215
401735, 2015-03-26 01:30:03, 30229
401736, 2015-03-26 01:35:03, 30122
401737, 2015-03-26 01:40:02, 30097
401738, 2015-03-26 01:45:03, 29930
401739, 2015-03-26 01:50:03, 29760
401740, 2015-03-26 01:55:02, 29623
401741, 2015-03-26 02:00:02, 29507
401742, 2015-03-26 02:05:02, 29385
401743, 2015-03-26 02:10:02, 29250
401744, 2015-03-26 02:15:02, 29154
401745, 2015-03-26 02:20:05, 29123
401746, 2015-03-26 02:25:02, 29075
401747, 2015-03-26 02:30:02, 29068
401748, 2015-03-26 02:35:02, 29061
401749, 2015-03-26 02:40:01, 29139
401750, 2015-03-26 02:45:03, 29220
401751, 2015-03-26 02:50:02, 29181
401752, 2015-03-26 02:55:03, 29126
401753, 2015-03-26 03:00:04, 29056
401754, 2015-03-26 03:05:02, 28977
401755, 2015-03-26 03:10:03, 28901
401756, 2015-03-26 03:15:02, 28821
401757, 2015-03-26 03:20:02, 28648
401758, 2015-03-26 03:25:01, 28401
401759, 2015-03-26 03:30:03, 28089
401760, 2015-03-26 03:35:03, 27960
401761, 2015-03-26 03:40:03, 27948
401762, 2015-03-26 03:45:05, 28072
401763, 2015-03-26 03:50:03, 28088
401764, 2015-03-26 03:55:03, 28055
401765, 2015-03-26 04:00:03, 27968
401766, 2015-03-26 04:05:02, 27924
401767, 2015-03-26 04:10:02, 27962
401768, 2015-03-26 04:15:03, 27843
401769, 2015-03-26 04:20:05, 27849
401770, 2015-03-26 04:25:01, 27862
401771, 2015-03-26 04:30:04, 27830
401772, 2015-03-26 04:35:03, 27760
401773, 2015-03-26 04:40:01, 27803
401774, 2015-03-26 04:45:03, 27877
401775, 2015-03-26 04:50:02, 27946
401776, 2015-03-26 04:55:04, 28022
401777, 2015-03-26 05:00:03, 28121
401778, 2015-03-26 05:05:03, 28196
401779, 2015-03-26 05:10:02, 28291
401780, 2015-03-26 05:15:04, 28533
401781, 2015-03-26 05:20:02, 28746
401782, 2015-03-26 05:25:03, 28788
401783, 2015-03-26 05:30:03, 28909
401784, 2015-03-26 05:35:01, 28950
401785, 2015-03-26 05:40:02, 29161
401786, 2015-03-26 05:45:03, 29462
401787, 2015-03-26 05:50:02, 29674
401788, 2015-03-26 05:55:02, 29869
401789, 2015-03-26 06:00:03, 29900
401790, 2015-03-26 06:05:01, 29930
401791, 2015-03-26 06:10:01, 30691
401792, 2015-03-26 06:15:02, 31288
401793, 2015-03-26 06:20:02, 31670
401794, 2015-03-26 06:25:03, 31992
401795, 2015-03-26 06:30:03, 32189
401796, 2015-03-26 06:35:02, 32491
401797, 2015-03-26 06:40:02, 32948
401798, 2015-03-26 06:45:03, 33418
401799, 2015-03-26 06:50:02, 33940
401800, 2015-03-26 06:55:02, 34485
401801, 2015-03-26 07:00:02, 35290
401802, 2015-03-26 07:05:02, 35903
401803, 2015-03-26 07:10:02, 36460
401804, 2015-03-26 07:15:03, 37318
401805, 2015-03-26 07:20:04, 37943
401806, 2015-03-26 07:25:03, 38359
401807, 2015-03-26 07:30:01, 38707
401808, 2015-03-26 07:35:02, 38889
401809, 2015-03-26 07:40:01, 39037
401810, 2015-03-26 07:45:03, 39277
401811, 2015-03-26 07:50:02, 39486
401812, 2015-03-26 07:55:01, 39666
401813, 2015-03-26 08:00:04, 39765
401814, 2015-03-26 08:05:02, 39866
401815, 2015-03-26 08:10:02, 40088
401816, 2015-03-26 08:15:03, 40279
401817, 2015-03-26 08:20:02, 40369
401818, 2015-03-26 08:25:03, 40459
401819, 2015-03-26 08:30:02, 40448
401820, 2015-03-26 08:35:02, 40448
401821, 2015-03-26 08:40:02, 40394
401822, 2015-03-26 08:45:02, 40364
401823, 2015-03-26 08:50:01, 40266
401824, 2015-03-26 08:55:01, 40149
401825, 2015-03-26 09:00:03, 40124
401826, 2015-03-26 09:05:02, 41099
401827, 2015-03-26 09:10:02, 40543
401828, 2015-03-26 09:15:02, 40741
401829, 2015-03-26 09:20:06, 38899
401830, 2015-03-26 09:25:01, 40983
401831, 2015-03-26 09:30:02, 41004
401832, 2015-03-26 09:35:02, 41050
401833, 2015-03-26 09:40:02, 39054
401834, 2015-03-26 09:45:02, 40955
401835, 2015-03-26 09:50:02, 38959
401836, 2015-03-26 09:55:02, 38924
401837, 2015-03-26 10:00:02, 41533
401838, 2015-03-26 10:05:01, 38845
401839, 2015-03-26 10:10:02, 40625
401840, 2015-03-26 10:15:03, 40620
401841, 2015-03-26 10:20:02, 40595
401842, 2015-03-26 10:25:02, 40602
401843, 2015-03-26 10:30:01, 40570
401844, 2015-03-26 10:35:02, 40522
401845, 2015-03-26 10:40:02, 40500
401846, 2015-03-26 10:45:03, 40402
401847, 2015-03-26 10:50:01, 40331
401848, 2015-03-26 10:55:01, 40249
401849, 2015-03-26 11:00:03, 40185
401850, 2015-03-26 11:05:03, 40111
401851, 2015-03-26 11:10:02, 40085
401852, 2015-03-26 11:15:02, 40002
401853, 2015-03-26 11:20:05, 39872
401854, 2015-03-26 11:25:03, 39803
401855, 2015-03-26 11:30:02, 39728
401856, 2015-03-26 11:35:02, 39731
401857, 2015-03-26 11:40:01, 39708
401858, 2015-03-26 11:45:01, 39732
401859, 2015-03-26 11:50:02, 39683
401860, 2015-03-26 11:55:03, 39557
401861, 2015-03-26 12:00:03, 39422
401862, 2015-03-26 12:05:02, 39296
401863, 2015-03-26 12:10:02, 39118
401864, 2015-03-26 12:15:01, 39116
401865, 2015-03-26 12:20:03, 39131
401866, 2015-03-26 12:25:02, 39072
401867, 2015-03-26 12:30:02, 38903
401868, 2015-03-26 12:35:02, 38841
401869, 2015-03-26 12:40:01, 38724
401870, 2015-03-26 12:45:01, 38575
401871, 2015-03-26 12:50:02, 38483
401872, 2015-03-26 12:55:03, 38427
401873, 2015-03-26 13:00:03, 38387
401874, 2015-03-26 13:05:02, 38355
401875, 2015-03-26 13:10:01, 38402
401876, 2015-03-26 13:15:02, 38394
401877, 2015-03-26 13:20:03, 38345
401878, 2015-03-26 13:25:02, 38185
401879, 2015-03-26 13:30:03, 38022
401880, 2015-03-26 13:35:02, 37844
401881, 2015-03-26 13:40:02, 37832
401882, 2015-03-26 13:45:49, 37681
401883, 2015-03-26 13:50:01, 37681
401884, 2015-03-26 13:55:02, 37522
401885, 2015-03-26 14:00:03, 37395
401886, 2015-03-26 14:05:06, 37300
401887, 2015-03-26 14:10:02, 37398
401888, 2015-03-26 14:15:03, 37459
401889, 2015-03-26 14:20:04, 37353
401890, 2015-03-26 14:25:02, 37260
401891, 2015-03-26 14:30:03, 37189
401892, 2015-03-26 14:35:02, 37071
401893, 2015-03-26 14:40:02, 36928
401894, 2015-03-26 14:45:02, 36828
401895, 2015-03-26 14:50:01, 36806
401896, 2015-03-26 14:55:01, 36769
401897, 2015-03-26 15:00:04, 36670
401898, 2015-03-26 15:05:02, 36604
401899, 2015-03-26 15:10:02, 36689
401900, 2015-03-26 15:15:02, 36605
401901, 2015-03-26 15:20:04, 36574
401902, 2015-03-26 15:25:02, 36606
401903, 2015-03-26 15:30:02, 36606
401904, 2015-03-26 15:35:02, 36705
401905, 2015-03-26 15:40:03, 36874
401906, 2015-03-26 15:45:02, 37083
401907, 2015-03-26 15:50:02, 37278
401908, 2015-03-26 15:55:02, 37482
401909, 2015-03-26 16:00:01, 37568
401910, 2015-03-26 16:05:02, 37653
401911, 2015-03-26 16:10:02, 37764
401912, 2015-03-26 16:15:03, 37858
401913, 2015-03-26 16:20:04, 38029
401914, 2015-03-26 16:25:03, 38228
401915, 2015-03-26 16:30:02, 38458
401916, 2015-03-26 16:35:02, 38719
401917, 2015-03-26 16:40:02, 38905
401918, 2015-03-26 16:48:25, 39351
401919, 2015-03-26 16:50:01, 39351
401920, 2015-03-26 16:55:02, 39671
401921, 2015-03-26 17:00:02, 39917
401922, 2015-03-26 17:05:01, 40162
401923, 2015-03-26 17:10:02, 40272
401924, 2015-03-26 17:15:02, 40294
401925, 2015-03-26 17:20:03, 40358
401926, 2015-03-26 17:25:01, 40507
401927, 2015-03-26 17:30:02, 40749
401928, 2015-03-26 17:35:02, 40870
401929, 2015-03-26 17:40:02, 40940
401930, 2015-03-26 17:45:02, 41024
401931, 2015-03-26 17:50:01, 41049
401932, 2015-03-26 17:55:02, 41169
401933, 2015-03-26 18:00:02, 41101
401934, 2015-03-26 18:05:02, 41170
401935, 2015-03-26 18:10:02, 41477
401936, 2015-03-26 18:15:02, 41655
401937, 2015-03-26 18:20:04, 41736
401938, 2015-03-26 18:25:02, 42027
401939, 2015-03-26 18:30:02, 42236
401940, 2015-03-26 18:35:03, 42567
401941, 2015-03-26 18:40:01, 42959
401942, 2015-03-26 18:45:03, 43402
401943, 2015-03-26 18:50:03, 43790
401944, 2015-03-26 18:55:02, 44616
401945, 2015-03-26 19:00:03, 45124
401946, 2015-03-26 19:05:02, 45311
401947, 2015-03-26 19:10:02, 45472
401948, 2015-03-26 19:15:02, 45377
401949, 2015-03-26 19:20:03, 45260
401950, 2015-03-26 19:25:01, 45269
401951, 2015-03-26 19:30:02, 45101
401952, 2015-03-26 19:35:03, 44878
401953, 2015-03-26 19:40:02, 44894
401954, 2015-03-26 19:45:03, 44636
401955, 2015-03-26 19:50:01, 44372
401956, 2015-03-26 19:55:02, 44190
401957, 2015-03-26 20:00:01, 43963
401958, 2015-03-26 20:05:03, 43693
401959, 2015-03-26 20:10:02, 43786
401960, 2015-03-26 20:15:02, 43331
401961, 2015-03-26 20:20:03, 43056
401962, 2015-03-26 20:25:01, 42726
401963, 2015-03-26 20:30:01, 42382
401964, 2015-03-26 20:35:02, 42252
401965, 2015-03-26 20:40:02, 41941
401966, 2015-03-26 20:45:01, 41676
401967, 2015-03-26 20:50:01, 41372
401968, 2015-03-26 20:55:02, 41112
401969, 2015-03-26 21:00:03, 40833
401970, 2015-03-26 21:05:01, 40633
401971, 2015-03-26 21:10:03, 40491
401972, 2015-03-26 21:15:01, 39851
401973, 2015-03-26 21:20:02, 39412
401974, 2015-03-26 21:25:03, 39123
401975, 2015-03-26 21:30:02, 38782
401976, 2015-03-26 21:35:02, 38446
401977, 2015-03-26 21:40:02, 38134
401978, 2015-03-26 21:45:02, 37734
401979, 2015-03-26 21:50:01, 37334
401980, 2015-03-26 21:55:02, 37047
401981, 2015-03-26 22:00:02, 36634
401982, 2015-03-26 22:05:02, 36249
401983, 2015-03-26 22:10:01, 36015
401984, 2015-03-26 22:15:02, 35569
401985, 2015-03-26 22:20:04, 35090
401986, 2015-03-26 22:25:01, 34695
401987, 2015-03-26 22:30:03, 34323
401988, 2015-03-26 22:35:02, 33991
401989, 2015-03-26 22:40:01, 33900
401990, 2015-03-26 22:45:05, 33628
401991, 2015-03-26 22:50:02, 33278
401992, 2015-03-26 22:55:01, 32958
401993, 2015-03-26 23:00:03, 32467
401994, 2015-03-26 23:05:02, 32002
401995, 2015-03-26 23:10:02, 31858
401996, 2015-03-26 23:15:03, 31624
401997, 2015-03-26 23:20:02, 31469
401998, 2015-03-26 23:25:03, 31211
401999, 2015-03-26 23:30:02, 30861
402000, 2015-03-26 23:35:02, 30624
402001, 2015-03-26 23:40:02, 30627
402002, 2015-03-26 23:45:01, 30549
402003, 2015-03-26 23:50:02, 30331
402004, 2015-03-26 23:55:02, 30252
402005, 2015-03-27 00:00:03, 30109
402006, 2015-03-27 00:05:03, 29910
402007, 2015-03-27 00:10:02, 30063
402008, 2015-03-27 00:15:01, 30125
402009, 2015-03-27 00:20:03, 30068
402010, 2015-03-27 00:25:01, 30073
402011, 2015-03-27 00:30:03, 30045
402012, 2015-03-27 00:35:02, 29993
402013, 2015-03-27 00:40:02, 30081
402014, 2015-03-27 00:45:02, 30250
402015, 2015-03-27 00:50:02, 30390
402016, 2015-03-27 00:55:02, 30444
402017, 2015-03-27 01:00:03, 30418
402018, 2015-03-27 01:05:04, 30379
402019, 2015-03-27 01:10:02, 30643
402020, 2015-03-27 01:15:01, 30708
402021, 2015-03-27 01:20:02, 30656
402022, 2015-03-27 01:25:03, 30621
402023, 2015-03-27 01:30:03, 30631
402024, 2015-03-27 01:35:01, 30438
402025, 2015-03-27 01:40:01, 30386
402026, 2015-03-27 01:45:04, 30281
402027, 2015-03-27 01:50:02, 30154
402028, 2015-03-27 01:55:02, 30062
402029, 2015-03-27 02:00:04, 29978
402030, 2015-03-27 02:05:02, 29880
402031, 2015-03-27 02:10:03, 29874
402032, 2015-03-27 02:15:03, 29827
402033, 2015-03-27 02:20:03, 29750
402034, 2015-03-27 02:25:02, 29626
402035, 2015-03-27 02:30:03, 29617
402036, 2015-03-27 02:35:03, 29581
402037, 2015-03-27 02:40:02, 29744
402038, 2015-03-27 02:45:02, 29710
402039, 2015-03-27 02:50:02, 29762
402040, 2015-03-27 02:55:03, 29716
402041, 2015-03-27 03:00:05, 29649
402042, 2015-03-27 03:05:02, 29599
402043, 2015-03-27 03:10:02, 29638
402044, 2015-03-27 03:15:02, 29504
402045, 2015-03-27 03:20:03, 29384
402046, 2015-03-27 03:25:03, 29302
402047, 2015-03-27 03:30:04, 29317
402048, 2015-03-27 03:35:02, 29211
402049, 2015-03-27 03:40:01, 29203
402050, 2015-03-27 03:45:02, 29181
402051, 2015-03-27 03:50:04, 29137
402052, 2015-03-27 03:55:02, 29081
402053, 2015-03-27 04:00:05, 29023
402054, 2015-03-27 04:05:03, 28888
402055, 2015-03-27 04:10:07, 28827
402056, 2015-03-27 04:15:02, 28828
402057, 2015-03-27 04:20:04, 28790
402058, 2015-03-27 04:25:02, 28738
402059, 2015-03-27 04:30:03, 28596
402060, 2015-03-27 04:35:02, 28538
402061, 2015-03-27 04:40:02, 28707
402062, 2015-03-27 04:45:03, 28809
402063, 2015-03-27 04:50:02, 28854
402064, 2015-03-27 04:55:02, 28906
402065, 2015-03-27 05:00:03, 28791
402066, 2015-03-27 05:05:02, 28861
402067, 2015-03-27 05:10:02, 28837
402068, 2015-03-27 05:15:02, 29103
402069, 2015-03-27 05:20:04, 29339
402070, 2015-03-27 05:25:01, 29470
402071, 2015-03-27 05:30:02, 29777
402072, 2015-03-27 05:35:02, 29901
402073, 2015-03-27 05:40:01, 30031
402074, 2015-03-27 05:45:03, 29936
402075, 2015-03-27 05:50:01, 29911
402076, 2015-03-27 05:55:01, 29839
402077, 2015-03-27 06:00:01, 29860
402078, 2015-03-27 06:05:02, 30104
402079, 2015-03-27 06:10:02, 30792
402080, 2015-03-27 06:15:02, 31666
402081, 2015-03-27 06:20:03, 32226
402082, 2015-03-27 06:25:01, 32657
402083, 2015-03-27 06:30:02, 32953
402084, 2015-03-27 06:35:01, 33084
402085, 2015-03-27 06:40:01, 33309
402086, 2015-03-27 06:45:03, 33935
402087, 2015-03-27 06:50:02, 34511
402088, 2015-03-27 06:55:02, 35078
402089, 2015-03-27 07:00:02, 35625
402090, 2015-03-27 07:05:01, 36144
402091, 2015-03-27 07:10:02, 36747
402092, 2015-03-27 07:15:02, 37633
402093, 2015-03-27 07:20:02, 38352
402094, 2015-03-27 07:25:02, 38776
402095, 2015-03-27 07:30:03, 38997
402096, 2015-03-27 07:35:02, 39247
402097, 2015-03-27 07:40:01, 39366
402098, 2015-03-27 07:45:02, 39490
402099, 2015-03-27 07:50:02, 39649
402100, 2015-03-27 07:55:02, 39807
402101, 2015-03-27 08:00:03, 39951
402102, 2015-03-27 08:05:02, 40073
402103, 2015-03-27 08:10:02, 40243
402104, 2015-03-27 08:15:02, 40370
402105, 2015-03-27 08:20:05, 40419
402106, 2015-03-27 08:25:01, 40348
402107, 2015-03-27 08:30:01, 40363
402108, 2015-03-27 08:35:03, 40371
402109, 2015-03-27 08:40:02, 40340
402110, 2015-03-27 08:45:03, 40320
402111, 2015-03-27 08:50:03, 40248
402112, 2015-03-27 08:55:03, 40243
402113, 2015-03-27 09:00:04, 40361
402114, 2015-03-27 09:05:01, 40504
402115, 2015-03-27 09:10:01, 40581
402116, 2015-03-27 09:15:02, 40625
402117, 2015-03-27 09:20:03, 40682
402118, 2015-03-27 09:25:01, 40584
402119, 2015-03-27 09:30:03, 40480
402120, 2015-03-27 09:35:02, 40400
402121, 2015-03-27 09:40:01, 40344
402122, 2015-03-27 09:45:03, 40262
402123, 2015-03-27 09:50:02, 40235
402124, 2015-03-27 09:55:02, 40192
402125, 2015-03-27 10:00:05, 40082
402126, 2015-03-27 10:05:02, 39982
402127, 2015-03-27 10:10:04, 39977
402128, 2015-03-27 10:15:02, 39989
402129, 2015-03-27 10:20:05, 39942
402130, 2015-03-27 10:25:01, 39924
402131, 2015-03-27 10:30:01, 39874
402132, 2015-03-27 10:35:02, 39773
402133, 2015-03-27 10:40:01, 39661
402134, 2015-03-27 10:45:03, 39558
402135, 2015-03-27 10:50:01, 39478
402136, 2015-03-27 10:55:02, 39392
402137, 2015-03-27 11:00:02, 39373
402138, 2015-03-27 11:05:02, 39391
402139, 2015-03-27 11:10:02, 39509
402140, 2015-03-27 11:18:29, 39550
402141, 2015-03-27 11:20:18, 39624
402142, 2015-03-27 11:25:02, 39642
402143, 2015-03-27 11:30:09, 39674
402144, 2015-03-27 11:35:01, 39674
402145, 2015-03-27 11:40:02, 39717
402146, 2015-03-27 11:45:02, 39793
402147, 2015-03-27 11:50:02, 39703
402148, 2015-03-27 11:55:01, 39169
402149, 2015-03-27 12:00:02, 39637
402150, 2015-03-27 12:05:02, 39646
402151, 2015-03-27 12:10:01, 39622
402152, 2015-03-27 12:15:03, 39675
402153, 2015-03-27 12:20:03, 39685
402154, 2015-03-27 12:25:02, 39680
402155, 2015-03-27 12:30:02, 39594
402156, 2015-03-27 12:35:02, 39497
402157, 2015-03-27 12:40:01, 39407
402158, 2015-03-27 12:45:02, 39327
402159, 2015-03-27 12:50:02, 39258
402160, 2015-03-27 12:55:01, 39204
402161, 2015-03-27 13:00:02, 39094
402162, 2015-03-27 13:05:02, 38990
402163, 2015-03-27 13:10:01, 38984
402164, 2015-03-27 13:15:02, 38879
402165, 2015-03-27 13:20:05, 38786
402166, 2015-03-27 13:25:02, 38654
402167, 2015-03-27 13:30:02, 38556
402168, 2015-03-27 13:35:06, 38535
402169, 2015-03-27 13:40:03, 38534
402170, 2015-03-27 13:45:03, 38485
402171, 2015-03-27 13:50:02, 38481
402172, 2015-03-27 13:55:03, 38424
402173, 2015-03-27 14:00:03, 38334
402174, 2015-03-27 14:05:02, 38201
402175, 2015-03-27 14:10:02, 38337
402176, 2015-03-27 14:15:02, 38385
402177, 2015-03-27 14:20:03, 38306
402178, 2015-03-27 14:25:01, 38211
402179, 2015-03-27 14:30:02, 38173
402180, 2015-03-27 14:35:02, 38074
402181, 2015-03-27 14:40:01, 38152
402182, 2015-03-27 14:45:02, 38152
402183, 2015-03-27 14:50:03, 38045
402184, 2015-03-27 14:55:01, 37941
402185, 2015-03-27 15:00:02, 37966
402186, 2015-03-27 15:05:01, 37968
402187, 2015-03-27 15:10:02, 37964
402188, 2015-03-27 15:15:03, 37942
402189, 2015-03-27 15:20:03, 37883
402190, 2015-03-27 15:25:02, 37887
402191, 2015-03-27 15:30:02, 37833
402192, 2015-03-27 15:35:03, 37910
402193, 2015-03-27 15:40:01, 38016
402194, 2015-03-27 15:45:01, 38127
402195, 2015-03-27 15:50:03, 38220
402196, 2015-03-27 15:55:02, 38387
402197, 2015-03-27 16:00:01, 38541
402198, 2015-03-27 16:05:03, 38636
402199, 2015-03-27 16:10:01, 38666
402200, 2015-03-27 16:15:03, 38804
402201, 2015-03-27 16:20:03, 38880
402202, 2015-03-27 16:25:02, 38995
402203, 2015-03-27 16:30:02, 39169
402204, 2015-03-27 16:35:03, 39422
402205, 2015-03-27 16:40:02, 39633
402206, 2015-03-27 16:45:04, 39795
402207, 2015-03-27 16:50:02, 40063
402208, 2015-03-27 16:55:04, 40258
402209, 2015-03-27 17:00:03, 40369
402210, 2015-03-27 17:05:03, 40609
402211, 2015-03-27 17:10:01, 40813
402212, 2015-03-27 17:15:01, 40833
402213, 2015-03-27 17:20:04, 40942
402214, 2015-03-27 17:25:01, 41093
402215, 2015-03-27 17:30:03, 41299
402216, 2015-03-27 17:35:03, 41337
402217, 2015-03-27 17:40:02, 41454
402218, 2015-03-27 17:45:02, 41401
402219, 2015-03-27 17:50:02, 41403
402220, 2015-03-27 17:55:02, 41440
402221, 2015-03-27 18:00:03, 41454
402222, 2015-03-27 18:05:01, 41630
402223, 2015-03-27 18:10:01, 41969
402224, 2015-03-27 18:15:04, 41946
402225, 2015-03-27 18:20:04, 42125
402226, 2015-03-27 18:25:03, 42316
402227, 2015-03-27 18:30:03, 42605
402228, 2015-03-27 18:35:03, 42842
402229, 2015-03-27 18:40:01, 43328
402230, 2015-03-27 18:45:01, 43649
402231, 2015-03-27 18:50:02, 43895
402232, 2015-03-27 18:55:02, 44210
402233, 2015-03-27 19:00:03, 44358
402234, 2015-03-27 19:05:02, 44505
402235, 2015-03-27 19:10:02, 44687
402236, 2015-03-27 19:15:03, 44656
402237, 2015-03-27 19:20:02, 44638
402238, 2015-03-27 19:25:01, 44522
402239, 2015-03-27 19:30:02, 44278
402240, 2015-03-27 19:35:02, 44197
402241, 2015-03-27 19:40:01, 44153
402242, 2015-03-27 19:45:01, 43960
402243, 2015-03-27 19:50:03, 43873
402244, 2015-03-27 19:55:02, 43808
402245, 2015-03-27 20:00:03, 43515
402246, 2015-03-27 20:05:02, 43351
402247, 2015-03-27 20:10:01, 43286
402248, 2015-03-27 20:15:02, 42977
402249, 2015-03-27 20:20:03, 42524
402250, 2015-03-27 20:25:01, 42185
402251, 2015-03-27 20:30:02, 41901
402252, 2015-03-27 20:35:02, 41659
402253, 2015-03-27 20:40:02, 41667
402254, 2015-03-27 20:45:01, 41499
402255, 2015-03-27 20:50:03, 41217
402256, 2015-03-27 20:55:02, 40939
402257, 2015-03-27 21:00:02, 40553
402258, 2015-03-27 21:05:03, 40240
402259, 2015-03-27 21:10:02, 39994
402260, 2015-03-27 21:15:02, 39697
402261, 2015-03-27 21:20:03, 39250
402262, 2015-03-27 21:25:02, 38915
402263, 2015-03-27 21:30:02, 38519
402264, 2015-03-27 21:35:01, 38155
402265, 2015-03-27 21:40:02, 37831
402266, 2015-03-27 21:45:03, 37528
402267, 2015-03-27 21:50:03, 37262
402268, 2015-03-27 21:55:02, 36904
402269, 2015-03-27 22:00:05, 36596
402270, 2015-03-27 22:05:03, 36213
402271, 2015-03-27 22:10:02, 36021
402272, 2015-03-27 22:15:03, 35552
402273, 2015-03-27 22:20:03, 35104
402274, 2015-03-27 22:25:03, 34695
402275, 2015-03-27 22:30:04, 34351
402276, 2015-03-27 22:35:02, 34090
402277, 2015-03-27 22:40:01, 34006
402278, 2015-03-27 22:45:02, 33758
402279, 2015-03-27 22:50:03, 33495
402280, 2015-03-27 22:55:02, 33167
402281, 2015-03-27 23:00:02, 32683
402282, 2015-03-27 23:05:02, 32248
402283, 2015-03-27 23:10:02, 31871
402284, 2015-03-27 23:15:02, 31543
402285, 2015-03-27 23:20:03, 31258
402286, 2015-03-27 23:25:01, 30981
402287, 2015-03-27 23:30:03, 30713
402288, 2015-03-27 23:35:02, 30458
402289, 2015-03-27 23:40:02, 30437
402290, 2015-03-27 23:45:03, 30295
402291, 2015-03-27 23:50:03, 30101
402292, 2015-03-27 23:55:02, 29837
402293, 2015-03-28 00:00:06, 29606
402294, 2015-03-28 00:05:02, 29423
402295, 2015-03-28 00:10:03, 29437
402296, 2015-03-28 00:15:02, 29521
402297, 2015-03-28 00:20:03, 29479
402298, 2015-03-28 00:25:02, 29439
402299, 2015-03-28 00:30:03, 29345
402300, 2015-03-28 00:35:02, 29238
402301, 2015-03-28 00:40:01, 29457
402302, 2015-03-28 00:45:04, 29531
402303, 2015-03-28 00:50:03, 29515
402304, 2015-03-28 00:55:02, 29442
402305, 2015-03-28 01:00:02, 29313
402306, 2015-03-28 01:05:02, 29176
402307, 2015-03-28 01:10:03, 29179
402308, 2015-03-28 01:15:01, 28994
402309, 2015-03-28 01:20:02, 28752
402310, 2015-03-28 01:25:02, 28578
402311, 2015-03-28 01:30:03, 28432
402312, 2015-03-28 01:35:02, 28287
402313, 2015-03-28 01:40:02, 28096
402314, 2015-03-28 01:45:02, 28044
402315, 2015-03-28 01:50:02, 28003
402316, 2015-03-28 01:55:02, 27796
402317, 2015-03-28 02:00:02, 27657
402318, 2015-03-28 02:05:02, 27408
402319, 2015-03-28 02:10:04, 27243
402320, 2015-03-28 02:15:03, 27112
402321, 2015-03-28 02:20:03, 27048
402322, 2015-03-28 02:25:03, 27088
402323, 2015-03-28 02:30:02, 27040
402324, 2015-03-28 02:35:02, 27068
402325, 2015-03-28 02:40:01, 27363
402326, 2015-03-28 02:45:02, 27342
402327, 2015-03-28 02:50:02, 27214
402328, 2015-03-28 02:55:02, 27126
402329, 2015-03-28 03:00:02, 27144
402330, 2015-03-28 03:05:05, 27036
402331, 2015-03-28 03:10:01, 27195
402332, 2015-03-28 03:15:02, 27119
402333, 2015-03-28 03:20:02, 27022
402334, 2015-03-28 03:25:02, 26959
402335, 2015-03-28 03:30:03, 26875
402336, 2015-03-28 03:35:02, 26797
402337, 2015-03-28 03:40:02, 26696
402338, 2015-03-28 03:45:02, 26573
402339, 2015-03-28 03:50:03, 26554
402340, 2015-03-28 03:55:03, 26434
402341, 2015-03-28 04:00:02, 26311
402342, 2015-03-28 04:05:07, 26228
402343, 2015-03-28 04:10:02, 26200
402344, 2015-03-28 04:15:05, 26185
402345, 2015-03-28 04:20:02, 26181
402346, 2015-03-28 04:25:02, 26106
402347, 2015-03-28 04:30:03, 25994
402348, 2015-03-28 04:35:02, 25942
402349, 2015-03-28 04:40:02, 25963
402350, 2015-03-28 04:45:04, 25897
402351, 2015-03-28 04:50:02, 25857
402352, 2015-03-28 04:55:02, 25814
402353, 2015-03-28 05:00:03, 25735
402354, 2015-03-28 05:05:02, 25677
402355, 2015-03-28 05:10:02, 25724
402356, 2015-03-28 05:15:02, 25748
402357, 2015-03-28 05:20:03, 25715
402358, 2015-03-28 05:25:03, 25687
402359, 2015-03-28 05:30:02, 25692
402360, 2015-03-28 05:35:01, 25677
402361, 2015-03-28 05:40:02, 25728
402362, 2015-03-28 05:45:02, 25655
402363, 2015-03-28 05:50:03, 25786
402364, 2015-03-28 05:55:02, 25725
402365, 2015-03-28 06:00:02, 25704
402366, 2015-03-28 06:05:03, 25827
402367, 2015-03-28 06:10:02, 26115
402368, 2015-03-28 06:15:02, 26340
402369, 2015-03-28 06:20:03, 26418
402370, 2015-03-28 06:25:03, 26480
402371, 2015-03-28 06:30:03, 26369
402372, 2015-03-28 06:35:02, 26347
402373, 2015-03-28 06:40:02, 26410
402374, 2015-03-28 06:45:02, 26391
402375, 2015-03-28 06:50:03, 26337
402376, 2015-03-28 06:55:02, 26264
402377, 2015-03-28 07:00:02, 26501
402378, 2015-03-28 07:05:03, 26779
402379, 2015-03-28 07:10:03, 27113
402380, 2015-03-28 07:15:03, 27408
402381, 2015-03-28 07:20:03, 27746
402382, 2015-03-28 07:25:02, 28038
402383, 2015-03-28 07:30:02, 28290
402384, 2015-03-28 07:35:01, 28452
402385, 2015-03-28 07:40:02, 28468
402386, 2015-03-28 07:45:03, 28549
402387, 2015-03-28 07:50:04, 28617
402388, 2015-03-28 07:55:02, 28758
402389, 2015-03-28 08:00:03, 28985
402390, 2015-03-28 08:05:02, 29296
402391, 2015-03-28 08:10:03, 29590
402392, 2015-03-28 08:15:02, 30072
402393, 2015-03-28 08:20:03, 30389
402394, 2015-03-28 08:25:01, 30577
402395, 2015-03-28 08:30:05, 30786
402396, 2015-03-28 08:35:02, 31019
402397, 2015-03-28 08:40:02, 31259
402398, 2015-03-28 08:45:03, 31467
402399, 2015-03-28 08:50:01, 31700
402400, 2015-03-28 08:55:01, 31988
402401, 2015-03-28 09:00:03, 32084
402402, 2015-03-28 09:05:02, 32385
402403, 2015-03-28 09:10:02, 32807
402404, 2015-03-28 09:15:02, 32969
402405, 2015-03-28 09:20:04, 33029
402406, 2015-03-28 09:25:01, 33095
402407, 2015-03-28 09:30:02, 33168
402408, 2015-03-28 09:35:02, 33247
402409, 2015-03-28 09:40:02, 33444
402410, 2015-03-28 09:45:02, 33508
402411, 2015-03-28 09:50:02, 33567
402412, 2015-03-28 09:55:02, 33575
402413, 2015-03-28 10:00:02, 33592
402414, 2015-03-28 10:05:02, 33580
402415, 2015-03-28 10:10:02, 33732
402416, 2015-03-28 10:15:03, 33842
402417, 2015-03-28 10:20:02, 33879
402418, 2015-03-28 10:25:01, 33868
402419, 2015-03-28 10:30:02, 33864
402420, 2015-03-28 10:35:02, 33993
402421, 2015-03-28 10:40:01, 34127
402422, 2015-03-28 10:45:03, 34151
402423, 2015-03-28 10:50:02, 34158
402424, 2015-03-28 10:55:01, 34107
402425, 2015-03-28 11:00:02, 34053
402426, 2015-03-28 11:05:01, 33975
402427, 2015-03-28 11:10:02, 34030
402428, 2015-03-28 11:15:02, 33980
402429, 2015-03-28 11:20:03, 33959
402430, 2015-03-28 11:25:02, 33921
402431, 2015-03-28 11:30:01, 33945
402432, 2015-03-28 11:35:01, 33960
402433, 2015-03-28 11:40:01, 34022
402434, 2015-03-28 11:45:03, 33999
402435, 2015-03-28 11:50:02, 33979
402436, 2015-03-28 11:55:02, 33951
402437, 2015-03-28 12:00:03, 33868
402438, 2015-03-28 12:05:01, 33826
402439, 2015-03-28 12:10:01, 33784
402440, 2015-03-28 12:15:02, 33704
402441, 2015-03-28 12:20:03, 33638
402442, 2015-03-28 12:25:01, 33702
402443, 2015-03-28 12:30:02, 33657
402444, 2015-03-28 12:35:02, 33574
402445, 2015-03-28 12:40:02, 33642
402446, 2015-03-28 12:45:03, 33550
402447, 2015-03-28 12:50:02, 33457
402448, 2015-03-28 12:55:03, 33445
402449, 2015-03-28 13:00:02, 33303
402450, 2015-03-28 13:05:01, 33225
402451, 2015-03-28 13:10:02, 33180
402452, 2015-03-28 13:15:01, 33146
402453, 2015-03-28 13:20:04, 33057
402454, 2015-03-28 13:25:02, 33044
402455, 2015-03-28 13:30:02, 32881
402456, 2015-03-28 13:35:02, 32645
402457, 2015-03-28 13:40:12, 32612
402458, 2015-03-28 13:45:03, 32516
402459, 2015-03-28 13:50:02, 32393
402460, 2015-03-28 13:55:01, 32285
402461, 2015-03-28 14:00:03, 32162
402462, 2015-03-28 14:05:02, 32048
402463, 2015-03-28 14:10:02, 32139
402464, 2015-03-28 14:15:03, 32175
402465, 2015-03-28 14:20:03, 32057
402466, 2015-03-28 14:25:03, 31942
402467, 2015-03-28 14:30:03, 31867
402468, 2015-03-28 14:35:02, 31885
402469, 2015-03-28 14:40:02, 31856
402470, 2015-03-28 14:45:03, 31759
402471, 2015-03-28 14:50:02, 31750
402472, 2015-03-28 14:55:01, 31759
402473, 2015-03-28 15:00:03, 31716
402474, 2015-03-28 15:05:02, 31652
402475, 2015-03-28 15:10:03, 31720
402476, 2015-03-28 15:15:01, 31789
402477, 2015-03-28 15:20:04, 31732
402478, 2015-03-28 15:25:04, 31676
402479, 2015-03-28 15:30:02, 31692
402480, 2015-03-28 15:35:02, 31672
402481, 2015-03-28 15:40:03, 31735
402482, 2015-03-28 15:45:03, 31697
402483, 2015-03-28 15:50:02, 31703
402484, 2015-03-28 15:55:02, 31809
402485, 2015-03-28 16:00:03, 31944
402486, 2015-03-28 16:05:02, 31987
402487, 2015-03-28 16:10:02, 32117
402488, 2015-03-28 16:15:02, 32159
402489, 2015-03-28 16:20:03, 32269
402490, 2015-03-28 16:25:02, 32408
402491, 2015-03-28 16:30:02, 32562
402492, 2015-03-28 16:35:03, 32807
402493, 2015-03-28 16:40:02, 32971
402494, 2015-03-28 16:45:02, 33182
402495, 2015-03-28 16:50:02, 33480
402496, 2015-03-28 16:55:02, 33746
402497, 2015-03-28 17:00:02, 33938
402498, 2015-03-28 17:05:03, 34039
402499, 2015-03-28 17:10:03, 34193
402500, 2015-03-28 17:15:02, 34362
402501, 2015-03-28 17:20:04, 34542
402502, 2015-03-28 17:25:02, 34827
402503, 2015-03-28 17:30:02, 35001
402504, 2015-03-28 17:35:02, 35154
402505, 2015-03-28 17:40:01, 35315
402506, 2015-03-28 17:45:03, 35486
402507, 2015-03-28 17:50:03, 35656
402508, 2015-03-28 17:55:01, 35837
402509, 2015-03-28 18:00:01, 36113
402510, 2015-03-28 18:05:02, 36348
402511, 2015-03-28 18:10:04, 36556
402512, 2015-03-28 18:15:02, 36739
402513, 2015-03-28 18:20:05, 36927
402514, 2015-03-28 18:25:02, 37090
402515, 2015-03-28 18:30:05, 37220
402516, 2015-03-28 18:35:03, 37384
402517, 2015-03-28 18:40:02, 37694
402518, 2015-03-28 18:45:04, 37909
402519, 2015-03-28 18:50:02, 38140
402520, 2015-03-28 18:55:02, 38444
402521, 2015-03-28 19:00:02, 38707
402522, 2015-03-28 19:05:03, 38840
402523, 2015-03-28 19:10:02, 38801
402524, 2015-03-28 19:15:02, 38662
402525, 2015-03-28 19:20:03, 38495
402526, 2015-03-28 19:25:02, 38522
402527, 2015-03-28 19:30:03, 38340
402528, 2015-03-28 19:35:02, 38041
402529, 2015-03-28 19:40:01, 37766
402530, 2015-03-28 19:45:03, 37607
402531, 2015-03-28 19:50:02, 37409
402532, 2015-03-28 19:55:02, 37132
402533, 2015-03-28 20:00:03, 36900
402534, 2015-03-28 20:05:02, 36716
402535, 2015-03-28 20:10:02, 36606
402536, 2015-03-28 20:15:02, 36588
402537, 2015-03-28 20:20:03, 36325
402538, 2015-03-28 20:25:02, 36064
402539, 2015-03-28 20:30:03, 35753
402540, 2015-03-28 20:35:02, 35431
402541, 2015-03-28 20:40:02, 35116
402542, 2015-03-28 20:45:02, 34871
402543, 2015-03-28 20:50:02, 34701
402544, 2015-03-28 20:55:01, 34520
402545, 2015-03-28 21:00:02, 34305
402546, 2015-03-28 21:05:02, 34039
402547, 2015-03-28 21:10:02, 33844
402548, 2015-03-28 21:15:02, 33763
402549, 2015-03-28 21:20:02, 33453
402550, 2015-03-28 21:25:02, 33250
402551, 2015-03-28 21:30:02, 33024
402552, 2015-03-28 21:35:02, 32766
402553, 2015-03-28 21:40:02, 32605
402554, 2015-03-28 21:45:02, 32261
402555, 2015-03-28 21:50:03, 31954
402556, 2015-03-28 21:55:02, 31747
402557, 2015-03-28 22:00:04, 31470
402558, 2015-03-28 22:05:02, 31320
402559, 2015-03-28 22:10:02, 31174
402560, 2015-03-28 22:15:02, 30942
402561, 2015-03-28 22:20:04, 30507
402562, 2015-03-28 22:25:03, 30241
402563, 2015-03-28 22:30:03, 30012
402564, 2015-03-28 22:35:02, 29784
402565, 2015-03-28 22:40:01, 29847
402566, 2015-03-28 22:45:03, 29729
402567, 2015-03-28 22:50:03, 29445
402568, 2015-03-28 22:55:03, 29228
402569, 2015-03-28 23:00:03, 28932
402570, 2015-03-28 23:05:02, 28567
402571, 2015-03-28 23:10:01, 28204
402572, 2015-03-28 23:15:02, 27828
402573, 2015-03-28 23:20:02, 27436
402574, 2015-03-28 23:25:02, 27157
402575, 2015-03-28 23:30:02, 26808
402576, 2015-03-28 23:35:02, 26574
402577, 2015-03-28 23:40:02, 26543
402578, 2015-03-28 23:45:02, 26435
402579, 2015-03-28 23:50:02, 26293
402580, 2015-03-28 23:55:02, 26179
402581, 2015-03-29 00:00:05, 26060
402582, 2015-03-29 00:05:02, 25958
402583, 2015-03-29 00:10:03, 26208
402584, 2015-03-29 00:15:02, 26118
402585, 2015-03-29 00:20:03, 26128
402586, 2015-03-29 00:25:02, 26226
402587, 2015-03-29 00:30:05, 26140
402588, 2015-03-29 00:35:01, 26013
402589, 2015-03-29 00:40:01, 26241
402590, 2015-03-29 00:45:03, 26296
402591, 2015-03-29 00:50:01, 26354
402592, 2015-03-29 00:55:01, 26447
402593, 2015-03-29 01:00:03, 26462
402594, 2015-03-29 01:05:01, 26640
402595, 2015-03-29 01:10:01, 26923
402596, 2015-03-29 01:15:03, 26170
402597, 2015-03-29 01:20:03, 26113
402598, 2015-03-29 01:25:02, 26805
402599, 2015-03-29 01:30:02, 26629
402600, 2015-03-29 01:35:02, 26514
402601, 2015-03-29 01:40:01, 26435
402602, 2015-03-29 01:45:04, 26371
402603, 2015-03-29 01:50:02, 26252
402604, 2015-03-29 01:55:02, 26160
402605, 2015-03-29 02:00:04, 26041
402606, 2015-03-29 02:05:03, 26138
402607, 2015-03-29 02:10:03, 26155
402608, 2015-03-29 02:15:03, 26054
402609, 2015-03-29 02:20:03, 25923
402610, 2015-03-29 02:25:01, 25831
402611, 2015-03-29 02:30:03, 25738
402612, 2015-03-29 02:35:03, 25666
402613, 2015-03-29 02:40:02, 25671
402614, 2015-03-29 02:45:02, 25610
402615, 2015-03-29 02:50:02, 25419
402616, 2015-03-29 02:55:03, 25240
402617, 2015-03-29 03:00:02, 25155
402618, 2015-03-29 03:05:06, 25065
402619, 2015-03-29 03:10:02, 25096
402620, 2015-03-29 03:15:01, 25025
402621, 2015-03-29 03:20:03, 25002
402622, 2015-03-29 03:25:02, 25061
402623, 2015-03-29 03:30:04, 24910
402624, 2015-03-29 03:35:06, 24821
402625, 2015-03-29 03:40:02, 24826
402626, 2015-03-29 03:45:08, 24702
402627, 2015-03-29 03:50:02, 24567
402628, 2015-03-29 03:55:02, 24559
402629, 2015-03-29 04:00:03, 24525
402630, 2015-03-29 04:05:09, 24467
402631, 2015-03-29 04:10:02, 24528
402632, 2015-03-29 04:15:03, 24504
402633, 2015-03-29 04:20:03, 24483
402634, 2015-03-29 04:25:01, 24497
402635, 2015-03-29 04:30:03, 24477
402636, 2015-03-29 04:35:03, 24393
402637, 2015-03-29 04:40:02, 24376
402638, 2015-03-29 04:45:04, 24435
402639, 2015-03-29 04:50:02, 24482
402640, 2015-03-29 04:55:02, 24521
402641, 2015-03-29 05:00:03, 24594
402642, 2015-03-29 05:05:02, 24654
402643, 2015-03-29 05:10:03, 24776
402644, 2015-03-29 05:15:01, 24775
402645, 2015-03-29 05:20:03, 24858
402646, 2015-03-29 05:25:01, 24940
402647, 2015-03-29 05:30:04, 25037
402648, 2015-03-29 05:35:03, 25139
402649, 2015-03-29 05:40:01, 25228
402650, 2015-03-29 05:45:03, 25256
402651, 2015-03-29 05:50:02, 25248
402652, 2015-03-29 05:55:02, 25276
402653, 2015-03-29 06:00:02, 25203
402654, 2015-03-29 06:05:02, 25211
402655, 2015-03-29 06:10:01, 25181
402656, 2015-03-29 06:15:02, 25224
402657, 2015-03-29 06:20:04, 25185
402658, 2015-03-29 06:25:02, 25234
402659, 2015-03-29 06:30:02, 25381
402660, 2015-03-29 06:35:02, 25494
402661, 2015-03-29 06:40:01, 25563
402662, 2015-03-29 06:45:03, 25791
402663, 2015-03-29 06:50:03, 25841
402664, 2015-03-29 06:55:02, 26051
402665, 2015-03-29 07:00:03, 26285
402666, 2015-03-29 07:05:01, 26370
402667, 2015-03-29 07:10:01, 26618
402668, 2015-03-29 07:15:02, 27027
402669, 2015-03-29 07:20:04, 27357
402670, 2015-03-29 07:25:01, 27607
402671, 2015-03-29 07:30:01, 27892
402672, 2015-03-29 07:35:02, 28258
402673, 2015-03-29 07:40:02, 28436
402674, 2015-03-29 07:45:02, 28605
402675, 2015-03-29 07:50:02, 28755
402676, 2015-03-29 07:55:01, 28913
402677, 2015-03-29 08:00:02, 29328
402678, 2015-03-29 08:05:02, 29596
402679, 2015-03-29 08:10:02, 29877
402680, 2015-03-29 08:15:02, 30287
402681, 2015-03-29 08:20:04, 30602
402682, 2015-03-29 08:25:02, 30804
402683, 2015-03-29 08:30:02, 30987
402684, 2015-03-29 08:35:03, 31165
402685, 2015-03-29 08:40:02, 31303
402686, 2015-03-29 08:45:02, 31449
402687, 2015-03-29 08:50:02, 31636
402688, 2015-03-29 08:55:01, 31826
402689, 2015-03-29 09:00:02, 32063
402690, 2015-03-29 09:05:02, 32320
402691, 2015-03-29 09:10:02, 32689
402692, 2015-03-29 09:15:02, 33018
402693, 2015-03-29 09:20:05, 33336
402694, 2015-03-29 09:25:02, 33575
402695, 2015-03-29 09:30:02, 33819
402696, 2015-03-29 09:35:02, 33982
402697, 2015-03-29 09:40:02, 34191
402698, 2015-03-29 09:45:02, 34216
402699, 2015-03-29 09:50:02, 34315
402700, 2015-03-29 09:55:03, 34442
402701, 2015-03-29 10:00:03, 34509
402702, 2015-03-29 10:05:02, 34662
402703, 2015-03-29 10:10:02, 34923
402704, 2015-03-29 10:15:02, 35099
402705, 2015-03-29 10:20:03, 35191
402706, 2015-03-29 10:25:02, 35259
402707, 2015-03-29 10:30:03, 35321
402708, 2015-03-29 10:35:03, 35428
402709, 2015-03-29 10:40:02, 35453
402710, 2015-03-29 10:45:03, 35556
402711, 2015-03-29 10:50:02, 35521
402712, 2015-03-29 10:55:02, 35580
402713, 2015-03-29 11:00:01, 35620
402714, 2015-03-29 11:05:01, 35654
402715, 2015-03-29 11:10:03, 35798
402716, 2015-03-29 11:15:02, 35915
402717, 2015-03-29 11:20:04, 36014
402718, 2015-03-29 11:25:01, 36017
402719, 2015-03-29 11:30:03, 35963
402720, 2015-03-29 11:35:02, 35901
402721, 2015-03-29 11:40:01, 35931
402722, 2015-03-29 11:45:02, 35841
402723, 2015-03-29 11:50:01, 35821
402724, 2015-03-29 11:55:01, 35711
402725, 2015-03-29 12:00:04, 35595
402726, 2015-03-29 12:05:01, 35460
402727, 2015-03-29 12:10:04, 35402
402728, 2015-03-29 12:15:02, 35206
402729, 2015-03-29 12:20:06, 35091
402730, 2015-03-29 12:25:02, 35025
402731, 2015-03-29 12:30:02, 34889
402732, 2015-03-29 12:35:02, 34756
402733, 2015-03-29 12:40:02, 34775
402734, 2015-03-29 12:45:03, 34614
402735, 2015-03-29 12:50:02, 34408
402736, 2015-03-29 12:55:02, 34302
402737, 2015-03-29 13:00:01, 34128
402738, 2015-03-29 13:05:02, 33887
402739, 2015-03-29 13:10:02, 33997
402740, 2015-03-29 13:15:01, 33901
402741, 2015-03-29 13:20:03, 33706
402742, 2015-03-29 13:25:01, 33494
402743, 2015-03-29 13:30:01, 33379
402744, 2015-03-29 13:35:03, 33284
402745, 2015-03-29 13:40:01, 33051
402746, 2015-03-29 13:45:03, 32843
402747, 2015-03-29 13:50:02, 32788
402748, 2015-03-29 13:55:02, 32613
402749, 2015-03-29 14:00:02, 32580
402750, 2015-03-29 14:05:02, 32569
402751, 2015-03-29 14:10:01, 32658
402752, 2015-03-29 14:15:03, 32640
402753, 2015-03-29 14:20:02, 32513
402754, 2015-03-29 14:25:02, 32406
402755, 2015-03-29 14:30:03, 32292
402756, 2015-03-29 14:35:02, 32186
402757, 2015-03-29 14:40:01, 32201
402758, 2015-03-29 14:45:04, 32140
402759, 2015-03-29 14:50:01, 32074
402760, 2015-03-29 14:55:01, 32072
402761, 2015-03-29 15:00:03, 32135
402762, 2015-03-29 15:05:02, 32165
402763, 2015-03-29 15:10:02, 32254
402764, 2015-03-29 15:15:01, 32296
402765, 2015-03-29 15:20:04, 32332
402766, 2015-03-29 15:25:01, 32383
402767, 2015-03-29 15:30:01, 32420
402768, 2015-03-29 15:35:02, 32408
402769, 2015-03-29 15:40:02, 32609
402770, 2015-03-29 15:45:03, 32682
402771, 2015-03-29 15:50:01, 32754
402772, 2015-03-29 15:55:01, 32878
402773, 2015-03-29 16:00:03, 32949
402774, 2015-03-29 16:05:02, 33131
402775, 2015-03-29 16:10:02, 33236
402776, 2015-03-29 16:15:01, 33363
402777, 2015-03-29 16:20:02, 33467
402778, 2015-03-29 16:25:02, 33525
402779, 2015-03-29 16:30:01, 33630
402780, 2015-03-29 16:35:01, 33667
402781, 2015-03-29 16:40:02, 33711
402782, 2015-03-29 16:45:03, 33849
402783, 2015-03-29 16:50:02, 33913
402784, 2015-03-29 16:55:02, 34046
402785, 2015-03-29 17:00:03, 34233
402786, 2015-03-29 17:05:02, 34347
402787, 2015-03-29 17:10:02, 34434
402788, 2015-03-29 17:15:01, 34508
402789, 2015-03-29 17:20:02, 34550
402790, 2015-03-29 17:25:02, 34570
402791, 2015-03-29 17:30:01, 34603
402792, 2015-03-29 17:35:01, 34595
402793, 2015-03-29 17:40:03, 34643
402794, 2015-03-29 17:45:03, 34582
402795, 2015-03-29 17:50:02, 34663
402796, 2015-03-29 17:55:03, 34732
402797, 2015-03-29 18:00:02, 34806
402798, 2015-03-29 18:05:02, 34947
402799, 2015-03-29 18:10:02, 35264
402800, 2015-03-29 18:15:03, 35377
402801, 2015-03-29 18:20:05, 35443
402802, 2015-03-29 18:25:03, 35709
402803, 2015-03-29 18:30:02, 35812
402804, 2015-03-29 18:35:02, 35949
402805, 2015-03-29 18:40:01, 36143
402806, 2015-03-29 18:45:03, 36310
402807, 2015-03-29 18:50:02, 36460
402808, 2015-03-29 18:55:02, 36696
402809, 2015-03-29 19:00:01, 36946
402810, 2015-03-29 19:05:02, 37406
402811, 2015-03-29 19:10:02, 37828
402812, 2015-03-29 19:15:02, 37769
402813, 2015-03-29 19:20:02, 37656
402814, 2015-03-29 19:25:02, 37675
402815, 2015-03-29 19:30:03, 37496
402816, 2015-03-29 19:35:03, 37384
402817, 2015-03-29 19:40:01, 37294
402818, 2015-03-29 19:45:03, 37050
402819, 2015-03-29 19:50:02, 36776
402820, 2015-03-29 19:55:02, 36441
402821, 2015-03-29 20:00:02, 36184
402822, 2015-03-29 20:05:02, 35977
402823, 2015-03-29 20:10:01, 36311
402824, 2015-03-29 20:15:02, 35947
402825, 2015-03-29 20:20:02, 35542
402826, 2015-03-29 20:25:02, 35310
402827, 2015-03-29 20:30:02, 34873
402828, 2015-03-29 20:35:01, 34624
402829, 2015-03-29 20:40:02, 34319
402830, 2015-03-29 20:45:03, 33953
402831, 2015-03-29 20:50:02, 33701
402832, 2015-03-29 20:55:02, 33386
402833, 2015-03-29 21:00:03, 33032
402834, 2015-03-29 21:05:02, 32812
402835, 2015-03-29 21:10:05, 32934
402836, 2015-03-29 21:15:02, 32721
402837, 2015-03-29 21:20:02, 32275
402838, 2015-03-29 21:25:01, 31893
402839, 2015-03-29 21:30:02, 31407
402840, 2015-03-29 21:35:02, 30968
402841, 2015-03-29 21:40:02, 30870
402842, 2015-03-29 21:45:03, 30560
402843, 2015-03-29 21:50:01, 30127
402844, 2015-03-29 21:55:01, 29757
402845, 2015-03-29 22:00:01, 29291
402846, 2015-03-29 22:05:02, 28937
402847, 2015-03-29 22:10:03, 28582
402848, 2015-03-29 22:15:02, 28166
402849, 2015-03-29 22:20:02, 27704
402850, 2015-03-29 22:25:01, 27330
402851, 2015-03-29 22:30:02, 27207
402852, 2015-03-29 22:35:02, 27055
402853, 2015-03-29 22:40:01, 27126
402854, 2015-03-29 22:45:02, 27081
402855, 2015-03-29 22:50:01, 26933
402856, 2015-03-29 22:55:01, 26534
402857, 2015-03-29 23:00:02, 26291
402858, 2015-03-29 23:05:02, 26097
402859, 2015-03-29 23:10:01, 26176
402860, 2015-03-29 23:15:02, 26138
402861, 2015-03-29 23:20:02, 26104
402862, 2015-03-29 23:25:03, 26006
402863, 2015-03-29 23:30:01, 25870
402864, 2015-03-29 23:35:02, 25758
402865, 2015-03-29 23:40:02, 25755
402866, 2015-03-29 23:45:03, 25873
402867, 2015-03-29 23:50:02, 26028
402868, 2015-03-29 23:55:02, 25985
402869, 2015-03-30 00:00:02, 25945
402870, 2015-03-30 00:05:02, 25818
402871, 2015-03-30 00:10:02, 26218
402872, 2015-03-30 00:15:01, 26467
402873, 2015-03-30 00:20:03, 26531
402874, 2015-03-30 00:25:01, 26604
402875, 2015-03-30 00:30:02, 26627
402876, 2015-03-30 00:35:02, 26629
402877, 2015-03-30 00:40:02, 26814
402878, 2015-03-30 00:45:02, 27006
402879, 2015-03-30 00:50:03, 27091
402880, 2015-03-30 00:55:01, 27235
402881, 2015-03-30 01:00:01, 27500
402882, 2015-03-30 01:05:02, 27501
402883, 2015-03-30 01:10:01, 27584
402884, 2015-03-30 01:15:02, 27415
402885, 2015-03-30 01:20:03, 27208
402886, 2015-03-30 01:25:02, 27206
402887, 2015-03-30 01:30:02, 27136
402888, 2015-03-30 01:35:02, 27194
402889, 2015-03-30 01:40:01, 27356
402890, 2015-03-30 01:45:02, 27320
402891, 2015-03-30 01:50:02, 27190
402892, 2015-03-30 01:55:03, 27130
402893, 2015-03-30 02:00:06, 27166
402894, 2015-03-30 02:05:03, 27162
402895, 2015-03-30 02:10:03, 27142
402896, 2015-03-30 02:15:03, 27055
402897, 2015-03-30 02:20:04, 26981
402898, 2015-03-30 02:25:02, 26920
402899, 2015-03-30 02:30:02, 26857
402900, 2015-03-30 02:35:02, 26782
402901, 2015-03-30 02:40:02, 26880
402902, 2015-03-30 02:45:01, 26833
402903, 2015-03-30 02:50:05, 26762
402904, 2015-03-30 02:55:03, 26696
402905, 2015-03-30 03:00:05, 26575
402906, 2015-03-30 03:05:01, 26420
402907, 2015-03-30 03:10:02, 26420
402908, 2015-03-30 03:15:02, 26373
402909, 2015-03-30 03:20:04, 26312
402910, 2015-03-30 03:25:02, 26251
402911, 2015-03-30 03:30:02, 26197
402912, 2015-03-30 03:35:02, 26122
402913, 2015-03-30 03:40:01, 26218
402914, 2015-03-30 03:45:02, 26290
402915, 2015-03-30 03:50:03, 26308
402916, 2015-03-30 03:55:02, 26349
402917, 2015-03-30 04:00:03, 26414
402918, 2015-03-30 04:05:02, 26421
402919, 2015-03-30 04:10:02, 26581
402920, 2015-03-30 04:15:02, 26659
402921, 2015-03-30 04:20:03, 26597
402922, 2015-03-30 04:25:03, 26663
402923, 2015-03-30 04:30:03, 26786
402924, 2015-03-30 04:35:04, 26962
402925, 2015-03-30 04:40:02, 27204
402926, 2015-03-30 04:45:03, 27434
402927, 2015-03-30 04:50:02, 27408
402928, 2015-03-30 04:55:01, 27551
402929, 2015-03-30 05:00:01, 27666
402930, 2015-03-30 05:05:02, 27792
402931, 2015-03-30 05:10:02, 28268
402932, 2015-03-30 05:15:02, 28968
402933, 2015-03-30 05:20:02, 29203
402934, 2015-03-30 05:25:02, 29512
402935, 2015-03-30 05:30:01, 29799
402936, 2015-03-30 05:35:02, 30069
402937, 2015-03-30 05:40:02, 30410
402938, 2015-03-30 05:45:03, 30833
402939, 2015-03-30 05:50:01, 31108
402940, 2015-03-30 05:55:04, 31513
402941, 2015-03-30 06:00:04, 31973
402942, 2015-03-30 06:05:02, 32528
402943, 2015-03-30 06:10:01, 33102
402944, 2015-03-30 06:15:03, 33857
402945, 2015-03-30 06:20:03, 34475
402946, 2015-03-30 06:25:03, 34949
402947, 2015-03-30 06:30:02, 35410
402948, 2015-03-30 06:35:02, 35825
402949, 2015-03-30 06:40:02, 36214
402950, 2015-03-30 06:45:03, 36642
402951, 2015-03-30 06:50:02, 36975
402952, 2015-03-30 06:55:01, 37263
402953, 2015-03-30 07:00:03, 37573
402954, 2015-03-30 07:05:03, 37892
402955, 2015-03-30 07:10:03, 38129
402956, 2015-03-30 07:15:02, 38370
402957, 2015-03-30 07:20:03, 38491
402958, 2015-03-30 07:25:02, 38555
402959, 2015-03-30 07:30:01, 38715
402960, 2015-03-30 07:35:03, 38752
402961, 2015-03-30 07:40:02, 38663
402962, 2015-03-30 07:45:02, 38572
402963, 2015-03-30 07:50:02, 38587
402964, 2015-03-30 07:55:03, 38581
402965, 2015-03-30 08:00:01, 38481
402966, 2015-03-30 08:05:03, 38550
402967, 2015-03-30 08:10:01, 38742
402968, 2015-03-30 08:15:02, 38862
402969, 2015-03-30 08:20:03, 38915
402970, 2015-03-30 08:25:03, 38816
402971, 2015-03-30 08:30:02, 38716
402972, 2015-03-30 08:35:04, 38764
402973, 2015-03-30 08:40:03, 38729
402974, 2015-03-30 08:45:03, 38720
402975, 2015-03-30 08:50:03, 38618
402976, 2015-03-30 08:55:01, 38496
402977, 2015-03-30 09:00:02, 38426
402978, 2015-03-30 09:05:01, 38439
402979, 2015-03-30 09:10:02, 38480
402980, 2015-03-30 09:15:02, 38454
402981, 2015-03-30 09:20:03, 38409
402982, 2015-03-30 09:25:02, 38366
402983, 2015-03-30 09:30:01, 38304
402984, 2015-03-30 09:35:03, 38195
402985, 2015-03-30 09:40:02, 38252
402986, 2015-03-30 09:45:01, 38264
402987, 2015-03-30 09:50:02, 38098
402988, 2015-03-30 09:55:01, 38026
402989, 2015-03-30 10:00:01, 38022
402990, 2015-03-30 10:05:02, 37966
402991, 2015-03-30 10:10:03, 38016
402992, 2015-03-30 10:15:06, 38140
402993, 2015-03-30 10:20:03, 38141
402994, 2015-03-30 10:25:35, 38092
402995, 2015-03-30 10:32:46, 38075
402996, 2015-03-30 10:35:02, 38132
402997, 2015-03-30 10:40:02, 38245
402998, 2015-03-30 10:45:03, 38182
402999, 2015-03-30 10:50:02, 38188
403000, 2015-03-30 10:55:03, 38256
403001, 2015-03-30 11:00:07, 38243
403002, 2015-03-30 11:05:01, 38198
403003, 2015-03-30 11:10:02, 38240
403004, 2015-03-30 11:15:02, 38170
403005, 2015-03-30 11:20:04, 38228
403006, 2015-03-30 11:25:01, 38212
403007, 2015-03-30 11:30:01, 38160
403008, 2015-03-30 11:35:03, 38155
403009, 2015-03-30 11:40:01, 38040
403010, 2015-03-30 11:45:02, 38031
403011, 2015-03-30 11:50:02, 37940
403012, 2015-03-30 11:55:02, 37940
403013, 2015-03-30 12:00:01, 37879
403014, 2015-03-30 12:05:02, 37871
403015, 2015-03-30 12:10:02, 37942
403016, 2015-03-30 12:15:02, 37994
403017, 2015-03-30 12:20:02, 37891
403018, 2015-03-30 12:25:01, 37899
403019, 2015-03-30 12:30:02, 37850
403020, 2015-03-30 12:35:02, 37898
403021, 2015-03-30 12:40:02, 37988
403022, 2015-03-30 12:45:04, 38008
403023, 2015-03-30 12:50:02, 38004
403024, 2015-03-30 12:55:01, 37998
403025, 2015-03-30 13:00:02, 37965
403026, 2015-03-30 13:05:02, 38004
403027, 2015-03-30 13:10:02, 38208
403028, 2015-03-30 13:15:02, 38272
403029, 2015-03-30 13:20:03, 38237
403030, 2015-03-30 13:25:01, 38379
403031, 2015-03-30 13:30:01, 38395
403032, 2015-03-30 13:35:02, 38399
403033, 2015-03-30 13:40:02, 38455
403034, 2015-03-30 13:45:02, 38403
403035, 2015-03-30 13:50:01, 38355
403036, 2015-03-30 13:55:03, 38504
403037, 2015-03-30 14:00:03, 38504
403038, 2015-03-30 14:05:02, 38499
403039, 2015-03-30 14:10:02, 38568
403040, 2015-03-30 14:15:01, 38583
403041, 2015-03-30 14:20:05, 38660
403042, 2015-03-30 14:25:01, 38704
403043, 2015-03-30 14:30:03, 38757
403044, 2015-03-30 14:35:02, 38881
403045, 2015-03-30 14:40:02, 39046
403046, 2015-03-30 14:45:03, 39301
403047, 2015-03-30 14:50:02, 39385
403048, 2015-03-30 14:55:02, 39493
403049, 2015-03-30 15:00:04, 39602
403050, 2015-03-30 15:05:02, 39699
403051, 2015-03-30 15:10:01, 39853
403052, 2015-03-30 15:15:02, 40012
403053, 2015-03-30 15:20:03, 40120
403054, 2015-03-30 15:25:02, 40208
403055, 2015-03-30 15:30:03, 40439
403056, 2015-03-30 15:35:03, 40619
403057, 2015-03-30 15:40:02, 40729
403058, 2015-03-30 15:45:02, 40735
403059, 2015-03-30 15:50:02, 40848
403060, 2015-03-30 15:55:01, 40938
403061, 2015-03-30 16:00:02, 41014
403062, 2015-03-30 16:05:02, 41233
403063, 2015-03-30 16:10:03, 41332
403064, 2015-03-30 16:15:01, 41391
403065, 2015-03-30 16:20:05, 41315
403066, 2015-03-30 16:25:02, 41558
403067, 2015-03-30 16:30:03, 41764
403068, 2015-03-30 16:35:02, 41885
403069, 2015-03-30 16:40:02, 42028
403070, 2015-03-30 16:45:02, 42016
403071, 2015-03-30 16:50:03, 41930
403072, 2015-03-30 16:55:02, 41906
403073, 2015-03-30 17:00:03, 41771
403074, 2015-03-30 17:05:01, 41913
403075, 2015-03-30 17:10:01, 42083
403076, 2015-03-30 17:15:02, 41948
403077, 2015-03-30 17:20:03, 41855
403078, 2015-03-30 17:25:02, 41790
403079, 2015-03-30 17:30:01, 41818
403080, 2015-03-30 17:35:02, 41857
403081, 2015-03-30 17:40:02, 41955
403082, 2015-03-30 17:45:03, 42021
403083, 2015-03-30 17:50:02, 42043
403084, 2015-03-30 17:55:02, 42086
403085, 2015-03-30 18:00:02, 42101
403086, 2015-03-30 18:05:02, 42011
403087, 2015-03-30 18:10:02, 42108
403088, 2015-03-30 18:15:02, 42004
403089, 2015-03-30 18:20:04, 41791
403090, 2015-03-30 18:25:02, 41906
403091, 2015-03-30 18:30:03, 41813
403092, 2015-03-30 18:35:01, 41830
403093, 2015-03-30 18:40:02, 42232
403094, 2015-03-30 18:45:02, 42263
403095, 2015-03-30 18:50:01, 42210
403096, 2015-03-30 18:55:03, 42138
403097, 2015-03-30 19:00:03, 41981
403098, 2015-03-30 19:05:02, 41908
403099, 2015-03-30 19:10:03, 42394
403100, 2015-03-30 19:15:02, 42104
403101, 2015-03-30 19:20:04, 41890
403102, 2015-03-30 19:25:01, 41578
403103, 2015-03-30 19:30:01, 41449
403104, 2015-03-30 19:35:02, 41236
403105, 2015-03-30 19:40:02, 41044
403106, 2015-03-30 19:45:03, 40750
403107, 2015-03-30 19:50:02, 40625
403108, 2015-03-30 19:55:01, 40368
403109, 2015-03-30 20:00:04, 39969
403110, 2015-03-30 20:05:01, 39808
403111, 2015-03-30 20:10:02, 39664
403112, 2015-03-30 20:15:02, 39284
403113, 2015-03-30 20:20:05, 38982
403114, 2015-03-30 20:25:01, 38680
403115, 2015-03-30 20:30:02, 38199
403116, 2015-03-30 20:35:01, 37846
403117, 2015-03-30 20:40:02, 37480
403118, 2015-03-30 20:45:03, 37152
403119, 2015-03-30 20:50:02, 36706
403120, 2015-03-30 20:55:02, 36409
403121, 2015-03-30 21:00:02, 35918
403122, 2015-03-30 21:05:02, 35356
403123, 2015-03-30 21:10:02, 35179
403124, 2015-03-30 21:15:02, 34775
403125, 2015-03-30 21:20:02, 34211
403126, 2015-03-30 21:25:01, 33616
403127, 2015-03-30 21:30:03, 33249
403128, 2015-03-30 21:35:02, 32806
403129, 2015-03-30 21:40:02, 32543
403130, 2015-03-30 21:45:02, 32186
403131, 2015-03-30 21:50:03, 31820
403132, 2015-03-30 21:55:02, 31421
403133, 2015-03-30 22:00:04, 30947
403134, 2015-03-30 22:05:02, 30415
403135, 2015-03-30 22:10:01, 30026
403136, 2015-03-30 22:15:03, 29651
403137, 2015-03-30 22:20:04, 29291
403138, 2015-03-30 22:25:02, 29005
403139, 2015-03-30 22:30:02, 28727
403140, 2015-03-30 22:35:03, 28634
403141, 2015-03-30 22:40:01, 28576
403142, 2015-03-30 22:45:03, 28313
403143, 2015-03-30 22:50:02, 27879
403144, 2015-03-30 22:55:03, 27532
403145, 2015-03-30 23:00:05, 27316
403146, 2015-03-30 23:05:01, 27388
403147, 2015-03-30 23:10:01, 27513
403148, 2015-03-30 23:15:02, 27600
403149, 2015-03-30 23:20:03, 27601
403150, 2015-03-30 23:25:01, 27639
403151, 2015-03-30 23:30:03, 27406
403152, 2015-03-30 23:35:01, 27170
403153, 2015-03-30 23:40:02, 27112
403154, 2015-03-30 23:45:03, 27129
403155, 2015-03-30 23:50:02, 27080
403156, 2015-03-30 23:55:01, 27021
403157, 2015-03-31 00:00:04, 27045
403158, 2015-03-31 00:05:02, 27014
403159, 2015-03-31 00:10:02, 27280
403160, 2015-03-31 00:15:02, 27247
403161, 2015-03-31 00:20:02, 27323
403162, 2015-03-31 00:25:02, 27339
403163, 2015-03-31 00:30:02, 27207
403164, 2015-03-31 00:35:02, 27173
403165, 2015-03-31 00:40:02, 27586
403166, 2015-03-31 00:45:05, 27742
403167, 2015-03-31 00:50:02, 27863
403168, 2015-03-31 00:55:02, 27968
403169, 2015-03-31 01:00:02, 27936
403170, 2015-03-31 01:05:02, 27945
403171, 2015-03-31 01:10:05, 28087
403172, 2015-03-31 01:15:02, 28076
403173, 2015-03-31 01:20:04, 27941
403174, 2015-03-31 01:25:02, 27865
403175, 2015-03-31 01:30:03, 27852
403176, 2015-03-31 01:35:02, 27778
403177, 2015-03-31 01:40:02, 27722
403178, 2015-03-31 01:45:02, 27749
403179, 2015-03-31 01:50:02, 27698
403180, 2015-03-31 01:55:02, 27817
403181, 2015-03-31 02:00:04, 27722
403182, 2015-03-31 02:05:02, 27685
403183, 2015-03-31 02:10:03, 27853
403184, 2015-03-31 02:15:02, 27907
403185, 2015-03-31 02:20:02, 27835
403186, 2015-03-31 02:25:02, 27882
403187, 2015-03-31 02:30:01, 28059
403188, 2015-03-31 02:35:03, 27972
403189, 2015-03-31 02:40:02, 28116
403190, 2015-03-31 02:45:02, 28072
403191, 2015-03-31 02:50:01, 27960
403192, 2015-03-31 02:55:02, 27885
403193, 2015-03-31 03:00:03, 27786
403194, 2015-03-31 03:05:02, 27782
403195, 2015-03-31 03:10:02, 27832
403196, 2015-03-31 03:15:02, 27833
403197, 2015-03-31 03:20:04, 27825
403198, 2015-03-31 03:25:02, 27834
403199, 2015-03-31 03:30:04, 27839
403200, 2015-03-31 03:35:02, 27771
403201, 2015-03-31 03:40:01, 27848
403202, 2015-03-31 03:45:05, 27768
403203, 2015-03-31 03:50:02, 27702
403204, 2015-03-31 03:55:03, 27706
403205, 2015-03-31 04:00:04, 27768
403206, 2015-03-31 04:05:02, 27789
403207, 2015-03-31 04:10:02, 27758
403208, 2015-03-31 04:15:05, 27750
403209, 2015-03-31 04:20:03, 27842
403210, 2015-03-31 04:25:03, 27898
403211, 2015-03-31 04:30:01, 27885
403212, 2015-03-31 04:35:02, 27841
403213, 2015-03-31 04:40:01, 27929
403214, 2015-03-31 04:45:03, 28059
403215, 2015-03-31 04:50:03, 28235
403216, 2015-03-31 04:55:03, 28259
403217, 2015-03-31 05:00:03, 28054
403218, 2015-03-31 05:05:02, 27863
403219, 2015-03-31 05:10:02, 28264
403220, 2015-03-31 05:15:01, 28895
403221, 2015-03-31 05:20:02, 29492
403222, 2015-03-31 05:25:02, 29999
403223, 2015-03-31 05:30:02, 30308
403224, 2015-03-31 05:35:04, 30684
403225, 2015-03-31 05:40:01, 30912
403226, 2015-03-31 05:45:03, 31345
403227, 2015-03-31 05:50:02, 31794
403228, 2015-03-31 05:55:02, 32098
403229, 2015-03-31 06:00:05, 32358
403230, 2015-03-31 06:05:02, 32783
403231, 2015-03-31 06:10:02, 33528
403232, 2015-03-31 06:15:02, 34195
403233, 2015-03-31 06:20:03, 34751
403234, 2015-03-31 06:25:02, 35108
403235, 2015-03-31 06:30:03, 35471
403236, 2015-03-31 06:35:02, 35753
403237, 2015-03-31 06:40:02, 35875
403238, 2015-03-31 06:45:03, 36209
403239, 2015-03-31 06:50:02, 36532
403240, 2015-03-31 06:55:02, 36898
403241, 2015-03-31 07:00:03, 37224
403242, 2015-03-31 07:05:01, 37471
403243, 2015-03-31 07:10:02, 37700
403244, 2015-03-31 07:15:03, 37871
403245, 2015-03-31 07:20:03, 38014
403246, 2015-03-31 07:25:03, 38077
403247, 2015-03-31 07:30:02, 38106
403248, 2015-03-31 07:35:01, 38135
403249, 2015-03-31 07:40:02, 38070
403250, 2015-03-31 07:45:03, 37995
403251, 2015-03-31 07:50:02, 37982
403252, 2015-03-31 07:55:01, 37968
403253, 2015-03-31 08:00:01, 38045
403254, 2015-03-31 08:05:02, 38048
403255, 2015-03-31 08:10:02, 38133
403256, 2015-03-31 08:15:02, 38267
403257, 2015-03-31 08:20:04, 38274
403258, 2015-03-31 08:25:01, 38180
403259, 2015-03-31 08:30:01, 38152
403260, 2015-03-31 08:35:03, 38067
403261, 2015-03-31 08:40:03, 38116
403262, 2015-03-31 08:45:07, 38050
403263, 2015-03-31 08:50:03, 37886
403264, 2015-03-31 08:55:02, 37611
403265, 2015-03-31 09:00:02, 37539
403266, 2015-03-31 09:05:02, 37503
403267, 2015-03-31 09:10:02, 37504
403268, 2015-03-31 09:15:02, 37353
403269, 2015-03-31 09:20:02, 37142
403270, 2015-03-31 09:25:02, 37122
403271, 2015-03-31 09:30:02, 37019
403272, 2015-03-31 09:35:01, 37048
403273, 2015-03-31 09:40:01, 37032
403274, 2015-03-31 09:45:03, 36966
403275, 2015-03-31 09:50:03, 37008
403276, 2015-03-31 09:55:03, 36998
403277, 2015-03-31 10:00:04, 36962
403278, 2015-03-31 10:05:02, 36861
403279, 2015-03-31 10:10:02, 36838
403280, 2015-03-31 10:15:02, 36757
403281, 2015-03-31 10:20:03, 36831
403282, 2015-03-31 10:25:02, 36850
403283, 2015-03-31 10:30:03, 36780
403284, 2015-03-31 10:35:02, 36651
403285, 2015-03-31 10:40:01, 36591
403286, 2015-03-31 10:45:02, 36507
403287, 2015-03-31 10:50:05, 36505
403288, 2015-03-31 10:55:01, 36561
403289, 2015-03-31 11:00:05, 36565
403290, 2015-03-31 11:05:03, 36522
403291, 2015-03-31 11:10:02, 36634
403292, 2015-03-31 11:15:02, 36730
403293, 2015-03-31 11:20:03, 36744
403294, 2015-03-31 11:25:03, 36750
403295, 2015-03-31 11:30:04, 36693
403296, 2015-03-31 11:35:01, 36770
403297, 2015-03-31 11:40:03, 36783
403298, 2015-03-31 11:45:02, 36839
403299, 2015-03-31 11:50:02, 36734
403300, 2015-03-31 11:55:02, 36678
403301, 2015-03-31 12:00:01, 36649
403302, 2015-03-31 12:05:02, 36727
403303, 2015-03-31 12:10:03, 36770
403304, 2015-03-31 12:15:03, 36719
403305, 2015-03-31 12:20:04, 36499
403306, 2015-03-31 12:25:02, 36311
403307, 2015-03-31 12:30:03, 36219
403308, 2015-03-31 12:35:02, 36212
403309, 2015-03-31 12:40:03, 36234
403310, 2015-03-31 12:45:01, 36234
403311, 2015-03-31 12:50:02, 36234
403312, 2015-03-31 12:55:02, 36234
403313, 2015-03-31 13:00:03, 36188
403314, 2015-03-31 13:05:02, 36034
403315, 2015-03-31 13:10:02, 36139
403316, 2015-03-31 13:15:02, 36232
403317, 2015-03-31 13:20:04, 36200
403318, 2015-03-31 13:25:02, 36230
403319, 2015-03-31 13:30:03, 36134
403320, 2015-03-31 13:35:02, 35949
403321, 2015-03-31 13:40:01, 35925
403322, 2015-03-31 13:45:02, 35912
403323, 2015-03-31 13:50:03, 35982
403324, 2015-03-31 13:55:03, 35864
403325, 2015-03-31 14:00:03, 35800
403326, 2015-03-31 14:05:01, 35822
403327, 2015-03-31 14:10:05, 35840
403328, 2015-03-31 14:15:04, 35798
403329, 2015-03-31 14:20:03, 35702
403330, 2015-03-31 14:25:03, 35673
403331, 2015-03-31 14:30:01, 35872
403332, 2015-03-31 14:35:02, 35929
403333, 2015-03-31 14:40:02, 36131
403334, 2015-03-31 14:45:02, 36312
403335, 2015-03-31 14:50:02, 36462
403336, 2015-03-31 14:55:03, 36616
403337, 2015-03-31 15:00:04, 36690
403338, 2015-03-31 15:05:02, 36752
403339, 2015-03-31 15:10:02, 36769
403340, 2015-03-31 15:15:02, 36844
403341, 2015-03-31 15:20:03, 37027
403342, 2015-03-31 15:25:04, 37397
403343, 2015-03-31 15:30:02, 37462
403344, 2015-03-31 15:35:02, 37501
403345, 2015-03-31 15:40:02, 37498
403346, 2015-03-31 15:45:02, 37604
403347, 2015-03-31 15:50:05, 37619
403348, 2015-03-31 15:55:02, 37793
403349, 2015-03-31 16:00:03, 38009
403350, 2015-03-31 16:05:03, 38222
403351, 2015-03-31 16:10:02, 38482
403352, 2015-03-31 16:15:03, 38491
403353, 2015-03-31 16:20:02, 38606
403354, 2015-03-31 16:25:03, 38839
403355, 2015-03-31 16:30:02, 39067
403356, 2015-03-31 16:35:02, 39265
403357, 2015-03-31 16:40:02, 39320
403358, 2015-03-31 16:45:02, 39268
403359, 2015-03-31 16:50:02, 39316
403360, 2015-03-31 16:55:02, 39296
403361, 2015-03-31 17:00:01, 39214
403362, 2015-03-31 17:05:02, 39336
403363, 2015-03-31 17:10:01, 39313
403364, 2015-03-31 17:15:02, 39321
403365, 2015-03-31 17:20:03, 39241
403366, 2015-03-31 17:25:02, 39225
403367, 2015-03-31 17:30:01, 39206
403368, 2015-03-31 17:35:04, 39223
403369, 2015-03-31 17:40:17, 39472
403370, 2015-03-31 17:45:28, 39643
403371, 2015-03-31 17:51:13, 39816
403372, 2015-03-31 17:55:10, 39816
403373, 2015-03-31 18:00:09, 39872
403374, 2015-03-31 18:05:02, 39852
403375, 2015-03-31 18:10:02, 39751
403376, 2015-03-31 18:15:03, 39769
403377, 2015-03-31 18:20:03, 39805
403378, 2015-03-31 18:25:01, 39812
403379, 2015-03-31 18:30:04, 39890
403380, 2015-03-31 18:35:04, 40130
403381, 2015-03-31 18:40:01, 40400
403382, 2015-03-31 18:45:03, 40569
403383, 2015-03-31 18:50:02, 40624
403384, 2015-03-31 18:55:02, 40784
403385, 2015-03-31 19:00:02, 41038
403386, 2015-03-31 19:05:01, 41267
403387, 2015-03-31 19:10:02, 41731
403388, 2015-03-31 19:15:02, 41845
403389, 2015-03-31 19:20:03, 41741
403390, 2015-03-31 19:25:02, 41584
403391, 2015-03-31 19:30:02, 41389
403392, 2015-03-31 19:35:02, 41198
403393, 2015-03-31 19:40:02, 41055
403394, 2015-03-31 19:45:03, 40998
403395, 2015-03-31 19:50:02, 40590
403396, 2015-03-31 19:55:02, 40412
403397, 2015-03-31 20:00:48, 40105
403398, 2015-03-31 20:05:01, 39890
403399, 2015-03-31 20:10:01, 39914
403400, 2015-03-31 20:15:02, 39590
403401, 2015-03-31 20:20:04, 39149
403402, 2015-03-31 20:25:02, 38933
403403, 2015-03-31 20:30:05, 38604
403404, 2015-03-31 20:35:02, 38234
403405, 2015-03-31 20:40:02, 37839
403406, 2015-03-31 20:45:02, 37456
403407, 2015-03-31 20:50:02, 37263
403408, 2015-03-31 20:55:02, 36946
403409, 2015-03-31 21:00:04, 36482
403410, 2015-03-31 21:05:02, 35997
403411, 2015-03-31 21:10:03, 35845
403412, 2015-03-31 21:15:01, 35595
403413, 2015-03-31 21:20:02, 35168
403414, 2015-03-31 21:25:01, 34626
403415, 2015-03-31 21:30:04, 34126
403416, 2015-03-31 21:35:02, 33517
403417, 2015-03-31 21:40:02, 33332
403418, 2015-03-31 21:45:03, 32979
403419, 2015-03-31 21:50:01, 32526
403420, 2015-03-31 21:55:02, 32146
403421, 2015-03-31 22:00:04, 31705
403422, 2015-03-31 22:05:02, 31225
403423, 2015-03-31 22:10:02, 30832
403424, 2015-03-31 22:15:03, 30523
403425, 2015-03-31 22:20:03, 30534
403426, 2015-03-31 22:25:03, 30012
403427, 2015-03-31 22:30:03, 29567
403428, 2015-03-31 22:35:02, 29239
403429, 2015-03-31 22:40:01, 29084
403430, 2015-03-31 22:45:04, 28950
403431, 2015-03-31 22:50:03, 28824
403432, 2015-03-31 22:55:01, 28535
403433, 2015-03-31 23:00:04, 28289
403434, 2015-03-31 23:05:02, 27940
403435, 2015-03-31 23:10:01, 27598
403436, 2015-03-31 23:15:02, 27211
403437, 2015-03-31 23:20:03, 27224
403438, 2015-03-31 23:25:02, 27152
403439, 2015-03-31 23:30:04, 27104
403440, 2015-03-31 23:35:03, 27028
403441, 2015-03-31 23:40:01, 26987
403442, 2015-03-31 23:45:03, 26952
403443, 2015-03-31 23:50:02, 26966
403444, 2015-03-31 23:55:02, 26928
403445, 2015-04-01 00:00:04, 26817
403446, 2015-04-01 00:05:03, 26774
403447, 2015-04-01 00:10:02, 26993
403448, 2015-04-01 00:15:02, 27252
403449, 2015-04-01 00:20:03, 27256
403450, 2015-04-01 00:25:01, 27378
403451, 2015-04-01 00:30:04, 27456
403452, 2015-04-01 00:35:02, 27551
403453, 2015-04-01 00:40:03, 27898
403454, 2015-04-01 00:45:04, 27879
403455, 2015-04-01 00:50:02, 27915
403456, 2015-04-01 00:55:02, 28024
403457, 2015-04-01 01:00:04, 28076
403458, 2015-04-01 01:05:02, 28025
403459, 2015-04-01 01:10:03, 27987
403460, 2015-04-01 01:15:02, 27969
403461, 2015-04-01 01:20:04, 27905
403462, 2015-04-01 01:25:03, 28032
403463, 2015-04-01 01:30:04, 28010
403464, 2015-04-01 01:35:03, 28000
403465, 2015-04-01 01:40:04, 28111
403466, 2015-04-01 01:45:04, 28029
403467, 2015-04-01 01:50:02, 28074
403468, 2015-04-01 01:55:03, 28109
403469, 2015-04-01 02:00:04, 28064
403470, 2015-04-01 02:05:03, 28180
403471, 2015-04-01 02:10:03, 28275
403472, 2015-04-01 02:15:02, 28309
403473, 2015-04-01 02:20:02, 28371
403474, 2015-04-01 02:25:03, 28508
403475, 2015-04-01 02:30:03, 28603
403476, 2015-04-01 02:35:03, 28515
403477, 2015-04-01 02:40:02, 28581
403478, 2015-04-01 02:45:02, 28524
403479, 2015-04-01 02:50:02, 28429
403480, 2015-04-01 02:55:02, 28404
403481, 2015-04-01 03:00:05, 28352
403482, 2015-04-01 03:05:03, 28309
403483, 2015-04-01 03:10:01, 28258
403484, 2015-04-01 03:15:01, 28206
403485, 2015-04-01 03:20:03, 28138
403486, 2015-04-01 03:25:01, 28069
403487, 2015-04-01 03:30:03, 27980
403488, 2015-04-01 03:35:03, 27932
403489, 2015-04-01 03:40:01, 27774
403490, 2015-04-01 03:45:02, 27792
403491, 2015-04-01 03:50:03, 27770
403492, 2015-04-01 03:55:02, 27714
403493, 2015-04-01 04:00:04, 27674
403494, 2015-04-01 04:05:08, 27516
403495, 2015-04-01 04:10:02, 27519
403496, 2015-04-01 04:15:02, 27642
403497, 2015-04-01 04:20:04, 27675
403498, 2015-04-01 04:25:02, 27848
403499, 2015-04-01 04:30:03, 27787
403500, 2015-04-01 04:35:03, 27863
403501, 2015-04-01 04:40:02, 28199
403502, 2015-04-01 04:45:02, 28283
403503, 2015-04-01 04:50:02, 28630
403504, 2015-04-01 04:55:02, 28677
403505, 2015-04-01 05:00:04, 28796
403506, 2015-04-01 05:05:02, 28865
403507, 2015-04-01 05:10:02, 29413
403508, 2015-04-01 05:15:01, 29936
403509, 2015-04-01 05:20:04, 30452
403510, 2015-04-01 05:25:02, 30905
403511, 2015-04-01 05:30:02, 31261
403512, 2015-04-01 05:35:02, 31444
403513, 2015-04-01 05:40:01, 31764
403514, 2015-04-01 05:45:02, 32225
403515, 2015-04-01 05:50:01, 32584
403516, 2015-04-01 05:55:01, 33020
403517, 2015-04-01 06:00:01, 33439
403518, 2015-04-01 06:05:02, 33876
403519, 2015-04-01 06:10:01, 34532
403520, 2015-04-01 06:15:02, 35507
403521, 2015-04-01 06:20:03, 36102
403522, 2015-04-01 06:25:02, 36499
403523, 2015-04-01 06:30:03, 36879
403524, 2015-04-01 06:35:02, 37056
403525, 2015-04-01 06:40:02, 37259
403526, 2015-04-01 06:45:02, 37647
403527, 2015-04-01 06:50:01, 37987
403528, 2015-04-01 06:55:01, 38262
403529, 2015-04-01 07:00:09, 38421
403530, 2015-04-01 07:05:03, 38516
403531, 2015-04-01 07:10:02, 38666
403532, 2015-04-01 07:15:02, 38851
403533, 2015-04-01 07:20:03, 39020
403534, 2015-04-01 07:25:02, 39032
403535, 2015-04-01 07:30:02, 39045
403536, 2015-04-01 07:35:02, 39083
403537, 2015-04-01 07:40:02, 38942
403538, 2015-04-01 07:45:03, 38816
403539, 2015-04-01 07:50:02, 38688
403540, 2015-04-01 07:55:03, 38666
403541, 2015-04-01 08:00:04, 38628
403542, 2015-04-01 08:05:02, 38670
403543, 2015-04-01 08:10:02, 38725
403544, 2015-04-01 08:15:02, 38760
403545, 2015-04-01 08:20:04, 38791
403546, 2015-04-01 08:25:02, 38778
403547, 2015-04-01 08:30:05, 38667
403548, 2015-04-01 08:35:02, 38540
403549, 2015-04-01 08:40:02, 38437
403550, 2015-04-01 08:45:02, 38357
403551, 2015-04-01 08:50:02, 38243
403552, 2015-04-01 08:55:03, 38228
403553, 2015-04-01 09:00:06, 38257
403554, 2015-04-01 09:05:03, 38142
403555, 2015-04-01 09:10:01, 38097
403556, 2015-04-01 09:15:04, 38038
403557, 2015-04-01 09:20:06, 37907
403558, 2015-04-01 09:25:01, 37931
403559, 2015-04-01 09:30:03, 37898
403560, 2015-04-01 09:35:02, 37894
403561, 2015-04-01 09:40:02, 37987
403562, 2015-04-01 09:45:04, 37976
403563, 2015-04-01 09:50:02, 37924
403564, 2015-04-01 09:55:03, 37932
403565, 2015-04-01 10:00:02, 37906
403566, 2015-04-01 10:05:02, 37904
403567, 2015-04-01 10:10:02, 37953
403568, 2015-04-01 10:15:03, 37910
403569, 2015-04-01 10:20:02, 37812
403570, 2015-04-01 10:25:03, 37868
403571, 2015-04-01 10:30:03, 37860
403572, 2015-04-01 10:35:02, 37929
403573, 2015-04-01 10:40:02, 37930
403574, 2015-04-01 10:45:03, 37983
403575, 2015-04-01 10:50:02, 37977
403576, 2015-04-01 10:55:02, 37944
403577, 2015-04-01 11:00:02, 38128
403578, 2015-04-01 11:05:01, 38107
403579, 2015-04-01 11:10:02, 38210
403580, 2015-04-01 11:15:03, 38156
403581, 2015-04-01 11:20:04, 38097
403582, 2015-04-01 11:25:03, 38040
403583, 2015-04-01 11:30:02, 37955
403584, 2015-04-01 11:35:03, 37930
403585, 2015-04-01 11:40:01, 37922
403586, 2015-04-01 11:45:03, 37828
403587, 2015-04-01 11:50:02, 37800
403588, 2015-04-01 11:55:05, 37800
403589, 2015-04-01 12:00:02, 37742
403590, 2015-04-01 12:05:02, 37656
403591, 2015-04-01 12:10:02, 37685
403592, 2015-04-01 12:15:02, 37695
403593, 2015-04-01 12:20:03, 37595
403594, 2015-04-01 12:25:01, 37600
403595, 2015-04-01 12:30:03, 37505
403596, 2015-04-01 12:35:04, 37495
403597, 2015-04-01 12:40:03, 37520
403598, 2015-04-01 12:45:01, 37611
403599, 2015-04-01 12:50:02, 37550
403600, 2015-04-01 12:55:01, 37374
403601, 2015-04-01 13:00:03, 37274
403602, 2015-04-01 13:05:02, 37209
403603, 2015-04-01 13:10:02, 37370
403604, 2015-04-01 13:15:02, 37454
403605, 2015-04-01 13:20:05, 37421
403606, 2015-04-01 13:25:02, 37395
403607, 2015-04-01 13:30:03, 37392
403608, 2015-04-01 13:35:03, 37400
403609, 2015-04-01 13:40:01, 37448
403610, 2015-04-01 13:45:03, 37413
403611, 2015-04-01 13:50:04, 37362
403612, 2015-04-01 13:55:01, 37368
403613, 2015-04-01 14:00:05, 37363
403614, 2015-04-01 14:05:02, 37299
403615, 2015-04-01 14:10:02, 37303
403616, 2015-04-01 14:15:02, 37276
403617, 2015-04-01 14:20:04, 37312
403618, 2015-04-01 14:25:03, 37468
403619, 2015-04-01 14:30:04, 37550
403620, 2015-04-01 14:35:02, 37629
403621, 2015-04-01 14:40:01, 37689
403622, 2015-04-01 14:45:02, 37791
403623, 2015-04-01 14:50:01, 37987
403624, 2015-04-01 14:55:02, 38114
403625, 2015-04-01 15:00:06, 38190
403626, 2015-04-01 15:05:02, 38308
403627, 2015-04-01 15:10:01, 38444
403628, 2015-04-01 15:15:01, 38552
403629, 2015-04-01 15:20:03, 38691
403630, 2015-04-01 15:25:02, 38997
403631, 2015-04-01 15:30:04, 39304
403632, 2015-04-01 15:35:02, 39387
403633, 2015-04-01 15:40:02, 39555
403634, 2015-04-01 15:45:02, 39637
403635, 2015-04-01 15:50:02, 39762
403636, 2015-04-01 15:55:02, 39958
403637, 2015-04-01 16:00:05, 40038
403638, 2015-04-01 16:05:02, 40209
403639, 2015-04-01 16:10:02, 40365
403640, 2015-04-01 16:15:02, 40394
403641, 2015-04-01 16:20:05, 40478
403642, 2015-04-01 16:25:03, 40613
403643, 2015-04-01 16:30:03, 40743
403644, 2015-04-01 16:35:02, 40697
403645, 2015-04-01 16:40:02, 40726
403646, 2015-04-01 16:45:02, 40676
403647, 2015-04-01 16:50:02, 40655
403648, 2015-04-01 16:55:01, 40810
403649, 2015-04-01 17:00:03, 40756
403650, 2015-04-01 17:05:01, 40911
403651, 2015-04-01 17:10:02, 41025
403652, 2015-04-01 17:15:02, 41030
403653, 2015-04-01 17:20:06, 41071
403654, 2015-04-01 17:25:02, 41031
403655, 2015-04-01 17:30:19, 41043
403656, 2015-04-01 17:35:02, 41091
403657, 2015-04-01 17:40:02, 41345
403658, 2015-04-01 17:45:01, 41377
403659, 2015-04-01 17:50:03, 41348
403660, 2015-04-01 17:55:02, 41376
403661, 2015-04-01 18:00:03, 41381
403662, 2015-04-01 18:05:02, 41452
403663, 2015-04-01 18:10:02, 41449
403664, 2015-04-01 18:15:01, 41455
403665, 2015-04-01 18:20:04, 41610
403666, 2015-04-01 18:25:01, 41564
403667, 2015-04-01 18:30:03, 41565
403668, 2015-04-01 18:35:02, 41867
403669, 2015-04-01 18:40:02, 41906
403670, 2015-04-01 18:45:02, 41860
403671, 2015-04-01 18:50:01, 42062
403672, 2015-04-01 18:55:02, 42284
403673, 2015-04-01 19:00:03, 42477
403674, 2015-04-01 19:05:02, 42586
403675, 2015-04-01 19:10:02, 43069
403676, 2015-04-01 19:15:02, 42924
403677, 2015-04-01 19:20:03, 42665
403678, 2015-04-01 19:25:02, 42426
403679, 2015-04-01 19:30:01, 42289
403680, 2015-04-01 19:35:01, 42161
403681, 2015-04-01 19:40:02, 42030
403682, 2015-04-01 19:45:04, 41754
403683, 2015-04-01 19:50:02, 41516
403684, 2015-04-01 19:55:02, 41304
403685, 2015-04-01 20:00:02, 41054
403686, 2015-04-01 20:05:01, 40875
403687, 2015-04-01 20:10:02, 40965
403688, 2015-04-01 20:15:02, 40632
403689, 2015-04-01 20:20:03, 40258
403690, 2015-04-01 20:25:01, 40088
403691, 2015-04-01 20:30:02, 39714
403692, 2015-04-01 20:35:02, 39368
403693, 2015-04-01 20:40:01, 39007
403694, 2015-04-01 20:45:02, 38476
403695, 2015-04-01 20:50:02, 38129
403696, 2015-04-01 20:55:01, 37809
403697, 2015-04-01 21:00:02, 37443
403698, 2015-04-01 21:05:02, 36959
403699, 2015-04-01 21:10:01, 36895
403700, 2015-04-01 21:15:03, 36674
403701, 2015-04-01 21:20:03, 36186
403702, 2015-04-01 21:25:02, 35788
403703, 2015-04-01 21:30:02, 35444
403704, 2015-04-01 21:35:03, 35033
403705, 2015-04-01 21:40:03, 34872
403706, 2015-04-01 21:45:01, 34420
403707, 2015-04-01 21:50:05, 33888
403708, 2015-04-01 21:55:03, 33403
403709, 2015-04-01 22:00:03, 33005
403710, 2015-04-01 22:05:02, 32627
403711, 2015-04-01 22:10:02, 32189
403712, 2015-04-01 22:15:03, 31825
403713, 2015-04-01 22:20:03, 31351
403714, 2015-04-01 22:25:02, 31011
403715, 2015-04-01 22:30:02, 30593
403716, 2015-04-01 22:35:02, 30258
403717, 2015-04-01 22:40:02, 30164
403718, 2015-04-01 22:45:03, 30069
403719, 2015-04-01 22:50:02, 29799
403720, 2015-04-01 22:55:02, 29521
403721, 2015-04-01 23:00:01, 29170
403722, 2015-04-01 23:05:01, 29052
403723, 2015-04-01 23:10:03, 29006
403724, 2015-04-01 23:15:02, 28946
403725, 2015-04-01 23:20:03, 28911
403726, 2015-04-01 23:25:02, 29035
403727, 2015-04-01 23:30:02, 28906
403728, 2015-04-01 23:35:01, 28743
403729, 2015-04-01 23:40:01, 28691
403730, 2015-04-01 23:45:03, 28664
403731, 2015-04-01 23:50:02, 28646
403732, 2015-04-01 23:55:02, 28445
403733, 2015-04-02 00:00:09, 28194
403734, 2015-04-02 00:05:01, 28246
403735, 2015-04-02 00:10:02, 28510
403736, 2015-04-02 00:15:02, 28411
403737, 2015-04-02 00:20:04, 28459
403738, 2015-04-02 00:25:02, 28585
403739, 2015-04-02 00:30:01, 28585
403740, 2015-04-02 00:35:01, 28640
403741, 2015-04-02 00:40:01, 28871
403742, 2015-04-02 00:45:02, 29094
403743, 2015-04-02 00:50:02, 29289
403744, 2015-04-02 00:55:02, 29323
403745, 2015-04-02 01:00:01, 29418
403746, 2015-04-02 01:05:02, 29463
403747, 2015-04-02 01:10:02, 29490
403748, 2015-04-02 01:15:02, 29380
403749, 2015-04-02 01:20:03, 29308
403750, 2015-04-02 01:25:01, 29232
403751, 2015-04-02 01:30:02, 29077
403752, 2015-04-02 01:35:02, 28989
403753, 2015-04-02 01:40:02, 29051
403754, 2015-04-02 01:45:02, 29053
403755, 2015-04-02 01:50:03, 28935
403756, 2015-04-02 01:55:02, 28863
403757, 2015-04-02 02:00:02, 28909
403758, 2015-04-02 02:05:03, 28869
403759, 2015-04-02 02:10:02, 28891
403760, 2015-04-02 02:15:02, 28816
403761, 2015-04-02 02:20:03, 28948
403762, 2015-04-02 02:25:03, 28848
403763, 2015-04-02 02:30:01, 28836
403764, 2015-04-02 02:35:03, 28979
403765, 2015-04-02 02:40:01, 29025
403766, 2015-04-02 02:45:02, 28970
403767, 2015-04-02 02:50:02, 28932
403768, 2015-04-02 02:55:02, 28904
403769, 2015-04-02 03:00:03, 28858
403770, 2015-04-02 03:05:01, 28786
403771, 2015-04-02 03:10:01, 28908
403772, 2015-04-02 03:15:02, 28901
403773, 2015-04-02 03:20:02, 28876
403774, 2015-04-02 03:25:02, 28869
403775, 2015-04-02 03:30:02, 28833
403776, 2015-04-02 03:35:02, 28884
403777, 2015-04-02 03:40:01, 28971
403778, 2015-04-02 03:45:03, 29080
403779, 2015-04-02 03:50:02, 29058
403780, 2015-04-02 03:55:02, 28941
403781, 2015-04-02 04:00:04, 28945
403782, 2015-04-02 04:05:02, 28783
403783, 2015-04-02 04:10:03, 28804
403784, 2015-04-02 04:15:01, 28722
403785, 2015-04-02 04:20:05, 28622
403786, 2015-04-02 04:25:04, 28713
403787, 2015-04-02 04:30:01, 28824
403788, 2015-04-02 04:35:02, 28929
403789, 2015-04-02 04:40:01, 29225
403790, 2015-04-02 04:45:02, 29474
403791, 2015-04-02 04:50:03, 29531
403792, 2015-04-02 04:55:04, 29739
403793, 2015-04-02 05:00:02, 29833
403794, 2015-04-02 05:05:02, 30135
403795, 2015-04-02 05:10:02, 30561
403796, 2015-04-02 05:15:02, 31079
403797, 2015-04-02 05:20:02, 31555
403798, 2015-04-02 05:25:02, 31894
403799, 2015-04-02 05:30:02, 32169
403800, 2015-04-02 05:35:01, 32306
403801, 2015-04-02 05:40:01, 32779
403802, 2015-04-02 05:45:03, 33237
403803, 2015-04-02 05:50:03, 33613
403804, 2015-04-02 05:55:01, 33969
403805, 2015-04-02 06:00:01, 34431
403806, 2015-04-02 06:05:02, 34850
403807, 2015-04-02 06:10:02, 35619
403808, 2015-04-02 06:15:02, 36413
403809, 2015-04-02 06:20:01, 36970
403810, 2015-04-02 06:25:02, 37424
403811, 2015-04-02 06:30:02, 37909
403812, 2015-04-02 06:35:02, 38223
403813, 2015-04-02 06:40:02, 38626
403814, 2015-04-02 06:45:02, 38997
403815, 2015-04-02 06:50:03, 39366
403816, 2015-04-02 06:55:02, 39575
403817, 2015-04-02 07:00:03, 39885
403818, 2015-04-02 07:05:02, 40252
403819, 2015-04-02 07:10:02, 40548
403820, 2015-04-02 07:15:03, 40708
403821, 2015-04-02 07:20:03, 40880
403822, 2015-04-02 07:25:01, 41027
403823, 2015-04-02 07:30:03, 41219
403824, 2015-04-02 07:35:02, 41321
403825, 2015-04-02 07:40:01, 41260
403826, 2015-04-02 07:45:04, 41071
403827, 2015-04-02 07:50:02, 40974
403828, 2015-04-02 07:55:02, 41075
403829, 2015-04-02 08:00:03, 41175
403830, 2015-04-02 08:05:02, 41332
403831, 2015-04-02 08:10:06, 41466
403832, 2015-04-02 08:15:02, 41605
403833, 2015-04-02 08:20:03, 41630
403834, 2015-04-02 08:25:05, 41674
403835, 2015-04-02 08:30:02, 41690
403836, 2015-04-02 08:35:02, 41662
403837, 2015-04-02 08:40:01, 41564
403838, 2015-04-02 08:45:02, 41531
403839, 2015-04-02 08:50:02, 41600
403840, 2015-04-02 08:55:02, 41540
403841, 2015-04-02 09:00:04, 41502
403842, 2015-04-02 09:05:01, 41493
403843, 2015-04-02 09:10:02, 41434
403844, 2015-04-02 09:15:03, 41390
403845, 2015-04-02 09:20:03, 41324
403846, 2015-04-02 09:25:02, 41271
403847, 2015-04-02 09:30:02, 41117
403848, 2015-04-02 09:35:02, 41009
403849, 2015-04-02 09:40:02, 40938
403850, 2015-04-02 09:45:04, 40915
403851, 2015-04-02 09:50:02, 40897
403852, 2015-04-02 09:55:02, 40895
403853, 2015-04-02 10:00:02, 40822
403854, 2015-04-02 10:05:02, 40770
403855, 2015-04-02 10:10:02, 40849
403856, 2015-04-02 10:15:03, 40755
403857, 2015-04-02 10:20:03, 40755
403858, 2015-04-02 10:25:02, 40737
403859, 2015-04-02 10:30:02, 40625
403860, 2015-04-02 10:35:02, 40560
403861, 2015-04-02 10:40:01, 40584
403862, 2015-04-02 10:45:02, 40562
403863, 2015-04-02 10:50:02, 40461
403864, 2015-04-02 10:55:02, 40347
403865, 2015-04-02 11:00:01, 40257
403866, 2015-04-02 11:05:02, 40164
403867, 2015-04-02 11:10:02, 40157
403868, 2015-04-02 11:15:02, 40118
403869, 2015-04-02 11:20:03, 40098
403870, 2015-04-02 11:25:03, 40070
403871, 2015-04-02 11:30:03, 40045
403872, 2015-04-02 11:35:03, 39988
403873, 2015-04-02 11:40:02, 39874
403874, 2015-04-02 11:45:02, 39777
403875, 2015-04-02 11:50:02, 39632
403876, 2015-04-02 11:55:02, 39488
403877, 2015-04-02 12:00:03, 39351
403878, 2015-04-02 12:05:01, 39212
403879, 2015-04-02 12:10:02, 39200
403880, 2015-04-02 12:15:02, 39070
403881, 2015-04-02 12:20:02, 38945
403882, 2015-04-02 12:25:01, 38833
403883, 2015-04-02 12:30:02, 38769
403884, 2015-04-02 12:35:02, 38765
403885, 2015-04-02 12:40:03, 38809
403886, 2015-04-02 12:45:03, 38774
403887, 2015-04-02 12:50:02, 38701
403888, 2015-04-02 12:55:02, 38597
403889, 2015-04-02 13:00:03, 38559
403890, 2015-04-02 13:05:01, 38552
403891, 2015-04-02 13:10:02, 38522
403892, 2015-04-02 13:15:02, 38402
403893, 2015-04-02 13:20:03, 38305
403894, 2015-04-02 13:25:03, 38279
403895, 2015-04-02 13:30:03, 38294
403896, 2015-04-02 13:35:03, 38296
403897, 2015-04-02 13:40:01, 38311
403898, 2015-04-02 13:45:02, 38286
403899, 2015-04-02 13:50:01, 38232
403900, 2015-04-02 13:55:02, 38211
403901, 2015-04-02 14:00:02, 38192
403902, 2015-04-02 14:05:02, 38142
403903, 2015-04-02 14:10:02, 38151
403904, 2015-04-02 14:15:02, 38173
403905, 2015-04-02 14:20:03, 38191
403906, 2015-04-02 14:25:02, 38247
403907, 2015-04-02 14:30:03, 38288
403908, 2015-04-02 14:35:02, 38362
403909, 2015-04-02 14:40:02, 38396
403910, 2015-04-02 14:45:05, 38393
403911, 2015-04-02 14:50:03, 38505
403912, 2015-04-02 14:55:01, 38551
403913, 2015-04-02 15:00:04, 38620
403914, 2015-04-02 15:05:03, 38646
403915, 2015-04-02 15:10:02, 38640
403916, 2015-04-02 15:15:02, 38803
403917, 2015-04-02 15:20:04, 38905
403918, 2015-04-02 15:25:03, 39149
403919, 2015-04-02 15:30:03, 39191
403920, 2015-04-02 15:35:02, 39356
403921, 2015-04-02 15:40:01, 39458
403922, 2015-04-02 15:45:03, 39669
403923, 2015-04-02 15:50:03, 39764
403924, 2015-04-02 15:55:01, 39923
403925, 2015-04-02 16:00:02, 39964
403926, 2015-04-02 16:05:01, 40098
403927, 2015-04-02 16:10:01, 40206
403928, 2015-04-02 16:15:03, 40261
403929, 2015-04-02 16:20:02, 40322
403930, 2015-04-02 16:25:02, 40393
403931, 2015-04-02 16:30:02, 40561
403932, 2015-04-02 16:35:02, 40600
403933, 2015-04-02 16:40:02, 40707
403934, 2015-04-02 16:45:03, 40675
403935, 2015-04-02 16:50:02, 40649
403936, 2015-04-02 16:55:01, 40608
403937, 2015-04-02 17:00:01, 40544
403938, 2015-04-02 17:05:03, 40664
403939, 2015-04-02 17:10:02, 40905
403940, 2015-04-02 17:15:02, 40970
403941, 2015-04-02 17:20:04, 40967
403942, 2015-04-02 17:25:03, 41009
403943, 2015-04-02 17:30:03, 40961
403944, 2015-04-02 17:35:02, 41020
403945, 2015-04-02 17:40:02, 41099
403946, 2015-04-02 17:45:05, 41086
403947, 2015-04-02 17:50:04, 41030
403948, 2015-04-02 17:55:02, 40973
403949, 2015-04-02 18:00:03, 40993
403950, 2015-04-02 18:05:02, 41059
403951, 2015-04-02 18:10:02, 41071
403952, 2015-04-02 18:15:01, 40894
403953, 2015-04-02 18:20:02, 40847
403954, 2015-04-02 18:25:03, 40946
403955, 2015-04-02 18:30:03, 40867
403956, 2015-04-02 18:35:02, 40956
403957, 2015-04-02 18:40:01, 41068
403958, 2015-04-02 18:45:02, 41082
403959, 2015-04-02 18:50:01, 41251
403960, 2015-04-02 18:55:02, 41417
403961, 2015-04-02 19:00:03, 41561
403962, 2015-04-02 19:05:02, 41919
403963, 2015-04-02 19:10:02, 42537
403964, 2015-04-02 19:15:02, 42400
403965, 2015-04-02 19:20:02, 42309
403966, 2015-04-02 19:25:02, 42164
403967, 2015-04-02 19:30:03, 41944
403968, 2015-04-02 19:35:06, 41685
403969, 2015-04-02 19:40:02, 41540
403970, 2015-04-02 19:45:02, 41381
403971, 2015-04-02 19:50:01, 41220
403972, 2015-04-02 19:55:02, 40994
403973, 2015-04-02 20:00:02, 40798
403974, 2015-04-02 20:05:02, 40586
403975, 2015-04-02 20:10:02, 40584
403976, 2015-04-02 20:15:02, 40184
403977, 2015-04-02 20:20:02, 39755
403978, 2015-04-02 20:25:02, 39394
403979, 2015-04-02 20:30:02, 39084
403980, 2015-04-02 20:35:01, 38825
403981, 2015-04-02 20:40:02, 38439
403982, 2015-04-02 20:45:02, 38068
403983, 2015-04-02 20:50:02, 37792
403984, 2015-04-02 20:55:01, 37533
403985, 2015-04-02 21:00:02, 37071
403986, 2015-04-02 21:05:02, 36667
403987, 2015-04-02 21:10:01, 36615
403988, 2015-04-02 21:15:02, 36206
403989, 2015-04-02 21:20:03, 35789
403990, 2015-04-02 21:25:02, 35424
403991, 2015-04-02 21:30:02, 35023
403992, 2015-04-02 21:35:02, 34749
403993, 2015-04-02 21:40:02, 34599
403994, 2015-04-02 21:45:02, 34185
403995, 2015-04-02 21:50:02, 33748
403996, 2015-04-02 21:55:02, 33417
403997, 2015-04-02 22:00:02, 33067
403998, 2015-04-02 22:05:02, 32713
403999, 2015-04-02 22:10:01, 32380
404000, 2015-04-02 22:15:03, 31974
404001, 2015-04-02 22:20:02, 31547
404002, 2015-04-02 22:25:03, 31163
404003, 2015-04-02 22:30:03, 30869
404004, 2015-04-02 22:35:03, 30564
404005, 2015-04-02 22:40:02, 30318
404006, 2015-04-02 22:45:03, 30034
404007, 2015-04-02 22:50:02, 29820
404008, 2015-04-02 22:55:01, 29641
404009, 2015-04-02 23:00:02, 29310
404010, 2015-04-02 23:05:02, 28852
404011, 2015-04-02 23:10:02, 28723
404012, 2015-04-02 23:15:03, 28712
404013, 2015-04-02 23:20:03, 28712
404014, 2015-04-02 23:25:02, 28692
404015, 2015-04-02 23:30:03, 28523
404016, 2015-04-02 23:35:01, 28349
404017, 2015-04-02 23:40:02, 28250
404018, 2015-04-02 23:45:03, 28225
404019, 2015-04-02 23:50:02, 28143
404020, 2015-04-02 23:55:02, 28046
404021, 2015-04-03 00:00:02, 27906
404022, 2015-04-03 00:05:02, 27796
404023, 2015-04-03 00:10:02, 28101
404024, 2015-04-03 00:15:01, 28200
404025, 2015-04-03 00:20:03, 28119
404026, 2015-04-03 00:25:02, 28111
404027, 2015-04-03 00:30:02, 28111
404028, 2015-04-03 00:35:01, 28231
404029, 2015-04-03 00:40:01, 28612
404030, 2015-04-03 00:45:03, 28807
404031, 2015-04-03 00:50:03, 28961
404032, 2015-04-03 00:55:03, 29038
404033, 2015-04-03 01:00:02, 29061
404034, 2015-04-03 01:05:02, 29009
404035, 2015-04-03 01:10:02, 29054
404036, 2015-04-03 01:15:01, 29003
404037, 2015-04-03 01:20:01, 28892
404038, 2015-04-03 01:25:01, 28793
404039, 2015-04-03 01:30:02, 28702
404040, 2015-04-03 01:35:02, 28629
404041, 2015-04-03 01:40:01, 28839
404042, 2015-04-03 01:45:03, 28732
404043, 2015-04-03 01:50:01, 28656
404044, 2015-04-03 01:55:02, 28598
404045, 2015-04-03 02:00:03, 28454
404046, 2015-04-03 02:05:02, 28373
404047, 2015-04-03 02:10:02, 28596
404048, 2015-04-03 02:15:03, 28637
404049, 2015-04-03 02:20:03, 28600
404050, 2015-04-03 02:25:03, 28566
404051, 2015-04-03 02:30:01, 28571
404052, 2015-04-03 02:35:02, 28635
404053, 2015-04-03 02:40:01, 28613
404054, 2015-04-03 02:45:02, 28544
404055, 2015-04-03 02:50:02, 28594
404056, 2015-04-03 02:55:01, 28605
404057, 2015-04-03 03:00:02, 28553
404058, 2015-04-03 03:05:02, 28341
404059, 2015-04-03 03:10:02, 28258
404060, 2015-04-03 03:15:02, 28277
404061, 2015-04-03 03:20:03, 28172
404062, 2015-04-03 03:25:03, 28035
404063, 2015-04-03 03:30:01, 27896
404064, 2015-04-03 03:35:04, 27852
404065, 2015-04-03 03:40:02, 27837
404066, 2015-04-03 03:45:02, 27782
404067, 2015-04-03 03:50:02, 27720
404068, 2015-04-03 03:55:02, 27653
404069, 2015-04-03 04:00:01, 27641
404070, 2015-04-03 04:05:02, 27643
404071, 2015-04-03 04:10:03, 27764
404072, 2015-04-03 04:15:04, 27840
404073, 2015-04-03 04:20:01, 27913
404074, 2015-04-03 04:25:05, 27933
404075, 2015-04-03 04:30:03, 27990
404076, 2015-04-03 04:35:03, 27965
404077, 2015-04-03 04:40:02, 28061
404078, 2015-04-03 04:45:02, 28117
404079, 2015-04-03 04:50:02, 27960
404080, 2015-04-03 04:55:01, 27995
404081, 2015-04-03 05:00:01, 27901
404082, 2015-04-03 05:05:01, 27794
404083, 2015-04-03 05:10:01, 27904
404084, 2015-04-03 05:15:02, 28014
404085, 2015-04-03 05:20:05, 28084
404086, 2015-04-03 05:25:04, 27976
404087, 2015-04-03 05:30:02, 27957
404088, 2015-04-03 05:35:02, 27997
404089, 2015-04-03 05:40:01, 28074
404090, 2015-04-03 05:45:03, 28216
404091, 2015-04-03 05:50:02, 28355
404092, 2015-04-03 05:55:02, 28447
404093, 2015-04-03 06:00:02, 28691
404094, 2015-04-03 06:05:02, 28931
404095, 2015-04-03 06:10:02, 29283
404096, 2015-04-03 06:15:03, 29882
404097, 2015-04-03 06:20:02, 30502
404098, 2015-04-03 06:25:01, 30747
404099, 2015-04-03 06:30:01, 30975
404100, 2015-04-03 06:35:01, 31191
404101, 2015-04-03 06:40:02, 31407
404102, 2015-04-03 06:45:03, 31735
404103, 2015-04-03 06:50:02, 32011
404104, 2015-04-03 06:55:02, 32203
404105, 2015-04-03 07:00:02, 32274
404106, 2015-04-03 07:05:01, 32388
404107, 2015-04-03 07:10:02, 32664
404108, 2015-04-03 07:15:02, 32918
404109, 2015-04-03 07:20:03, 33164
404110, 2015-04-03 07:25:02, 33463
404111, 2015-04-03 07:30:01, 33597
404112, 2015-04-03 07:35:01, 33718
404113, 2015-04-03 07:40:01, 33728
404114, 2015-04-03 07:45:03, 33818
404115, 2015-04-03 07:50:01, 33913
404116, 2015-04-03 07:55:01, 34099
404117, 2015-04-03 08:00:03, 34339
404118, 2015-04-03 08:05:02, 34588
404119, 2015-04-03 08:10:02, 34905
404120, 2015-04-03 08:15:02, 35054
404121, 2015-04-03 08:20:03, 35224
404122, 2015-04-03 08:25:03, 35393
404123, 2015-04-03 08:30:02, 35570
404124, 2015-04-03 08:35:02, 35755
404125, 2015-04-03 08:40:02, 35865
404126, 2015-04-03 08:45:03, 35915
404127, 2015-04-03 08:50:03, 35956
404128, 2015-04-03 08:55:02, 36001
404129, 2015-04-03 09:00:03, 36033
404130, 2015-04-03 09:05:02, 36132
404131, 2015-04-03 09:10:02, 36275
404132, 2015-04-03 09:15:03, 36368
404133, 2015-04-03 09:20:03, 36422
404134, 2015-04-03 09:25:02, 36530
404135, 2015-04-03 09:30:02, 36648
404136, 2015-04-03 09:35:02, 36622
404137, 2015-04-03 09:40:02, 36682
404138, 2015-04-03 09:45:03, 36656
404139, 2015-04-03 09:50:02, 36629
404140, 2015-04-03 09:55:01, 36610
404141, 2015-04-03 10:00:02, 36585
404142, 2015-04-03 10:05:02, 36541
404143, 2015-04-03 10:10:02, 36695
404144, 2015-04-03 10:15:02, 36685
404145, 2015-04-03 10:20:05, 36735
404146, 2015-04-03 10:25:03, 36756
404147, 2015-04-03 10:30:02, 36719
404148, 2015-04-03 10:35:01, 36686
404149, 2015-04-03 10:40:02, 36677
404150, 2015-04-03 10:45:02, 36659
404151, 2015-04-03 10:50:03, 36657
404152, 2015-04-03 10:55:01, 36674
404153, 2015-04-03 11:00:01, 36642
404154, 2015-04-03 11:05:02, 36681
404155, 2015-04-03 11:10:02, 36722
404156, 2015-04-03 11:15:01, 36747
404157, 2015-04-03 11:20:03, 36692
404158, 2015-04-03 11:25:02, 36709
404159, 2015-04-03 11:30:02, 36582
404160, 2015-04-03 11:35:01, 36585
404161, 2015-04-03 11:40:01, 36576
404162, 2015-04-03 11:45:04, 36468
404163, 2015-04-03 11:50:02, 36330
404164, 2015-04-03 11:55:03, 36275
404165, 2015-04-03 12:00:06, 36189
404166, 2015-04-03 12:05:02, 36106
404167, 2015-04-03 12:10:01, 36133
404168, 2015-04-03 12:15:02, 36076
404169, 2015-04-03 12:20:03, 35984
404170, 2015-04-03 12:25:02, 35829
404171, 2015-04-03 12:30:01, 35720
404172, 2015-04-03 12:35:02, 35749
404173, 2015-04-03 12:40:02, 35790
404174, 2015-04-03 12:45:05, 35710
404175, 2015-04-03 12:50:01, 35632
404176, 2015-04-03 12:55:02, 35655
404177, 2015-04-03 13:00:02, 35615
404178, 2015-04-03 13:05:01, 35542
404179, 2015-04-03 13:10:01, 35661
404180, 2015-04-03 13:15:01, 35637
404181, 2015-04-03 13:20:02, 35543
404182, 2015-04-03 13:25:02, 35502
404183, 2015-04-03 13:30:02, 35396
404184, 2015-04-03 13:35:02, 35444
404185, 2015-04-03 13:40:03, 35381
404186, 2015-04-03 13:45:01, 35338
404187, 2015-04-03 13:50:01, 35206
404188, 2015-04-03 13:55:01, 35149
404189, 2015-04-03 14:00:02, 35084
404190, 2015-04-03 14:05:02, 35135
404191, 2015-04-03 14:10:02, 35151
404192, 2015-04-03 14:15:02, 35147
404193, 2015-04-03 14:20:04, 35130
404194, 2015-04-03 14:25:01, 35118
404195, 2015-04-03 14:30:01, 35120
404196, 2015-04-03 14:35:01, 35191
404197, 2015-04-03 14:40:02, 35193
404198, 2015-04-03 14:45:01, 35281
404199, 2015-04-03 14:50:01, 35259
404200, 2015-04-03 14:55:03, 35329
404201, 2015-04-03 15:00:04, 35379
404202, 2015-04-03 15:05:02, 35414
404203, 2015-04-03 15:10:02, 35429
404204, 2015-04-03 15:15:01, 35489
404205, 2015-04-03 15:20:04, 35521
404206, 2015-04-03 15:25:01, 35657
404207, 2015-04-03 15:30:01, 35773
404208, 2015-04-03 15:35:02, 35951
404209, 2015-04-03 15:40:02, 36198
404210, 2015-04-03 15:45:02, 36387
404211, 2015-04-03 15:50:02, 36459
404212, 2015-04-03 15:55:03, 36693
404213, 2015-04-03 16:00:02, 36842
404214, 2015-04-03 16:05:02, 36944
404215, 2015-04-03 16:10:06, 37315
404216, 2015-04-03 16:15:02, 37508
404217, 2015-04-03 16:20:04, 37663
404218, 2015-04-03 16:25:01, 37780
404219, 2015-04-03 16:30:03, 37824
404220, 2015-04-03 16:35:02, 37887
404221, 2015-04-03 16:40:01, 38069
404222, 2015-04-03 16:45:04, 38151
404223, 2015-04-03 16:50:05, 38257
404224, 2015-04-03 16:55:02, 38262
404225, 2015-04-03 17:00:01, 38233
404226, 2015-04-03 17:05:02, 38318
404227, 2015-04-03 17:10:02, 38342
404228, 2015-04-03 17:15:02, 38291
404229, 2015-04-03 17:20:03, 38218
404230, 2015-04-03 17:25:01, 38181
404231, 2015-04-03 17:30:05, 38173
404232, 2015-04-03 17:35:02, 38126
404233, 2015-04-03 17:40:02, 38296
404234, 2015-04-03 17:45:02, 38224
404235, 2015-04-03 17:50:01, 38181
404236, 2015-04-03 17:55:02, 38158
404237, 2015-04-03 18:00:03, 38118
404238, 2015-04-03 18:05:02, 38092
404239, 2015-04-03 18:10:02, 38135
404240, 2015-04-03 18:15:02, 38096
404241, 2015-04-03 18:20:03, 38051
404242, 2015-04-03 18:25:02, 38027
404243, 2015-04-03 18:30:02, 37968
404244, 2015-04-03 18:35:02, 38034
404245, 2015-04-03 18:40:02, 38127
404246, 2015-04-03 18:45:02, 38005
404247, 2015-04-03 18:50:01, 37941
404248, 2015-04-03 18:55:02, 38135
404249, 2015-04-03 19:00:03, 38043
404250, 2015-04-03 19:05:03, 38051
404251, 2015-04-03 19:10:01, 38583
404252, 2015-04-03 19:15:02, 38466
404253, 2015-04-03 19:20:04, 38292
404254, 2015-04-03 19:25:02, 38139
404255, 2015-04-03 19:30:02, 37997
404256, 2015-04-03 19:35:01, 37820
404257, 2015-04-03 19:40:02, 37667
404258, 2015-04-03 19:45:01, 37474
404259, 2015-04-03 19:50:02, 37376
404260, 2015-04-03 19:55:01, 37137
404261, 2015-04-03 20:00:03, 36884
404262, 2015-04-03 20:05:02, 36970
404263, 2015-04-03 20:10:01, 37079
404264, 2015-04-03 20:15:02, 36841
404265, 2015-04-03 20:20:02, 36582
404266, 2015-04-03 20:25:02, 36478
404267, 2015-04-03 20:30:02, 36253
404268, 2015-04-03 20:35:03, 35909
404269, 2015-04-03 20:40:02, 35576
404270, 2015-04-03 20:45:04, 35240
404271, 2015-04-03 20:50:02, 34926
404272, 2015-04-03 20:55:02, 34798
404273, 2015-04-03 21:00:02, 34465
404274, 2015-04-03 21:05:02, 34178
404275, 2015-04-03 21:10:02, 34186
404276, 2015-04-03 21:15:03, 33944
404277, 2015-04-03 21:20:04, 33567
404278, 2015-04-03 21:25:02, 33254
404279, 2015-04-03 21:30:03, 32902
404280, 2015-04-03 21:35:02, 32709
404281, 2015-04-03 21:40:02, 32698
404282, 2015-04-03 21:45:02, 32343
404283, 2015-04-03 21:50:03, 32017
404284, 2015-04-03 21:55:02, 31736
404285, 2015-04-03 22:00:04, 31454
404286, 2015-04-03 22:05:01, 31083
404287, 2015-04-03 22:10:01, 30737
404288, 2015-04-03 22:15:02, 30315
404289, 2015-04-03 22:20:04, 29999
404290, 2015-04-03 22:25:02, 29710
404291, 2015-04-03 22:30:03, 29341
404292, 2015-04-03 22:35:02, 29065
404293, 2015-04-03 22:40:01, 28914
404294, 2015-04-03 22:45:02, 28691
404295, 2015-04-03 22:50:02, 28632
404296, 2015-04-03 22:55:01, 28660
404297, 2015-04-03 23:00:04, 28280
404298, 2015-04-03 23:05:02, 28142
404299, 2015-04-03 23:10:06, 28078
404300, 2015-04-03 23:15:03, 27964
404301, 2015-04-03 23:20:03, 27776
404302, 2015-04-03 23:25:02, 27635
404303, 2015-04-03 23:30:02, 27440
404304, 2015-04-03 23:35:02, 27282
404305, 2015-04-03 23:40:02, 27211
404306, 2015-04-03 23:45:02, 27098
404307, 2015-04-03 23:50:02, 27149
404308, 2015-04-03 23:55:02, 27091
404309, 2015-04-04 00:00:03, 26972
404310, 2015-04-04 00:05:02, 26981
404311, 2015-04-04 00:10:02, 27311
404312, 2015-04-04 00:15:02, 27467
404313, 2015-04-04 00:20:02, 27446
404314, 2015-04-04 00:25:02, 27526
404315, 2015-04-04 00:30:03, 27527
404316, 2015-04-04 00:35:02, 27456
404317, 2015-04-04 00:40:01, 27673
404318, 2015-04-04 00:45:02, 27715
404319, 2015-04-04 00:50:02, 27547
404320, 2015-04-04 00:55:02, 27629
404321, 2015-04-04 01:00:04, 27617
404322, 2015-04-04 01:05:02, 27658
404323, 2015-04-04 01:10:02, 27857
404324, 2015-04-04 01:15:01, 27883
404325, 2015-04-04 01:20:03, 28038
404326, 2015-04-04 01:25:03, 27940
404327, 2015-04-04 01:30:03, 27852
404328, 2015-04-04 01:35:03, 27748
404329, 2015-04-04 01:40:02, 27787
404330, 2015-04-04 01:45:02, 27688
404331, 2015-04-04 01:50:02, 27554
404332, 2015-04-04 01:55:02, 27439
404333, 2015-04-04 02:00:05, 27383
404334, 2015-04-04 02:05:02, 27393
404335, 2015-04-04 02:10:02, 27469
404336, 2015-04-04 02:15:02, 27408
404337, 2015-04-04 02:20:03, 27343
404338, 2015-04-04 02:25:03, 27306
404339, 2015-04-04 02:30:02, 27372
404340, 2015-04-04 02:35:03, 27305
404341, 2015-04-04 02:40:02, 27324
404342, 2015-04-04 02:45:04, 27323
404343, 2015-04-04 02:50:02, 27229
404344, 2015-04-04 02:55:02, 27190
404345, 2015-04-04 03:00:03, 27097
404346, 2015-04-04 03:05:04, 26978
404347, 2015-04-04 03:10:02, 27032
404348, 2015-04-04 03:15:02, 26971
404349, 2015-04-04 03:20:04, 26859
404350, 2015-04-04 03:25:01, 26792
404351, 2015-04-04 03:30:03, 26642
404352, 2015-04-04 03:35:02, 26587
404353, 2015-04-04 03:40:02, 26683
404354, 2015-04-04 03:45:02, 26675
404355, 2015-04-04 03:50:02, 26600
404356, 2015-04-04 03:55:03, 26496
404357, 2015-04-04 04:00:04, 26442
404358, 2015-04-04 04:05:08, 26318
404359, 2015-04-04 04:10:03, 26216
404360, 2015-04-04 04:15:02, 26096
404361, 2015-04-04 04:20:04, 25957
404362, 2015-04-04 04:25:02, 25958
404363, 2015-04-04 04:30:02, 25926
404364, 2015-04-04 04:35:02, 25714
404365, 2015-04-04 04:40:02, 25834
404366, 2015-04-04 04:45:04, 25885
404367, 2015-04-04 04:50:03, 25852
404368, 2015-04-04 04:55:01, 25849
404369, 2015-04-04 05:00:06, 25712
404370, 2015-04-04 05:05:02, 25649
404371, 2015-04-04 05:10:02, 25900
404372, 2015-04-04 05:15:01, 26194
404373, 2015-04-04 05:20:03, 26283
404374, 2015-04-04 05:25:02, 26298
404375, 2015-04-04 05:30:03, 26308
404376, 2015-04-04 05:35:02, 26282
404377, 2015-04-04 05:40:02, 26323
404378, 2015-04-04 05:45:01, 26433
404379, 2015-04-04 05:50:02, 26463
404380, 2015-04-04 05:55:02, 26538
404381, 2015-04-04 06:00:03, 26705
404382, 2015-04-04 06:05:01, 26982
404383, 2015-04-04 06:10:02, 27285
404384, 2015-04-04 06:15:01, 27688
404385, 2015-04-04 06:20:02, 27961
404386, 2015-04-04 06:25:02, 28106
404387, 2015-04-04 06:30:01, 28273
404388, 2015-04-04 06:35:01, 28488
404389, 2015-04-04 06:40:01, 28747
404390, 2015-04-04 06:45:03, 29026
404391, 2015-04-04 06:50:01, 29300
404392, 2015-04-04 06:55:02, 29498
404393, 2015-04-04 07:00:03, 29748
404394, 2015-04-04 07:05:02, 30245
404395, 2015-04-04 07:10:02, 30635
404396, 2015-04-04 07:15:02, 31008
404397, 2015-04-04 07:20:04, 31273
404398, 2015-04-04 07:25:01, 31460
404399, 2015-04-04 07:30:03, 31774
404400, 2015-04-04 07:35:02, 31956
404401, 2015-04-04 07:40:02, 32037
404402, 2015-04-04 07:45:03, 32250
404403, 2015-04-04 07:50:02, 32443
404404, 2015-04-04 07:55:02, 32692
404405, 2015-04-04 08:00:03, 32963
404406, 2015-04-04 08:05:02, 33272
404407, 2015-04-04 08:10:02, 33690
404408, 2015-04-04 08:15:02, 33959
404409, 2015-04-04 08:20:04, 34105
404410, 2015-04-04 08:25:03, 34210
404411, 2015-04-04 08:30:02, 34274
404412, 2015-04-04 08:35:02, 34413
404413, 2015-04-04 08:40:01, 34584
404414, 2015-04-04 08:45:03, 34629
404415, 2015-04-04 08:50:04, 34643
404416, 2015-04-04 08:55:01, 34733
404417, 2015-04-04 09:00:02, 34593
404418, 2015-04-04 09:05:02, 34654
404419, 2015-04-04 09:10:01, 34810
404420, 2015-04-04 09:15:01, 34858
404421, 2015-04-04 09:20:03, 34932
404422, 2015-04-04 09:25:01, 34981
404423, 2015-04-04 09:30:02, 34977
404424, 2015-04-04 09:35:02, 34978
404425, 2015-04-04 09:40:01, 35018
404426, 2015-04-04 09:45:03, 34993
404427, 2015-04-04 09:50:04, 34979
404428, 2015-04-04 09:55:02, 34956
404429, 2015-04-04 10:00:02, 34940
404430, 2015-04-04 10:05:02, 34910
404431, 2015-04-04 10:10:03, 34971
404432, 2015-04-04 10:15:02, 34908
404433, 2015-04-04 10:20:03, 34893
404434, 2015-04-04 10:25:02, 34945
404435, 2015-04-04 10:30:02, 34911
404436, 2015-04-04 10:35:02, 34825
404437, 2015-04-04 10:40:02, 34841
404438, 2015-04-04 10:45:01, 34753
404439, 2015-04-04 10:50:03, 34724
404440, 2015-04-04 10:55:03, 34792
404441, 2015-04-04 11:00:01, 34766
404442, 2015-04-04 11:05:01, 34658
404443, 2015-04-04 11:10:02, 34647
404444, 2015-04-04 11:15:02, 34628
404445, 2015-04-04 11:20:03, 34692
404446, 2015-04-04 11:25:03, 34731
404447, 2015-04-04 11:30:03, 34673
404448, 2015-04-04 11:35:02, 34579
404449, 2015-04-04 11:40:01, 34632
404450, 2015-04-04 11:45:03, 34504
404451, 2015-04-04 11:50:05, 34507
404452, 2015-04-04 11:55:02, 34417
404453, 2015-04-04 12:00:02, 34300
404454, 2015-04-04 12:05:02, 34235
404455, 2015-04-04 12:10:02, 34153
404456, 2015-04-04 12:15:02, 34136
404457, 2015-04-04 12:20:04, 33979
404458, 2015-04-04 12:25:01, 33869
404459, 2015-04-04 12:30:01, 33710
404460, 2015-04-04 12:35:02, 33574
404461, 2015-04-04 12:40:02, 33548
404462, 2015-04-04 12:45:03, 33498
404463, 2015-04-04 12:50:03, 33316
404464, 2015-04-04 12:55:02, 33173
404465, 2015-04-04 13:00:02, 33028
404466, 2015-04-04 13:05:02, 32890
404467, 2015-04-04 13:10:02, 32990
404468, 2015-04-04 13:15:03, 32993
404469, 2015-04-04 13:20:03, 32882
404470, 2015-04-04 13:25:01, 32756
404471, 2015-04-04 13:30:03, 32656
404472, 2015-04-04 13:35:02, 32525
404473, 2015-04-04 13:40:02, 32483
404474, 2015-04-04 13:45:04, 32448
404475, 2015-04-04 13:50:01, 32490
404476, 2015-04-04 13:55:01, 32473
404477, 2015-04-04 14:00:05, 32386
404478, 2015-04-04 14:05:02, 32403
404479, 2015-04-04 14:10:02, 32434
404480, 2015-04-04 14:15:03, 32420
404481, 2015-04-04 14:20:02, 32440
404482, 2015-04-04 14:25:02, 32449
404483, 2015-04-04 14:30:02, 32473
404484, 2015-04-04 14:35:01, 32478
404485, 2015-04-04 14:40:02, 32399
404486, 2015-04-04 14:45:03, 32336
404487, 2015-04-04 14:50:03, 32319
404488, 2015-04-04 14:55:02, 32444
404489, 2015-04-04 15:00:01, 32458
404490, 2015-04-04 15:05:02, 32569
404491, 2015-04-04 15:10:02, 32621
404492, 2015-04-04 15:15:02, 32798
404493, 2015-04-04 15:20:03, 32802
404494, 2015-04-04 15:25:02, 32851
404495, 2015-04-04 15:30:02, 32969
404496, 2015-04-04 15:35:02, 33073
404497, 2015-04-04 15:40:02, 33201
404498, 2015-04-04 15:45:03, 33335
404499, 2015-04-04 15:50:02, 33532
404500, 2015-04-04 15:55:03, 33679
404501, 2015-04-04 16:00:03, 33798
404502, 2015-04-04 16:05:02, 34001
404503, 2015-04-04 16:10:02, 34237
404504, 2015-04-04 16:15:02, 34424
404505, 2015-04-04 16:20:03, 34640
404506, 2015-04-04 16:25:02, 34844
404507, 2015-04-04 16:30:03, 34968
404508, 2015-04-04 16:35:02, 35053
404509, 2015-04-04 16:40:03, 35178
404510, 2015-04-04 16:45:04, 35311
404511, 2015-04-04 16:50:02, 35412
404512, 2015-04-04 16:55:02, 35513
404513, 2015-04-04 17:00:03, 35529
404514, 2015-04-04 17:05:02, 35583
404515, 2015-04-04 17:10:02, 35663
404516, 2015-04-04 17:15:03, 35778
404517, 2015-04-04 17:20:03, 35800
404518, 2015-04-04 17:25:01, 35867
404519, 2015-04-04 17:30:04, 35941
404520, 2015-04-04 17:35:02, 36037
404521, 2015-04-04 17:40:01, 36172
404522, 2015-04-04 17:45:05, 36172
404523, 2015-04-04 17:50:02, 36265
404524, 2015-04-04 17:55:02, 36348
404525, 2015-04-04 18:00:03, 36367
404526, 2015-04-04 18:05:02, 36326
404527, 2015-04-04 18:10:02, 36332
404528, 2015-04-04 18:15:02, 36308
404529, 2015-04-04 18:20:07, 36263
404530, 2015-04-04 18:25:02, 36285
404531, 2015-04-04 18:30:02, 36274
404532, 2015-04-04 18:35:02, 36307
404533, 2015-04-04 18:40:02, 36373
404534, 2015-04-04 18:45:02, 36491
404535, 2015-04-04 18:50:02, 36468
404536, 2015-04-04 18:55:03, 36621
404537, 2015-04-04 19:00:02, 36697
404538, 2015-04-04 19:05:02, 36980
404539, 2015-04-04 19:10:02, 37265
404540, 2015-04-04 19:15:02, 37421
404541, 2015-04-04 19:20:02, 37377
404542, 2015-04-04 19:25:03, 37224
404543, 2015-04-04 19:30:02, 37098
404544, 2015-04-04 19:35:02, 36959
404545, 2015-04-04 19:40:02, 36767
404546, 2015-04-04 19:45:02, 36744
404547, 2015-04-04 19:50:05, 36707
404548, 2015-04-04 19:55:02, 36581
404549, 2015-04-04 20:00:03, 36421
404550, 2015-04-04 20:05:02, 36221
404551, 2015-04-04 20:10:02, 36140
404552, 2015-04-04 20:15:02, 35934
404553, 2015-04-04 20:20:02, 35886
404554, 2015-04-04 20:25:02, 35925
404555, 2015-04-04 20:30:03, 35711
404556, 2015-04-04 20:35:02, 35493
404557, 2015-04-04 20:40:02, 35130
404558, 2015-04-04 20:45:03, 34960
404559, 2015-04-04 20:50:03, 34687
404560, 2015-04-04 20:55:01, 34472
404561, 2015-04-04 21:00:01, 34163
404562, 2015-04-04 21:05:02, 33850
404563, 2015-04-04 21:10:02, 33683
404564, 2015-04-04 21:15:02, 33648
404565, 2015-04-04 21:20:04, 33404
404566, 2015-04-04 21:25:02, 33097
404567, 2015-04-04 21:30:02, 32847
404568, 2015-04-04 21:35:01, 32573
404569, 2015-04-04 21:40:02, 32540
404570, 2015-04-04 21:45:01, 32315
404571, 2015-04-04 21:50:01, 32010
404572, 2015-04-04 21:55:02, 31723
404573, 2015-04-04 22:00:02, 31430
404574, 2015-04-04 22:05:01, 31109
404575, 2015-04-04 22:10:03, 30857
404576, 2015-04-04 22:15:02, 30593
404577, 2015-04-04 22:20:04, 30282
404578, 2015-04-04 22:25:03, 29962
404579, 2015-04-04 22:30:01, 29632
404580, 2015-04-04 22:35:02, 29304
404581, 2015-04-04 22:40:01, 29148
404582, 2015-04-04 22:45:02, 28946
404583, 2015-04-04 22:50:02, 28674
404584, 2015-04-04 22:55:03, 28393
404585, 2015-04-04 23:00:03, 28139
404586, 2015-04-04 23:05:02, 27877
404587, 2015-04-04 23:10:01, 27545
404588, 2015-04-04 23:15:02, 27311
404589, 2015-04-04 23:20:06, 27048
404590, 2015-04-04 23:25:02, 26809
404591, 2015-04-04 23:30:02, 26630
404592, 2015-04-04 23:35:02, 26466
404593, 2015-04-04 23:40:02, 26423
404594, 2015-04-04 23:45:03, 26302
404595, 2015-04-04 23:50:03, 26256
404596, 2015-04-04 23:55:02, 26139
404597, 2015-04-05 00:00:05, 26000
404598, 2015-04-05 00:05:02, 25946
404599, 2015-04-05 00:10:01, 26306
404600, 2015-04-05 00:15:02, 26454
404601, 2015-04-05 00:20:02, 26453
404602, 2015-04-05 00:25:01, 26481
404603, 2015-04-05 00:30:04, 26440
404604, 2015-04-05 00:35:02, 26406
404605, 2015-04-05 00:40:02, 26659
404606, 2015-04-05 00:45:03, 26888
404607, 2015-04-05 00:50:02, 27007
404608, 2015-04-05 00:55:02, 27071
404609, 2015-04-05 01:00:03, 27074
404610, 2015-04-05 01:05:03, 27034
404611, 2015-04-05 01:10:03, 26978
404612, 2015-04-05 01:15:02, 26969
404613, 2015-04-05 01:20:04, 26908
404614, 2015-04-05 01:25:02, 26799
404615, 2015-04-05 01:30:02, 26639
404616, 2015-04-05 01:35:02, 26516
404617, 2015-04-05 01:40:02, 26599
404618, 2015-04-05 01:45:02, 26570
404619, 2015-04-05 01:50:03, 26466
404620, 2015-04-05 01:55:02, 26661
404621, 2015-04-05 02:00:02, 26760
404622, 2015-04-05 02:05:02, 26961
404623, 2015-04-05 02:10:02, 27146
404624, 2015-04-05 02:15:01, 27058
404625, 2015-04-05 02:20:04, 27108
404626, 2015-04-05 02:25:02, 27099
404627, 2015-04-05 02:30:03, 26993
404628, 2015-04-05 02:35:02, 26913
404629, 2015-04-05 02:40:03, 26907
404630, 2015-04-05 02:45:02, 26884
404631, 2015-04-05 02:50:03, 26779
404632, 2015-04-05 02:55:02, 26755
404633, 2015-04-05 03:00:02, 26817
404634, 2015-04-05 03:05:05, 26779
404635, 2015-04-05 03:10:02, 26970
404636, 2015-04-05 03:15:02, 26996
404637, 2015-04-05 03:20:06, 26953
404638, 2015-04-05 03:25:03, 26914
404639, 2015-04-05 03:30:03, 26838
404640, 2015-04-05 03:35:02, 26754
404641, 2015-04-05 03:40:02, 26747
404642, 2015-04-05 03:45:03, 26737
404643, 2015-04-05 03:50:02, 26675
404644, 2015-04-05 03:55:02, 26652
404645, 2015-04-05 04:00:03, 26554
404646, 2015-04-05 04:05:10, 26528
404647, 2015-04-05 04:10:02, 26621
404648, 2015-04-05 04:15:03, 26639
404649, 2015-04-05 04:20:04, 26616
404650, 2015-04-05 04:25:03, 26570
404651, 2015-04-05 04:30:05, 26572
404652, 2015-04-05 04:35:03, 26544
404653, 2015-04-05 04:40:02, 26602
404654, 2015-04-05 04:45:04, 26646
404655, 2015-04-05 04:50:05, 26608
404656, 2015-04-05 04:55:02, 26553
404657, 2015-04-05 05:00:02, 26637
404658, 2015-04-05 05:05:04, 26776
404659, 2015-04-05 05:10:02, 26996
404660, 2015-04-05 05:15:04, 27168
404661, 2015-04-05 05:20:06, 27154
404662, 2015-04-05 05:25:01, 27098
404663, 2015-04-05 05:30:06, 27009
404664, 2015-04-05 05:35:03, 26928
404665, 2015-04-05 05:40:01, 26963
404666, 2015-04-05 05:45:03, 26995
404667, 2015-04-05 05:50:03, 27085
404668, 2015-04-05 05:55:03, 27260
404669, 2015-04-05 06:00:04, 27349
404670, 2015-04-05 06:05:01, 27471
404671, 2015-04-05 06:10:03, 27602
404672, 2015-04-05 06:15:02, 27704
404673, 2015-04-05 06:20:05, 27799
404674, 2015-04-05 06:25:01, 27794
404675, 2015-04-05 06:30:03, 27940
404676, 2015-04-05 06:35:03, 28025
404677, 2015-04-05 06:40:02, 28061
404678, 2015-04-05 06:45:01, 28068
404679, 2015-04-05 06:50:02, 27979
404680, 2015-04-05 06:55:02, 27855
404681, 2015-04-05 07:00:03, 27995
404682, 2015-04-05 07:05:02, 28016
404683, 2015-04-05 07:10:02, 28113
404684, 2015-04-05 07:15:02, 28369
404685, 2015-04-05 07:20:06, 28600
404686, 2015-04-05 07:25:01, 28729
404687, 2015-04-05 07:30:03, 28887
404688, 2015-04-05 07:35:02, 29069
404689, 2015-04-05 07:40:02, 29115
404690, 2015-04-05 07:45:02, 29177
404691, 2015-04-05 07:50:03, 29264
404692, 2015-04-05 07:55:02, 29419
404693, 2015-04-05 08:00:02, 29661
404694, 2015-04-05 08:05:02, 29881
404695, 2015-04-05 08:10:02, 30149
404696, 2015-04-05 08:15:02, 30342
404697, 2015-04-05 08:20:03, 30479
404698, 2015-04-05 08:25:02, 30570
404699, 2015-04-05 08:30:01, 30730
404700, 2015-04-05 08:35:02, 30884
404701, 2015-04-05 08:40:02, 31032
404702, 2015-04-05 08:45:03, 31075
404703, 2015-04-05 08:50:03, 31160
404704, 2015-04-05 08:55:02, 31221
404705, 2015-04-05 09:00:05, 31256
404706, 2015-04-05 09:05:02, 31310
404707, 2015-04-05 09:10:02, 31427
404708, 2015-04-05 09:15:02, 31615
404709, 2015-04-05 09:20:03, 31666
404710, 2015-04-05 09:25:02, 31673
404711, 2015-04-05 09:30:03, 31784
404712, 2015-04-05 09:35:02, 31834
404713, 2015-04-05 09:40:02, 31770
404714, 2015-04-05 09:45:03, 31738
404715, 2015-04-05 09:50:02, 31624
404716, 2015-04-05 09:55:02, 31576
404717, 2015-04-05 10:00:02, 31574
404718, 2015-04-05 10:05:02, 31600
404719, 2015-04-05 10:10:02, 31613
404720, 2015-04-05 10:15:02, 31613
404721, 2015-04-05 10:20:01, 31646
404722, 2015-04-05 10:25:01, 31693
404723, 2015-04-05 10:30:01, 31737
404724, 2015-04-05 10:35:02, 31840
404725, 2015-04-05 10:40:02, 32000
404726, 2015-04-05 10:45:03, 32072
404727, 2015-04-05 10:50:01, 32100
404728, 2015-04-05 10:55:03, 32152
404729, 2015-04-05 11:00:01, 32204
404730, 2015-04-05 11:05:02, 32177
404731, 2015-04-05 11:10:02, 32277
404732, 2015-04-05 11:15:02, 32218
404733, 2015-04-05 11:20:03, 32217
404734, 2015-04-05 11:25:02, 32269
404735, 2015-04-05 11:30:02, 32335
404736, 2015-04-05 11:35:01, 32306
404737, 2015-04-05 11:40:01, 32407
404738, 2015-04-05 11:45:03, 32380
404739, 2015-04-05 11:50:04, 32318
404740, 2015-04-05 11:55:02, 32267
404741, 2015-04-05 12:00:02, 32325
404742, 2015-04-05 12:05:02, 32292
404743, 2015-04-05 12:10:02, 32302
404744, 2015-04-05 12:15:02, 32245
404745, 2015-04-05 12:20:05, 32118
404746, 2015-04-05 12:25:01, 32053
404747, 2015-04-05 12:30:03, 32016
404748, 2015-04-05 12:35:02, 31880
404749, 2015-04-05 12:40:01, 31849
404750, 2015-04-05 12:45:02, 31630
404751, 2015-04-05 12:50:02, 31499
404752, 2015-04-05 12:55:01, 31416
404753, 2015-04-05 13:00:02, 31342
404754, 2015-04-05 13:05:02, 31192
404755, 2015-04-05 13:10:02, 31210
404756, 2015-04-05 13:15:03, 31160
404757, 2015-04-05 13:20:04, 31026
404758, 2015-04-05 13:25:02, 30904
404759, 2015-04-05 13:30:01, 30793
404760, 2015-04-05 13:35:01, 30617
404761, 2015-04-05 13:40:02, 30536
404762, 2015-04-05 13:45:02, 30488
404763, 2015-04-05 13:50:01, 30439
404764, 2015-04-05 13:55:01, 30426
404765, 2015-04-05 14:00:01, 30379
404766, 2015-04-05 14:05:01, 30391
404767, 2015-04-05 14:10:01, 30447
404768, 2015-04-05 14:15:02, 30503
404769, 2015-04-05 14:20:03, 30509
404770, 2015-04-05 14:25:01, 30437
404771, 2015-04-05 14:30:03, 30358
404772, 2015-04-05 14:35:01, 30362
404773, 2015-04-05 14:40:01, 30444
404774, 2015-04-05 14:45:02, 30382
404775, 2015-04-05 14:50:01, 30319
404776, 2015-04-05 14:55:01, 30327
404777, 2015-04-05 15:00:04, 30311
404778, 2015-04-05 15:05:02, 30354
404779, 2015-04-05 15:10:02, 30449
404780, 2015-04-05 15:15:01, 30515
404781, 2015-04-05 15:20:02, 30558
404782, 2015-04-05 15:25:03, 30633
404783, 2015-04-05 15:30:03, 30630
404784, 2015-04-05 15:35:02, 30693
404785, 2015-04-05 15:40:03, 30869
404786, 2015-04-05 15:45:03, 30967
404787, 2015-04-05 15:50:02, 31005
404788, 2015-04-05 15:55:03, 31119
404789, 2015-04-05 16:00:02, 31274
404790, 2015-04-05 16:05:01, 31427
404791, 2015-04-05 16:10:02, 31531
404792, 2015-04-05 16:15:03, 31666
404793, 2015-04-05 16:20:04, 31704
404794, 2015-04-05 16:25:01, 31722
404795, 2015-04-05 16:30:03, 31766
404796, 2015-04-05 16:35:03, 31757
404797, 2015-04-05 16:40:01, 31866
404798, 2015-04-05 16:45:04, 31798
404799, 2015-04-05 16:50:02, 31811
404800, 2015-04-05 16:55:03, 31914
404801, 2015-04-05 17:00:02, 31897
404802, 2015-04-05 17:05:02, 31969
404803, 2015-04-05 17:10:03, 32058
404804, 2015-04-05 17:15:02, 32106
404805, 2015-04-05 17:20:03, 32133
404806, 2015-04-05 17:25:02, 32141
404807, 2015-04-05 17:30:02, 32092
404808, 2015-04-05 17:35:03, 32108
404809, 2015-04-05 17:40:01, 32277
404810, 2015-04-05 17:45:01, 32297
404811, 2015-04-05 17:50:03, 32312
404812, 2015-04-05 17:55:02, 32361
404813, 2015-04-05 18:00:03, 32531
404814, 2015-04-05 18:05:02, 32567
404815, 2015-04-05 18:10:03, 32761
404816, 2015-04-05 18:15:02, 32825
404817, 2015-04-05 18:20:03, 32864
404818, 2015-04-05 18:25:02, 32871
404819, 2015-04-05 18:30:01, 33011
404820, 2015-04-05 18:35:02, 33077
404821, 2015-04-05 18:40:01, 33319
404822, 2015-04-05 18:45:04, 33392
404823, 2015-04-05 18:50:02, 33584
404824, 2015-04-05 18:55:01, 33872
404825, 2015-04-05 19:00:02, 34212
404826, 2015-04-05 19:05:01, 34564
404827, 2015-04-05 19:10:01, 35216
404828, 2015-04-05 19:15:03, 35493
404829, 2015-04-05 19:20:02, 35660
404830, 2015-04-05 19:25:02, 35808
404831, 2015-04-05 19:30:01, 35859
404832, 2015-04-05 19:35:02, 35783
404833, 2015-04-05 19:40:02, 35658
404834, 2015-04-05 19:45:02, 35672
404835, 2015-04-05 19:50:02, 35504
404836, 2015-04-05 19:55:02, 35345
404837, 2015-04-05 20:00:03, 35340
404838, 2015-04-05 20:05:02, 35155
404839, 2015-04-05 20:10:01, 35160
404840, 2015-04-05 20:15:02, 35077
404841, 2015-04-05 20:20:03, 34737
404842, 2015-04-05 20:25:02, 34627
404843, 2015-04-05 20:30:02, 34489
404844, 2015-04-05 20:35:01, 34299
404845, 2015-04-05 20:40:01, 34039
404846, 2015-04-05 20:45:01, 33841
404847, 2015-04-05 20:50:03, 33660
404848, 2015-04-05 20:55:04, 33451
404849, 2015-04-05 21:00:01, 33230
404850, 2015-04-05 21:05:02, 32875
404851, 2015-04-05 21:10:02, 33082
404852, 2015-04-05 21:15:02, 32759
404853, 2015-04-05 21:20:02, 32452
404854, 2015-04-05 21:25:02, 32248
404855, 2015-04-05 21:30:02, 31949
404856, 2015-04-05 21:35:02, 31574
404857, 2015-04-05 21:40:01, 31495
404858, 2015-04-05 21:45:02, 31174
404859, 2015-04-05 21:50:02, 30844
404860, 2015-04-05 21:55:01, 30459
404861, 2015-04-05 22:00:02, 30134
404862, 2015-04-05 22:05:02, 29769
404863, 2015-04-05 22:10:03, 29535
404864, 2015-04-05 22:15:02, 29309
404865, 2015-04-05 22:20:03, 28991
404866, 2015-04-05 22:25:02, 28692
404867, 2015-04-05 22:30:02, 28431
404868, 2015-04-05 22:35:01, 28102
404869, 2015-04-05 22:40:01, 27936
404870, 2015-04-05 22:45:02, 27645
404871, 2015-04-05 22:50:01, 27264
404872, 2015-04-05 22:55:02, 27014
404873, 2015-04-05 23:00:02, 26808
404874, 2015-04-05 23:05:03, 26595
404875, 2015-04-05 23:10:02, 26583
404876, 2015-04-05 23:15:02, 26465
404877, 2015-04-05 23:20:04, 26577
404878, 2015-04-05 23:25:01, 26489
404879, 2015-04-05 23:30:03, 26323
404880, 2015-04-05 23:35:01, 26191
404881, 2015-04-05 23:40:02, 26131
404882, 2015-04-05 23:45:03, 26052
404883, 2015-04-05 23:50:02, 26038
404884, 2015-04-05 23:55:04, 26022
404885, 2015-04-06 00:00:04, 26137
404886, 2015-04-06 00:05:02, 26175
404887, 2015-04-06 00:10:02, 26521
404888, 2015-04-06 00:15:03, 26624
404889, 2015-04-06 00:20:04, 26624
404890, 2015-04-06 00:25:02, 26623
404891, 2015-04-06 00:30:03, 26569
404892, 2015-04-06 00:35:04, 26525
404893, 2015-04-06 00:40:03, 26690
404894, 2015-04-06 00:45:03, 26916
404895, 2015-04-06 00:50:02, 27029
404896, 2015-04-06 00:55:04, 27082
404897, 2015-04-06 01:00:01, 27046
404898, 2015-04-06 01:05:03, 27011
404899, 2015-04-06 01:10:03, 27222
404900, 2015-04-06 01:15:03, 27252
404901, 2015-04-06 01:20:03, 27012
404902, 2015-04-06 01:25:03, 26914
404903, 2015-04-06 01:30:02, 26793
404904, 2015-04-06 01:35:03, 26696
404905, 2015-04-06 01:40:02, 26753
404906, 2015-04-06 01:45:02, 26741
404907, 2015-04-06 01:50:03, 26645
404908, 2015-04-06 01:55:04, 26703
404909, 2015-04-06 02:00:06, 26714
404910, 2015-04-06 02:05:03, 26601
404911, 2015-04-06 02:10:03, 26690
404912, 2015-04-06 02:15:03, 26775
404913, 2015-04-06 02:20:04, 26764
404914, 2015-04-06 02:25:02, 26671
404915, 2015-04-06 02:30:02, 26528
404916, 2015-04-06 02:35:02, 26434
404917, 2015-04-06 02:40:01, 26517
404918, 2015-04-06 02:45:03, 26511
404919, 2015-04-06 02:50:02, 26544
404920, 2015-04-06 02:55:01, 26598
404921, 2015-04-06 03:00:02, 26510
404922, 2015-04-06 03:05:02, 26558
404923, 2015-04-06 03:10:01, 26699
404924, 2015-04-06 03:15:01, 26665
404925, 2015-04-06 03:20:03, 26656
404926, 2015-04-06 03:25:04, 26589
404927, 2015-04-06 03:30:02, 26717
404928, 2015-04-06 03:35:02, 26688
404929, 2015-04-06 03:40:02, 26724
404930, 2015-04-06 03:45:02, 26784
404931, 2015-04-06 03:50:02, 26723
404932, 2015-04-06 03:55:03, 26742
404933, 2015-04-06 04:00:03, 26737
404934, 2015-04-06 04:05:03, 26666
404935, 2015-04-06 04:10:01, 26729
404936, 2015-04-06 04:15:02, 26770
404937, 2015-04-06 04:20:05, 26776
404938, 2015-04-06 04:25:02, 26772
404939, 2015-04-06 04:30:02, 26806
404940, 2015-04-06 04:35:02, 26806
404941, 2015-04-06 04:40:03, 26934
404942, 2015-04-06 04:45:03, 26992
404943, 2015-04-06 04:50:02, 27027
404944, 2015-04-06 04:55:01, 27094
404945, 2015-04-06 05:00:01, 27183
404946, 2015-04-06 05:05:02, 27305
404947, 2015-04-06 05:10:02, 27568
404948, 2015-04-06 05:15:02, 27609
404949, 2015-04-06 05:20:02, 27620
404950, 2015-04-06 05:25:02, 27560
404951, 2015-04-06 05:30:03, 27602
404952, 2015-04-06 05:35:02, 27575
404953, 2015-04-06 05:40:02, 27588
404954, 2015-04-06 05:45:02, 27760
404955, 2015-04-06 05:50:02, 27883
404956, 2015-04-06 05:55:02, 27817
404957, 2015-04-06 06:00:03, 27971
404958, 2015-04-06 06:05:02, 27913
404959, 2015-04-06 06:10:02, 27978
404960, 2015-04-06 06:15:01, 28016
404961, 2015-04-06 06:20:03, 28088
404962, 2015-04-06 06:25:01, 28007
404963, 2015-04-06 06:30:03, 28151
404964, 2015-04-06 06:35:02, 28270
404965, 2015-04-06 06:40:02, 28353
404966, 2015-04-06 06:45:03, 28460
404967, 2015-04-06 06:50:01, 28640
404968, 2015-04-06 06:55:03, 28806
404969, 2015-04-06 07:00:02, 28973
404970, 2015-04-06 07:05:02, 29147
404971, 2015-04-06 07:10:02, 29263
404972, 2015-04-06 07:15:01, 29490
404973, 2015-04-06 07:20:04, 29641
404974, 2015-04-06 07:25:03, 29794
404975, 2015-04-06 07:30:02, 29971
404976, 2015-04-06 07:35:02, 30071
404977, 2015-04-06 07:40:02, 30046
404978, 2015-04-06 07:45:02, 30078
404979, 2015-04-06 07:50:01, 30133
404980, 2015-04-06 07:55:02, 30212
404981, 2015-04-06 08:00:02, 30341
404982, 2015-04-06 08:05:01, 30514
404983, 2015-04-06 08:10:02, 30709
404984, 2015-04-06 08:15:02, 30903
404985, 2015-04-06 08:20:03, 31037
404986, 2015-04-06 08:25:03, 31120
404987, 2015-04-06 08:30:02, 31104
404988, 2015-04-06 08:35:02, 31126
404989, 2015-04-06 08:40:02, 31236
404990, 2015-04-06 08:45:03, 31205
404991, 2015-04-06 08:50:02, 31202
404992, 2015-04-06 08:55:01, 31292
404993, 2015-04-06 09:00:03, 31292
404994, 2015-04-06 09:05:03, 31307
404995, 2015-04-06 09:10:01, 31417
404996, 2015-04-06 09:15:02, 31433
404997, 2015-04-06 09:20:02, 31394
404998, 2015-04-06 09:25:01, 31403
404999, 2015-04-06 09:30:03, 31393
405000, 2015-04-06 09:35:01, 31351
405001, 2015-04-06 09:40:02, 31386
405002, 2015-04-06 09:45:03, 31336
405003, 2015-04-06 09:50:03, 31223
405004, 2015-04-06 09:55:02, 31182
405005, 2015-04-06 10:00:01, 31171
405006, 2015-04-06 10:05:01, 31135
405007, 2015-04-06 10:10:02, 31167
405008, 2015-04-06 10:15:02, 31138
405009, 2015-04-06 10:20:03, 31068
405010, 2015-04-06 10:25:03, 31039
405011, 2015-04-06 10:30:02, 30962
405012, 2015-04-06 10:35:01, 30873
405013, 2015-04-06 10:40:01, 30883
405014, 2015-04-06 10:45:03, 30811
405015, 2015-04-06 10:50:02, 30686
405016, 2015-04-06 10:55:02, 30671
405017, 2015-04-06 11:00:01, 30632
405018, 2015-04-06 11:05:02, 30587
405019, 2015-04-06 11:10:02, 30583
405020, 2015-04-06 11:15:01, 30583
405021, 2015-04-06 11:20:04, 30514
405022, 2015-04-06 11:25:02, 30404
405023, 2015-04-06 11:30:06, 30355
405024, 2015-04-06 11:35:02, 30259
405025, 2015-04-06 11:40:02, 30222
405026, 2015-04-06 11:45:03, 30072
405027, 2015-04-06 11:50:02, 29983
405028, 2015-04-06 11:55:02, 29896
405029, 2015-04-06 12:00:01, 29729
405030, 2015-04-06 12:05:01, 29583
405031, 2015-04-06 12:10:01, 29535
405032, 2015-04-06 12:15:01, 29437
405033, 2015-04-06 12:20:03, 29383
405034, 2015-04-06 12:25:02, 29286
405035, 2015-04-06 12:30:01, 29232
405036, 2015-04-06 12:35:01, 29201
405037, 2015-04-06 12:40:02, 29156
405038, 2015-04-06 12:45:03, 29006
405039, 2015-04-06 12:50:01, 28881
405040, 2015-04-06 12:55:02, 28787
405041, 2015-04-06 13:00:02, 28636
405042, 2015-04-06 13:05:02, 28582
405043, 2015-04-06 13:10:02, 28680
405044, 2015-04-06 13:15:02, 28646
405045, 2015-04-06 13:20:06, 28592
405046, 2015-04-06 13:25:02, 28545
405047, 2015-04-06 13:30:02, 28475
405048, 2015-04-06 13:35:02, 28440
405049, 2015-04-06 13:40:01, 28442
405050, 2015-04-06 13:45:01, 28409
405051, 2015-04-06 13:50:02, 28439
405052, 2015-04-06 13:55:03, 28408
405053, 2015-04-06 14:00:02, 28387
405054, 2015-04-06 14:05:06, 28383
405055, 2015-04-06 14:10:02, 28470
405056, 2015-04-06 14:15:01, 28573
405057, 2015-04-06 14:20:02, 28605
405058, 2015-04-06 14:25:01, 28685
405059, 2015-04-06 14:30:02, 28659
405060, 2015-04-06 14:35:02, 28708
405061, 2015-04-06 14:40:02, 28755
405062, 2015-04-06 14:45:03, 28837
405063, 2015-04-06 14:50:03, 28833
405064, 2015-04-06 14:55:02, 28930
405065, 2015-04-06 15:00:02, 28997
405066, 2015-04-06 15:05:01, 29161
405067, 2015-04-06 15:10:02, 29241
405068, 2015-04-06 15:15:02, 29429
405069, 2015-04-06 15:20:03, 29560
405070, 2015-04-06 15:25:02, 29709
405071, 2015-04-06 15:30:03, 29882
405072, 2015-04-06 15:35:01, 30124
405073, 2015-04-06 15:40:03, 30354
405074, 2015-04-06 15:45:02, 30567
405075, 2015-04-06 15:50:02, 30835
405076, 2015-04-06 15:55:02, 31128
405077, 2015-04-06 16:00:04, 31222
405078, 2015-04-06 16:05:01, 31488
405079, 2015-04-06 16:10:01, 31859
405080, 2015-04-06 16:15:01, 32123
405081, 2015-04-06 16:20:04, 32362
405082, 2015-04-06 16:25:02, 32533
405083, 2015-04-06 16:30:03, 32648
405084, 2015-04-06 16:35:02, 32825
405085, 2015-04-06 16:40:02, 33055
405086, 2015-04-06 16:45:03, 33167
405087, 2015-04-06 16:50:02, 33296
405088, 2015-04-06 16:55:02, 33569
405089, 2015-04-06 17:00:01, 33646
405090, 2015-04-06 17:05:03, 33719
405091, 2015-04-06 17:10:02, 33804
405092, 2015-04-06 17:15:01, 33903
405093, 2015-04-06 17:20:03, 33850
405094, 2015-04-06 17:25:03, 33863
405095, 2015-04-06 17:30:03, 33894
405096, 2015-04-06 17:35:02, 33930
405097, 2015-04-06 17:40:02, 34172
405098, 2015-04-06 17:45:03, 34418
405099, 2015-04-06 17:50:03, 34497
405100, 2015-04-06 17:55:02, 34597
405101, 2015-04-06 18:00:03, 34713
405102, 2015-04-06 18:05:02, 34798
405103, 2015-04-06 18:10:01, 34948
405104, 2015-04-06 18:15:03, 34954
405105, 2015-04-06 18:20:03, 35037
405106, 2015-04-06 18:25:02, 35079
405107, 2015-04-06 18:30:03, 35018
405108, 2015-04-06 18:35:02, 35120
405109, 2015-04-06 18:40:02, 35451
405110, 2015-04-06 18:45:03, 35407
405111, 2015-04-06 18:50:03, 35372
405112, 2015-04-06 18:55:02, 35663
405113, 2015-04-06 19:00:03, 35764
405114, 2015-04-06 19:05:02, 36010
405115, 2015-04-06 19:10:02, 37043
405116, 2015-04-06 19:15:02, 37134
405117, 2015-04-06 19:20:03, 37183
405118, 2015-04-06 19:25:03, 37150
405119, 2015-04-06 19:30:02, 36834
405120, 2015-04-06 19:35:02, 36626
405121, 2015-04-06 19:40:01, 36802
405122, 2015-04-06 19:45:01, 36499
405123, 2015-04-06 19:50:01, 36424
405124, 2015-04-06 19:55:02, 36299
405125, 2015-04-06 20:00:02, 36067
405126, 2015-04-06 20:05:02, 35960
405127, 2015-04-06 20:10:01, 36123
405128, 2015-04-06 20:15:02, 35854
405129, 2015-04-06 20:20:03, 35659
405130, 2015-04-06 20:25:02, 35480
405131, 2015-04-06 20:30:02, 35408
405132, 2015-04-06 20:35:02, 35116
405133, 2015-04-06 20:40:03, 34973
405134, 2015-04-06 20:45:03, 34783
405135, 2015-04-06 20:50:03, 34487
405136, 2015-04-06 20:55:03, 34169
405137, 2015-04-06 21:00:02, 33891
405138, 2015-04-06 21:05:02, 33567
405139, 2015-04-06 21:10:04, 33428
405140, 2015-04-06 21:15:02, 33279
405141, 2015-04-06 21:20:05, 32891
405142, 2015-04-06 21:25:02, 32501
405143, 2015-04-06 21:30:02, 32216
405144, 2015-04-06 21:35:02, 31691
405145, 2015-04-06 21:40:01, 31545
405146, 2015-04-06 21:45:02, 31159
405147, 2015-04-06 21:50:02, 30811
405148, 2015-04-06 21:55:02, 30550
405149, 2015-04-06 22:00:03, 30128
405150, 2015-04-06 22:05:02, 29680
405151, 2015-04-06 22:10:02, 29316
405152, 2015-04-06 22:15:02, 29016
405153, 2015-04-06 22:20:02, 28706
405154, 2015-04-06 22:25:02, 28395
405155, 2015-04-06 22:30:03, 28072
405156, 2015-04-06 22:35:02, 27787
405157, 2015-04-06 22:40:02, 27622
405158, 2015-04-06 22:45:01, 27473
405159, 2015-04-06 22:50:02, 27150
405160, 2015-04-06 22:55:02, 27038
405161, 2015-04-06 23:00:03, 26937
405162, 2015-04-06 23:05:02, 26852
405163, 2015-04-06 23:10:05, 26640
405164, 2015-04-06 23:15:02, 26403
405165, 2015-04-06 23:20:03, 26299
405166, 2015-04-06 23:25:02, 26150
405167, 2015-04-06 23:30:03, 25958
405168, 2015-04-06 23:35:02, 25789
405169, 2015-04-06 23:40:02, 25754
405170, 2015-04-06 23:45:02, 25682
405171, 2015-04-06 23:50:02, 25675
405172, 2015-04-06 23:55:03, 25702
405173, 2015-04-07 00:00:03, 25732
405174, 2015-04-07 00:05:02, 25716
405175, 2015-04-07 00:10:02, 25904
405176, 2015-04-07 00:15:03, 26309
405177, 2015-04-07 00:20:04, 26560
405178, 2015-04-07 00:25:02, 26579
405179, 2015-04-07 00:30:03, 26579
405180, 2015-04-07 00:35:02, 26595
405181, 2015-04-07 00:40:02, 26973
405182, 2015-04-07 00:45:02, 27148
405183, 2015-04-07 00:50:01, 27291
405184, 2015-04-07 00:55:02, 27554
405185, 2015-04-07 01:00:02, 27555
405186, 2015-04-07 01:05:02, 27529
405187, 2015-04-07 01:10:02, 27580
405188, 2015-04-07 01:15:02, 27556
405189, 2015-04-07 01:20:04, 27503
405190, 2015-04-07 01:25:03, 27448
405191, 2015-04-07 01:30:02, 27374
405192, 2015-04-07 01:35:01, 27286
405193, 2015-04-07 01:40:01, 27293
405194, 2015-04-07 01:45:02, 27227
405195, 2015-04-07 01:50:01, 27056
405196, 2015-04-07 01:55:03, 27039
405197, 2015-04-07 02:00:03, 26984
405198, 2015-04-07 02:05:02, 27083
405199, 2015-04-07 02:10:02, 27227
405200, 2015-04-07 02:15:02, 27153
405201, 2015-04-07 02:20:03, 27127
405202, 2015-04-07 02:25:01, 27131
405203, 2015-04-07 02:30:02, 27127
405204, 2015-04-07 02:35:02, 27144
405205, 2015-04-07 02:40:02, 27196
405206, 2015-04-07 02:45:03, 27106
405207, 2015-04-07 02:50:02, 27126
405208, 2015-04-07 02:55:02, 27074
405209, 2015-04-07 03:00:03, 27029
405210, 2015-04-07 03:05:02, 26946
405211, 2015-04-07 03:10:02, 26954
405212, 2015-04-07 03:15:03, 26987
405213, 2015-04-07 03:20:04, 26916
405214, 2015-04-07 03:25:03, 26867
405215, 2015-04-07 03:30:02, 26814
405216, 2015-04-07 03:35:02, 26807
405217, 2015-04-07 03:40:03, 26893
405218, 2015-04-07 03:45:03, 26897
405219, 2015-04-07 03:50:02, 26905
405220, 2015-04-07 03:55:03, 26973
405221, 2015-04-07 04:00:03, 27004
405222, 2015-04-07 04:05:01, 26919
405223, 2015-04-07 04:10:04, 26836
405224, 2015-04-07 04:15:02, 26640
405225, 2015-04-07 04:20:03, 26679
405226, 2015-04-07 04:25:03, 26734
405227, 2015-04-07 04:30:02, 26713
405228, 2015-04-07 04:35:01, 26659
405229, 2015-04-07 04:40:03, 26877
405230, 2015-04-07 04:45:03, 26997
405231, 2015-04-07 04:50:01, 27125
405232, 2015-04-07 04:55:01, 27348
405233, 2015-04-07 05:00:03, 27327
405234, 2015-04-07 05:05:02, 27619
405235, 2015-04-07 05:10:03, 28244
405236, 2015-04-07 05:15:04, 28895
405237, 2015-04-07 05:20:04, 29384
405238, 2015-04-07 05:25:03, 29910
405239, 2015-04-07 05:30:03, 30349
405240, 2015-04-07 05:35:02, 30677
405241, 2015-04-07 05:40:01, 31138
405242, 2015-04-07 05:45:03, 31588
405243, 2015-04-07 05:50:02, 32025
405244, 2015-04-07 05:55:02, 32436
405245, 2015-04-07 06:00:03, 32687
405246, 2015-04-07 06:05:02, 32816
405247, 2015-04-07 06:10:02, 33152
405248, 2015-04-07 06:15:01, 33676
405249, 2015-04-07 06:20:04, 34082
405250, 2015-04-07 06:25:04, 34415
405251, 2015-04-07 06:30:02, 34650
405252, 2015-04-07 06:35:02, 34891
405253, 2015-04-07 06:40:03, 35240
405254, 2015-04-07 06:45:01, 35527
405255, 2015-04-07 06:50:01, 35837
405256, 2015-04-07 06:55:02, 36099
405257, 2015-04-07 07:00:04, 36309
405258, 2015-04-07 07:05:02, 36650
405259, 2015-04-07 07:10:02, 36992
405260, 2015-04-07 07:15:02, 37269
405261, 2015-04-07 07:20:03, 37406
405262, 2015-04-07 07:25:02, 37616
405263, 2015-04-07 07:30:02, 37784
405264, 2015-04-07 07:35:02, 37879
405265, 2015-04-07 07:40:01, 37907
405266, 2015-04-07 07:45:03, 37976
405267, 2015-04-07 07:50:02, 38013
405268, 2015-04-07 07:55:02, 38074
405269, 2015-04-07 08:00:03, 38180
405270, 2015-04-07 08:05:02, 38276
405271, 2015-04-07 08:10:02, 38392
405272, 2015-04-07 08:15:04, 38444
405273, 2015-04-07 08:20:04, 38433
405274, 2015-04-07 08:25:03, 38424
405275, 2015-04-07 08:30:03, 38469
405276, 2015-04-07 08:35:02, 38408
405277, 2015-04-07 08:40:03, 38321
405278, 2015-04-07 08:45:01, 38342
405279, 2015-04-07 08:50:04, 38303
405280, 2015-04-07 08:55:01, 38080
405281, 2015-04-07 09:00:06, 38009
405282, 2015-04-07 09:05:02, 37944
405283, 2015-04-07 09:10:02, 37848
405284, 2015-04-07 09:15:02, 37867
405285, 2015-04-07 09:20:04, 37756
405286, 2015-04-07 09:25:03, 37653
405287, 2015-04-07 09:30:04, 37503
405288, 2015-04-07 09:35:01, 37386
405289, 2015-04-07 09:40:05, 37368
405290, 2015-04-07 09:45:12, 37259
405291, 2015-04-07 09:50:03, 37200
405292, 2015-04-07 09:55:03, 37168
405293, 2015-04-07 10:00:03, 37028
405294, 2015-04-07 10:05:03, 36884
405295, 2015-04-07 10:10:03, 36880
405296, 2015-04-07 10:15:01, 36824
405297, 2015-04-07 10:20:03, 36538
405298, 2015-04-07 10:25:02, 36458
405299, 2015-04-07 10:30:03, 36315
405300, 2015-04-07 10:35:02, 36229
405301, 2015-04-07 10:40:02, 36075
405302, 2015-04-07 10:45:02, 35963
405303, 2015-04-07 10:50:02, 35912
405304, 2015-04-07 10:55:04, 35842
405305, 2015-04-07 11:00:03, 35710
405306, 2015-04-07 11:05:03, 35699
405307, 2015-04-07 11:10:02, 35698
405308, 2015-04-07 11:15:02, 35644
405309, 2015-04-07 11:20:04, 35634
405310, 2015-04-07 11:25:02, 35564
405311, 2015-04-07 11:30:03, 35505
405312, 2015-04-07 11:35:02, 35377
405313, 2015-04-07 11:40:01, 35277
405314, 2015-04-07 11:45:01, 35194
405315, 2015-04-07 11:50:02, 35020
405316, 2015-04-07 11:55:01, 34859
405317, 2015-04-07 12:00:02, 34889
405318, 2015-04-07 12:05:03, 34733
405319, 2015-04-07 12:10:04, 34706
405320, 2015-04-07 12:15:01, 34580
405321, 2015-04-07 12:20:04, 34361
405322, 2015-04-07 12:25:01, 34225
405323, 2015-04-07 12:30:02, 34185
405324, 2015-04-07 12:35:02, 34184
405325, 2015-04-07 12:40:03, 34219
405326, 2015-04-07 12:45:01, 34248
405327, 2015-04-07 12:50:02, 34077
405328, 2015-04-07 12:55:02, 33957
405329, 2015-04-07 13:00:03, 33853
405330, 2015-04-07 13:05:02, 33848
405331, 2015-04-07 13:10:02, 33942
405332, 2015-04-07 13:15:02, 33966
405333, 2015-04-07 13:20:02, 33853
405334, 2015-04-07 13:25:03, 33800
405335, 2015-04-07 13:30:02, 33850
405336, 2015-04-07 13:35:02, 33706
405337, 2015-04-07 13:40:03, 33740
405338, 2015-04-07 13:45:02, 33723
405339, 2015-04-07 13:50:03, 33664
405340, 2015-04-07 13:55:04, 33675
405341, 2015-04-07 14:00:04, 33735
405342, 2015-04-07 14:05:04, 33673
405343, 2015-04-07 14:10:02, 33659
405344, 2015-04-07 14:15:02, 33680
405345, 2015-04-07 14:20:06, 33662
405346, 2015-04-07 14:25:02, 33733
405347, 2015-04-07 14:30:02, 33676
405348, 2015-04-07 14:35:02, 33817
405349, 2015-04-07 14:40:04, 33927
405350, 2015-04-07 14:45:03, 33958
405351, 2015-04-07 14:50:02, 34018
405352, 2015-04-07 14:55:01, 34057
405353, 2015-04-07 15:00:05, 34103
405354, 2015-04-07 15:05:03, 34208
405355, 2015-04-07 15:10:04, 34392
405356, 2015-04-07 15:15:02, 34493
405357, 2015-04-07 15:20:03, 34613
405358, 2015-04-07 15:25:03, 34854
405359, 2015-04-07 15:30:04, 35008
405360, 2015-04-07 15:35:02, 35203
405361, 2015-04-07 15:40:02, 35310
405362, 2015-04-07 15:45:03, 35492
405363, 2015-04-07 15:50:03, 35597
405364, 2015-04-07 15:55:04, 35786
405365, 2015-04-07 16:00:03, 36021
405366, 2015-04-07 16:05:01, 36218
405367, 2015-04-07 16:10:01, 36276
405368, 2015-04-07 16:15:02, 36338
405369, 2015-04-07 16:20:03, 36450
405370, 2015-04-07 16:25:01, 36621
405371, 2015-04-07 16:30:02, 36759
405372, 2015-04-07 16:35:02, 36960
405373, 2015-04-07 16:40:02, 37042
405374, 2015-04-07 16:45:01, 37088
405375, 2015-04-07 16:50:02, 37166
405376, 2015-04-07 16:55:03, 37313
405377, 2015-04-07 17:00:02, 37367
405378, 2015-04-07 17:05:02, 37506
405379, 2015-04-07 17:10:01, 37597
405380, 2015-04-07 17:15:03, 37625
405381, 2015-04-07 17:20:02, 37543
405382, 2015-04-07 17:25:03, 37485
405383, 2015-04-07 17:30:02, 37420
405384, 2015-04-07 17:35:02, 37524
405385, 2015-04-07 17:40:03, 37739
405386, 2015-04-07 17:45:04, 37900
405387, 2015-04-07 17:50:04, 37876
405388, 2015-04-07 17:55:03, 37984
405389, 2015-04-07 18:00:03, 37941
405390, 2015-04-07 18:05:02, 37855
405391, 2015-04-07 18:10:02, 37971
405392, 2015-04-07 18:15:03, 37999
405393, 2015-04-07 18:20:06, 38034
405394, 2015-04-07 18:25:02, 38047
405395, 2015-04-07 18:30:03, 37954
405396, 2015-04-07 18:35:02, 38102
405397, 2015-04-07 18:40:05, 38349
405398, 2015-04-07 18:45:03, 38439
405399, 2015-04-07 18:50:03, 38556
405400, 2015-04-07 18:55:04, 38640
405401, 2015-04-07 19:00:03, 38775
405402, 2015-04-07 19:05:02, 38997
405403, 2015-04-07 19:10:02, 39674
405404, 2015-04-07 19:15:02, 39992
405405, 2015-04-07 19:20:04, 40065
405406, 2015-04-07 19:25:03, 40166
405407, 2015-04-07 19:30:03, 40288
405408, 2015-04-07 19:35:02, 40246
405409, 2015-04-07 19:40:02, 40205
405410, 2015-04-07 19:45:01, 40102
405411, 2015-04-07 19:50:01, 39867
405412, 2015-04-07 19:55:03, 39662
405413, 2015-04-07 20:00:02, 39408
405414, 2015-04-07 20:05:01, 39123
405415, 2015-04-07 20:10:01, 39013
405416, 2015-04-07 20:15:01, 38909
405417, 2015-04-07 20:20:06, 38595
405418, 2015-04-07 20:25:02, 38466
405419, 2015-04-07 20:30:02, 38018
405420, 2015-04-07 20:35:02, 37702
405421, 2015-04-07 20:40:01, 37420
405422, 2015-04-07 20:45:04, 37039
405423, 2015-04-07 20:50:03, 36664
405424, 2015-04-07 20:55:02, 36344
405425, 2015-04-07 21:00:04, 35916
405426, 2015-04-07 21:05:02, 35467
405427, 2015-04-07 21:10:01, 35520
405428, 2015-04-07 21:15:03, 35012
405429, 2015-04-07 21:20:06, 34547
405430, 2015-04-07 21:25:03, 34101
405431, 2015-04-07 21:30:02, 33651
405432, 2015-04-07 21:35:02, 33228
405433, 2015-04-07 21:40:02, 32995
405434, 2015-04-07 21:45:02, 32588
405435, 2015-04-07 21:50:04, 32161
405436, 2015-04-07 21:55:03, 31792
405437, 2015-04-07 22:00:03, 31377
405438, 2015-04-07 22:05:02, 31031
405439, 2015-04-07 22:10:01, 30677
405440, 2015-04-07 22:15:02, 30208
405441, 2015-04-07 22:20:03, 29799
405442, 2015-04-07 22:25:02, 29346
405443, 2015-04-07 22:30:04, 29028
405444, 2015-04-07 22:35:02, 28753
405445, 2015-04-07 22:40:02, 28563
405446, 2015-04-07 22:45:03, 28447
405447, 2015-04-07 22:50:01, 28298
405448, 2015-04-07 22:55:03, 28316
405449, 2015-04-07 23:00:03, 28298
405450, 2015-04-07 23:05:02, 28098
405451, 2015-04-07 23:10:03, 28224
405452, 2015-04-07 23:15:03, 28120
405453, 2015-04-07 23:20:03, 27987
405454, 2015-04-07 23:25:03, 27894
405455, 2015-04-07 23:30:03, 27763
405456, 2015-04-07 23:35:03, 27553
405457, 2015-04-07 23:40:02, 27574
405458, 2015-04-07 23:45:03, 27547
405459, 2015-04-07 23:50:03, 27462
405460, 2015-04-07 23:55:04, 27375
405461, 2015-04-08 00:00:03, 27281
405462, 2015-04-08 00:05:02, 27207
405463, 2015-04-08 00:10:02, 27555
405464, 2015-04-08 00:15:02, 27655
405465, 2015-04-08 00:20:03, 27686
405466, 2015-04-08 00:25:01, 27666
405467, 2015-04-08 00:30:02, 27661
405468, 2015-04-08 00:35:01, 27722
405469, 2015-04-08 00:40:01, 27932
405470, 2015-04-08 00:45:02, 28060
405471, 2015-04-08 00:50:03, 28140
405472, 2015-04-08 00:55:02, 28212
405473, 2015-04-08 01:00:01, 28148
405474, 2015-04-08 01:05:02, 28078
405475, 2015-04-08 01:10:02, 28090
405476, 2015-04-08 01:15:02, 28059
405477, 2015-04-08 01:20:03, 27996
405478, 2015-04-08 01:25:03, 27976
405479, 2015-04-08 01:30:02, 27971
405480, 2015-04-08 01:35:03, 27930
405481, 2015-04-08 01:40:01, 27940
405482, 2015-04-08 01:45:03, 27912
405483, 2015-04-08 01:50:02, 27823
405484, 2015-04-08 01:55:02, 27829
405485, 2015-04-08 02:00:03, 27796
405486, 2015-04-08 02:05:03, 27646
405487, 2015-04-08 02:10:03, 27674
405488, 2015-04-08 02:15:03, 27638
405489, 2015-04-08 02:20:04, 27590
405490, 2015-04-08 02:25:03, 27639
405491, 2015-04-08 02:30:02, 27672
405492, 2015-04-08 02:35:03, 27625
405493, 2015-04-08 02:40:01, 27621
405494, 2015-04-08 02:45:01, 27534
405495, 2015-04-08 02:50:02, 27460
405496, 2015-04-08 02:55:01, 27335
405497, 2015-04-08 03:00:04, 27284
405498, 2015-04-08 03:05:02, 27223
405499, 2015-04-08 03:10:03, 27229
405500, 2015-04-08 03:15:02, 27321
405501, 2015-04-08 03:20:04, 27273
405502, 2015-04-08 03:25:02, 27174
405503, 2015-04-08 03:30:03, 27163
405504, 2015-04-08 03:35:02, 27135
405505, 2015-04-08 03:40:02, 27165
405506, 2015-04-08 03:45:03, 27214
405507, 2015-04-08 03:50:03, 27216
405508, 2015-04-08 03:55:02, 27349
405509, 2015-04-08 04:00:04, 27424
405510, 2015-04-08 04:05:02, 27376
405511, 2015-04-08 04:10:02, 27386
405512, 2015-04-08 04:15:03, 27402
405513, 2015-04-08 04:20:06, 27346
405514, 2015-04-08 04:25:03, 27525
405515, 2015-04-08 04:30:02, 27527
405516, 2015-04-08 04:35:03, 27672
405517, 2015-04-08 04:40:02, 27939
405518, 2015-04-08 04:45:01, 28150
405519, 2015-04-08 04:50:03, 28215
405520, 2015-04-08 04:55:02, 28271
405521, 2015-04-08 05:00:03, 28348
405522, 2015-04-08 05:05:02, 28467
405523, 2015-04-08 05:10:02, 28829
405524, 2015-04-08 05:15:02, 29576
405525, 2015-04-08 05:20:03, 30191
405526, 2015-04-08 05:25:01, 30504
405527, 2015-04-08 05:30:02, 30790
405528, 2015-04-08 05:35:02, 31099
405529, 2015-04-08 05:40:01, 31476
405530, 2015-04-08 05:45:02, 31944
405531, 2015-04-08 05:50:03, 32225
405532, 2015-04-08 05:55:02, 32471
405533, 2015-04-08 06:00:02, 32702
405534, 2015-04-08 06:05:01, 32925
405535, 2015-04-08 06:10:01, 33382
405536, 2015-04-08 06:15:03, 34163
405537, 2015-04-08 06:20:02, 34691
405538, 2015-04-08 06:25:01, 35048
405539, 2015-04-08 06:30:02, 35373
405540, 2015-04-08 06:35:04, 35754
405541, 2015-04-08 06:40:02, 35880
405542, 2015-04-08 06:45:03, 36283
405543, 2015-04-08 06:50:04, 36687
405544, 2015-04-08 06:55:01, 36901
405545, 2015-04-08 07:00:03, 36893
405546, 2015-04-08 07:05:02, 36979
405547, 2015-04-08 07:10:02, 37257
405548, 2015-04-08 07:15:02, 37664
405549, 2015-04-08 07:20:02, 37803
405550, 2015-04-08 07:25:02, 37957
405551, 2015-04-08 07:30:03, 38165
405552, 2015-04-08 07:35:02, 38207
405553, 2015-04-08 07:40:02, 38186
405554, 2015-04-08 07:45:03, 38235
405555, 2015-04-08 07:50:02, 38152
405556, 2015-04-08 07:55:01, 38037
405557, 2015-04-08 08:00:03, 38226
405558, 2015-04-08 08:05:02, 38348
405559, 2015-04-08 08:10:02, 38374
405560, 2015-04-08 08:15:02, 38327
405561, 2015-04-08 08:20:04, 38286
405562, 2015-04-08 08:25:01, 38159
405563, 2015-04-08 08:30:03, 38150
405564, 2015-04-08 08:35:02, 38126
405565, 2015-04-08 08:40:02, 38017
405566, 2015-04-08 08:45:03, 37891
405567, 2015-04-08 08:50:02, 37693
405568, 2015-04-08 08:55:02, 37571
405569, 2015-04-08 09:00:03, 37441
405570, 2015-04-08 09:05:02, 37361
405571, 2015-04-08 09:10:02, 37254
405572, 2015-04-08 09:15:02, 37243
405573, 2015-04-08 09:20:04, 37022
405574, 2015-04-08 09:25:04, 36922
405575, 2015-04-08 09:30:02, 36840
405576, 2015-04-08 09:35:03, 36768
405577, 2015-04-08 09:40:02, 36711
405578, 2015-04-08 09:45:03, 36554
405579, 2015-04-08 09:50:02, 36495
405580, 2015-04-08 09:55:01, 36444
405581, 2015-04-08 10:00:05, 36306
405582, 2015-04-08 10:05:02, 36178
405583, 2015-04-08 10:10:02, 36083
405584, 2015-04-08 10:15:03, 36082
405585, 2015-04-08 10:20:04, 35963
405586, 2015-04-08 10:25:02, 35889
405587, 2015-04-08 10:30:02, 35799
405588, 2015-04-08 10:35:02, 35736
405589, 2015-04-08 10:40:02, 35709
405590, 2015-04-08 10:45:05, 35709
405591, 2015-04-08 10:50:02, 35629
405592, 2015-04-08 10:55:02, 35568
405593, 2015-04-08 11:00:04, 35536
405594, 2015-04-08 11:05:02, 35442
405595, 2015-04-08 11:10:01, 35516
405596, 2015-04-08 11:15:02, 35570
405597, 2015-04-08 11:20:05, 35492
405598, 2015-04-08 11:25:03, 35448
405599, 2015-04-08 11:30:02, 35321
405600, 2015-04-08 11:35:02, 35313
405601, 2015-04-08 11:40:02, 35247
405602, 2015-04-08 11:45:03, 35163
405603, 2015-04-08 11:50:03, 35095
405604, 2015-04-08 11:55:02, 35087
405605, 2015-04-08 12:00:03, 35066
405606, 2015-04-08 12:05:07, 34971
405607, 2015-04-08 12:10:04, 34967
405608, 2015-04-08 12:15:03, 34949
405609, 2015-04-08 12:20:04, 34838
405610, 2015-04-08 12:25:02, 34797
405611, 2015-04-08 12:30:04, 34760
405612, 2015-04-08 12:35:02, 34664
405613, 2015-04-08 12:40:02, 34661
405614, 2015-04-08 12:45:03, 34522
405615, 2015-04-08 12:50:05, 34564
405616, 2015-04-08 12:55:03, 34506
405617, 2015-04-08 13:00:02, 34421
405618, 2015-04-08 13:05:03, 34401
405619, 2015-04-08 13:10:01, 34456
405620, 2015-04-08 13:15:03, 34353
405621, 2015-04-08 13:20:03, 34344
405622, 2015-04-08 13:25:01, 34312
405623, 2015-04-08 13:30:02, 34205
405624, 2015-04-08 13:35:03, 34154
405625, 2015-04-08 13:40:02, 34208
405626, 2015-04-08 13:45:01, 34133
405627, 2015-04-08 13:50:03, 34137
405628, 2015-04-08 13:55:03, 34199
405629, 2015-04-08 14:00:03, 34228
405630, 2015-04-08 14:05:01, 34171
405631, 2015-04-08 14:10:02, 34180
405632, 2015-04-08 14:15:01, 34190
405633, 2015-04-08 14:20:03, 34338
405634, 2015-04-08 14:25:01, 34394
405635, 2015-04-08 14:30:03, 34307
405636, 2015-04-08 14:35:02, 34325
405637, 2015-04-08 14:40:03, 34398
405638, 2015-04-08 14:45:03, 34476
405639, 2015-04-08 14:50:03, 34437
405640, 2015-04-08 14:55:03, 34447
405641, 2015-04-08 15:00:04, 34521
405642, 2015-04-08 15:05:02, 34666
405643, 2015-04-08 15:10:02, 34857
405644, 2015-04-08 15:15:03, 34976
405645, 2015-04-08 15:20:04, 35082
405646, 2015-04-08 15:25:02, 35374
405647, 2015-04-08 15:30:04, 35543
405648, 2015-04-08 15:35:03, 35746
405649, 2015-04-08 15:40:02, 35916
405650, 2015-04-08 15:45:03, 36086
405651, 2015-04-08 15:50:03, 36206
405652, 2015-04-08 15:55:02, 36432
405653, 2015-04-08 16:00:03, 36604
405654, 2015-04-08 16:05:04, 36840
405655, 2015-04-08 16:10:01, 36949
405656, 2015-04-08 16:15:02, 37047
405657, 2015-04-08 16:20:03, 37090
405658, 2015-04-08 16:25:02, 37296
405659, 2015-04-08 16:30:02, 37506
405660, 2015-04-08 16:35:03, 37575
405661, 2015-04-08 16:40:03, 37509
405662, 2015-04-08 16:45:02, 37547
405663, 2015-04-08 16:50:02, 37575
405664, 2015-04-08 16:55:05, 37647
405665, 2015-04-08 17:00:03, 37613
405666, 2015-04-08 17:05:03, 37770
405667, 2015-04-08 17:10:01, 37930
405668, 2015-04-08 17:15:02, 38016
405669, 2015-04-08 17:20:04, 37999
405670, 2015-04-08 17:25:03, 37957
405671, 2015-04-08 17:30:02, 37855
405672, 2015-04-08 17:35:03, 37916
405673, 2015-04-08 17:40:02, 38114
405674, 2015-04-08 17:45:03, 38127
405675, 2015-04-08 17:50:05, 38193
405676, 2015-04-08 17:55:02, 38146
405677, 2015-04-08 18:00:01, 38041
405678, 2015-04-08 18:05:01, 38070
405679, 2015-04-08 18:10:01, 38074
405680, 2015-04-08 18:15:04, 37980
405681, 2015-04-08 18:20:06, 38105
405682, 2015-04-08 18:25:02, 37998
405683, 2015-04-08 18:30:04, 37936
405684, 2015-04-08 18:35:02, 38107
405685, 2015-04-08 18:40:02, 38328
405686, 2015-04-08 18:45:03, 38177
405687, 2015-04-08 18:50:04, 38387
405688, 2015-04-08 18:55:02, 38410
405689, 2015-04-08 19:00:03, 38437
405690, 2015-04-08 19:05:02, 38676
405691, 2015-04-08 19:10:03, 39421
405692, 2015-04-08 19:15:01, 39535
405693, 2015-04-08 19:20:05, 39707
405694, 2015-04-08 19:25:03, 39832
405695, 2015-04-08 19:30:03, 39827
405696, 2015-04-08 19:35:02, 39808
405697, 2015-04-08 19:40:02, 39738
405698, 2015-04-08 19:45:01, 39607
405699, 2015-04-08 19:50:01, 39413
405700, 2015-04-08 19:55:01, 39292
405701, 2015-04-08 20:00:02, 39152
405702, 2015-04-08 20:05:01, 39015
405703, 2015-04-08 20:10:04, 39033
405704, 2015-04-08 20:15:01, 38900
405705, 2015-04-08 20:20:06, 38498
405706, 2015-04-08 20:25:02, 38161
405707, 2015-04-08 20:30:03, 37847
405708, 2015-04-08 20:35:01, 37459
405709, 2015-04-08 20:40:01, 37150
405710, 2015-04-08 20:45:02, 36947
405711, 2015-04-08 20:50:02, 36625
405712, 2015-04-08 20:55:02, 36349
405713, 2015-04-08 21:00:02, 35983
405714, 2015-04-08 21:05:02, 35562
405715, 2015-04-08 21:10:02, 35442
405716, 2015-04-08 21:15:02, 35108
405717, 2015-04-08 21:20:05, 34657
405718, 2015-04-08 21:25:02, 34072
405719, 2015-04-08 21:30:01, 33726
405720, 2015-04-08 21:35:02, 33244
405721, 2015-04-08 21:40:02, 32928
405722, 2015-04-08 21:45:02, 32474
405723, 2015-04-08 21:50:01, 32169
405724, 2015-04-08 21:55:02, 31883
405725, 2015-04-08 22:00:03, 31414
405726, 2015-04-08 22:05:02, 30912
405727, 2015-04-08 22:10:02, 30598
405728, 2015-04-08 22:15:02, 30202
405729, 2015-04-08 22:20:05, 29820
405730, 2015-04-08 22:25:02, 29455
405731, 2015-04-08 22:30:03, 29141
405732, 2015-04-08 22:35:01, 28834
405733, 2015-04-08 22:40:02, 28639
405734, 2015-04-08 22:45:03, 28431
405735, 2015-04-08 22:50:03, 28102
405736, 2015-04-08 22:55:02, 27827
405737, 2015-04-08 23:00:02, 27652
405738, 2015-04-08 23:05:02, 27223
405739, 2015-04-08 23:10:03, 27226
405740, 2015-04-08 23:15:01, 27248
405741, 2015-04-08 23:20:05, 27214
405742, 2015-04-08 23:25:02, 27183
405743, 2015-04-08 23:30:02, 27254
405744, 2015-04-08 23:35:01, 27353
405745, 2015-04-08 23:40:02, 27378
405746, 2015-04-08 23:45:04, 27394
405747, 2015-04-08 23:50:03, 27362
405748, 2015-04-08 23:55:02, 27229
405749, 2015-04-09 00:00:02, 27142
405750, 2015-04-09 00:05:02, 27138
405751, 2015-04-09 00:10:02, 27146
405752, 2015-04-09 00:15:02, 27155
405753, 2015-04-09 00:20:01, 27146
405754, 2015-04-09 00:25:02, 27208
405755, 2015-04-09 00:30:02, 27232
405756, 2015-04-09 00:35:01, 27162
405757, 2015-04-09 00:40:02, 27287
405758, 2015-04-09 00:45:02, 27352
405759, 2015-04-09 00:50:03, 27462
405760, 2015-04-09 00:55:03, 27480
405761, 2015-04-09 01:00:02, 27518
405762, 2015-04-09 01:05:02, 27611
405763, 2015-04-09 01:10:02, 27649
405764, 2015-04-09 01:15:02, 27658
405765, 2015-04-09 01:20:04, 27632
405766, 2015-04-09 01:25:04, 27661
405767, 2015-04-09 01:30:03, 27709
405768, 2015-04-09 01:35:02, 27673
405769, 2015-04-09 01:40:01, 27658
405770, 2015-04-09 01:45:04, 27588
405771, 2015-04-09 01:50:03, 27503
405772, 2015-04-09 01:55:03, 27480
405773, 2015-04-09 02:00:03, 27423
405774, 2015-04-09 02:05:02, 27119
405775, 2015-04-09 02:10:04, 27172
405776, 2015-04-09 02:15:01, 27166
405777, 2015-04-09 02:20:03, 27114
405778, 2015-04-09 02:25:02, 27038
405779, 2015-04-09 02:30:03, 27004
405780, 2015-04-09 02:35:02, 27024
405781, 2015-04-09 02:40:02, 27109
405782, 2015-04-09 02:45:03, 27126
405783, 2015-04-09 02:50:03, 27112
405784, 2015-04-09 02:55:02, 27081
405785, 2015-04-09 03:00:03, 27017
405786, 2015-04-09 03:05:02, 26935
405787, 2015-04-09 03:10:02, 26912
405788, 2015-04-09 03:15:02, 26941
405789, 2015-04-09 03:20:05, 26950
405790, 2015-04-09 03:25:01, 26931
405791, 2015-04-09 03:30:01, 26942
405792, 2015-04-09 03:35:03, 26957
405793, 2015-04-09 03:40:01, 27080
405794, 2015-04-09 03:45:02, 27124
405795, 2015-04-09 03:50:03, 27123
405796, 2015-04-09 03:55:02, 27088
405797, 2015-04-09 04:00:05, 26989
405798, 2015-04-09 04:05:03, 27052
405799, 2015-04-09 04:10:02, 27021
405800, 2015-04-09 04:15:02, 26997
405801, 2015-04-09 04:20:06, 27044
405802, 2015-04-09 04:25:02, 27292
405803, 2015-04-09 04:30:01, 27583
405804, 2015-04-09 04:35:02, 27720
405805, 2015-04-09 04:40:03, 28155
405806, 2015-04-09 04:45:02, 28232
405807, 2015-04-09 04:50:03, 28205
405808, 2015-04-09 04:55:02, 28227
405809, 2015-04-09 05:00:03, 28230
405810, 2015-04-09 05:05:02, 28192
405811, 2015-04-09 05:10:02, 28499
405812, 2015-04-09 05:15:02, 28866
405813, 2015-04-09 05:20:02, 29232
405814, 2015-04-09 05:25:03, 29617
405815, 2015-04-09 05:30:03, 29908
405816, 2015-04-09 05:35:04, 30264
405817, 2015-04-09 05:40:01, 30643
405818, 2015-04-09 05:45:03, 31042
405819, 2015-04-09 05:50:02, 31437
405820, 2015-04-09 05:55:02, 31752
405821, 2015-04-09 06:00:05, 32110
405822, 2015-04-09 06:05:02, 32483
405823, 2015-04-09 06:10:01, 33098
405824, 2015-04-09 06:15:02, 34269
405825, 2015-04-09 06:20:03, 34970
405826, 2015-04-09 06:25:02, 35326
405827, 2015-04-09 06:30:01, 35670
405828, 2015-04-09 06:35:03, 35855
405829, 2015-04-09 06:40:02, 36066
405830, 2015-04-09 06:45:02, 36410
405831, 2015-04-09 06:50:04, 36768
405832, 2015-04-09 06:55:03, 36970
405833, 2015-04-09 07:00:03, 36904
405834, 2015-04-09 07:05:03, 36889
405835, 2015-04-09 07:10:02, 37176
405836, 2015-04-09 07:15:03, 37459
405837, 2015-04-09 07:20:06, 37542
405838, 2015-04-09 07:25:02, 37617
405839, 2015-04-09 07:30:01, 37675
405840, 2015-04-09 07:35:02, 37729
405841, 2015-04-09 07:40:01, 37704
405842, 2015-04-09 07:45:03, 37734
405843, 2015-04-09 07:50:02, 37775
405844, 2015-04-09 07:55:02, 37884
405845, 2015-04-09 08:00:03, 37924
405846, 2015-04-09 08:05:03, 37963
405847, 2015-04-09 08:10:02, 38138
405848, 2015-04-09 08:15:02, 38263
405849, 2015-04-09 08:20:03, 38244
405850, 2015-04-09 08:25:03, 38162
405851, 2015-04-09 08:30:02, 38125
405852, 2015-04-09 08:35:02, 38100
405853, 2015-04-09 08:40:02, 37905
405854, 2015-04-09 08:45:04, 37858
405855, 2015-04-09 08:50:02, 37703
405856, 2015-04-09 08:55:03, 37583
405857, 2015-04-09 09:00:05, 37546
405858, 2015-04-09 09:05:03, 37433
405859, 2015-04-09 09:10:04, 37243
405860, 2015-04-09 09:15:02, 37256
405861, 2015-04-09 09:20:03, 37113
405862, 2015-04-09 09:25:02, 36990
405863, 2015-04-09 09:30:03, 36779
405864, 2015-04-09 09:35:02, 36678
405865, 2015-04-09 09:40:02, 36610
405866, 2015-04-09 09:45:03, 36553
405867, 2015-04-09 09:50:02, 36460
405868, 2015-04-09 09:55:02, 36324
405869, 2015-04-09 10:00:02, 36180
405870, 2015-04-09 10:05:02, 36096
405871, 2015-04-09 10:10:01, 35958
405872, 2015-04-09 10:15:02, 35909
405873, 2015-04-09 10:20:04, 35772
405874, 2015-04-09 10:25:02, 35684
405875, 2015-04-09 10:30:03, 35559
405876, 2015-04-09 10:35:07, 35434
405877, 2015-04-09 10:40:03, 35344
405878, 2015-04-09 10:48:04, 35120
405879, 2015-04-09 10:51:12, 35098
405880, 2015-04-09 10:55:05, 35098
405881, 2015-04-09 11:00:03, 35013
405882, 2015-04-09 11:05:03, 34981
405883, 2015-04-09 11:10:02, 35023
405884, 2015-04-09 11:15:01, 34934
405885, 2015-04-09 11:20:04, 34801
405886, 2015-04-09 11:25:02, 34780
405887, 2015-04-09 11:30:02, 34704
405888, 2015-04-09 11:35:02, 34598
405889, 2015-04-09 11:40:02, 34556
405890, 2015-04-09 11:45:02, 34461
405891, 2015-04-09 11:50:02, 34367
405892, 2015-04-09 11:55:02, 34250
405893, 2015-04-09 12:00:03, 34211
405894, 2015-04-09 12:05:02, 34105
405895, 2015-04-09 12:10:02, 34097
405896, 2015-04-09 12:15:03, 33978
405897, 2015-04-09 12:20:03, 33895
405898, 2015-04-09 12:25:01, 33831
405899, 2015-04-09 12:30:02, 33749
405900, 2015-04-09 12:35:02, 33642
405901, 2015-04-09 12:40:03, 33651
405902, 2015-04-09 12:45:03, 33690
405903, 2015-04-09 12:50:02, 33668
405904, 2015-04-09 12:55:03, 33615
405905, 2015-04-09 13:00:02, 33534
405906, 2015-04-09 13:05:02, 33543
405907, 2015-04-09 13:10:03, 33510
405908, 2015-04-09 13:15:02, 33527
405909, 2015-04-09 13:20:03, 33505
405910, 2015-04-09 13:25:03, 33525
405911, 2015-04-09 13:30:02, 33573
405912, 2015-04-09 13:35:02, 33565
405913, 2015-04-09 13:40:02, 33570
405914, 2015-04-09 13:45:02, 33545
405915, 2015-04-09 13:50:01, 33456
405916, 2015-04-09 13:55:02, 33495
405917, 2015-04-09 14:00:02, 33433
405918, 2015-04-09 14:05:03, 33419
405919, 2015-04-09 14:10:02, 33479
405920, 2015-04-09 14:15:03, 33475
405921, 2015-04-09 14:20:07, 33482
405922, 2015-04-09 14:25:02, 33597
405923, 2015-04-09 14:30:03, 33595
405924, 2015-04-09 14:35:02, 33646
405925, 2015-04-09 14:40:02, 33595
405926, 2015-04-09 14:45:02, 33721
405927, 2015-04-09 14:50:01, 33715
405928, 2015-04-09 14:55:01, 33803
405929, 2015-04-09 15:00:03, 33960
405930, 2015-04-09 15:05:04, 34077
405931, 2015-04-09 15:10:03, 34163
405932, 2015-04-09 15:15:03, 34231
405933, 2015-04-09 15:20:05, 34262
405934, 2015-04-09 15:25:02, 34425
405935, 2015-04-09 15:30:04, 34582
405936, 2015-04-09 15:35:04, 34721
405937, 2015-04-09 15:40:02, 34837
405938, 2015-04-09 15:45:02, 35027
405939, 2015-04-09 15:50:03, 35286
405940, 2015-04-09 15:55:02, 35491
405941, 2015-04-09 16:00:03, 35665
405942, 2015-04-09 16:05:05, 35880
405943, 2015-04-09 16:10:03, 35888
405944, 2015-04-09 16:15:01, 35939
405945, 2015-04-09 16:20:04, 36042
405946, 2015-04-09 16:25:03, 36214
405947, 2015-04-09 16:30:02, 36339
405948, 2015-04-09 16:35:02, 36369
405949, 2015-04-09 16:40:02, 36551
405950, 2015-04-09 16:45:02, 36573
405951, 2015-04-09 16:50:03, 36603
405952, 2015-04-09 16:55:01, 36701
405953, 2015-04-09 17:00:01, 36753
405954, 2015-04-09 17:05:02, 36866
405955, 2015-04-09 17:10:01, 37053
405956, 2015-04-09 17:15:02, 37247
405957, 2015-04-09 17:20:03, 37235
405958, 2015-04-09 17:25:01, 37279
405959, 2015-04-09 17:30:02, 37273
405960, 2015-04-09 17:35:02, 37325
405961, 2015-04-09 17:40:01, 37394
405962, 2015-04-09 17:45:02, 37517
405963, 2015-04-09 17:50:01, 37542
405964, 2015-04-09 17:55:02, 37641
405965, 2015-04-09 18:00:03, 37560
405966, 2015-04-09 18:05:02, 37681
405967, 2015-04-09 18:10:02, 37627
405968, 2015-04-09 18:15:03, 37608
405969, 2015-04-09 18:20:03, 37568
405970, 2015-04-09 18:25:02, 37653
405971, 2015-04-09 18:30:03, 37528
405972, 2015-04-09 18:35:03, 37475
405973, 2015-04-09 18:40:03, 37759
405974, 2015-04-09 18:45:02, 37835
405975, 2015-04-09 18:50:03, 37929
405976, 2015-04-09 18:55:02, 37948
405977, 2015-04-09 19:00:01, 38095
405978, 2015-04-09 19:05:02, 38254
405979, 2015-04-09 19:10:02, 38805
405980, 2015-04-09 19:15:02, 39043
405981, 2015-04-09 19:20:02, 39346
405982, 2015-04-09 19:25:02, 39435
405983, 2015-04-09 19:30:01, 39436
405984, 2015-04-09 19:35:02, 39568
405985, 2015-04-09 19:40:02, 39714
405986, 2015-04-09 19:45:03, 39562
405987, 2015-04-09 19:50:02, 39445
405988, 2015-04-09 19:55:01, 39260
405989, 2015-04-09 20:00:01, 39096
405990, 2015-04-09 20:05:02, 38922
405991, 2015-04-09 20:10:01, 38971
405992, 2015-04-09 20:15:02, 38545
405993, 2015-04-09 20:20:03, 38160
405994, 2015-04-09 20:25:02, 37966
405995, 2015-04-09 20:30:03, 37581
405996, 2015-04-09 20:35:02, 37265
405997, 2015-04-09 20:40:08, 37003
405998, 2015-04-09 20:45:06, 36667
405999, 2015-04-09 20:50:02, 36254
406000, 2015-04-09 20:55:02, 35952
406001, 2015-04-09 21:00:03, 35687
406002, 2015-04-09 21:05:02, 35263
406003, 2015-04-09 21:10:01, 35150
406004, 2015-04-09 21:15:02, 34809
406005, 2015-04-09 21:20:04, 34340
406006, 2015-04-09 21:25:04, 33955
406007, 2015-04-09 21:30:01, 33539
406008, 2015-04-09 21:35:03, 33101
406009, 2015-04-09 21:40:02, 32880
406010, 2015-04-09 21:45:03, 32558
406011, 2015-04-09 21:50:03, 32207
406012, 2015-04-09 21:55:02, 31840
406013, 2015-04-09 22:00:03, 31438
406014, 2015-04-09 22:05:01, 31023
406015, 2015-04-09 22:10:03, 30594
406016, 2015-04-09 22:15:02, 30254
406017, 2015-04-09 22:20:03, 29728
406018, 2015-04-09 22:25:01, 29333
406019, 2015-04-09 22:30:01, 29040
406020, 2015-04-09 22:35:02, 28731
406021, 2015-04-09 22:40:02, 28589
406022, 2015-04-09 22:45:03, 28233
406023, 2015-04-09 22:50:03, 28013
406024, 2015-04-09 22:55:03, 27694
406025, 2015-04-09 23:00:02, 27320
406026, 2015-04-09 23:05:02, 27015
406027, 2015-04-09 23:10:02, 27133
406028, 2015-04-09 23:15:01, 27146
406029, 2015-04-09 23:20:02, 27130
406030, 2015-04-09 23:25:03, 27235
406031, 2015-04-09 23:30:03, 27247
406032, 2015-04-09 23:35:02, 27316
406033, 2015-04-09 23:40:03, 27297
406034, 2015-04-09 23:45:02, 27249
406035, 2015-04-09 23:50:03, 27132
406036, 2015-04-09 23:55:02, 26958
406037, 2015-04-10 00:00:02, 26871
406038, 2015-04-10 00:05:02, 26848
406039, 2015-04-10 00:10:02, 27174
406040, 2015-04-10 00:15:02, 27322
406041, 2015-04-10 00:20:03, 27314
406042, 2015-04-10 00:25:03, 27346
406043, 2015-04-10 00:30:02, 27336
406044, 2015-04-10 00:35:01, 27299
406045, 2015-04-10 00:40:02, 27575
406046, 2015-04-10 00:45:03, 27681
406047, 2015-04-10 00:50:03, 27751
406048, 2015-04-10 00:55:02, 27774
406049, 2015-04-10 01:00:02, 27759
406050, 2015-04-10 01:05:02, 27684
406051, 2015-04-10 01:10:01, 27757
406052, 2015-04-10 01:15:01, 27661
406053, 2015-04-10 01:20:02, 27596
406054, 2015-04-10 01:25:01, 27517
406055, 2015-04-10 01:30:04, 27396
406056, 2015-04-10 01:35:01, 27250
406057, 2015-04-10 01:40:01, 27254
406058, 2015-04-10 01:45:03, 27239
406059, 2015-04-10 01:50:06, 27187
406060, 2015-04-10 01:55:02, 27053
406061, 2015-04-10 02:00:02, 26977
406062, 2015-04-10 02:05:02, 26882
406063, 2015-04-10 02:10:03, 26884
406064, 2015-04-10 02:15:03, 26788
406065, 2015-04-10 02:20:05, 26726
406066, 2015-04-10 02:25:02, 26655
406067, 2015-04-10 02:30:02, 26577
406068, 2015-04-10 02:35:02, 26555
406069, 2015-04-10 02:40:03, 26638
406070, 2015-04-10 02:45:02, 26639
406071, 2015-04-10 02:50:02, 26533
406072, 2015-04-10 02:55:02, 26512
406073, 2015-04-10 03:00:03, 26511
406074, 2015-04-10 03:05:02, 26464
406075, 2015-04-10 03:10:02, 26478
406076, 2015-04-10 03:15:02, 26499
406077, 2015-04-10 03:20:04, 26427
406078, 2015-04-10 03:25:02, 26470
406079, 2015-04-10 03:30:02, 26493
406080, 2015-04-10 03:35:03, 26447
406081, 2015-04-10 03:40:02, 26466
406082, 2015-04-10 03:45:03, 26468
406083, 2015-04-10 03:50:02, 26452
406084, 2015-04-10 03:55:01, 26490
406085, 2015-04-10 04:00:02, 26558
406086, 2015-04-10 04:05:03, 26575
406087, 2015-04-10 04:10:01, 26697
406088, 2015-04-10 04:15:03, 26901
406089, 2015-04-10 04:20:03, 27070
406090, 2015-04-10 04:25:03, 27093
406091, 2015-04-10 04:30:02, 26993
406092, 2015-04-10 04:35:03, 27146
406093, 2015-04-10 04:40:02, 27399
406094, 2015-04-10 04:45:05, 27533
406095, 2015-04-10 04:50:03, 27637
406096, 2015-04-10 04:55:02, 27740
406097, 2015-04-10 05:00:02, 27797
406098, 2015-04-10 05:05:02, 27701
406099, 2015-04-10 05:10:02, 27823
406100, 2015-04-10 05:15:02, 28170
406101, 2015-04-10 05:20:02, 28457
406102, 2015-04-10 05:25:01, 28787
406103, 2015-04-10 05:30:02, 28998
406104, 2015-04-10 05:35:01, 29280
406105, 2015-04-10 05:40:02, 29714
406106, 2015-04-10 05:45:02, 30183
406107, 2015-04-10 05:50:03, 30582
406108, 2015-04-10 05:55:02, 30932
406109, 2015-04-10 06:00:03, 31254
406110, 2015-04-10 06:05:02, 31615
406111, 2015-04-10 06:10:01, 32183
406112, 2015-04-10 06:15:03, 32940
406113, 2015-04-10 06:20:03, 33366
406114, 2015-04-10 06:25:02, 33645
406115, 2015-04-10 06:30:02, 33867
406116, 2015-04-10 06:35:01, 34021
406117, 2015-04-10 06:40:02, 34204
406118, 2015-04-10 06:45:03, 34493
406119, 2015-04-10 06:50:02, 34818
406120, 2015-04-10 06:55:02, 35086
406121, 2015-04-10 07:00:02, 35318
406122, 2015-04-10 07:05:01, 35625
406123, 2015-04-10 07:10:02, 35933
406124, 2015-04-10 07:15:02, 36138
406125, 2015-04-10 07:20:05, 36303
406126, 2015-04-10 07:25:03, 36531
406127, 2015-04-10 07:30:02, 36793
406128, 2015-04-10 07:35:02, 36874
406129, 2015-04-10 07:40:01, 36822
406130, 2015-04-10 07:45:03, 36835
406131, 2015-04-10 07:50:02, 36881
406132, 2015-04-10 07:55:02, 36977
406133, 2015-04-10 08:00:05, 36970
406134, 2015-04-10 08:05:02, 37000
406135, 2015-04-10 08:10:02, 37097
406136, 2015-04-10 08:15:02, 37158
406137, 2015-04-10 08:20:05, 37141
406138, 2015-04-10 08:25:02, 37136
406139, 2015-04-10 08:30:02, 37009
406140, 2015-04-10 08:35:02, 36983
406141, 2015-04-10 08:40:02, 36912
406142, 2015-04-10 08:45:04, 36935
406143, 2015-04-10 08:50:02, 36938
406144, 2015-04-10 08:55:02, 36841
406145, 2015-04-10 09:00:03, 36761
406146, 2015-04-10 09:05:02, 36710
406147, 2015-04-10 09:10:03, 36549
406148, 2015-04-10 09:15:01, 36443
406149, 2015-04-10 09:20:02, 36274
406150, 2015-04-10 09:25:02, 36147
406151, 2015-04-10 09:30:03, 36038
406152, 2015-04-10 09:35:02, 35942
406153, 2015-04-10 09:40:02, 35877
406154, 2015-04-10 09:45:03, 35812
406155, 2015-04-10 09:50:03, 35727
406156, 2015-04-10 09:55:03, 35607
406157, 2015-04-10 10:00:03, 35486
406158, 2015-04-10 10:05:03, 35421
406159, 2015-04-10 10:10:02, 35414
406160, 2015-04-10 10:15:01, 35392
406161, 2015-04-10 10:20:04, 35387
406162, 2015-04-10 10:25:01, 35368
406163, 2015-04-10 10:30:03, 35163
406164, 2015-04-10 10:35:02, 35032
406165, 2015-04-10 10:40:03, 35007
406166, 2015-04-10 10:45:03, 34937
406167, 2015-04-10 10:50:03, 35000
406168, 2015-04-10 10:55:02, 34963
406169, 2015-04-10 11:00:03, 34852
406170, 2015-04-10 11:05:03, 34785
406171, 2015-04-10 11:10:02, 34797
406172, 2015-04-10 11:15:03, 34690
406173, 2015-04-10 11:20:04, 34685
406174, 2015-04-10 11:25:02, 34588
406175, 2015-04-10 11:30:02, 34478
406176, 2015-04-10 11:35:03, 34314
406177, 2015-04-10 11:40:01, 34166
406178, 2015-04-10 11:45:01, 34045
406179, 2015-04-10 11:50:02, 33904
406180, 2015-04-10 11:55:02, 33830
406181, 2015-04-10 12:00:03, 33809
406182, 2015-04-10 12:05:03, 33660
406183, 2015-04-10 12:10:02, 33651
406184, 2015-04-10 12:15:01, 33515
406185, 2015-04-10 12:20:03, 33412
406186, 2015-04-10 12:25:02, 33417
406187, 2015-04-10 12:30:02, 33317
406188, 2015-04-10 12:35:02, 33177
406189, 2015-04-10 12:40:02, 33067
406190, 2015-04-10 12:45:02, 33041
406191, 2015-04-10 12:50:05, 32903
406192, 2015-04-10 12:55:02, 32775
406193, 2015-04-10 13:00:02, 32637
406194, 2015-04-10 13:05:02, 32631
406195, 2015-04-10 13:10:02, 32703
406196, 2015-04-10 13:15:01, 32695
406197, 2015-04-10 13:20:04, 32682
406198, 2015-04-10 13:25:03, 32658
406199, 2015-04-10 13:30:03, 32520
406200, 2015-04-10 13:35:02, 32421
406201, 2015-04-10 13:40:02, 32447
406202, 2015-04-10 13:45:04, 32492
406203, 2015-04-10 13:50:03, 32474
406204, 2015-04-10 13:55:02, 32457
406205, 2015-04-10 14:00:03, 32485
406206, 2015-04-10 14:05:02, 32454
406207, 2015-04-10 14:10:02, 32567
406208, 2015-04-10 14:15:03, 32654
406209, 2015-04-10 14:20:03, 32656
406210, 2015-04-10 14:25:03, 32603
406211, 2015-04-10 14:30:03, 32592
406212, 2015-04-10 14:35:02, 32629
406213, 2015-04-10 14:40:02, 32635
406214, 2015-04-10 14:45:04, 32685
406215, 2015-04-10 14:50:02, 32626
406216, 2015-04-10 14:55:02, 32689
406217, 2015-04-10 15:00:05, 32786
406218, 2015-04-10 15:05:02, 32805
406219, 2015-04-10 15:10:02, 32840
406220, 2015-04-10 15:15:02, 32878
406221, 2015-04-10 15:20:02, 32849
406222, 2015-04-10 15:25:01, 32944
406223, 2015-04-10 15:30:01, 33057
406224, 2015-04-10 15:35:05, 33266
406225, 2015-04-10 15:40:01, 33442
406226, 2015-04-10 15:45:02, 33629
406227, 2015-04-10 15:50:02, 33751
406228, 2015-04-10 15:55:02, 33897
406229, 2015-04-10 16:00:02, 34097
406230, 2015-04-10 16:05:03, 34360
406231, 2015-04-10 16:10:01, 34571
406232, 2015-04-10 16:15:02, 34704
406233, 2015-04-10 16:20:03, 34725
406234, 2015-04-10 16:25:02, 34871
406235, 2015-04-10 16:30:03, 35000
406236, 2015-04-10 16:35:02, 35066
406237, 2015-04-10 16:40:01, 35077
406238, 2015-04-10 16:45:02, 35073
406239, 2015-04-10 16:50:02, 35040
406240, 2015-04-10 16:55:02, 35095
406241, 2015-04-10 17:00:03, 35078
406242, 2015-04-10 17:05:01, 35138
406243, 2015-04-10 17:10:01, 35199
406244, 2015-04-10 17:15:01, 35194
406245, 2015-04-10 17:20:03, 35110
406246, 2015-04-10 17:25:03, 35036
406247, 2015-04-10 17:30:02, 35022
406248, 2015-04-10 17:35:02, 35021
406249, 2015-04-10 17:40:02, 35076
406250, 2015-04-10 17:45:03, 35080
406251, 2015-04-10 17:50:02, 34901
406252, 2015-04-10 17:55:01, 34878
406253, 2015-04-10 18:00:02, 34762
406254, 2015-04-10 18:05:02, 34768
406255, 2015-04-10 18:10:02, 34792
406256, 2015-04-10 18:15:01, 34680
406257, 2015-04-10 18:20:03, 34782
406258, 2015-04-10 18:25:03, 34740
406259, 2015-04-10 18:30:01, 34666
406260, 2015-04-10 18:35:02, 34798
406261, 2015-04-10 18:40:02, 34876
406262, 2015-04-10 18:45:03, 34784
406263, 2015-04-10 18:50:02, 34783
406264, 2015-04-10 18:55:02, 34918
406265, 2015-04-10 19:00:02, 34898
406266, 2015-04-10 19:05:02, 34983
406267, 2015-04-10 19:10:03, 35661
406268, 2015-04-10 19:15:03, 35931
406269, 2015-04-10 19:20:03, 36049
406270, 2015-04-10 19:25:01, 36218
406271, 2015-04-10 19:30:03, 36125
406272, 2015-04-10 19:35:03, 35994
406273, 2015-04-10 19:40:02, 35980
406274, 2015-04-10 19:45:03, 35890
406275, 2015-04-10 19:50:01, 35764
406276, 2015-04-10 19:55:01, 35629
406277, 2015-04-10 20:00:01, 35419
406278, 2015-04-10 20:05:02, 35446
406279, 2015-04-10 20:10:03, 35586
406280, 2015-04-10 20:15:02, 35316
406281, 2015-04-10 20:20:04, 35074
406282, 2015-04-10 20:25:02, 34686
406283, 2015-04-10 20:30:03, 34426
406284, 2015-04-10 20:35:02, 34184
406285, 2015-04-10 20:40:02, 33912
406286, 2015-04-10 20:45:02, 33498
406287, 2015-04-10 20:50:01, 33108
406288, 2015-04-10 20:55:02, 32841
406289, 2015-04-10 21:00:03, 32447
406290, 2015-04-10 21:05:02, 32019
406291, 2015-04-10 21:10:03, 31883
406292, 2015-04-10 21:15:02, 31590
406293, 2015-04-10 21:20:02, 31223
406294, 2015-04-10 21:25:02, 30889
406295, 2015-04-10 21:30:02, 30482
406296, 2015-04-10 21:35:02, 30193
406297, 2015-04-10 21:40:02, 29977
406298, 2015-04-10 21:45:03, 29626
406299, 2015-04-10 21:50:01, 29176
406300, 2015-04-10 21:55:01, 28884
406301, 2015-04-10 22:00:03, 28599
406302, 2015-04-10 22:05:02, 28247
406303, 2015-04-10 22:10:01, 27922
406304, 2015-04-10 22:15:01, 27608
406305, 2015-04-10 22:20:03, 27282
406306, 2015-04-10 22:25:01, 27060
406307, 2015-04-10 22:30:02, 26686
406308, 2015-04-10 22:35:02, 26308
406309, 2015-04-10 22:40:01, 26106
406310, 2015-04-10 22:45:03, 25978
406311, 2015-04-10 22:50:01, 25713
406312, 2015-04-10 22:55:02, 25414
406313, 2015-04-10 23:00:06, 25394
406314, 2015-04-10 23:05:03, 25241
406315, 2015-04-10 23:10:02, 25042
406316, 2015-04-10 23:15:02, 24812
406317, 2015-04-10 23:20:02, 24622
406318, 2015-04-10 23:25:01, 24616
406319, 2015-04-10 23:30:01, 24522
406320, 2015-04-10 23:35:03, 24744
406321, 2015-04-10 23:40:02, 24750
406322, 2015-04-10 23:45:03, 24691
406323, 2015-04-10 23:50:02, 24817
406324, 2015-04-10 23:55:02, 24702
406325, 2015-04-11 00:00:03, 24602
406326, 2015-04-11 00:05:02, 24575
406327, 2015-04-11 00:10:01, 24850
406328, 2015-04-11 00:15:01, 24866
406329, 2015-04-11 00:20:02, 24856
406330, 2015-04-11 00:25:31, 24920
406331, 2015-04-11 00:30:02, 24882
406332, 2015-04-11 00:35:02, 24807
406333, 2015-04-11 00:40:01, 25034
406334, 2015-04-11 00:45:01, 25140
406335, 2015-04-11 00:50:04, 25235
406336, 2015-04-11 00:55:02, 25245
406337, 2015-04-11 01:00:02, 25224
406338, 2015-04-11 01:05:02, 25238
406339, 2015-04-11 01:10:01, 25268
406340, 2015-04-11 01:15:03, 25205
406341, 2015-04-11 01:20:03, 25139
406342, 2015-04-11 01:25:01, 24986
406343, 2015-04-11 01:30:02, 24841
406344, 2015-04-11 01:35:02, 24742
406345, 2015-04-11 01:40:03, 24692
406346, 2015-04-11 01:45:01, 24641
406347, 2015-04-11 01:50:01, 24610
406348, 2015-04-11 01:55:03, 24554
406349, 2015-04-11 02:00:02, 24440
406350, 2015-04-11 02:05:02, 24300
406351, 2015-04-11 02:10:03, 24227
406352, 2015-04-11 02:15:01, 24092
406353, 2015-04-11 02:20:03, 24062
406354, 2015-04-11 02:25:03, 23940
406355, 2015-04-11 02:30:02, 23869
406356, 2015-04-11 02:35:02, 23785
406357, 2015-04-11 02:40:02, 24028
406358, 2015-04-11 02:45:01, 23952
406359, 2015-04-11 02:50:03, 23853
406360, 2015-04-11 02:55:02, 23698
406361, 2015-04-11 03:00:04, 23555
406362, 2015-04-11 03:05:03, 23474
406363, 2015-04-11 03:10:01, 23485
406364, 2015-04-11 03:15:02, 23489
406365, 2015-04-11 03:20:02, 23476
406366, 2015-04-11 03:25:02, 23389
406367, 2015-04-11 03:30:03, 23263
406368, 2015-04-11 03:35:02, 23218
406369, 2015-04-11 03:40:03, 23240
406370, 2015-04-11 03:45:03, 23192
406371, 2015-04-11 03:50:01, 23121
406372, 2015-04-11 03:55:01, 23132
406373, 2015-04-11 04:00:03, 23189
406374, 2015-04-11 04:05:11, 23159
406375, 2015-04-11 04:10:02, 23164
406376, 2015-04-11 04:15:03, 23139
406377, 2015-04-11 04:20:02, 23074
406378, 2015-04-11 04:25:02, 23123
406379, 2015-04-11 04:30:01, 23186
406380, 2015-04-11 04:35:02, 23275
406381, 2015-04-11 04:40:01, 23445
406382, 2015-04-11 04:45:03, 23592
406383, 2015-04-11 04:50:01, 23604
406384, 2015-04-11 04:55:01, 23776
406385, 2015-04-11 05:00:03, 23786
406386, 2015-04-11 05:05:02, 23941
406387, 2015-04-11 05:10:02, 24295
406388, 2015-04-11 05:15:02, 24266
406389, 2015-04-11 05:20:04, 24252
406390, 2015-04-11 05:25:02, 24145
406391, 2015-04-11 05:30:02, 24025
406392, 2015-04-11 05:35:03, 23944
406393, 2015-04-11 05:40:01, 23936
406394, 2015-04-11 05:45:03, 24132
406395, 2015-04-11 05:50:01, 24194
406396, 2015-04-11 05:55:01, 24457
406397, 2015-04-11 06:00:01, 24567
406398, 2015-04-11 06:05:02, 24916
406399, 2015-04-11 06:10:02, 25465
406400, 2015-04-11 06:15:02, 25705
406401, 2015-04-11 06:20:05, 25842
406402, 2015-04-11 06:25:01, 26070
406403, 2015-04-11 06:30:01, 26161
406404, 2015-04-11 06:35:02, 26341
406405, 2015-04-11 06:40:02, 26481
406406, 2015-04-11 06:45:03, 26515
406407, 2015-04-11 06:50:02, 26724
406408, 2015-04-11 06:55:02, 26992
406409, 2015-04-11 07:00:02, 27193
406410, 2015-04-11 07:05:01, 27400
406411, 2015-04-11 07:10:02, 27746
406412, 2015-04-11 07:15:03, 28085
406413, 2015-04-11 07:20:04, 28351
406414, 2015-04-11 07:25:02, 28585
406415, 2015-04-11 07:30:02, 28888
406416, 2015-04-11 07:35:01, 29146
406417, 2015-04-11 07:40:02, 29202
406418, 2015-04-11 07:45:03, 29287
406419, 2015-04-11 07:50:02, 29329
406420, 2015-04-11 07:55:02, 29440
406421, 2015-04-11 08:00:02, 29575
406422, 2015-04-11 08:05:02, 29812
406423, 2015-04-11 08:10:01, 30030
406424, 2015-04-11 08:15:01, 30185
406425, 2015-04-11 08:20:03, 30280
406426, 2015-04-11 08:25:02, 30273
406427, 2015-04-11 08:30:03, 30263
406428, 2015-04-11 08:35:02, 30392
406429, 2015-04-11 08:40:02, 30404
406430, 2015-04-11 08:45:04, 30442
406431, 2015-04-11 08:50:03, 30410
406432, 2015-04-11 08:55:03, 30366
406433, 2015-04-11 09:00:03, 30328
406434, 2015-04-11 09:05:02, 30261
406435, 2015-04-11 09:10:02, 30272
406436, 2015-04-11 09:15:02, 30264
406437, 2015-04-11 09:20:03, 30280
406438, 2015-04-11 09:25:02, 30243
406439, 2015-04-11 09:30:03, 30187
406440, 2015-04-11 09:35:02, 30192
406441, 2015-04-11 09:40:02, 30149
406442, 2015-04-11 09:45:03, 29965
406443, 2015-04-11 09:50:02, 29688
406444, 2015-04-11 09:55:01, 29577
406445, 2015-04-11 10:00:02, 29448
406446, 2015-04-11 10:05:01, 29298
406447, 2015-04-11 10:10:01, 29215
406448, 2015-04-11 10:15:01, 29161
406449, 2015-04-11 10:20:03, 29046
406450, 2015-04-11 10:25:02, 29085
406451, 2015-04-11 10:30:02, 28991
406452, 2015-04-11 10:35:02, 28876
406453, 2015-04-11 10:40:02, 28779
406454, 2015-04-11 10:45:04, 28699
406455, 2015-04-11 10:50:01, 28642
406456, 2015-04-11 10:55:05, 28624
406457, 2015-04-11 11:00:01, 28578
406458, 2015-04-11 11:05:02, 28511
406459, 2015-04-11 11:10:01, 28428
406460, 2015-04-11 11:15:02, 28322
406461, 2015-04-11 11:20:02, 28274
406462, 2015-04-11 11:25:02, 28284
406463, 2015-04-11 11:30:02, 28111
406464, 2015-04-11 11:35:01, 27979
406465, 2015-04-11 11:40:01, 27800
406466, 2015-04-11 11:45:04, 27740
406467, 2015-04-11 11:50:02, 27580
406468, 2015-04-11 11:55:02, 27434
406469, 2015-04-11 12:00:03, 27216
406470, 2015-04-11 12:05:02, 27117
406471, 2015-04-11 12:10:01, 27056
406472, 2015-04-11 12:15:03, 26926
406473, 2015-04-11 12:20:03, 26811
406474, 2015-04-11 12:25:02, 26659
406475, 2015-04-11 12:30:02, 26576
406476, 2015-04-11 12:35:03, 26599
406477, 2015-04-11 12:40:02, 26525
406478, 2015-04-11 12:45:01, 26360
406479, 2015-04-11 12:50:02, 26155
406480, 2015-04-11 12:55:03, 26020
406481, 2015-04-11 13:00:02, 25977
406482, 2015-04-11 13:05:02, 25856
406483, 2015-04-11 13:10:02, 25840
406484, 2015-04-11 13:15:02, 25792
406485, 2015-04-11 13:20:02, 25715
406486, 2015-04-11 13:25:02, 25570
406487, 2015-04-11 13:30:02, 25435
406488, 2015-04-11 13:35:02, 25270
406489, 2015-04-11 13:40:02, 25193
406490, 2015-04-11 13:45:02, 25160
406491, 2015-04-11 13:50:02, 25160
406492, 2015-04-11 13:55:02, 25091
406493, 2015-04-11 14:00:03, 25051
406494, 2015-04-11 14:05:03, 25098
406495, 2015-04-11 14:10:02, 25100
406496, 2015-04-11 14:15:03, 25000
406497, 2015-04-11 14:20:03, 25010
406498, 2015-04-11 14:25:03, 25052
406499, 2015-04-11 14:30:02, 25013
406500, 2015-04-11 14:35:02, 24992
406501, 2015-04-11 14:40:02, 25010
406502, 2015-04-11 14:45:03, 25141
406503, 2015-04-11 14:50:03, 25174
406504, 2015-04-11 14:55:02, 25160
406505, 2015-04-11 15:00:06, 25355
406506, 2015-04-11 15:05:02, 25315
406507, 2015-04-11 15:10:02, 25387
406508, 2015-04-11 15:15:02, 25509
406509, 2015-04-11 15:20:04, 25639
406510, 2015-04-11 15:25:01, 25706
406511, 2015-04-11 15:30:02, 25621
406512, 2015-04-11 15:35:02, 25720
406513, 2015-04-11 15:40:02, 26020
406514, 2015-04-11 15:45:03, 26429
406515, 2015-04-11 15:50:02, 26810
406516, 2015-04-11 15:55:02, 27090
406517, 2015-04-11 16:00:03, 27266
406518, 2015-04-11 16:05:03, 27561
406519, 2015-04-11 16:10:02, 27887
406520, 2015-04-11 16:15:02, 28096
406521, 2015-04-11 16:20:02, 28349
406522, 2015-04-11 16:25:01, 28820
406523, 2015-04-11 16:30:02, 29152
406524, 2015-04-11 16:35:02, 29362
406525, 2015-04-11 16:40:02, 29616
406526, 2015-04-11 16:45:03, 29680
406527, 2015-04-11 16:50:02, 29720
406528, 2015-04-11 16:55:02, 29926
406529, 2015-04-11 17:00:02, 30028
406530, 2015-04-11 17:05:03, 30039
406531, 2015-04-11 17:10:02, 30223
406532, 2015-04-11 17:15:03, 30348
406533, 2015-04-11 17:20:03, 30392
406534, 2015-04-11 17:25:02, 30580
406535, 2015-04-11 17:30:03, 30758
406536, 2015-04-11 17:35:03, 30925
406537, 2015-04-11 17:40:02, 31137
406538, 2015-04-11 17:45:03, 31255
406539, 2015-04-11 17:50:02, 31293
406540, 2015-04-11 17:55:02, 31265
406541, 2015-04-11 18:00:01, 31225
406542, 2015-04-11 18:05:02, 31321
406543, 2015-04-11 18:10:02, 31403
406544, 2015-04-11 18:15:03, 31421
406545, 2015-04-11 18:20:04, 31571
406546, 2015-04-11 18:25:02, 31561
406547, 2015-04-11 18:30:03, 31608
406548, 2015-04-11 18:35:02, 31724
406549, 2015-04-11 18:40:01, 31930
406550, 2015-04-11 18:45:02, 32061
406551, 2015-04-11 18:50:01, 32182
406552, 2015-04-11 18:55:02, 32325
406553, 2015-04-11 19:00:03, 32473
406554, 2015-04-11 19:05:01, 32667
406555, 2015-04-11 19:10:01, 33124
406556, 2015-04-11 19:15:02, 33211
406557, 2015-04-11 19:20:02, 33465
406558, 2015-04-11 19:25:01, 33725
406559, 2015-04-11 19:30:02, 33910
406560, 2015-04-11 19:35:02, 33821
406561, 2015-04-11 19:40:02, 33929
406562, 2015-04-11 19:45:03, 33695
406563, 2015-04-11 19:50:02, 33547
406564, 2015-04-11 19:55:02, 33408
406565, 2015-04-11 20:00:03, 33379
406566, 2015-04-11 20:05:02, 33169
406567, 2015-04-11 20:10:02, 33005
406568, 2015-04-11 20:15:03, 33026
406569, 2015-04-11 20:20:01, 32945
406570, 2015-04-11 20:25:01, 32830
406571, 2015-04-11 20:30:02, 32853
406572, 2015-04-11 20:35:02, 32617
406573, 2015-04-11 20:40:02, 32344
406574, 2015-04-11 20:45:04, 32118
406575, 2015-04-11 20:50:02, 31789
406576, 2015-04-11 20:55:02, 31505
406577, 2015-04-11 21:00:01, 31147
406578, 2015-04-11 21:05:03, 30870
406579, 2015-04-11 21:10:02, 30636
406580, 2015-04-11 21:15:03, 30455
406581, 2015-04-11 21:20:02, 30216
406582, 2015-04-11 21:25:02, 29894
406583, 2015-04-11 21:30:02, 29564
406584, 2015-04-11 21:35:02, 29403
406585, 2015-04-11 21:40:02, 29273
406586, 2015-04-11 21:45:02, 29041
406587, 2015-04-11 21:50:03, 28793
406588, 2015-04-11 21:55:02, 28585
406589, 2015-04-11 22:00:02, 28194
406590, 2015-04-11 22:05:02, 27938
406591, 2015-04-11 22:10:02, 27497
406592, 2015-04-11 22:15:02, 27218
406593, 2015-04-11 22:20:06, 26916
406594, 2015-04-11 22:25:02, 26712
406595, 2015-04-11 22:30:02, 26468
406596, 2015-04-11 22:35:01, 26162
406597, 2015-04-11 22:40:01, 26024
406598, 2015-04-11 22:45:02, 25769
406599, 2015-04-11 22:50:02, 25576
406600, 2015-04-11 22:55:02, 25445
406601, 2015-04-11 23:00:02, 25243
406602, 2015-04-11 23:05:02, 24920
406603, 2015-04-11 23:10:02, 24690
406604, 2015-04-11 23:15:03, 24538
406605, 2015-04-11 23:20:04, 24306
406606, 2015-04-11 23:25:02, 24183
406607, 2015-04-11 23:30:02, 24088
406608, 2015-04-11 23:35:02, 23998
406609, 2015-04-11 23:40:02, 24107
406610, 2015-04-11 23:45:03, 24002
406611, 2015-04-11 23:50:02, 23908
406612, 2015-04-11 23:55:02, 23735
406613, 2015-04-12 00:00:05, 23621
406614, 2015-04-12 00:05:02, 23459
406615, 2015-04-12 00:10:02, 23550
406616, 2015-04-12 00:15:02, 23495
406617, 2015-04-12 00:20:03, 23383
406618, 2015-04-12 00:25:02, 23228
406619, 2015-04-12 00:30:04, 23214
406620, 2015-04-12 00:35:02, 23188
406621, 2015-04-12 00:40:01, 23462
406622, 2015-04-12 00:45:02, 23676
406623, 2015-04-12 00:50:02, 23993
406624, 2015-04-12 00:55:01, 24164
406625, 2015-04-12 01:00:04, 24351
406626, 2015-04-12 01:05:02, 24520
406627, 2015-04-12 01:10:02, 24760
406628, 2015-04-12 01:15:02, 24705
406629, 2015-04-12 01:20:05, 24652
406630, 2015-04-12 01:25:03, 24651
406631, 2015-04-12 01:30:01, 24655
406632, 2015-04-12 01:35:01, 24547
406633, 2015-04-12 01:40:01, 24548
406634, 2015-04-12 01:45:01, 24446
406635, 2015-04-12 01:50:03, 24349
406636, 2015-04-12 01:55:03, 24337
406637, 2015-04-12 02:00:02, 24230
406638, 2015-04-12 02:05:02, 24208
406639, 2015-04-12 02:10:02, 24214
406640, 2015-04-12 02:15:02, 24170
406641, 2015-04-12 02:20:04, 24072
406642, 2015-04-12 02:25:01, 24007
406643, 2015-04-12 02:30:02, 23921
406644, 2015-04-12 02:35:02, 23885
406645, 2015-04-12 02:40:03, 23909
406646, 2015-04-12 02:45:04, 23867
406647, 2015-04-12 02:50:04, 23840
406648, 2015-04-12 02:55:03, 23759
406649, 2015-04-12 03:00:04, 23702
406650, 2015-04-12 03:05:05, 23640
406651, 2015-04-12 03:10:02, 23606
406652, 2015-04-12 03:15:03, 23591
406653, 2015-04-12 03:20:02, 23632
406654, 2015-04-12 03:25:01, 23557
406655, 2015-04-12 03:30:02, 23478
406656, 2015-04-12 03:35:02, 23361
406657, 2015-04-12 03:40:01, 23437
406658, 2015-04-12 03:45:02, 23408
406659, 2015-04-12 03:50:02, 23356
406660, 2015-04-12 03:55:02, 23416
406661, 2015-04-12 04:00:05, 23468
406662, 2015-04-12 04:05:08, 23430
406663, 2015-04-12 04:10:01, 23587
406664, 2015-04-12 04:15:03, 23667
406665, 2015-04-12 04:20:04, 23670
406666, 2015-04-12 04:25:02, 23663
406667, 2015-04-12 04:30:02, 23675
406668, 2015-04-12 04:35:03, 23670
406669, 2015-04-12 04:40:02, 23763
406670, 2015-04-12 04:45:03, 23868
406671, 2015-04-12 04:50:04, 23890
406672, 2015-04-12 04:55:01, 23956
406673, 2015-04-12 05:00:03, 24009
406674, 2015-04-12 05:05:02, 23991
406675, 2015-04-12 05:10:02, 23998
406676, 2015-04-12 05:15:02, 24085
406677, 2015-04-12 05:20:02, 24094
406678, 2015-04-12 05:25:03, 24108
406679, 2015-04-12 05:30:03, 24104
406680, 2015-04-12 05:35:02, 24052
406681, 2015-04-12 05:40:02, 24154
406682, 2015-04-12 05:45:03, 24049
406683, 2015-04-12 05:50:02, 23954
406684, 2015-04-12 05:55:02, 23828
406685, 2015-04-12 06:00:03, 23761
406686, 2015-04-12 06:05:02, 23620
406687, 2015-04-12 06:10:02, 23549
406688, 2015-04-12 06:15:01, 23781
406689, 2015-04-12 06:20:03, 23910
406690, 2015-04-12 06:25:02, 24053
406691, 2015-04-12 06:30:02, 24200
406692, 2015-04-12 06:35:02, 24358
406693, 2015-04-12 06:40:01, 24366
406694, 2015-04-12 06:45:01, 24496
406695, 2015-04-12 06:50:02, 24623
406696, 2015-04-12 06:55:01, 24687
406697, 2015-04-12 07:00:02, 24828
406698, 2015-04-12 07:05:02, 24986
406699, 2015-04-12 07:10:02, 25085
406700, 2015-04-12 07:15:02, 25249
406701, 2015-04-12 07:20:04, 25715
406702, 2015-04-12 07:25:02, 25863
406703, 2015-04-12 07:30:02, 25846
406704, 2015-04-12 07:35:02, 25902
406705, 2015-04-12 07:40:01, 25829
406706, 2015-04-12 07:45:03, 25876
406707, 2015-04-12 07:50:01, 25813
406708, 2015-04-12 07:55:01, 25959
406709, 2015-04-12 08:00:02, 26081
406710, 2015-04-12 08:05:02, 26223
406711, 2015-04-12 08:10:03, 26548
406712, 2015-04-12 08:15:02, 26861
406713, 2015-04-12 08:20:02, 26940
406714, 2015-04-12 08:25:03, 27161
406715, 2015-04-12 08:30:01, 27246
406716, 2015-04-12 08:35:02, 27288
406717, 2015-04-12 08:40:02, 27487
406718, 2015-04-12 08:45:03, 27522
406719, 2015-04-12 08:50:02, 27606
406720, 2015-04-12 08:55:01, 27738
406721, 2015-04-12 09:00:03, 27854
406722, 2015-04-12 09:05:02, 27922
406723, 2015-04-12 09:10:01, 27980
406724, 2015-04-12 09:15:03, 28107
406725, 2015-04-12 09:20:03, 28232
406726, 2015-04-12 09:25:01, 28400
406727, 2015-04-12 09:30:03, 28434
406728, 2015-04-12 09:35:01, 28461
406729, 2015-04-12 09:40:02, 28478
406730, 2015-04-12 09:45:02, 28486
406731, 2015-04-12 09:50:03, 28418
406732, 2015-04-12 09:55:01, 28423
406733, 2015-04-12 10:00:02, 28391
406734, 2015-04-12 10:05:02, 28368
406735, 2015-04-12 10:10:02, 28480
406736, 2015-04-12 10:15:01, 28535
406737, 2015-04-12 10:20:05, 28616
406738, 2015-04-12 10:25:02, 28639
406739, 2015-04-12 10:30:02, 28570
406740, 2015-04-12 10:35:02, 28623
406741, 2015-04-12 10:40:02, 28754
406742, 2015-04-12 10:45:04, 28716
406743, 2015-04-12 10:50:03, 28739
406744, 2015-04-12 10:55:02, 28808
406745, 2015-04-12 11:00:01, 28907
406746, 2015-04-12 11:05:02, 28971
406747, 2015-04-12 11:10:02, 29117
406748, 2015-04-12 11:15:03, 29227
406749, 2015-04-12 11:20:02, 29309
406750, 2015-04-12 11:25:02, 29441
406751, 2015-04-12 11:30:02, 29440
406752, 2015-04-12 11:35:01, 29417
406753, 2015-04-12 11:40:02, 29346
406754, 2015-04-12 11:45:03, 29276
406755, 2015-04-12 11:50:01, 29327
406756, 2015-04-12 11:55:01, 29397
406757, 2015-04-12 12:00:03, 29359
406758, 2015-04-12 12:05:02, 29380
406759, 2015-04-12 12:10:02, 29331
406760, 2015-04-12 12:15:02, 29383
406761, 2015-04-12 12:20:03, 29299
406762, 2015-04-12 12:25:01, 29300
406763, 2015-04-12 12:30:02, 29176
406764, 2015-04-12 12:35:02, 29058
406765, 2015-04-12 12:40:01, 29112
406766, 2015-04-12 12:45:02, 29138
406767, 2015-04-12 12:50:02, 29087
406768, 2015-04-12 12:55:02, 29063
406769, 2015-04-12 13:00:02, 28917
406770, 2015-04-12 13:05:02, 28840
406771, 2015-04-12 13:10:03, 28962
406772, 2015-04-12 13:15:02, 29019
406773, 2015-04-12 13:20:02, 29107
406774, 2015-04-12 13:25:02, 29085
406775, 2015-04-12 13:30:02, 29095
406776, 2015-04-12 13:35:02, 28969
406777, 2015-04-12 13:40:02, 29024
406778, 2015-04-12 13:45:02, 29040
406779, 2015-04-12 13:50:01, 29115
406780, 2015-04-12 13:55:01, 29123
406781, 2015-04-12 14:00:05, 29248
406782, 2015-04-12 14:05:02, 29324
406783, 2015-04-12 14:10:01, 29445
406784, 2015-04-12 14:15:05, 29500
406785, 2015-04-12 14:20:03, 29533
406786, 2015-04-12 14:25:01, 29582
406787, 2015-04-12 14:30:04, 29621
406788, 2015-04-12 14:35:02, 29634
406789, 2015-04-12 14:40:02, 29657
406790, 2015-04-12 14:45:03, 29816
406791, 2015-04-12 14:50:03, 29950
406792, 2015-04-12 14:55:02, 30097
406793, 2015-04-12 15:00:01, 30254
406794, 2015-04-12 15:05:02, 30297
406795, 2015-04-12 15:10:02, 30400
406796, 2015-04-12 15:15:02, 30572
406797, 2015-04-12 15:20:04, 30674
406798, 2015-04-12 15:25:03, 30756
406799, 2015-04-12 15:30:02, 30846
406800, 2015-04-12 15:35:02, 31014
406801, 2015-04-12 15:40:02, 31238
406802, 2015-04-12 15:45:04, 31455
406803, 2015-04-12 15:50:02, 31491
406804, 2015-04-12 15:55:02, 31685
406805, 2015-04-12 16:00:02, 32066
406806, 2015-04-12 16:05:03, 32276
406807, 2015-04-12 16:10:05, 32431
406808, 2015-04-12 16:15:02, 32507
406809, 2015-04-12 16:20:03, 32569
406810, 2015-04-12 16:25:01, 32632
406811, 2015-04-12 16:30:02, 32747
406812, 2015-04-12 16:35:03, 32887
406813, 2015-04-12 16:40:01, 32998
406814, 2015-04-12 16:45:04, 32967
406815, 2015-04-12 16:50:02, 32911
406816, 2015-04-12 16:55:03, 33000
406817, 2015-04-12 17:00:01, 33078
406818, 2015-04-12 17:05:02, 33281
406819, 2015-04-12 17:10:02, 33365
406820, 2015-04-12 17:15:02, 33442
406821, 2015-04-12 17:20:02, 33424
406822, 2015-04-12 17:25:02, 33438
406823, 2015-04-12 17:30:03, 33414
406824, 2015-04-12 17:35:02, 33397
406825, 2015-04-12 17:40:01, 33457
406826, 2015-04-12 17:45:03, 33477
406827, 2015-04-12 17:50:04, 33416
406828, 2015-04-12 17:55:02, 33501
406829, 2015-04-12 18:00:04, 33532
406830, 2015-04-12 18:05:01, 33522
406831, 2015-04-12 18:10:02, 33546
406832, 2015-04-12 18:15:02, 33588
406833, 2015-04-12 18:20:05, 33601
406834, 2015-04-12 18:25:01, 33716
406835, 2015-04-12 18:30:03, 33726
406836, 2015-04-12 18:35:02, 33859
406837, 2015-04-12 18:40:02, 34119
406838, 2015-04-12 18:45:04, 34230
406839, 2015-04-12 18:50:02, 34321
406840, 2015-04-12 18:55:01, 34386
406841, 2015-04-12 19:00:01, 34372
406842, 2015-04-12 19:05:01, 34467
406843, 2015-04-12 19:10:02, 34949
406844, 2015-04-12 19:15:02, 35204
406845, 2015-04-12 19:20:05, 35395
406846, 2015-04-12 19:25:02, 35488
406847, 2015-04-12 19:30:03, 35778
406848, 2015-04-12 19:35:03, 35887
406849, 2015-04-12 19:40:01, 35907
406850, 2015-04-12 19:45:03, 35750
406851, 2015-04-12 19:50:02, 35731
406852, 2015-04-12 19:55:01, 35637
406853, 2015-04-12 20:00:01, 35622
406854, 2015-04-12 20:05:02, 35400
406855, 2015-04-12 20:10:03, 35340
406856, 2015-04-12 20:15:02, 35047
406857, 2015-04-12 20:20:05, 34874
406858, 2015-04-12 20:25:03, 34731
406859, 2015-04-12 20:30:01, 34396
406860, 2015-04-12 20:35:02, 34221
406861, 2015-04-12 20:40:01, 34043
406862, 2015-04-12 20:45:02, 33748
406863, 2015-04-12 20:50:02, 33626
406864, 2015-04-12 20:55:02, 33278
406865, 2015-04-12 21:00:01, 32977
406866, 2015-04-12 21:05:03, 32650
406867, 2015-04-12 21:10:01, 32670
406868, 2015-04-12 21:15:02, 32311
406869, 2015-04-12 21:20:04, 31880
406870, 2015-04-12 21:25:02, 31602
406871, 2015-04-12 21:30:02, 31296
406872, 2015-04-12 21:35:03, 31017
406873, 2015-04-12 21:40:01, 30883
406874, 2015-04-12 21:45:03, 30566
406875, 2015-04-12 21:50:02, 30120
406876, 2015-04-12 21:55:02, 29611
406877, 2015-04-12 22:00:02, 29181
406878, 2015-04-12 22:05:02, 28924
406879, 2015-04-12 22:10:02, 28588
406880, 2015-04-12 22:15:03, 28358
406881, 2015-04-12 22:20:02, 27903
406882, 2015-04-12 22:25:04, 27496
406883, 2015-04-12 22:30:04, 27191
406884, 2015-04-12 22:35:03, 26983
406885, 2015-04-12 22:40:03, 26865
406886, 2015-04-12 22:45:02, 26571
406887, 2015-04-12 22:50:02, 26233
406888, 2015-04-12 22:55:02, 26034
406889, 2015-04-12 23:00:03, 25781
406890, 2015-04-12 23:05:02, 25499
406891, 2015-04-12 23:10:01, 25217
406892, 2015-04-12 23:15:03, 25045
406893, 2015-04-12 23:20:03, 24797
406894, 2015-04-12 23:25:01, 24723
406895, 2015-04-12 23:30:02, 24770
406896, 2015-04-12 23:35:02, 24844
406897, 2015-04-12 23:40:02, 24999
406898, 2015-04-12 23:45:03, 25310
406899, 2015-04-12 23:50:03, 25427
406900, 2015-04-12 23:55:01, 25448
406901, 2015-04-13 00:00:05, 25351
406902, 2015-04-13 00:05:02, 25375
406903, 2015-04-13 00:10:02, 25634
406904, 2015-04-13 00:15:01, 25576
406905, 2015-04-13 00:20:04, 25849
406906, 2015-04-13 00:25:02, 26014
406907, 2015-04-13 00:30:02, 25981
406908, 2015-04-13 00:35:02, 26046
406909, 2015-04-13 00:40:02, 26274
406910, 2015-04-13 00:45:03, 26435
406911, 2015-04-13 00:50:02, 26532
406912, 2015-04-13 00:55:01, 26678
406913, 2015-04-13 01:00:01, 26638
406914, 2015-04-13 01:05:01, 26627
406915, 2015-04-13 01:10:02, 26710
406916, 2015-04-13 01:15:03, 26688
406917, 2015-04-13 01:20:05, 26577
406918, 2015-04-13 01:25:02, 26448
406919, 2015-04-13 01:30:03, 26408
406920, 2015-04-13 01:35:02, 26289
406921, 2015-04-13 01:40:02, 26321
406922, 2015-04-13 01:45:02, 26403
406923, 2015-04-13 01:50:02, 26395
406924, 2015-04-13 01:55:02, 26369
406925, 2015-04-13 02:00:05, 26303
406926, 2015-04-13 02:05:03, 26271
406927, 2015-04-13 02:10:02, 26325
406928, 2015-04-13 02:15:02, 26269
406929, 2015-04-13 02:20:03, 26190
406930, 2015-04-13 02:25:03, 26106
406931, 2015-04-13 02:30:03, 26070
406932, 2015-04-13 02:35:02, 26043
406933, 2015-04-13 02:40:01, 26078
406934, 2015-04-13 02:45:03, 26041
406935, 2015-04-13 02:50:03, 25996
406936, 2015-04-13 02:55:02, 25988
406937, 2015-04-13 03:00:02, 26033
406938, 2015-04-13 03:05:02, 26037
406939, 2015-04-13 03:10:02, 26115
406940, 2015-04-13 03:15:02, 26165
406941, 2015-04-13 03:20:03, 26158
406942, 2015-04-13 03:25:02, 26118
406943, 2015-04-13 03:30:03, 26077
406944, 2015-04-13 03:35:02, 26078
406945, 2015-04-13 03:40:02, 26180
406946, 2015-04-13 03:45:03, 26160
406947, 2015-04-13 03:50:02, 26111
406948, 2015-04-13 03:55:02, 26153
406949, 2015-04-13 04:00:03, 26246
406950, 2015-04-13 04:05:02, 26282
406951, 2015-04-13 04:10:02, 26323
406952, 2015-04-13 04:15:02, 26367
406953, 2015-04-13 04:20:04, 26506
406954, 2015-04-13 04:25:03, 26748
406955, 2015-04-13 04:30:01, 26879
406956, 2015-04-13 04:35:04, 26989
406957, 2015-04-13 04:40:01, 27241
406958, 2015-04-13 04:45:03, 27278
406959, 2015-04-13 04:50:03, 27301
406960, 2015-04-13 04:55:02, 27385
406961, 2015-04-13 05:00:03, 27427
406962, 2015-04-13 05:05:02, 27574
406963, 2015-04-13 05:10:01, 28170
406964, 2015-04-13 05:15:02, 28758
406965, 2015-04-13 05:20:03, 29224
406966, 2015-04-13 05:25:01, 29526
406967, 2015-04-13 05:30:03, 29867
406968, 2015-04-13 05:35:03, 30192
406969, 2015-04-13 05:40:02, 30603
406970, 2015-04-13 05:45:03, 31150
406971, 2015-04-13 05:50:03, 31666
406972, 2015-04-13 05:55:02, 32166
406973, 2015-04-13 06:00:01, 32666
406974, 2015-04-13 06:05:02, 33165
406975, 2015-04-13 06:10:02, 33892
406976, 2015-04-13 06:15:03, 34709
406977, 2015-04-13 06:20:07, 35307
406978, 2015-04-13 06:25:01, 35736
406979, 2015-04-13 06:30:02, 36082
406980, 2015-04-13 06:35:01, 36283
406981, 2015-04-13 06:40:02, 36456
406982, 2015-04-13 06:45:02, 36780
406983, 2015-04-13 06:50:01, 37061
406984, 2015-04-13 06:55:02, 37240
406985, 2015-04-13 07:00:02, 37452
406986, 2015-04-13 07:05:02, 37666
406987, 2015-04-13 07:10:01, 37974
406988, 2015-04-13 07:15:03, 38152
406989, 2015-04-13 07:20:04, 38293
406990, 2015-04-13 07:25:02, 38381
406991, 2015-04-13 07:30:02, 38499
406992, 2015-04-13 07:35:02, 38567
406993, 2015-04-13 07:40:01, 38601
406994, 2015-04-13 07:45:01, 38581
406995, 2015-04-13 07:50:01, 38528
406996, 2015-04-13 07:55:01, 38538
406997, 2015-04-13 08:00:04, 38619
406998, 2015-04-13 08:05:03, 38735
406999, 2015-04-13 08:10:02, 38874
407000, 2015-04-13 08:15:03, 39062
407001, 2015-04-13 08:20:03, 39155
407002, 2015-04-13 08:25:01, 39151
407003, 2015-04-13 08:30:02, 39147
407004, 2015-04-13 08:35:02, 39093
407005, 2015-04-13 08:40:03, 39059
407006, 2015-04-13 08:45:03, 38945
407007, 2015-04-13 08:50:02, 38756
407008, 2015-04-13 08:55:02, 38739
407009, 2015-04-13 09:00:04, 38713
407010, 2015-04-13 09:05:02, 38699
407011, 2015-04-13 09:10:02, 38655
407012, 2015-04-13 09:15:01, 38575
407013, 2015-04-13 09:20:03, 38476
407014, 2015-04-13 09:25:01, 38469
407015, 2015-04-13 09:30:01, 38480
407016, 2015-04-13 09:35:04, 38544
407017, 2015-04-13 09:40:02, 38551
407018, 2015-04-13 09:45:02, 38509
407019, 2015-04-13 09:50:01, 38411
407020, 2015-04-13 09:55:01, 38399
407021, 2015-04-13 10:00:02, 38295
407022, 2015-04-13 10:05:03, 38260
407023, 2015-04-13 10:10:02, 38315
407024, 2015-04-13 10:15:03, 38202
407025, 2015-04-13 10:20:08, 38133
407026, 2015-04-13 10:25:02, 38079
407027, 2015-04-13 10:30:02, 37961
407028, 2015-04-13 10:35:02, 37854
407029, 2015-04-13 10:40:01, 37907
407030, 2015-04-13 10:45:04, 37956
407031, 2015-04-13 10:50:02, 37949
407032, 2015-04-13 10:55:02, 37958
407033, 2015-04-13 11:00:03, 37957
407034, 2015-04-13 11:05:03, 37906
407035, 2015-04-13 11:10:02, 37955
407036, 2015-04-13 11:15:02, 37978
407037, 2015-04-13 11:20:04, 37867
407038, 2015-04-13 11:25:02, 37829
407039, 2015-04-13 11:30:05, 37696
407040, 2015-04-13 11:35:02, 37615
407041, 2015-04-13 11:40:02, 37558
407042, 2015-04-13 11:45:03, 37494
407043, 2015-04-13 11:50:03, 37338
407044, 2015-04-13 11:55:02, 37340
407045, 2015-04-13 12:00:02, 37260
407046, 2015-04-13 12:05:02, 37187
407047, 2015-04-13 12:10:02, 37201
407048, 2015-04-13 12:15:02, 37244
407049, 2015-04-13 12:20:01, 37131
407050, 2015-04-13 12:25:05, 37015
407051, 2015-04-13 12:30:03, 36905
407052, 2015-04-13 12:35:02, 36898
407053, 2015-04-13 12:40:01, 36993
407054, 2015-04-13 12:45:02, 36840
407055, 2015-04-13 12:50:03, 36746
407056, 2015-04-13 12:55:01, 36608
407057, 2015-04-13 13:00:03, 36503
407058, 2015-04-13 13:05:01, 36460
407059, 2015-04-13 13:10:02, 36527
407060, 2015-04-13 13:15:02, 36582
407061, 2015-04-13 13:20:03, 36552
407062, 2015-04-13 13:25:02, 36552
407063, 2015-04-13 13:30:03, 36468
407064, 2015-04-13 13:35:02, 36365
407065, 2015-04-13 13:40:02, 36322
407066, 2015-04-13 13:45:02, 36241
407067, 2015-04-13 13:50:02, 36163
407068, 2015-04-13 13:55:02, 36107
407069, 2015-04-13 14:00:03, 36055
407070, 2015-04-13 14:05:03, 35915
407071, 2015-04-13 14:10:01, 35826
407072, 2015-04-13 14:15:02, 35812
407073, 2015-04-13 14:20:04, 35838
407074, 2015-04-13 14:25:03, 35902
407075, 2015-04-13 14:30:03, 35854
407076, 2015-04-13 14:35:02, 35897
407077, 2015-04-13 14:40:01, 35958
407078, 2015-04-13 14:45:03, 35979
407079, 2015-04-13 14:50:02, 35986
407080, 2015-04-13 14:55:02, 36109
407081, 2015-04-13 15:00:05, 36173
407082, 2015-04-13 15:05:02, 36222
407083, 2015-04-13 15:10:01, 36407
407084, 2015-04-13 15:15:02, 36591
407085, 2015-04-13 15:20:03, 36696
407086, 2015-04-13 15:25:03, 36811
407087, 2015-04-13 15:30:03, 36939
407088, 2015-04-13 15:35:03, 37105
407089, 2015-04-13 15:40:02, 37312
407090, 2015-04-13 15:45:04, 37418
407091, 2015-04-13 15:50:02, 37719
407092, 2015-04-13 15:55:01, 37804
407093, 2015-04-13 16:00:02, 37876
407094, 2015-04-13 16:05:03, 37970
407095, 2015-04-13 16:10:02, 38065
407096, 2015-04-13 16:15:02, 38183
407097, 2015-04-13 16:20:03, 38247
407098, 2015-04-13 16:25:02, 38268
407099, 2015-04-13 16:30:05, 38432
407100, 2015-04-13 16:35:03, 38472
407101, 2015-04-13 16:40:01, 38481
407102, 2015-04-13 16:45:02, 38427
407103, 2015-04-13 16:50:02, 38412
407104, 2015-04-13 16:55:01, 38323
407105, 2015-04-13 17:00:04, 38291
407106, 2015-04-13 17:05:02, 38376
407107, 2015-04-13 17:10:02, 38495
407108, 2015-04-13 17:15:02, 38531
407109, 2015-04-13 17:20:02, 38400
407110, 2015-04-13 17:25:01, 38395
407111, 2015-04-13 17:30:01, 38387
407112, 2015-04-13 17:35:03, 38408
407113, 2015-04-13 17:40:02, 38483
407114, 2015-04-13 17:45:04, 38454
407115, 2015-04-13 17:50:03, 38312
407116, 2015-04-13 17:55:01, 38272
407117, 2015-04-13 18:00:02, 38302
407118, 2015-04-13 18:05:02, 38350
407119, 2015-04-13 18:10:02, 38406
407120, 2015-04-13 18:15:03, 38290
407121, 2015-04-13 18:20:06, 38392
407122, 2015-04-13 18:25:03, 38218
407123, 2015-04-13 18:30:02, 38169
407124, 2015-04-13 18:35:02, 38283
407125, 2015-04-13 18:40:02, 38373
407126, 2015-04-13 18:45:02, 38199
407127, 2015-04-13 18:50:03, 38244
407128, 2015-04-13 18:55:02, 38440
407129, 2015-04-13 19:00:02, 38427
407130, 2015-04-13 19:05:02, 38639
407131, 2015-04-13 19:10:04, 39206
407132, 2015-04-13 19:15:01, 39370
407133, 2015-04-13 19:20:04, 39485
407134, 2015-04-13 19:25:02, 39530
407135, 2015-04-13 19:30:03, 39538
407136, 2015-04-13 19:35:02, 39482
407137, 2015-04-13 19:40:02, 39500
407138, 2015-04-13 19:45:02, 39329
407139, 2015-04-13 19:50:03, 39127
407140, 2015-04-13 19:55:01, 39164
407141, 2015-04-13 20:00:05, 38922
407142, 2015-04-13 20:05:02, 38778
407143, 2015-04-13 20:10:01, 38800
407144, 2015-04-13 20:15:04, 38332
407145, 2015-04-13 20:20:02, 37993
407146, 2015-04-13 20:25:02, 37629
407147, 2015-04-13 20:30:02, 37202
407148, 2015-04-13 20:35:01, 36712
407149, 2015-04-13 20:40:02, 36418
407150, 2015-04-13 20:45:02, 35969
407151, 2015-04-13 20:50:02, 35681
407152, 2015-04-13 20:55:02, 35439
407153, 2015-04-13 21:00:05, 35008
407154, 2015-04-13 21:05:02, 34600
407155, 2015-04-13 21:10:03, 34423
407156, 2015-04-13 21:15:02, 34017
407157, 2015-04-13 21:20:03, 33442
407158, 2015-04-13 21:25:03, 33050
407159, 2015-04-13 21:30:02, 32579
407160, 2015-04-13 21:35:02, 32168
407161, 2015-04-13 21:40:02, 32031
407162, 2015-04-13 21:45:02, 31597
407163, 2015-04-13 21:50:02, 31114
407164, 2015-04-13 21:55:02, 30709
407165, 2015-04-13 22:00:04, 30178
407166, 2015-04-13 22:05:01, 29797
407167, 2015-04-13 22:10:02, 29389
407168, 2015-04-13 22:15:01, 28955
407169, 2015-04-13 22:20:02, 28543
407170, 2015-04-13 22:25:02, 28116
407171, 2015-04-13 22:30:04, 27545
407172, 2015-04-13 22:35:02, 27147
407173, 2015-04-13 22:40:01, 26933
407174, 2015-04-13 22:45:02, 26831
407175, 2015-04-13 22:50:02, 26835
407176, 2015-04-13 22:55:03, 26799
407177, 2015-04-13 23:00:03, 26777
407178, 2015-04-13 23:05:03, 26694
407179, 2015-04-13 23:10:01, 26635
407180, 2015-04-13 23:15:02, 26558
407181, 2015-04-13 23:20:02, 26456
407182, 2015-04-13 23:25:02, 26311
407183, 2015-04-13 23:30:03, 26071
407184, 2015-04-13 23:35:03, 25998
407185, 2015-04-13 23:40:02, 25908
407186, 2015-04-13 23:45:02, 25797
407187, 2015-04-13 23:50:02, 25655
407188, 2015-04-13 23:55:02, 25713
407189, 2015-04-14 00:00:01, 25663
407190, 2015-04-14 00:05:01, 25680
407191, 2015-04-14 00:10:01, 26074
407192, 2015-04-14 00:15:02, 26088
407193, 2015-04-14 00:20:03, 26065
407194, 2015-04-14 00:25:01, 25975
407195, 2015-04-14 00:30:04, 25942
407196, 2015-04-14 00:35:01, 26004
407197, 2015-04-14 00:40:02, 26337
407198, 2015-04-14 00:45:03, 26465
407199, 2015-04-14 00:50:02, 26550
407200, 2015-04-14 00:55:03, 26509
407201, 2015-04-14 01:00:04, 26449
407202, 2015-04-14 01:05:02, 26470
407203, 2015-04-14 01:10:05, 26517
407204, 2015-04-14 01:15:01, 26429
407205, 2015-04-14 01:20:03, 26374
407206, 2015-04-14 01:25:03, 26349
407207, 2015-04-14 01:30:02, 26187
407208, 2015-04-14 01:35:03, 26132
407209, 2015-04-14 01:40:02, 26139
407210, 2015-04-14 01:45:02, 26091
407211, 2015-04-14 01:50:03, 26021
407212, 2015-04-14 01:55:02, 26003
407213, 2015-04-14 02:00:02, 25968
407214, 2015-04-14 02:05:02, 25924
407215, 2015-04-14 02:10:02, 25933
407216, 2015-04-14 02:15:03, 25852
407217, 2015-04-14 02:20:02, 25775
407218, 2015-04-14 02:25:01, 25738
407219, 2015-04-14 02:30:02, 25775
407220, 2015-04-14 02:35:04, 25762
407221, 2015-04-14 02:40:02, 25809
407222, 2015-04-14 02:45:04, 25743
407223, 2015-04-14 02:50:02, 25682
407224, 2015-04-14 02:55:02, 25643
407225, 2015-04-14 03:00:04, 25606
407226, 2015-04-14 03:05:02, 25556
407227, 2015-04-14 03:10:02, 25650
407228, 2015-04-14 03:15:02, 25635
407229, 2015-04-14 03:20:04, 25609
407230, 2015-04-14 03:25:02, 25583
407231, 2015-04-14 03:30:03, 25614
407232, 2015-04-14 03:35:02, 25636
407233, 2015-04-14 03:40:01, 25703
407234, 2015-04-14 03:45:02, 25744
407235, 2015-04-14 03:50:01, 25669
407236, 2015-04-14 03:55:02, 25688
407237, 2015-04-14 04:00:03, 25725
407238, 2015-04-14 04:05:02, 25711
407239, 2015-04-14 04:10:01, 25769
407240, 2015-04-14 04:15:03, 25922
407241, 2015-04-14 04:20:05, 26034
407242, 2015-04-14 04:25:01, 26054
407243, 2015-04-14 04:30:02, 26193
407244, 2015-04-14 04:35:02, 26239
407245, 2015-04-14 04:40:01, 26395
407246, 2015-04-14 04:45:01, 26388
407247, 2015-04-14 04:50:03, 26566
407248, 2015-04-14 04:55:03, 26670
407249, 2015-04-14 05:00:04, 26716
407250, 2015-04-14 05:05:02, 26833
407251, 2015-04-14 05:10:02, 27217
407252, 2015-04-14 05:15:02, 27768
407253, 2015-04-14 05:20:03, 28274
407254, 2015-04-14 05:25:02, 28570
407255, 2015-04-14 05:30:03, 28888
407256, 2015-04-14 05:35:02, 29161
407257, 2015-04-14 05:40:02, 29623
407258, 2015-04-14 05:45:04, 30350
407259, 2015-04-14 05:50:01, 30706
407260, 2015-04-14 05:55:02, 31000
407261, 2015-04-14 06:00:03, 31378
407262, 2015-04-14 06:05:02, 32007
407263, 2015-04-14 06:10:02, 32692
407264, 2015-04-14 06:15:02, 33336
407265, 2015-04-14 06:20:03, 33926
407266, 2015-04-14 06:25:01, 34305
407267, 2015-04-14 06:30:01, 34603
407268, 2015-04-14 06:35:01, 34843
407269, 2015-04-14 06:40:01, 35064
407270, 2015-04-14 06:45:02, 35324
407271, 2015-04-14 06:50:01, 35626
407272, 2015-04-14 06:55:01, 35788
407273, 2015-04-14 07:00:02, 35964
407274, 2015-04-14 07:05:02, 36094
407275, 2015-04-14 07:10:03, 36201
407276, 2015-04-14 07:15:02, 36535
407277, 2015-04-14 07:20:03, 36766
407278, 2015-04-14 07:25:02, 36831
407279, 2015-04-14 07:30:03, 36822
407280, 2015-04-14 07:35:02, 36789
407281, 2015-04-14 07:40:01, 36649
407282, 2015-04-14 07:45:04, 36438
407283, 2015-04-14 07:50:01, 36435
407284, 2015-04-14 07:55:03, 36391
407285, 2015-04-14 08:00:04, 36390
407286, 2015-04-14 08:05:02, 36425
407287, 2015-04-14 08:10:02, 36562
407288, 2015-04-14 08:15:02, 36658
407289, 2015-04-14 08:20:02, 36701
407290, 2015-04-14 08:25:02, 36728
407291, 2015-04-14 08:30:03, 36668
407292, 2015-04-14 08:35:03, 36515
407293, 2015-04-14 08:40:02, 36367
407294, 2015-04-14 08:45:03, 36354
407295, 2015-04-14 08:50:02, 36245
407296, 2015-04-14 08:55:01, 36175
407297, 2015-04-14 09:00:03, 36194
407298, 2015-04-14 09:05:02, 36097
407299, 2015-04-14 09:10:03, 36079
407300, 2015-04-14 09:15:02, 35960
407301, 2015-04-14 09:20:03, 35805
407302, 2015-04-14 09:25:02, 35654
407303, 2015-04-14 09:30:02, 35422
407304, 2015-04-14 09:35:02, 35295
407305, 2015-04-14 09:40:02, 35183
407306, 2015-04-14 09:45:02, 35209
407307, 2015-04-14 09:50:03, 35097
407308, 2015-04-14 09:55:01, 35034
407309, 2015-04-14 10:04:01, 34892
407310, 2015-04-14 10:05:29, 34874
407311, 2015-04-14 10:10:05, 34874
407312, 2015-04-14 10:15:01, 34872
407313, 2015-04-14 10:20:02, 34681
407314, 2015-04-14 10:25:02, 34593
407315, 2015-04-14 10:30:02, 34458
407316, 2015-04-14 10:35:01, 34265
407317, 2015-04-14 10:40:02, 34258
407318, 2015-04-14 10:45:02, 34276
407319, 2015-04-14 10:50:03, 34254
407320, 2015-04-14 10:55:01, 34202
407321, 2015-04-14 11:00:03, 34102
407322, 2015-04-14 11:05:04, 34070
407323, 2015-04-14 11:10:02, 34178
407324, 2015-04-14 11:15:02, 34128
407325, 2015-04-14 11:20:03, 34011
407326, 2015-04-14 11:25:04, 33919
407327, 2015-04-14 11:30:02, 33884
407328, 2015-04-14 11:35:01, 33790
407329, 2015-04-14 11:40:01, 33737
407330, 2015-04-14 11:45:02, 33591
407331, 2015-04-14 11:50:01, 33553
407332, 2015-04-14 11:55:02, 33451
407333, 2015-04-14 12:00:05, 33407
407334, 2015-04-14 12:05:02, 33310
407335, 2015-04-14 12:10:02, 33310
407336, 2015-04-14 12:15:02, 33223
407337, 2015-04-14 12:20:02, 33101
407338, 2015-04-14 12:25:01, 33089
407339, 2015-04-14 12:30:04, 32986
407340, 2015-04-14 12:35:02, 32871
407341, 2015-04-14 12:40:02, 32919
407342, 2015-04-14 12:45:02, 32945
407343, 2015-04-14 12:50:02, 32928
407344, 2015-04-14 12:55:01, 32855
407345, 2015-04-14 13:00:02, 32823
407346, 2015-04-14 13:05:03, 32779
407347, 2015-04-14 13:10:02, 32900
407348, 2015-04-14 13:15:03, 33004
407349, 2015-04-14 13:20:02, 32958
407350, 2015-04-14 13:25:04, 32950
407351, 2015-04-14 13:30:02, 32934
407352, 2015-04-14 13:35:02, 32903
407353, 2015-04-14 13:40:02, 32908
407354, 2015-04-14 13:45:02, 32974
407355, 2015-04-14 13:50:02, 32993
407356, 2015-04-14 13:55:01, 33030
407357, 2015-04-14 14:00:04, 33067
407358, 2015-04-14 14:05:01, 32968
407359, 2015-04-14 14:10:02, 33040
407360, 2015-04-14 14:15:01, 33044
407361, 2015-04-14 14:20:05, 33007
407362, 2015-04-14 14:25:03, 33006
407363, 2015-04-14 14:30:01, 33060
407364, 2015-04-14 14:35:02, 33187
407365, 2015-04-14 14:40:02, 33303
407366, 2015-04-14 14:45:03, 33504
407367, 2015-04-14 14:50:03, 33522
407368, 2015-04-14 14:55:04, 33782
407369, 2015-04-14 15:00:02, 33910
407370, 2015-04-14 15:05:01, 34066
407371, 2015-04-14 15:10:04, 34251
407372, 2015-04-14 15:15:02, 34358
407373, 2015-04-14 15:20:05, 34372
407374, 2015-04-14 15:25:03, 34544
407375, 2015-04-14 15:30:02, 34675
407376, 2015-04-14 15:35:02, 34822
407377, 2015-04-14 15:40:03, 34966
407378, 2015-04-14 15:45:02, 35205
407379, 2015-04-14 15:50:02, 35446
407380, 2015-04-14 15:55:01, 35593
407381, 2015-04-14 16:00:03, 35792
407382, 2015-04-14 16:05:02, 35927
407383, 2015-04-14 16:10:02, 35957
407384, 2015-04-14 16:15:02, 35993
407385, 2015-04-14 16:20:02, 36108
407386, 2015-04-14 16:25:02, 36314
407387, 2015-04-14 16:30:01, 36372
407388, 2015-04-14 16:35:02, 36462
407389, 2015-04-14 16:40:02, 36516
407390, 2015-04-14 16:45:02, 36463
407391, 2015-04-14 16:50:02, 36476
407392, 2015-04-14 16:55:02, 36576
407393, 2015-04-14 17:00:02, 36611
407394, 2015-04-14 17:05:03, 36739
407395, 2015-04-14 17:10:01, 36793
407396, 2015-04-14 17:15:03, 36828
407397, 2015-04-14 17:20:03, 36829
407398, 2015-04-14 17:25:02, 36890
407399, 2015-04-14 17:30:03, 36893
407400, 2015-04-14 17:35:02, 37025
407401, 2015-04-14 17:40:02, 37167
407402, 2015-04-14 17:45:03, 37262
407403, 2015-04-14 17:50:01, 37344
407404, 2015-04-14 17:55:02, 37368
407405, 2015-04-14 18:00:03, 37356
407406, 2015-04-14 18:05:03, 37335
407407, 2015-04-14 18:10:03, 37234
407408, 2015-04-14 18:15:02, 37095
407409, 2015-04-14 18:20:05, 37062
407410, 2015-04-14 18:25:03, 36940
407411, 2015-04-14 18:30:01, 36771
407412, 2015-04-14 18:35:03, 36881
407413, 2015-04-14 18:40:01, 37091
407414, 2015-04-14 18:45:03, 37044
407415, 2015-04-14 18:50:02, 36927
407416, 2015-04-14 18:55:02, 36997
407417, 2015-04-14 19:00:02, 36978
407418, 2015-04-14 19:05:02, 37115
407419, 2015-04-14 19:10:02, 37532
407420, 2015-04-14 19:15:03, 37638
407421, 2015-04-14 19:20:03, 37800
407422, 2015-04-14 19:25:02, 38060
407423, 2015-04-14 19:30:02, 38451
407424, 2015-04-14 19:35:02, 38629
407425, 2015-04-14 19:40:01, 38720
407426, 2015-04-14 19:45:02, 38862
407427, 2015-04-14 19:50:02, 38739
407428, 2015-04-14 19:55:02, 38596
407429, 2015-04-14 20:00:03, 38338
407430, 2015-04-14 20:05:02, 38116
407431, 2015-04-14 20:10:02, 38133
407432, 2015-04-14 20:15:02, 37871
407433, 2015-04-14 20:20:03, 37491
407434, 2015-04-14 20:25:02, 37257
407435, 2015-04-14 20:30:04, 36868
407436, 2015-04-14 20:35:01, 36566
407437, 2015-04-14 20:40:01, 36233
407438, 2015-04-14 20:45:03, 35927
407439, 2015-04-14 20:50:02, 35601
407440, 2015-04-14 20:55:02, 35339
407441, 2015-04-14 21:00:03, 34975
407442, 2015-04-14 21:05:03, 34678
407443, 2015-04-14 21:10:02, 34638
407444, 2015-04-14 21:15:03, 34221
407445, 2015-04-14 21:20:04, 33766
407446, 2015-04-14 21:25:02, 33213
407447, 2015-04-14 21:30:02, 32813
407448, 2015-04-14 21:35:01, 32469
407449, 2015-04-14 21:40:02, 32272
407450, 2015-04-14 21:45:03, 31846
407451, 2015-04-14 21:50:02, 31405
407452, 2015-04-14 21:55:01, 30978
407453, 2015-04-14 22:00:02, 30522
407454, 2015-04-14 22:05:02, 30105
407455, 2015-04-14 22:10:01, 29806
407456, 2015-04-14 22:15:01, 29386
407457, 2015-04-14 22:20:02, 28946
407458, 2015-04-14 22:25:02, 28589
407459, 2015-04-14 22:30:01, 28200
407460, 2015-04-14 22:35:02, 27757
407461, 2015-04-14 22:40:01, 27557
407462, 2015-04-14 22:45:01, 27342
407463, 2015-04-14 22:50:02, 27277
407464, 2015-04-14 22:55:02, 27091
407465, 2015-04-14 23:00:03, 26946
407466, 2015-04-14 23:05:02, 26780
407467, 2015-04-14 23:10:02, 26587
407468, 2015-04-14 23:15:03, 26492
407469, 2015-04-14 23:20:02, 26458
407470, 2015-04-14 23:25:02, 26458
407471, 2015-04-14 23:30:03, 26341
407472, 2015-04-14 23:35:02, 26181
407473, 2015-04-14 23:40:03, 26123
407474, 2015-04-14 23:45:04, 26008
407475, 2015-04-14 23:50:02, 25855
407476, 2015-04-14 23:55:01, 25747
407477, 2015-04-15 00:00:04, 25729
407478, 2015-04-15 00:05:02, 25827
407479, 2015-04-15 00:10:02, 26042
407480, 2015-04-15 00:15:02, 26025
407481, 2015-04-15 00:20:04, 25981
407482, 2015-04-15 00:25:01, 25905
407483, 2015-04-15 00:30:02, 25881
407484, 2015-04-15 00:35:02, 25888
407485, 2015-04-15 00:40:02, 26165
407486, 2015-04-15 00:45:02, 26181
407487, 2015-04-15 00:50:01, 26190
407488, 2015-04-15 00:55:02, 26222
407489, 2015-04-15 01:00:02, 26153
407490, 2015-04-15 01:05:02, 26044
407491, 2015-04-15 01:10:01, 26028
407492, 2015-04-15 01:15:01, 26029
407493, 2015-04-15 01:20:04, 25962
407494, 2015-04-15 01:25:02, 25925
407495, 2015-04-15 01:30:02, 25825
407496, 2015-04-15 01:35:02, 25826
407497, 2015-04-15 01:40:02, 25853
407498, 2015-04-15 01:45:02, 25757
407499, 2015-04-15 01:50:02, 25645
407500, 2015-04-15 01:55:02, 25614
407501, 2015-04-15 02:00:05, 25633
407502, 2015-04-15 02:05:01, 25580
407503, 2015-04-15 02:10:02, 25671
407504, 2015-04-15 02:15:03, 25652
407505, 2015-04-15 02:20:02, 25569
407506, 2015-04-15 02:25:02, 25410
407507, 2015-04-15 02:30:03, 25366
407508, 2015-04-15 02:35:02, 25465
407509, 2015-04-15 02:40:02, 25460
407510, 2015-04-15 02:45:01, 25466
407511, 2015-04-15 02:50:02, 25371
407512, 2015-04-15 02:55:03, 25312
407513, 2015-04-15 03:00:04, 25247
407514, 2015-04-15 03:05:02, 25265
407515, 2015-04-15 03:10:01, 25301
407516, 2015-04-15 03:15:02, 25291
407517, 2015-04-15 03:20:04, 25238
407518, 2015-04-15 03:25:02, 25121
407519, 2015-04-15 03:30:02, 25126
407520, 2015-04-15 03:35:02, 25131
407521, 2015-04-15 03:40:02, 25211
407522, 2015-04-15 03:45:02, 25228
407523, 2015-04-15 03:50:02, 25217
407524, 2015-04-15 03:55:01, 25308
407525, 2015-04-15 04:00:03, 25447
407526, 2015-04-15 04:05:02, 25524
407527, 2015-04-15 04:10:02, 25742
407528, 2015-04-15 04:15:05, 25947
407529, 2015-04-15 04:20:01, 26047
407530, 2015-04-15 04:25:02, 26194
407531, 2015-04-15 04:30:02, 26195
407532, 2015-04-15 04:35:02, 26313
407533, 2015-04-15 04:40:03, 26552
407534, 2015-04-15 04:45:03, 26662
407535, 2015-04-15 04:50:02, 26720
407536, 2015-04-15 04:55:02, 26846
407537, 2015-04-15 05:00:03, 27004
407538, 2015-04-15 05:05:01, 27241
407539, 2015-04-15 05:10:01, 27558
407540, 2015-04-15 05:15:02, 27710
407541, 2015-04-15 05:20:03, 27907
407542, 2015-04-15 05:25:02, 28210
407543, 2015-04-15 05:30:03, 28475
407544, 2015-04-15 05:35:02, 28778
407545, 2015-04-15 05:40:02, 29271
407546, 2015-04-15 05:45:02, 29881
407547, 2015-04-15 05:50:02, 30345
407548, 2015-04-15 05:55:01, 30722
407549, 2015-04-15 06:00:02, 31315
407550, 2015-04-15 06:05:02, 31846
407551, 2015-04-15 06:10:02, 32365
407552, 2015-04-15 06:15:01, 33086
407553, 2015-04-15 06:20:05, 33617
407554, 2015-04-15 06:25:02, 34056
407555, 2015-04-15 06:30:02, 34246
407556, 2015-04-15 06:35:02, 34383
407557, 2015-04-15 06:40:03, 34654
407558, 2015-04-15 06:45:02, 35037
407559, 2015-04-15 06:50:02, 35323
407560, 2015-04-15 06:55:01, 35456
407561, 2015-04-15 07:00:03, 35629
407562, 2015-04-15 07:05:02, 35844
407563, 2015-04-15 07:10:03, 36052
407564, 2015-04-15 07:15:02, 36263
407565, 2015-04-15 07:20:03, 36298
407566, 2015-04-15 07:25:01, 36311
407567, 2015-04-15 07:30:02, 36309
407568, 2015-04-15 07:35:02, 36272
407569, 2015-04-15 07:40:02, 36161
407570, 2015-04-15 07:45:03, 36141
407571, 2015-04-15 07:50:03, 36071
407572, 2015-04-15 07:55:01, 36132
407573, 2015-04-15 08:00:05, 36154
407574, 2015-04-15 08:05:03, 36228
407575, 2015-04-15 08:10:02, 36319
407576, 2015-04-15 08:15:02, 36408
407577, 2015-04-15 08:20:04, 36434
407578, 2015-04-15 08:25:01, 36364
407579, 2015-04-15 08:30:02, 36373
407580, 2015-04-15 08:35:02, 36354
407581, 2015-04-15 08:40:01, 36311
407582, 2015-04-15 08:45:02, 36237
407583, 2015-04-15 08:50:03, 36121
407584, 2015-04-15 08:55:01, 36010
407585, 2015-04-15 09:00:03, 35997
407586, 2015-04-15 09:05:02, 35983
407587, 2015-04-15 09:10:02, 35873
407588, 2015-04-15 09:15:02, 35806
407589, 2015-04-15 09:20:04, 35721
407590, 2015-04-15 09:25:02, 35675
407591, 2015-04-15 09:30:04, 35551
407592, 2015-04-15 09:35:01, 35481
407593, 2015-04-15 09:40:02, 35501
407594, 2015-04-15 09:45:06, 35434
407595, 2015-04-15 09:50:03, 35342
407596, 2015-04-15 09:55:02, 35346
407597, 2015-04-15 10:00:03, 35305
407598, 2015-04-15 10:05:02, 35286
407599, 2015-04-15 10:10:03, 35243
407600, 2015-04-15 10:15:01, 35229
407601, 2015-04-15 10:20:03, 35116
407602, 2015-04-15 10:25:02, 35042
407603, 2015-04-15 10:30:03, 34927
407604, 2015-04-15 10:35:03, 34725
407605, 2015-04-15 10:40:01, 34709
407606, 2015-04-15 10:45:02, 34775
407607, 2015-04-15 10:50:01, 34748
407608, 2015-04-15 10:55:02, 34733
407609, 2015-04-15 11:00:02, 34738
407610, 2015-04-15 11:05:03, 34654
407611, 2015-04-15 11:10:02, 34616
407612, 2015-04-15 11:15:03, 34673
407613, 2015-04-15 11:20:02, 34714
407614, 2015-04-15 11:25:02, 34637
407615, 2015-04-15 11:30:02, 34578
407616, 2015-04-15 11:35:02, 34552
407617, 2015-04-15 11:40:01, 34525
407618, 2015-04-15 11:45:01, 34484
407619, 2015-04-15 11:50:02, 34452
407620, 2015-04-15 11:55:02, 34416
407621, 2015-04-15 12:00:03, 34411
407622, 2015-04-15 12:05:02, 34382
407623, 2015-04-15 12:10:02, 34404
407624, 2015-04-15 12:15:02, 34429
407625, 2015-04-15 12:20:03, 34374
407626, 2015-04-15 12:25:01, 34396
407627, 2015-04-15 12:30:02, 34388
407628, 2015-04-15 12:35:16, 34300
407629, 2015-04-15 12:40:02, 34313
407630, 2015-04-15 12:45:03, 34222
407631, 2015-04-15 12:50:02, 34195
407632, 2015-04-15 12:55:02, 34158
407633, 2015-04-15 13:00:03, 34110
407634, 2015-04-15 13:05:02, 34119
407635, 2015-04-15 13:10:02, 34193
407636, 2015-04-15 13:15:03, 34170
407637, 2015-04-15 13:20:05, 34166
407638, 2015-04-15 13:25:02, 34240
407639, 2015-04-15 13:30:02, 34228
407640, 2015-04-15 13:35:02, 34298
407641, 2015-04-15 13:40:01, 34353
407642, 2015-04-15 13:45:03, 34244
407643, 2015-04-15 13:50:01, 34203
407644, 2015-04-15 13:55:01, 34195
407645, 2015-04-15 14:00:02, 34155
407646, 2015-04-15 14:05:02, 34169
407647, 2015-04-15 14:10:02, 34242
407648, 2015-04-15 14:15:02, 34218
407649, 2015-04-15 14:20:02, 34296
407650, 2015-04-15 14:25:03, 34360
407651, 2015-04-15 14:30:04, 34334
407652, 2015-04-15 14:35:02, 34390
407653, 2015-04-15 14:40:02, 34519
407654, 2015-04-15 14:45:03, 34715
407655, 2015-04-15 14:50:02, 34892
407656, 2015-04-15 14:55:02, 35075
407657, 2015-04-15 15:00:04, 35292
407658, 2015-04-15 15:05:17, 35466
407659, 2015-04-15 15:10:02, 35686
407660, 2015-04-15 15:15:03, 35808
407661, 2015-04-15 15:20:02, 35899
407662, 2015-04-15 15:25:02, 36095
407663, 2015-04-15 15:30:03, 36240
407664, 2015-04-15 15:35:02, 36447
407665, 2015-04-15 15:40:01, 36672
407666, 2015-04-15 15:45:04, 36822
407667, 2015-04-15 15:50:05, 36996
407668, 2015-04-15 15:55:01, 37134
407669, 2015-04-15 16:00:02, 37251
407670, 2015-04-15 16:05:02, 37331
407671, 2015-04-15 16:10:01, 37499
407672, 2015-04-15 16:15:03, 37535
407673, 2015-04-15 16:20:02, 37675
407674, 2015-04-15 16:25:03, 37792
407675, 2015-04-15 16:30:03, 37906
407676, 2015-04-15 16:35:02, 37972
407677, 2015-04-15 16:40:01, 38040
407678, 2015-04-15 16:45:01, 38002
407679, 2015-04-15 16:50:01, 37986
407680, 2015-04-15 16:55:01, 38070
407681, 2015-04-15 17:00:02, 38079
407682, 2015-04-15 17:05:02, 38209
407683, 2015-04-15 17:10:04, 38286
407684, 2015-04-15 17:15:02, 38305
407685, 2015-04-15 17:20:03, 38255
407686, 2015-04-15 17:25:03, 38251
407687, 2015-04-15 17:30:03, 38268
407688, 2015-04-15 17:35:02, 38269
407689, 2015-04-15 17:40:02, 38291
407690, 2015-04-15 17:45:02, 38259
407691, 2015-04-15 17:50:02, 38217
407692, 2015-04-15 17:55:01, 38140
407693, 2015-04-15 18:00:02, 38103
407694, 2015-04-15 18:05:02, 38129
407695, 2015-04-15 18:10:03, 38161
407696, 2015-04-15 18:15:03, 38058
407697, 2015-04-15 18:20:04, 38020
407698, 2015-04-15 18:25:04, 37931
407699, 2015-04-15 18:30:01, 37820
407700, 2015-04-15 18:35:02, 37886
407701, 2015-04-15 18:40:02, 38025
407702, 2015-04-15 18:45:04, 37866
407703, 2015-04-15 18:50:01, 37792
407704, 2015-04-15 18:55:01, 37959
407705, 2015-04-15 19:00:02, 37901
407706, 2015-04-15 19:05:02, 38055
407707, 2015-04-15 19:10:02, 38585
407708, 2015-04-15 19:15:03, 38629
407709, 2015-04-15 19:20:03, 38844
407710, 2015-04-15 19:25:02, 39103
407711, 2015-04-15 19:30:02, 39326
407712, 2015-04-15 19:35:02, 39547
407713, 2015-04-15 19:40:01, 39673
407714, 2015-04-15 19:45:01, 39654
407715, 2015-04-15 19:50:02, 39507
407716, 2015-04-15 19:55:02, 39512
407717, 2015-04-15 20:00:02, 39366
407718, 2015-04-15 20:05:03, 39182
407719, 2015-04-15 20:10:01, 39217
407720, 2015-04-15 20:15:01, 38880
407721, 2015-04-15 20:20:03, 38567
407722, 2015-04-15 20:25:01, 38246
407723, 2015-04-15 20:30:02, 37911
407724, 2015-04-15 20:35:01, 37710
407725, 2015-04-15 20:40:03, 37424
407726, 2015-04-15 20:45:04, 37127
407727, 2015-04-15 20:50:01, 36813
407728, 2015-04-15 20:55:02, 36713
407729, 2015-04-15 21:00:03, 36399
407730, 2015-04-15 21:05:02, 35956
407731, 2015-04-15 21:10:02, 35510
407732, 2015-04-15 21:15:02, 35012
407733, 2015-04-15 21:20:04, 34546
407734, 2015-04-15 21:25:02, 34141
407735, 2015-04-15 21:30:03, 33751
407736, 2015-04-15 21:35:01, 33370
407737, 2015-04-15 21:40:02, 33081
407738, 2015-04-15 21:45:02, 32714
407739, 2015-04-15 21:50:01, 32320
407740, 2015-04-15 21:55:01, 31999
407741, 2015-04-15 22:00:05, 31552
407742, 2015-04-15 22:05:02, 31072
407743, 2015-04-15 22:10:02, 30746
407744, 2015-04-15 22:15:02, 30249
407745, 2015-04-15 22:20:04, 29818
407746, 2015-04-15 22:25:03, 29599
407747, 2015-04-15 22:30:03, 29056
407748, 2015-04-15 22:35:02, 28630
407749, 2015-04-15 22:40:02, 28372
407750, 2015-04-15 22:45:01, 28106
407751, 2015-04-15 22:50:02, 27890
407752, 2015-04-15 22:55:01, 27618
407753, 2015-04-15 23:00:03, 27273
407754, 2015-04-15 23:05:01, 26975
407755, 2015-04-15 23:10:01, 27000
407756, 2015-04-15 23:15:03, 27002
407757, 2015-04-15 23:20:03, 27104
407758, 2015-04-15 23:25:02, 27191
407759, 2015-04-15 23:30:02, 27248
407760, 2015-04-15 23:35:02, 27343
407761, 2015-04-15 23:40:02, 27303
407762, 2015-04-15 23:45:02, 27246
407763, 2015-04-15 23:50:03, 27225
407764, 2015-04-15 23:55:02, 27133
407765, 2015-04-16 00:00:03, 26985
407766, 2015-04-16 00:05:01, 26947
407767, 2015-04-16 00:10:02, 27148
407768, 2015-04-16 00:15:02, 27107
407769, 2015-04-16 00:20:05, 27065
407770, 2015-04-16 00:25:02, 26996
407771, 2015-04-16 00:30:02, 26910
407772, 2015-04-16 00:35:01, 26877
407773, 2015-04-16 00:40:02, 26932
407774, 2015-04-16 00:45:02, 27043
407775, 2015-04-16 00:50:02, 27169
407776, 2015-04-16 00:55:02, 27138
407777, 2015-04-16 01:00:01, 27253
407778, 2015-04-16 01:05:02, 27234
407779, 2015-04-16 01:10:01, 27264
407780, 2015-04-16 01:15:01, 27045
407781, 2015-04-16 01:20:03, 27022
407782, 2015-04-16 01:25:02, 26995
407783, 2015-04-16 01:30:03, 27132
407784, 2015-04-16 01:35:03, 27031
407785, 2015-04-16 01:40:02, 26973
407786, 2015-04-16 01:45:03, 26972
407787, 2015-04-16 01:50:01, 26947
407788, 2015-04-16 01:55:02, 26909
407789, 2015-04-16 02:00:03, 26867
407790, 2015-04-16 02:05:02, 26651
407791, 2015-04-16 02:10:02, 26619
407792, 2015-04-16 02:15:02, 26543
407793, 2015-04-16 02:20:03, 26356
407794, 2015-04-16 02:25:02, 26290
407795, 2015-04-16 02:30:03, 26461
407796, 2015-04-16 02:35:02, 26550
407797, 2015-04-16 02:40:02, 26609
407798, 2015-04-16 02:45:02, 26556
407799, 2015-04-16 02:50:02, 26471
407800, 2015-04-16 02:55:02, 26443
407801, 2015-04-16 03:00:02, 26394
407802, 2015-04-16 03:05:03, 26350
407803, 2015-04-16 03:10:02, 26396
407804, 2015-04-16 03:15:02, 26484
407805, 2015-04-16 03:20:02, 26507
407806, 2015-04-16 03:25:01, 26468
407807, 2015-04-16 03:30:01, 26406
407808, 2015-04-16 03:35:02, 26341
407809, 2015-04-16 03:40:02, 26435
407810, 2015-04-16 03:45:02, 26444
407811, 2015-04-16 03:50:03, 26467
407812, 2015-04-16 03:55:01, 26571
407813, 2015-04-16 04:00:02, 26691
407814, 2015-04-16 04:05:02, 26631
407815, 2015-04-16 04:10:02, 26823
407816, 2015-04-16 04:15:02, 26949
407817, 2015-04-16 04:20:02, 27051
407818, 2015-04-16 04:25:02, 27200
407819, 2015-04-16 04:30:02, 27297
407820, 2015-04-16 04:35:02, 27391
407821, 2015-04-16 04:40:01, 27446
407822, 2015-04-16 04:45:02, 27570
407823, 2015-04-16 04:50:02, 27692
407824, 2015-04-16 04:55:02, 27604
407825, 2015-04-16 05:00:02, 27695
407826, 2015-04-16 05:05:02, 27939
407827, 2015-04-16 05:10:16, 28380
407828, 2015-04-16 05:15:01, 28901
407829, 2015-04-16 05:20:04, 29069
407830, 2015-04-16 05:25:01, 29316
407831, 2015-04-16 05:30:02, 29557
407832, 2015-04-16 05:35:02, 30021
407833, 2015-04-16 05:40:01, 30574
407834, 2015-04-16 05:45:04, 31130
407835, 2015-04-16 05:50:03, 31532
407836, 2015-04-16 05:55:02, 31857
407837, 2015-04-16 06:00:07, 32382
407838, 2015-04-16 06:05:02, 32880
407839, 2015-04-16 06:10:02, 33491
407840, 2015-04-16 06:15:03, 34264
407841, 2015-04-16 06:20:03, 34795
407842, 2015-04-16 06:25:02, 35229
407843, 2015-04-16 06:30:02, 35618
407844, 2015-04-16 06:35:02, 35899
407845, 2015-04-16 06:40:02, 36183
407846, 2015-04-16 06:45:04, 36570
407847, 2015-04-16 06:50:01, 36888
407848, 2015-04-16 06:55:03, 37088
407849, 2015-04-16 07:00:03, 37269
407850, 2015-04-16 07:05:03, 37479
407851, 2015-04-16 07:10:03, 37681
407852, 2015-04-16 07:15:02, 37976
407853, 2015-04-16 07:20:02, 38050
407854, 2015-04-16 07:25:02, 38040
407855, 2015-04-16 07:30:01, 38121
407856, 2015-04-16 07:35:03, 38167
407857, 2015-04-16 07:40:02, 38071
407858, 2015-04-16 07:45:07, 37981
407859, 2015-04-16 07:50:03, 37955
407860, 2015-04-16 07:55:02, 38015
407861, 2015-04-16 08:00:04, 38029
407862, 2015-04-16 08:05:03, 38078
407863, 2015-04-16 08:10:01, 38183
407864, 2015-04-16 08:15:01, 38272
407865, 2015-04-16 08:20:05, 38226
407866, 2015-04-16 08:25:03, 38227
407867, 2015-04-16 08:30:02, 38204
407868, 2015-04-16 08:35:02, 38168
407869, 2015-04-16 08:40:01, 38091
407870, 2015-04-16 08:45:03, 37957
407871, 2015-04-16 08:50:04, 37806
407872, 2015-04-16 08:55:03, 37650
407873, 2015-04-16 09:00:03, 37656
407874, 2015-04-16 09:05:01, 37558
407875, 2015-04-16 09:10:03, 37481
407876, 2015-04-16 09:15:03, 37431
407877, 2015-04-16 09:20:05, 37303
407878, 2015-04-16 09:25:01, 37246
407879, 2015-04-16 09:30:02, 37176
407880, 2015-04-16 09:35:02, 37070
407881, 2015-04-16 09:40:01, 37039
407882, 2015-04-16 09:45:03, 37011
407883, 2015-04-16 09:50:02, 36907
407884, 2015-04-16 09:55:03, 36875
407885, 2015-04-16 10:00:05, 36852
407886, 2015-04-16 10:05:02, 36870
407887, 2015-04-16 10:10:02, 36874
407888, 2015-04-16 10:19:16, 36689
407889, 2015-04-16 10:21:44, 36525
407890, 2015-04-16 10:26:52, 36509
407891, 2015-04-16 10:31:57, 36438
407892, 2015-04-16 10:45:42, 34536
407893, 2015-04-16 10:46:49, 34536
407894, 2015-04-16 10:54:44, 34589
407895, 2015-04-16 10:56:26, 34511
407896, 2015-04-16 11:05:08, 34423
407897, 2015-04-16 11:09:00, 34438
407898, 2015-04-16 11:13:51, 35963
407899, 2015-04-16 11:16:51, 36303
407900, 2015-04-16 11:20:33, 36324
407901, 2015-04-16 11:26:31, 36304
407902, 2015-04-16 11:35:04, 36205
407903, 2015-04-16 11:40:01, 36112
407904, 2015-04-16 11:45:02, 36049
407905, 2015-04-16 11:50:02, 35993
407906, 2015-04-16 11:55:02, 35969
407907, 2015-04-16 12:00:02, 35896
407908, 2015-04-16 12:05:03, 35845
407909, 2015-04-16 12:10:02, 35791
407910, 2015-04-16 12:15:02, 35753
407911, 2015-04-16 12:20:04, 35643
407912, 2015-04-16 12:25:02, 35607
407913, 2015-04-16 12:30:02, 35467
407914, 2015-04-16 12:35:02, 35438
407915, 2015-04-16 12:40:01, 35431
407916, 2015-04-16 12:45:02, 35501
407917, 2015-04-16 12:50:02, 35400
407918, 2015-04-16 12:55:03, 35272
407919, 2015-04-16 13:00:04, 35071
407920, 2015-04-16 13:05:02, 35010
407921, 2015-04-16 13:10:01, 35051
407922, 2015-04-16 13:15:04, 35025
407923, 2015-04-16 13:20:04, 35036
407924, 2015-04-16 13:25:03, 35087
407925, 2015-04-16 13:30:02, 35184
407926, 2015-04-16 13:35:03, 35136
407927, 2015-04-16 13:40:02, 35064
407928, 2015-04-16 13:45:02, 34964
407929, 2015-04-16 13:50:03, 34847
407930, 2015-04-16 13:55:02, 35167
407931, 2015-04-16 14:00:05, 35095
407932, 2015-04-16 14:05:01, 34831
407933, 2015-04-16 14:10:01, 34853
407934, 2015-04-16 14:15:01, 34899
407935, 2015-04-16 14:20:04, 34975
407936, 2015-04-16 14:25:02, 34989
407937, 2015-04-16 14:30:03, 35011
407938, 2015-04-16 14:35:03, 35003
407939, 2015-04-16 14:40:02, 35074
407940, 2015-04-16 14:45:02, 35250
407941, 2015-04-16 14:50:15, 35341
407942, 2015-04-16 14:55:02, 35436
407943, 2015-04-16 15:00:02, 35610
407944, 2015-04-16 15:05:03, 35794
407945, 2015-04-16 15:10:02, 35860
407946, 2015-04-16 15:15:02, 35903
407947, 2015-04-16 15:20:03, 35995
407948, 2015-04-16 15:25:03, 36158
407949, 2015-04-16 15:30:03, 36299
407950, 2015-04-16 15:35:02, 36445
407951, 2015-04-16 15:40:02, 36591
407952, 2015-04-16 15:45:03, 36724
407953, 2015-04-16 15:50:02, 36884
407954, 2015-04-16 15:55:03, 37077
407955, 2015-04-16 16:00:02, 37164
407956, 2015-04-16 16:05:02, 37275
407957, 2015-04-16 16:10:02, 37450
407958, 2015-04-16 16:15:02, 37542
407959, 2015-04-16 16:20:01, 37664
407960, 2015-04-16 16:25:01, 37721
407961, 2015-04-16 16:30:02, 37932
407962, 2015-04-16 16:35:02, 37957
407963, 2015-04-16 16:40:02, 37892
407964, 2015-04-16 16:45:07, 37868
407965, 2015-04-16 16:50:01, 37853
407966, 2015-04-16 16:55:02, 37833
407967, 2015-04-16 17:00:07, 37828
407968, 2015-04-16 17:05:02, 37841
407969, 2015-04-16 17:10:02, 37916
407970, 2015-04-16 17:15:02, 37997
407971, 2015-04-16 17:20:04, 38011
407972, 2015-04-16 17:25:01, 38050
407973, 2015-04-16 17:30:03, 38129
407974, 2015-04-16 17:35:02, 38225
407975, 2015-04-16 17:40:02, 38342
407976, 2015-04-16 17:45:04, 38319
407977, 2015-04-16 17:50:02, 38257
407978, 2015-04-16 17:55:01, 38275
407979, 2015-04-16 18:00:03, 38190
407980, 2015-04-16 18:05:02, 38243
407981, 2015-04-16 18:10:01, 38197
407982, 2015-04-16 18:15:01, 38135
407983, 2015-04-16 18:20:03, 38095
407984, 2015-04-16 18:25:01, 37978
407985, 2015-04-16 18:30:03, 37901
407986, 2015-04-16 18:35:01, 38071
407987, 2015-04-16 18:40:01, 38286
407988, 2015-04-16 18:45:03, 38225
407989, 2015-04-16 18:50:02, 38212
407990, 2015-04-16 18:55:02, 38189
407991, 2015-04-16 19:00:03, 38169
407992, 2015-04-16 19:05:01, 38414
407993, 2015-04-16 19:10:03, 38716
407994, 2015-04-16 19:15:02, 38659
407995, 2015-04-16 19:20:03, 38786
407996, 2015-04-16 19:25:01, 39026
407997, 2015-04-16 19:30:02, 39049
407998, 2015-04-16 19:35:03, 39282
407999, 2015-04-16 19:40:02, 39508
408000, 2015-04-16 19:45:01, 39411
408001, 2015-04-16 19:50:01, 39417
408002, 2015-04-16 19:55:01, 39379
408003, 2015-04-16 20:00:01, 39236
408004, 2015-04-16 20:05:02, 39066
408005, 2015-04-16 20:10:02, 38944
408006, 2015-04-16 20:15:02, 38680
408007, 2015-04-16 20:20:03, 38344
408008, 2015-04-16 20:25:03, 38092
408009, 2015-04-16 20:30:02, 37779
408010, 2015-04-16 20:35:03, 37500
408011, 2015-04-16 20:40:01, 37230
408012, 2015-04-16 20:45:03, 36909
408013, 2015-04-16 20:50:02, 36784
408014, 2015-04-16 20:55:01, 36739
408015, 2015-04-16 21:00:01, 36177
408016, 2015-04-16 21:05:02, 35822
408017, 2015-04-16 21:10:02, 35690
408018, 2015-04-16 21:15:02, 35110
408019, 2015-04-16 21:20:05, 34558
408020, 2015-04-16 21:25:01, 34198
408021, 2015-04-16 21:30:01, 33795
408022, 2015-04-16 21:35:01, 33362
408023, 2015-04-16 21:40:02, 33162
408024, 2015-04-16 21:45:03, 32773
408025, 2015-04-16 21:50:02, 32305
408026, 2015-04-16 21:55:02, 31926
408027, 2015-04-16 22:00:04, 31483
408028, 2015-04-16 22:05:02, 31079
408029, 2015-04-16 22:10:02, 30704
408030, 2015-04-16 22:15:02, 30256
408031, 2015-04-16 22:20:04, 29788
408032, 2015-04-16 22:25:02, 29425
408033, 2015-04-16 22:30:01, 29036
408034, 2015-04-16 22:35:02, 28680
408035, 2015-04-16 22:40:01, 28337
408036, 2015-04-16 22:45:02, 28118
408037, 2015-04-16 22:50:02, 28041
408038, 2015-04-16 22:55:01, 27744
408039, 2015-04-16 23:00:05, 27562
408040, 2015-04-16 23:05:02, 27471
408041, 2015-04-16 23:10:02, 27239
408042, 2015-04-16 23:15:02, 27237
408043, 2015-04-16 23:20:03, 27221
408044, 2015-04-16 23:25:03, 27343
408045, 2015-04-16 23:30:03, 27225
408046, 2015-04-16 23:35:02, 27092
408047, 2015-04-16 23:40:02, 27024
408048, 2015-04-16 23:45:03, 26963
408049, 2015-04-16 23:50:03, 26833
408050, 2015-04-16 23:55:02, 26702
408051, 2015-04-17 00:00:02, 26567
408052, 2015-04-17 00:05:02, 26582
408053, 2015-04-17 00:10:01, 26763
408054, 2015-04-17 00:15:01, 26770
408055, 2015-04-17 00:20:04, 26698
408056, 2015-04-17 00:25:01, 26728
408057, 2015-04-17 00:30:01, 26746
408058, 2015-04-17 00:35:02, 26722
408059, 2015-04-17 00:40:02, 26928
408060, 2015-04-17 00:45:02, 27077
408061, 2015-04-17 00:50:03, 27075
408062, 2015-04-17 00:55:02, 27093
408063, 2015-04-17 01:00:02, 27109
408064, 2015-04-17 01:05:02, 27081
408065, 2015-04-17 01:10:02, 27060
408066, 2015-04-17 01:15:02, 27038
408067, 2015-04-17 01:20:03, 26927
408068, 2015-04-17 01:25:01, 26748
408069, 2015-04-17 01:30:02, 26683
408070, 2015-04-17 01:35:03, 26582
408071, 2015-04-17 01:40:01, 26605
408072, 2015-04-17 01:45:02, 26621
408073, 2015-04-17 01:50:02, 26557
408074, 2015-04-17 01:55:02, 26485
408075, 2015-04-17 02:00:02, 26420
408076, 2015-04-17 02:05:03, 26247
408077, 2015-04-17 02:10:02, 26181
408078, 2015-04-17 02:15:01, 26168
408079, 2015-04-17 02:20:02, 26066
408080, 2015-04-17 02:25:02, 26050
408081, 2015-04-17 02:30:03, 25980
408082, 2015-04-17 02:35:03, 25977
408083, 2015-04-17 02:40:01, 26045
408084, 2015-04-17 02:45:03, 26036
408085, 2015-04-17 02:50:03, 25933
408086, 2015-04-17 02:55:02, 25865
408087, 2015-04-17 03:00:03, 25745
408088, 2015-04-17 03:05:01, 25729
408089, 2015-04-17 03:10:02, 25775
408090, 2015-04-17 03:15:01, 25763
408091, 2015-04-17 03:20:02, 25677
408092, 2015-04-17 03:25:03, 25602
408093, 2015-04-17 03:30:02, 25562
408094, 2015-04-17 03:35:04, 25567
408095, 2015-04-17 03:40:03, 25659
408096, 2015-04-17 03:45:02, 25664
408097, 2015-04-17 03:50:03, 25671
408098, 2015-04-17 03:55:04, 25907
408099, 2015-04-17 04:00:04, 25976
408100, 2015-04-17 04:05:02, 26054
408101, 2015-04-17 04:10:02, 26205
408102, 2015-04-17 04:15:04, 26430
408103, 2015-04-17 04:20:02, 26590
408104, 2015-04-17 04:25:02, 26688
408105, 2015-04-17 04:30:01, 26641
408106, 2015-04-17 04:35:02, 26676
408107, 2015-04-17 04:40:02, 26851
408108, 2015-04-17 04:45:03, 27113
408109, 2015-04-17 04:50:02, 27193
408110, 2015-04-17 04:55:04, 27133
408111, 2015-04-17 05:00:02, 27234
408112, 2015-04-17 05:05:02, 27167
408113, 2015-04-17 05:10:02, 27655
408114, 2015-04-17 05:15:02, 28048
408115, 2015-04-17 05:20:02, 28262
408116, 2015-04-17 05:26:26, 28949
408117, 2015-04-17 05:30:01, 28949
408118, 2015-04-17 05:35:02, 29357
408119, 2015-04-17 05:40:03, 29730
408120, 2015-04-17 05:45:03, 30296
408121, 2015-04-17 05:50:02, 30772
408122, 2015-04-17 05:55:03, 31200
408123, 2015-04-17 06:00:02, 31622
408124, 2015-04-17 06:05:02, 32144
408125, 2015-04-17 06:10:02, 32786
408126, 2015-04-17 06:15:04, 33521
408127, 2015-04-17 06:20:03, 34019
408128, 2015-04-17 06:25:02, 34504
408129, 2015-04-17 06:30:03, 34786
408130, 2015-04-17 06:35:01, 34975
408131, 2015-04-17 06:40:02, 35205
408132, 2015-04-17 06:45:02, 35526
408133, 2015-04-17 06:50:02, 35845
408134, 2015-04-17 06:55:03, 35969
408135, 2015-04-17 07:00:02, 36164
408136, 2015-04-17 07:05:02, 36386
408137, 2015-04-17 07:10:02, 36653
408138, 2015-04-17 07:15:01, 36903
408139, 2015-04-17 07:20:02, 37041
408140, 2015-04-17 07:25:03, 37077
408141, 2015-04-17 07:30:02, 37165
408142, 2015-04-17 07:35:03, 37186
408143, 2015-04-17 07:40:01, 37203
408144, 2015-04-17 07:45:02, 37187
408145, 2015-04-17 07:50:03, 37166
408146, 2015-04-17 07:55:04, 37166
408147, 2015-04-17 08:00:02, 37091
408148, 2015-04-17 08:05:05, 37106
408149, 2015-04-17 08:10:02, 37260
408150, 2015-04-17 08:15:01, 37345
408151, 2015-04-17 08:20:04, 37362
408152, 2015-04-17 08:25:02, 37291
408153, 2015-04-17 08:30:02, 37267
408154, 2015-04-17 08:35:02, 37260
408155, 2015-04-17 08:40:01, 37208
408156, 2015-04-17 08:45:01, 37203
408157, 2015-04-17 08:50:03, 37101
408158, 2015-04-17 08:55:02, 37093
408159, 2015-04-17 09:00:03, 36997
408160, 2015-04-17 09:05:03, 36820
408161, 2015-04-17 09:10:02, 36769
408162, 2015-04-17 09:15:02, 36700
408163, 2015-04-17 09:20:04, 36500
408164, 2015-04-17 09:25:01, 36350
408165, 2015-04-17 09:30:03, 36340
408166, 2015-04-17 09:35:03, 36217
408167, 2015-04-17 09:40:01, 36237
408168, 2015-04-17 09:45:03, 36225
408169, 2015-04-17 09:50:04, 36108
408170, 2015-04-17 09:55:02, 36086
408171, 2015-04-17 10:00:08, 36014
408172, 2015-04-17 10:05:03, 35975
408173, 2015-04-17 10:10:02, 35894
408174, 2015-04-17 10:15:01, 35836
408175, 2015-04-17 10:20:03, 35741
408176, 2015-04-17 10:25:01, 35763
408177, 2015-04-17 10:30:01, 35670
408178, 2015-04-17 10:35:02, 35658
408179, 2015-04-17 10:40:02, 35678
408180, 2015-04-17 10:45:04, 35717
408181, 2015-04-17 10:50:02, 35625
408182, 2015-04-17 10:55:03, 35690
408183, 2015-04-17 11:00:04, 35737
408184, 2015-04-17 11:05:02, 35689
408185, 2015-04-17 11:10:01, 35599
408186, 2015-04-17 11:15:01, 35628
408187, 2015-04-17 11:20:05, 35652
408188, 2015-04-17 11:25:02, 35648
408189, 2015-04-17 11:30:03, 35644
408190, 2015-04-17 11:35:03, 35666
408191, 2015-04-17 11:40:01, 35656
408192, 2015-04-17 11:45:02, 35656
408193, 2015-04-17 11:50:03, 35497
408194, 2015-04-17 11:55:03, 35385
408195, 2015-04-17 12:00:04, 35279
408196, 2015-04-17 12:05:02, 35088
408197, 2015-04-17 12:10:03, 34924
408198, 2015-04-17 12:15:02, 34830
408199, 2015-04-17 12:20:03, 34760
408200, 2015-04-17 12:25:02, 34728
408201, 2015-04-17 12:30:02, 34704
408202, 2015-04-17 12:35:02, 34659
408203, 2015-04-17 12:40:02, 34612
408204, 2015-04-17 12:45:03, 34573
408205, 2015-04-17 12:50:02, 34528
408206, 2015-04-17 12:55:01, 34455
408207, 2015-04-17 13:00:01, 34252
408208, 2015-04-17 13:05:03, 34242
408209, 2015-04-17 13:10:02, 34171
408210, 2015-04-17 13:15:02, 34238
408211, 2015-04-17 13:20:04, 34203
408212, 2015-04-17 13:25:02, 34257
408213, 2015-04-17 13:30:03, 34165
408214, 2015-04-17 13:35:02, 34088
408215, 2015-04-17 13:40:01, 34003
408216, 2015-04-17 13:45:03, 34025
408217, 2015-04-17 13:50:02, 34034
408218, 2015-04-17 13:55:02, 34005
408219, 2015-04-17 14:00:04, 33976
408220, 2015-04-17 14:05:02, 33940
408221, 2015-04-17 14:10:02, 34009
408222, 2015-04-17 14:15:02, 34043
408223, 2015-04-17 14:20:03, 33966
408224, 2015-04-17 14:25:02, 33998
408225, 2015-04-17 14:30:04, 33959
408226, 2015-04-17 14:35:02, 33903
408227, 2015-04-17 14:40:01, 34044
408228, 2015-04-17 14:45:02, 34106
408229, 2015-04-17 14:50:02, 34086
408230, 2015-04-17 14:55:02, 34234
408231, 2015-04-17 15:00:03, 34357
408232, 2015-04-17 15:05:01, 34460
408233, 2015-04-17 15:10:01, 34625
408234, 2015-04-17 15:15:02, 34741
408235, 2015-04-17 15:20:03, 34795
408236, 2015-04-17 15:25:02, 34939
408237, 2015-04-17 15:30:03, 35104
408238, 2015-04-17 15:35:01, 35253
408239, 2015-04-17 15:40:01, 35335
408240, 2015-04-17 15:45:06, 35509
408241, 2015-04-17 15:50:02, 35684
408242, 2015-04-17 15:55:03, 35863
408243, 2015-04-17 16:00:03, 35942
408244, 2015-04-17 16:05:03, 36155
408245, 2015-04-17 16:10:02, 36351
408246, 2015-04-17 16:15:02, 36484
408247, 2015-04-17 16:20:04, 36555
408248, 2015-04-17 16:25:02, 36608
408249, 2015-04-17 16:30:05, 36706
408250, 2015-04-17 16:35:02, 36756
408251, 2015-04-17 16:40:02, 36768
408252, 2015-04-17 16:45:03, 36787
408253, 2015-04-17 16:50:01, 36771
408254, 2015-04-17 16:55:02, 36803
408255, 2015-04-17 17:00:03, 36761
408256, 2015-04-17 17:05:03, 36754
408257, 2015-04-17 17:10:02, 36938
408258, 2015-04-17 17:15:02, 36934
408259, 2015-04-17 17:20:05, 36797
408260, 2015-04-17 17:25:01, 36753
408261, 2015-04-17 17:30:03, 36784
408262, 2015-04-17 17:35:02, 36808
408263, 2015-04-17 17:40:03, 36829
408264, 2015-04-17 17:45:04, 36844
408265, 2015-04-17 17:50:03, 36694
408266, 2015-04-17 17:55:02, 36641
408267, 2015-04-17 18:00:07, 36570
408268, 2015-04-17 18:05:01, 36547
408269, 2015-04-17 18:10:02, 36445
408270, 2015-04-17 18:15:03, 36381
408271, 2015-04-17 18:20:04, 36387
408272, 2015-04-17 18:25:02, 36324
408273, 2015-04-17 18:30:02, 36267
408274, 2015-04-17 18:35:02, 36394
408275, 2015-04-17 18:40:01, 36382
408276, 2015-04-17 18:45:02, 36345
408277, 2015-04-17 18:50:04, 36266
408278, 2015-04-17 18:55:03, 36375
408279, 2015-04-17 19:00:03, 36255
408280, 2015-04-17 19:05:01, 36295
408281, 2015-04-17 19:10:02, 36633
408282, 2015-04-17 19:15:02, 36752
408283, 2015-04-17 19:20:04, 36591
408284, 2015-04-17 19:25:02, 36746
408285, 2015-04-17 19:30:02, 36872
408286, 2015-04-17 19:35:02, 36990
408287, 2015-04-17 19:40:02, 37114
408288, 2015-04-17 19:45:01, 37123
408289, 2015-04-17 19:50:02, 37237
408290, 2015-04-17 19:55:02, 37228
408291, 2015-04-17 20:00:04, 37027
408292, 2015-04-17 20:05:02, 36931
408293, 2015-04-17 20:10:02, 37036
408294, 2015-04-17 20:15:02, 36653
408295, 2015-04-17 20:20:02, 36356
408296, 2015-04-17 20:25:01, 36020
408297, 2015-04-17 20:30:02, 35787
408298, 2015-04-17 20:35:02, 35598
408299, 2015-04-17 20:40:02, 35459
408300, 2015-04-17 20:45:03, 35079
408301, 2015-04-17 20:50:01, 34809
408302, 2015-04-17 20:55:02, 34621
408303, 2015-04-17 21:00:02, 34315
408304, 2015-04-17 21:05:02, 33934
408305, 2015-04-17 21:10:01, 33716
408306, 2015-04-17 21:15:04, 33279
408307, 2015-04-17 21:20:02, 32871
408308, 2015-04-17 21:25:01, 32599
408309, 2015-04-17 21:30:03, 32234
408310, 2015-04-17 21:35:03, 31982
408311, 2015-04-17 21:40:03, 31760
408312, 2015-04-17 21:45:03, 31380
408313, 2015-04-17 21:50:03, 31086
408314, 2015-04-17 21:55:03, 30778
408315, 2015-04-17 22:00:04, 30389
408316, 2015-04-17 22:05:01, 30007
408317, 2015-04-17 22:10:01, 29524
408318, 2015-04-17 22:15:01, 29248
408319, 2015-04-17 22:20:05, 28929
408320, 2015-04-17 22:25:01, 28567
408321, 2015-04-17 22:30:03, 28176
408322, 2015-04-17 22:35:02, 27890
408323, 2015-04-17 22:40:02, 27661
408324, 2015-04-17 22:45:03, 27407
408325, 2015-04-17 22:50:02, 27088
408326, 2015-04-17 22:55:02, 26893
408327, 2015-04-17 23:00:02, 26705
408328, 2015-04-17 23:05:02, 26611
408329, 2015-04-17 23:10:01, 26606
408330, 2015-04-17 23:15:02, 26538
408331, 2015-04-17 23:20:04, 26407
408332, 2015-04-17 23:25:02, 26395
408333, 2015-04-17 23:30:02, 26274
408334, 2015-04-17 23:35:02, 26110
408335, 2015-04-17 23:40:01, 26195
408336, 2015-04-17 23:45:03, 26091
408337, 2015-04-17 23:50:02, 25944
408338, 2015-04-17 23:55:02, 25804
408339, 2015-04-18 00:00:04, 25677
408340, 2015-04-18 00:05:02, 25500
408341, 2015-04-18 00:10:02, 25800
408342, 2015-04-18 00:15:03, 25725
408343, 2015-04-18 00:20:02, 25711
408344, 2015-04-18 00:25:02, 25737
408345, 2015-04-18 00:30:02, 25575
408346, 2015-04-18 00:35:02, 25524
408347, 2015-04-18 00:40:01, 25816
408348, 2015-04-18 00:45:02, 25888
408349, 2015-04-18 00:50:01, 25849
408350, 2015-04-18 00:55:01, 25833
408351, 2015-04-18 01:00:03, 25771
408352, 2015-04-18 01:05:02, 25668
408353, 2015-04-18 01:10:02, 25677
408354, 2015-04-18 01:15:01, 25634
408355, 2015-04-18 01:20:04, 25527
408356, 2015-04-18 01:25:02, 25388
408357, 2015-04-18 01:30:02, 25301
408358, 2015-04-18 01:35:02, 25247
408359, 2015-04-18 01:40:02, 25287
408360, 2015-04-18 01:45:02, 25238
408361, 2015-04-18 01:50:03, 25110
408362, 2015-04-18 01:55:03, 25071
408363, 2015-04-18 02:00:01, 24964
408364, 2015-04-18 02:05:02, 24954
408365, 2015-04-18 02:10:01, 25008
408366, 2015-04-18 02:15:02, 24951
408367, 2015-04-18 02:20:04, 24844
408368, 2015-04-18 02:25:01, 24746
408369, 2015-04-18 02:30:03, 24589
408370, 2015-04-18 02:35:02, 24663
408371, 2015-04-18 02:40:02, 24803
408372, 2015-04-18 02:45:05, 24788
408373, 2015-04-18 02:50:01, 24704
408374, 2015-04-18 02:55:02, 24600
408375, 2015-04-18 03:00:04, 24563
408376, 2015-04-18 03:05:04, 24485
408377, 2015-04-18 03:10:02, 24547
408378, 2015-04-18 03:15:02, 24530
408379, 2015-04-18 03:20:03, 24395
408380, 2015-04-18 03:25:02, 24318
408381, 2015-04-18 03:30:03, 24301
408382, 2015-04-18 03:35:02, 24336
408383, 2015-04-18 03:40:01, 24380
408384, 2015-04-18 03:45:02, 24401
408385, 2015-04-18 03:50:03, 24405
408386, 2015-04-18 03:55:02, 24404
408387, 2015-04-18 04:00:02, 24382
408388, 2015-04-18 04:05:07, 24402
408389, 2015-04-18 04:10:01, 24510
408390, 2015-04-18 04:15:02, 24617
408391, 2015-04-18 04:20:04, 24604
408392, 2015-04-18 04:25:01, 24633
408393, 2015-04-18 04:30:02, 24693
408394, 2015-04-18 04:35:01, 24681
408395, 2015-04-18 04:40:02, 24666
408396, 2015-04-18 04:45:03, 24774
408397, 2015-04-18 04:50:02, 24723
408398, 2015-04-18 04:55:02, 24737
408399, 2015-04-18 05:00:02, 24714
408400, 2015-04-18 05:05:01, 24767
408401, 2015-04-18 05:10:01, 24930
408402, 2015-04-18 05:15:02, 25106
408403, 2015-04-18 05:20:03, 25065
408404, 2015-04-18 05:25:01, 24968
408405, 2015-04-18 05:30:01, 24944
408406, 2015-04-18 05:35:02, 24964
408407, 2015-04-18 05:40:01, 25101
408408, 2015-04-18 05:45:01, 25269
408409, 2015-04-18 05:50:02, 25201
408410, 2015-04-18 05:55:02, 25304
408411, 2015-04-18 06:00:01, 25468
408412, 2015-04-18 06:05:02, 25789
408413, 2015-04-18 06:10:02, 26286
408414, 2015-04-18 06:15:02, 26766
408415, 2015-04-18 06:20:05, 27016
408416, 2015-04-18 06:25:03, 27352
408417, 2015-04-18 06:30:02, 27545
408418, 2015-04-18 06:35:02, 27857
408419, 2015-04-18 06:40:02, 28019
408420, 2015-04-18 06:45:03, 28218
408421, 2015-04-18 06:50:02, 28376
408422, 2015-04-18 06:55:02, 28512
408423, 2015-04-18 07:00:02, 28727
408424, 2015-04-18 07:05:02, 29024
408425, 2015-04-18 07:10:02, 29371
408426, 2015-04-18 07:15:02, 29667
408427, 2015-04-18 07:20:02, 29874
408428, 2015-04-18 07:25:01, 30080
408429, 2015-04-18 07:30:02, 30258
408430, 2015-04-18 07:35:02, 30385
408431, 2015-04-18 07:40:01, 30370
408432, 2015-04-18 07:45:03, 30386
408433, 2015-04-18 07:50:03, 30467
408434, 2015-04-18 07:55:01, 30565
408435, 2015-04-18 08:00:04, 30682
408436, 2015-04-18 08:05:02, 30835
408437, 2015-04-18 08:10:01, 31055
408438, 2015-04-18 08:15:03, 31169
408439, 2015-04-18 08:20:03, 31152
408440, 2015-04-18 08:25:01, 31091
408441, 2015-04-18 08:30:02, 31125
408442, 2015-04-18 08:35:02, 31134
408443, 2015-04-18 08:40:01, 31113
408444, 2015-04-18 08:45:03, 31112
408445, 2015-04-18 08:50:01, 31095
408446, 2015-04-18 08:55:01, 30990
408447, 2015-04-18 09:00:03, 30859
408448, 2015-04-18 09:05:02, 30827
408449, 2015-04-18 09:10:01, 30780
408450, 2015-04-18 09:15:02, 30700
408451, 2015-04-18 09:20:03, 30638
408452, 2015-04-18 09:25:01, 30600
408453, 2015-04-18 09:30:02, 30513
408454, 2015-04-18 09:35:02, 30404
408455, 2015-04-18 09:40:01, 30303
408456, 2015-04-18 09:45:03, 30210
408457, 2015-04-18 09:50:03, 30103
408458, 2015-04-18 09:55:02, 29952
408459, 2015-04-18 10:00:02, 29839
408460, 2015-04-18 10:05:01, 29695
408461, 2015-04-18 10:10:02, 29665
408462, 2015-04-18 10:15:02, 29674
408463, 2015-04-18 10:20:05, 29596
408464, 2015-04-18 10:25:01, 29549
408465, 2015-04-18 10:30:01, 29455
408466, 2015-04-18 10:35:02, 29359
408467, 2015-04-18 10:40:01, 29394
408468, 2015-04-18 10:45:03, 29256
408469, 2015-04-18 10:50:02, 29137
408470, 2015-04-18 10:55:03, 29129
408471, 2015-04-18 11:00:01, 29054
408472, 2015-04-18 11:05:02, 29004
408473, 2015-04-18 11:10:02, 29017
408474, 2015-04-18 11:15:02, 28970
408475, 2015-04-18 11:20:02, 28798
408476, 2015-04-18 11:25:02, 28759
408477, 2015-04-18 11:30:03, 28640
408478, 2015-04-18 11:35:02, 28579
408479, 2015-04-18 11:40:02, 28570
408480, 2015-04-18 11:45:01, 28365
408481, 2015-04-18 11:50:02, 28268
408482, 2015-04-18 11:55:02, 28240
408483, 2015-04-18 12:00:03, 28145
408484, 2015-04-18 12:05:01, 28006
408485, 2015-04-18 12:10:03, 27781
408486, 2015-04-18 12:15:02, 27724
408487, 2015-04-18 12:20:03, 27603
408488, 2015-04-18 12:25:01, 27643
408489, 2015-04-18 12:30:03, 27522
408490, 2015-04-18 12:35:01, 27411
408491, 2015-04-18 12:40:01, 27432
408492, 2015-04-18 12:45:03, 27286
408493, 2015-04-18 12:50:01, 27113
408494, 2015-04-18 12:55:02, 27099
408495, 2015-04-18 13:00:03, 26870
408496, 2015-04-18 13:05:02, 26796
408497, 2015-04-18 13:10:01, 26820
408498, 2015-04-18 13:15:01, 26754
408499, 2015-04-18 13:20:02, 26702
408500, 2015-04-18 13:25:02, 26644
408501, 2015-04-18 13:30:03, 26597
408502, 2015-04-18 13:35:02, 26476
408503, 2015-04-18 13:40:02, 26454
408504, 2015-04-18 13:45:02, 26371
408505, 2015-04-18 13:50:02, 26335
408506, 2015-04-18 13:55:02, 26315
408507, 2015-04-18 14:00:01, 26245
408508, 2015-04-18 14:05:01, 26244
408509, 2015-04-18 14:10:02, 26354
408510, 2015-04-18 14:15:02, 26404
408511, 2015-04-18 14:20:04, 26353
408512, 2015-04-18 14:25:02, 26392
408513, 2015-04-18 14:30:01, 26407
408514, 2015-04-18 14:35:01, 26441
408515, 2015-04-18 14:40:01, 26502
408516, 2015-04-18 14:45:03, 26528
408517, 2015-04-18 14:50:01, 26483
408518, 2015-04-18 14:55:01, 26580
408519, 2015-04-18 15:00:03, 26666
408520, 2015-04-18 15:05:02, 26716
408521, 2015-04-18 15:10:02, 26823
408522, 2015-04-18 15:15:02, 26872
408523, 2015-04-18 15:20:05, 26915
408524, 2015-04-18 15:25:02, 27031
408525, 2015-04-18 15:30:02, 27118
408526, 2015-04-18 15:35:02, 27336
408527, 2015-04-18 15:40:01, 27634
408528, 2015-04-18 15:45:04, 27769
408529, 2015-04-18 15:50:03, 27872
408530, 2015-04-18 15:55:02, 28072
408531, 2015-04-18 16:00:02, 28327
408532, 2015-04-18 16:05:02, 28623
408533, 2015-04-18 16:10:02, 28835
408534, 2015-04-18 16:15:02, 29122
408535, 2015-04-18 16:20:02, 29332
408536, 2015-04-18 16:25:01, 29640
408537, 2015-04-18 16:30:02, 29821
408538, 2015-04-18 16:35:02, 29964
408539, 2015-04-18 16:40:01, 30081
408540, 2015-04-18 16:45:03, 30187
408541, 2015-04-18 16:50:02, 30328
408542, 2015-04-18 16:55:01, 30489
408543, 2015-04-18 17:00:02, 30582
408544, 2015-04-18 17:05:01, 30667
408545, 2015-04-18 17:10:01, 30808
408546, 2015-04-18 17:15:01, 30947
408547, 2015-04-18 17:20:02, 31086
408548, 2015-04-18 17:25:02, 31297
408549, 2015-04-18 17:30:01, 31433
408550, 2015-04-18 17:35:06, 31426
408551, 2015-04-18 17:40:01, 31541
408552, 2015-04-18 17:45:03, 31563
408553, 2015-04-18 17:50:02, 31527
408554, 2015-04-18 17:55:01, 31624
408555, 2015-04-18 18:00:03, 31668
408556, 2015-04-18 18:05:02, 31685
408557, 2015-04-18 18:10:02, 31770
408558, 2015-04-18 18:15:03, 31743
408559, 2015-04-18 18:20:04, 31764
408560, 2015-04-18 18:25:02, 31951
408561, 2015-04-18 18:30:03, 31923
408562, 2015-04-18 18:35:02, 32026
408563, 2015-04-18 18:40:02, 32172
408564, 2015-04-18 18:45:03, 32211
408565, 2015-04-18 18:50:01, 32181
408566, 2015-04-18 18:55:02, 32240
408567, 2015-04-18 19:00:03, 32263
408568, 2015-04-18 19:05:02, 32469
408569, 2015-04-18 19:10:02, 32724
408570, 2015-04-18 19:15:02, 32730
408571, 2015-04-18 19:20:05, 32896
408572, 2015-04-18 19:25:01, 33134
408573, 2015-04-18 19:30:02, 33212
408574, 2015-04-18 19:35:01, 33327
408575, 2015-04-18 19:40:02, 33876
408576, 2015-04-18 19:45:03, 33976
408577, 2015-04-18 19:50:02, 33878
408578, 2015-04-18 19:55:01, 34079
408579, 2015-04-18 20:00:02, 34047
408580, 2015-04-18 20:05:02, 33886
408581, 2015-04-18 20:10:02, 33703
408582, 2015-04-18 20:15:02, 33783
408583, 2015-04-18 20:20:03, 33592
408584, 2015-04-18 20:25:02, 33499
408585, 2015-04-18 20:30:02, 33481
408586, 2015-04-18 20:35:02, 33300
408587, 2015-04-18 20:40:02, 33152
408588, 2015-04-18 20:45:02, 32934
408589, 2015-04-18 20:50:01, 32742
408590, 2015-04-18 20:55:02, 32554
408591, 2015-04-18 21:00:02, 32310
408592, 2015-04-18 21:05:02, 32078
408593, 2015-04-18 21:10:02, 31799
408594, 2015-04-18 21:15:02, 31537
408595, 2015-04-18 21:20:02, 31272
408596, 2015-04-18 21:25:02, 30977
408597, 2015-04-18 21:30:02, 30752
408598, 2015-04-18 21:35:03, 30413
408599, 2015-04-18 21:40:01, 30183
408600, 2015-04-18 21:45:04, 29881
408601, 2015-04-18 21:50:02, 29556
408602, 2015-04-18 21:55:01, 29236
408603, 2015-04-18 22:00:03, 28923
408604, 2015-04-18 22:05:01, 28545
408605, 2015-04-18 22:10:05, 28333
408606, 2015-04-18 22:15:03, 28089
408607, 2015-04-18 22:20:02, 27826
408608, 2015-04-18 22:25:03, 27515
408609, 2015-04-18 22:30:02, 27299
408610, 2015-04-18 22:35:02, 27014
408611, 2015-04-18 22:40:02, 26865
408612, 2015-04-18 22:45:05, 26648
408613, 2015-04-18 22:50:03, 26400
408614, 2015-04-18 22:55:02, 26114
408615, 2015-04-18 23:00:03, 25838
408616, 2015-04-18 23:05:01, 25594
408617, 2015-04-18 23:10:01, 25575
408618, 2015-04-18 23:15:02, 25602
408619, 2015-04-18 23:20:03, 25593
408620, 2015-04-18 23:25:02, 25464
408621, 2015-04-18 23:30:02, 25377
408622, 2015-04-18 23:35:01, 25287
408623, 2015-04-18 23:40:02, 25248
408624, 2015-04-18 23:45:02, 25198
408625, 2015-04-18 23:50:02, 25083
408626, 2015-04-18 23:55:02, 24713
408627, 2015-04-19 00:00:03, 24519
408628, 2015-04-19 00:05:02, 24599
408629, 2015-04-19 00:10:02, 24725
408630, 2015-04-19 00:15:01, 24754
408631, 2015-04-19 00:20:03, 24686
408632, 2015-04-19 00:25:02, 24639
408633, 2015-04-19 00:30:03, 24638
408634, 2015-04-19 00:35:02, 24650
408635, 2015-04-19 00:40:02, 24856
408636, 2015-04-19 00:45:02, 25008
408637, 2015-04-19 00:50:01, 24980
408638, 2015-04-19 00:55:01, 24957
408639, 2015-04-19 01:00:03, 24943
408640, 2015-04-19 01:05:01, 24859
408641, 2015-04-19 01:10:02, 24658
408642, 2015-04-19 01:15:02, 24605
408643, 2015-04-19 01:20:03, 24406
408644, 2015-04-19 01:25:02, 24442
408645, 2015-04-19 01:30:01, 24416
408646, 2015-04-19 01:35:02, 24252
408647, 2015-04-19 01:40:01, 24270
408648, 2015-04-19 01:45:02, 24266
408649, 2015-04-19 01:50:01, 24227
408650, 2015-04-19 01:55:05, 24207
408651, 2015-04-19 02:00:03, 24298
408652, 2015-04-19 02:05:03, 24450
408653, 2015-04-19 02:10:01, 24629
408654, 2015-04-19 02:15:02, 24622
408655, 2015-04-19 02:20:03, 24595
408656, 2015-04-19 02:25:02, 24592
408657, 2015-04-19 02:30:02, 24504
408658, 2015-04-19 02:35:02, 24456
408659, 2015-04-19 02:40:01, 24561
408660, 2015-04-19 02:45:03, 24548
408661, 2015-04-19 02:50:03, 24461
408662, 2015-04-19 02:55:02, 24326
408663, 2015-04-19 03:00:04, 23995
408664, 2015-04-19 03:05:04, 24037
408665, 2015-04-19 03:10:02, 24279
408666, 2015-04-19 03:15:01, 24235
408667, 2015-04-19 03:20:05, 24196
408668, 2015-04-19 03:25:02, 24124
408669, 2015-04-19 03:30:03, 24141
408670, 2015-04-19 03:35:05, 24318
408671, 2015-04-19 03:40:01, 24333
408672, 2015-04-19 03:45:01, 24294
408673, 2015-04-19 03:50:04, 24270
408674, 2015-04-19 03:55:01, 24257
408675, 2015-04-19 04:00:02, 24213
408676, 2015-04-19 04:05:09, 24200
408677, 2015-04-19 04:10:02, 24248
408678, 2015-04-19 04:15:02, 24242
408679, 2015-04-19 04:20:05, 24208
408680, 2015-04-19 04:25:03, 24254
408681, 2015-04-19 04:30:03, 24277
408682, 2015-04-19 04:35:02, 24263
408683, 2015-04-19 04:40:01, 24239
408684, 2015-04-19 04:45:04, 24283
408685, 2015-04-19 04:50:05, 24172
408686, 2015-04-19 04:55:01, 24069
408687, 2015-04-19 05:00:02, 24028
408688, 2015-04-19 05:05:02, 24024
408689, 2015-04-19 05:10:01, 24106
408690, 2015-04-19 05:15:02, 24241
408691, 2015-04-19 05:20:02, 24322
408692, 2015-04-19 05:25:02, 24417
408693, 2015-04-19 05:30:03, 24467
408694, 2015-04-19 05:35:02, 24522
408695, 2015-04-19 05:40:02, 24642
408696, 2015-04-19 05:45:03, 24742
408697, 2015-04-19 05:50:01, 24844
408698, 2015-04-19 05:55:03, 24840
408699, 2015-04-19 06:00:03, 24737
408700, 2015-04-19 06:05:02, 24601
408701, 2015-04-19 06:10:02, 24638
408702, 2015-04-19 06:15:02, 24680
408703, 2015-04-19 06:20:02, 24699
408704, 2015-04-19 06:25:01, 24809
408705, 2015-04-19 06:30:01, 24981
408706, 2015-04-19 06:35:03, 25036
408707, 2015-04-19 06:40:01, 25075
408708, 2015-04-19 06:45:03, 25314
408709, 2015-04-19 06:50:02, 25519
408710, 2015-04-19 06:55:01, 25788
408711, 2015-04-19 07:00:01, 25936
408712, 2015-04-19 07:05:02, 26191
408713, 2015-04-19 07:10:02, 26374
408714, 2015-04-19 07:15:03, 26629
408715, 2015-04-19 07:20:02, 26793
408716, 2015-04-19 07:25:01, 27050
408717, 2015-04-19 07:30:01, 27316
408718, 2015-04-19 07:35:01, 27469
408719, 2015-04-19 07:40:02, 27512
408720, 2015-04-19 07:45:03, 27763
408721, 2015-04-19 07:50:03, 27934
408722, 2015-04-19 07:55:02, 28065
408723, 2015-04-19 08:00:03, 28129
408724, 2015-04-19 08:05:01, 28303
408725, 2015-04-19 08:10:02, 28542
408726, 2015-04-19 08:15:02, 28797
408727, 2015-04-19 08:20:02, 29096
408728, 2015-04-19 08:25:02, 29241
408729, 2015-04-19 08:30:01, 29425
408730, 2015-04-19 08:35:01, 29668
408731, 2015-04-19 08:40:02, 29777
408732, 2015-04-19 08:45:02, 29883
408733, 2015-04-19 08:50:02, 30046
408734, 2015-04-19 08:55:02, 30151
408735, 2015-04-19 09:00:03, 30315
408736, 2015-04-19 09:05:01, 30374
408737, 2015-04-19 09:10:02, 30461
408738, 2015-04-19 09:15:01, 30605
408739, 2015-04-19 09:20:05, 30705
408740, 2015-04-19 09:25:02, 30815
408741, 2015-04-19 09:30:02, 30844
408742, 2015-04-19 09:35:02, 30886
408743, 2015-04-19 09:40:02, 30997
408744, 2015-04-19 09:45:02, 31041
408745, 2015-04-19 09:50:02, 31097
408746, 2015-04-19 09:55:02, 31073
408747, 2015-04-19 10:00:02, 31027
408748, 2015-04-19 10:05:01, 31049
408749, 2015-04-19 10:10:02, 31102
408750, 2015-04-19 10:15:02, 31173
408751, 2015-04-19 10:20:03, 31280
408752, 2015-04-19 10:25:01, 31281
408753, 2015-04-19 10:30:01, 31233
408754, 2015-04-19 10:35:04, 31288
408755, 2015-04-19 10:40:02, 31298
408756, 2015-04-19 10:45:03, 31329
408757, 2015-04-19 10:50:02, 31360
408758, 2015-04-19 10:55:03, 31383
408759, 2015-04-19 11:00:05, 31380
408760, 2015-04-19 11:05:02, 31458
408761, 2015-04-19 11:10:01, 31593
408762, 2015-04-19 11:15:01, 31738
408763, 2015-04-19 11:20:03, 31749
408764, 2015-04-19 11:25:02, 31772
408765, 2015-04-19 11:30:02, 31689
408766, 2015-04-19 11:35:02, 31665
408767, 2015-04-19 11:40:03, 31650
408768, 2015-04-19 11:45:01, 31684
408769, 2015-04-19 11:50:03, 31606
408770, 2015-04-19 11:55:01, 31538
408771, 2015-04-19 12:00:03, 31476
408772, 2015-04-19 12:05:02, 31453
408773, 2015-04-19 12:10:01, 31436
408774, 2015-04-19 12:15:02, 31391
408775, 2015-04-19 12:20:04, 31228
408776, 2015-04-19 12:25:02, 31073
408777, 2015-04-19 12:30:01, 31022
408778, 2015-04-19 12:35:03, 30882
408779, 2015-04-19 12:40:02, 30794
408780, 2015-04-19 12:45:03, 30798
408781, 2015-04-19 12:50:02, 30696
408782, 2015-04-19 12:55:02, 30568
408783, 2015-04-19 13:00:03, 30481
408784, 2015-04-19 13:05:02, 30371
408785, 2015-04-19 13:10:02, 30428
408786, 2015-04-19 13:15:02, 30509
408787, 2015-04-19 13:20:02, 30485
408788, 2015-04-19 13:25:02, 30394
408789, 2015-04-19 13:30:03, 30361
408790, 2015-04-19 13:35:03, 30324
408791, 2015-04-19 13:40:02, 30372
408792, 2015-04-19 13:45:03, 30246
408793, 2015-04-19 13:50:02, 30307
408794, 2015-04-19 13:55:01, 30334
408795, 2015-04-19 14:00:03, 30323
408796, 2015-04-19 14:05:01, 30221
408797, 2015-04-19 14:10:02, 30248
408798, 2015-04-19 14:15:02, 30373
408799, 2015-04-19 14:20:03, 30342
408800, 2015-04-19 14:25:02, 30273
408801, 2015-04-19 14:30:01, 30242
408802, 2015-04-19 14:35:01, 30353
408803, 2015-04-19 14:40:01, 30356
408804, 2015-04-19 14:45:03, 30390
408805, 2015-04-19 14:50:02, 30524
408806, 2015-04-19 14:55:02, 30718
408807, 2015-04-19 15:00:04, 30753
408808, 2015-04-19 15:05:02, 30884
408809, 2015-04-19 15:10:02, 30934
408810, 2015-04-19 15:15:02, 31088
408811, 2015-04-19 15:20:07, 31136
408812, 2015-04-19 15:25:01, 31208
408813, 2015-04-19 15:30:01, 31468
408814, 2015-04-19 15:35:02, 31612
408815, 2015-04-19 15:40:02, 31698
408816, 2015-04-19 15:45:04, 31844
408817, 2015-04-19 15:50:02, 31979
408818, 2015-04-19 15:55:02, 32089
408819, 2015-04-19 16:00:03, 32300
408820, 2015-04-19 16:05:05, 32497
408821, 2015-04-19 16:10:03, 32742
408822, 2015-04-19 16:15:02, 32857
408823, 2015-04-19 16:20:05, 32902
408824, 2015-04-19 16:25:01, 33036
408825, 2015-04-19 16:30:03, 33047
408826, 2015-04-19 16:35:03, 33092
408827, 2015-04-19 16:40:03, 33140
408828, 2015-04-19 16:45:04, 33136
408829, 2015-04-19 16:50:02, 33284
408830, 2015-04-19 16:55:02, 33405
408831, 2015-04-19 17:00:02, 33483
408832, 2015-04-19 17:05:02, 33676
408833, 2015-04-19 17:10:02, 33761
408834, 2015-04-19 17:15:02, 33818
408835, 2015-04-19 17:20:04, 33811
408836, 2015-04-19 17:25:03, 33884
408837, 2015-04-19 17:30:02, 33939
408838, 2015-04-19 17:35:01, 33960
408839, 2015-04-19 17:40:01, 34041
408840, 2015-04-19 17:45:03, 34130
408841, 2015-04-19 17:50:04, 34169
408842, 2015-04-19 17:55:02, 34224
408843, 2015-04-19 18:00:05, 34312
408844, 2015-04-19 18:05:01, 34360
408845, 2015-04-19 18:10:02, 34468
408846, 2015-04-19 18:15:03, 34578
408847, 2015-04-19 18:20:03, 34573
408848, 2015-04-19 18:25:01, 34547
408849, 2015-04-19 18:30:02, 34572
408850, 2015-04-19 18:35:03, 34495
408851, 2015-04-19 18:40:02, 34604
408852, 2015-04-19 18:45:03, 34682
408853, 2015-04-19 18:50:02, 34613
408854, 2015-04-19 18:55:01, 34639
408855, 2015-04-19 19:00:03, 34782
408856, 2015-04-19 19:05:02, 34865
408857, 2015-04-19 19:10:06, 35280
408858, 2015-04-19 19:15:03, 35388
408859, 2015-04-19 19:20:03, 35398
408860, 2015-04-19 19:25:02, 35571
408861, 2015-04-19 19:30:03, 35794
408862, 2015-04-19 19:35:02, 36072
408863, 2015-04-19 19:40:02, 36272
408864, 2015-04-19 19:45:03, 36373
408865, 2015-04-19 19:50:02, 36233
408866, 2015-04-19 19:55:02, 36170
408867, 2015-04-19 20:00:03, 36245
408868, 2015-04-19 20:05:02, 36141
408869, 2015-04-19 20:10:02, 36300
408870, 2015-04-19 20:15:02, 35994
408871, 2015-04-19 20:20:01, 35650
408872, 2015-04-19 20:25:01, 35468
408873, 2015-04-19 20:30:02, 35278
408874, 2015-04-19 20:35:01, 34915
408875, 2015-04-19 20:40:02, 34686
408876, 2015-04-19 20:45:04, 34401
408877, 2015-04-19 20:50:03, 34167
408878, 2015-04-19 20:55:03, 33852
408879, 2015-04-19 21:00:03, 33673
408880, 2015-04-19 21:05:02, 33461
408881, 2015-04-19 21:10:03, 33636
408882, 2015-04-19 21:15:02, 33191
408883, 2015-04-19 21:20:04, 32745
408884, 2015-04-19 21:25:05, 32411
408885, 2015-04-19 21:30:03, 32026
408886, 2015-04-19 21:35:02, 31546
408887, 2015-04-19 21:40:02, 31235
408888, 2015-04-19 21:45:03, 30834
408889, 2015-04-19 21:50:02, 30511
408890, 2015-04-19 21:55:03, 30058
408891, 2015-04-19 22:00:02, 29646
408892, 2015-04-19 22:05:02, 29370
408893, 2015-04-19 22:10:02, 29095
408894, 2015-04-19 22:15:01, 28755
408895, 2015-04-19 22:20:03, 28430
408896, 2015-04-19 22:25:02, 28074
408897, 2015-04-19 22:30:01, 27696
408898, 2015-04-19 22:35:02, 27328
408899, 2015-04-19 22:40:01, 27310
408900, 2015-04-19 22:45:03, 27044
408901, 2015-04-19 22:50:03, 26816
408902, 2015-04-19 22:55:02, 26612
408903, 2015-04-19 23:00:03, 26381
408904, 2015-04-19 23:05:01, 26131
408905, 2015-04-19 23:10:02, 26127
408906, 2015-04-19 23:15:03, 25980
408907, 2015-04-19 23:20:05, 25785
408908, 2015-04-19 23:25:02, 25673
408909, 2015-04-19 23:30:01, 25612
408910, 2015-04-19 23:35:03, 25573
408911, 2015-04-19 23:40:03, 25596
408912, 2015-04-19 23:45:03, 25543
408913, 2015-04-19 23:50:04, 25515
408914, 2015-04-19 23:55:02, 25687
408915, 2015-04-20 00:00:04, 25585
408916, 2015-04-20 00:05:02, 25635
408917, 2015-04-20 00:10:02, 25864
408918, 2015-04-20 00:15:01, 25780
408919, 2015-04-20 00:20:04, 25586
408920, 2015-04-20 00:25:01, 25609
408921, 2015-04-20 00:30:01, 25600
408922, 2015-04-20 00:35:01, 25607
408923, 2015-04-20 00:40:02, 25920
408924, 2015-04-20 00:45:01, 26079
408925, 2015-04-20 00:50:04, 26169
408926, 2015-04-20 00:55:03, 26229
408927, 2015-04-20 01:00:04, 26125
408928, 2015-04-20 01:05:01, 25932
408929, 2015-04-20 01:10:02, 25984
408930, 2015-04-20 01:15:02, 26089
408931, 2015-04-20 01:20:02, 26108
408932, 2015-04-20 01:25:03, 26064
408933, 2015-04-20 01:30:02, 26056
408934, 2015-04-20 01:35:03, 25991
408935, 2015-04-20 01:40:02, 26009
408936, 2015-04-20 01:45:03, 26013
408937, 2015-04-20 01:50:03, 25995
408938, 2015-04-20 01:55:03, 26142
408939, 2015-04-20 02:00:08, 26106
408940, 2015-04-20 02:05:05, 26056
408941, 2015-04-20 02:10:04, 26091
408942, 2015-04-20 02:15:05, 26023
408943, 2015-04-20 02:20:07, 25994
408944, 2015-04-20 02:25:02, 26012
408945, 2015-04-20 02:30:01, 26043
408946, 2015-04-20 02:35:03, 25975
408947, 2015-04-20 02:40:02, 25981
408948, 2015-04-20 02:45:03, 26047
408949, 2015-04-20 02:50:03, 26062
408950, 2015-04-20 02:55:02, 26016
408951, 2015-04-20 03:00:04, 26008
408952, 2015-04-20 03:05:02, 25988
408953, 2015-04-20 03:10:01, 26024
408954, 2015-04-20 03:15:02, 26035
408955, 2015-04-20 03:20:04, 26032
408956, 2015-04-20 03:25:01, 26078
408957, 2015-04-20 03:30:03, 26059
408958, 2015-04-20 03:35:02, 25995
408959, 2015-04-20 03:40:01, 26054
408960, 2015-04-20 03:45:02, 26075
408961, 2015-04-20 03:50:04, 26072
408962, 2015-04-20 03:55:03, 26176
408963, 2015-04-20 04:00:04, 26271
408964, 2015-04-20 04:05:03, 26338
408965, 2015-04-20 04:10:03, 26474
408966, 2015-04-20 04:15:03, 26472
408967, 2015-04-20 04:20:03, 26602
408968, 2015-04-20 04:25:01, 26800
408969, 2015-04-20 04:30:02, 27077
408970, 2015-04-20 04:35:02, 27449
408971, 2015-04-20 04:40:01, 27699
408972, 2015-04-20 04:45:01, 27758
408973, 2015-04-20 04:50:03, 27700
408974, 2015-04-20 04:55:02, 27617
408975, 2015-04-20 05:00:03, 27675
408976, 2015-04-20 05:05:02, 27685
408977, 2015-04-20 05:10:02, 28117
408978, 2015-04-20 05:15:02, 28773
408979, 2015-04-20 05:20:04, 29265
408980, 2015-04-20 05:25:03, 29651
408981, 2015-04-20 05:30:02, 30054
408982, 2015-04-20 05:35:04, 30473
408983, 2015-04-20 05:40:03, 30947
408984, 2015-04-20 05:45:04, 31663
408985, 2015-04-20 05:50:03, 32188
408986, 2015-04-20 05:55:02, 32669
408987, 2015-04-20 06:00:03, 33125
408988, 2015-04-20 06:05:02, 33543
408989, 2015-04-20 06:10:02, 34329
408990, 2015-04-20 06:15:02, 35183
408991, 2015-04-20 06:20:03, 35822
408992, 2015-04-20 06:25:02, 36092
408993, 2015-04-20 06:30:02, 36419
408994, 2015-04-20 06:35:01, 36620
408995, 2015-04-20 06:40:01, 36943
408996, 2015-04-20 06:45:03, 37282
408997, 2015-04-20 06:50:03, 37514
408998, 2015-04-20 06:55:02, 37619
408999, 2015-04-20 07:00:02, 37735
409000, 2015-04-20 07:05:01, 37825
409001, 2015-04-20 07:10:02, 38036
409002, 2015-04-20 07:15:01, 38288
409003, 2015-04-20 07:20:03, 38446
409004, 2015-04-20 07:25:02, 38406
409005, 2015-04-20 07:30:04, 38340
409006, 2015-04-20 07:35:02, 38182
409007, 2015-04-20 07:40:02, 37971
409008, 2015-04-20 07:45:03, 37923
409009, 2015-04-20 07:50:03, 37847
409010, 2015-04-20 07:55:02, 37790
409011, 2015-04-20 08:00:04, 37793
409012, 2015-04-20 08:05:03, 37892
409013, 2015-04-20 08:10:03, 38032
409014, 2015-04-20 08:15:02, 38115
409015, 2015-04-20 08:20:04, 38108
409016, 2015-04-20 08:25:02, 38050
409017, 2015-04-20 08:30:03, 37968
409018, 2015-04-20 08:35:02, 37916
409019, 2015-04-20 08:40:02, 37884
409020, 2015-04-20 08:45:02, 37762
409021, 2015-04-20 08:50:02, 37611
409022, 2015-04-20 08:55:02, 37465
409023, 2015-04-20 09:00:02, 37366
409024, 2015-04-20 09:05:03, 37364
409025, 2015-04-20 09:10:02, 37190
409026, 2015-04-20 09:15:02, 37108
409027, 2015-04-20 09:20:03, 36942
409028, 2015-04-20 09:25:03, 36860
409029, 2015-04-20 09:30:05, 36823
409030, 2015-04-20 09:35:02, 36766
409031, 2015-04-20 09:40:02, 36724
409032, 2015-04-20 09:45:03, 36613
409033, 2015-04-20 09:50:09, 36532
409034, 2015-04-20 09:55:01, 36471
409035, 2015-04-20 10:00:01, 36458
409036, 2015-04-20 10:05:02, 36439
409037, 2015-04-20 10:10:01, 36328
409038, 2015-04-20 10:15:02, 36287
409039, 2015-04-20 10:20:05, 36193
409040, 2015-04-20 10:25:03, 36130
409041, 2015-04-20 10:30:02, 36059
409042, 2015-04-20 10:35:02, 36022
409043, 2015-04-20 10:40:03, 35985
409044, 2015-04-20 10:45:02, 35909
409045, 2015-04-20 10:50:02, 35818
409046, 2015-04-20 10:55:02, 35807
409047, 2015-04-20 11:00:01, 35740
409048, 2015-04-20 11:05:02, 35688
409049, 2015-04-20 11:10:03, 35701
409050, 2015-04-20 11:15:01, 35726
409051, 2015-04-20 11:20:02, 35655
409052, 2015-04-20 11:25:02, 35614
409053, 2015-04-20 11:30:03, 35537
409054, 2015-04-20 11:35:02, 35404
409055, 2015-04-20 11:40:02, 35298
409056, 2015-04-20 11:45:03, 35163
409057, 2015-04-20 11:50:03, 35026
409058, 2015-04-20 11:55:03, 34990
409059, 2015-04-20 12:00:06, 34933
409060, 2015-04-20 12:05:02, 34874
409061, 2015-04-20 12:10:02, 34808
409062, 2015-04-20 12:15:02, 34777
409063, 2015-04-20 12:20:03, 34868
409064, 2015-04-20 12:25:03, 34623
409065, 2015-04-20 12:30:04, 34545
409066, 2015-04-20 12:35:05, 34435
409067, 2015-04-20 12:40:02, 34371
409068, 2015-04-20 12:45:02, 34423
409069, 2015-04-20 12:50:03, 34384
409070, 2015-04-20 12:55:02, 34297
409071, 2015-04-20 13:00:03, 34202
409072, 2015-04-20 13:05:04, 34133
409073, 2015-04-20 13:10:02, 34110
409074, 2015-04-20 13:15:03, 34189
409075, 2015-04-20 13:20:04, 34179
409076, 2015-04-20 13:25:02, 34130
409077, 2015-04-20 13:30:03, 34019
409078, 2015-04-20 13:35:02, 34004
409079, 2015-04-20 13:40:02, 33883
409080, 2015-04-20 13:45:01, 33813
409081, 2015-04-20 13:50:02, 33769
409082, 2015-04-20 13:55:01, 33745
409083, 2015-04-20 14:00:04, 33745
409084, 2015-04-20 14:05:03, 33711
409085, 2015-04-20 14:10:01, 33790
409086, 2015-04-20 14:15:02, 33716
409087, 2015-04-20 14:20:02, 33762
409088, 2015-04-20 14:25:01, 33755
409089, 2015-04-20 14:30:04, 33819
409090, 2015-04-20 14:35:02, 33942
409091, 2015-04-20 14:40:02, 34074
409092, 2015-04-20 14:45:02, 34092
409093, 2015-04-20 14:50:02, 34177
409094, 2015-04-20 14:55:01, 34385
409095, 2015-04-20 15:00:02, 34606
409096, 2015-04-20 15:05:02, 34783
409097, 2015-04-20 15:10:01, 34902
409098, 2015-04-20 15:15:01, 34991
409099, 2015-04-20 15:20:03, 35104
409100, 2015-04-20 15:25:02, 35295
409101, 2015-04-20 15:30:02, 35479
409102, 2015-04-20 15:35:01, 35688
409103, 2015-04-20 15:40:01, 35824
409104, 2015-04-20 15:45:03, 35983
409105, 2015-04-20 15:50:02, 36179
409106, 2015-04-20 15:55:03, 36336
409107, 2015-04-20 16:00:04, 36480
409108, 2015-04-20 16:05:02, 36705
409109, 2015-04-20 16:10:03, 36888
409110, 2015-04-20 16:15:02, 36996
409111, 2015-04-20 16:20:04, 37085
409112, 2015-04-20 16:25:03, 37287
409113, 2015-04-20 16:30:03, 37360
409114, 2015-04-20 16:35:02, 37520
409115, 2015-04-20 16:40:02, 37566
409116, 2015-04-20 16:45:03, 37568
409117, 2015-04-20 16:50:08, 37541
409118, 2015-04-20 16:55:01, 37630
409119, 2015-04-20 17:00:02, 37683
409120, 2015-04-20 17:05:03, 37781
409121, 2015-04-20 17:10:02, 37869
409122, 2015-04-20 17:15:03, 37838
409123, 2015-04-20 17:20:07, 37788
409124, 2015-04-20 17:25:05, 37817
409125, 2015-04-20 17:30:02, 37795
409126, 2015-04-20 17:35:02, 37768
409127, 2015-04-20 17:40:02, 37788
409128, 2015-04-20 17:45:02, 37740
409129, 2015-04-20 17:50:04, 37672
409130, 2015-04-20 17:55:02, 37776
409131, 2015-04-20 18:00:03, 37811
409132, 2015-04-20 18:05:02, 37795
409133, 2015-04-20 18:10:01, 37899
409134, 2015-04-20 18:15:01, 37902
409135, 2015-04-20 18:20:05, 37821
409136, 2015-04-20 18:25:01, 37750
409137, 2015-04-20 18:30:03, 37678
409138, 2015-04-20 18:35:02, 37701
409139, 2015-04-20 18:40:01, 37921
409140, 2015-04-20 18:45:03, 37885
409141, 2015-04-20 18:50:01, 37835
409142, 2015-04-20 18:55:02, 37862
409143, 2015-04-20 19:00:03, 37842
409144, 2015-04-20 19:05:01, 37947
409145, 2015-04-20 19:10:01, 38453
409146, 2015-04-20 19:15:02, 38463
409147, 2015-04-20 19:20:02, 38501
409148, 2015-04-20 19:25:02, 38522
409149, 2015-04-20 19:30:04, 38674
409150, 2015-04-20 19:35:03, 38823
409151, 2015-04-20 19:40:02, 39243
409152, 2015-04-20 19:45:02, 39290
409153, 2015-04-20 19:50:03, 39606
409154, 2015-04-20 19:55:01, 39572
409155, 2015-04-20 20:00:01, 39413
409156, 2015-04-20 20:05:01, 39533
409157, 2015-04-20 20:10:02, 39681
409158, 2015-04-20 20:15:02, 39294
409159, 2015-04-20 20:20:05, 38956
409160, 2015-04-20 20:25:01, 38776
409161, 2015-04-20 20:30:02, 38385
409162, 2015-04-20 20:35:01, 37827
409163, 2015-04-20 20:40:01, 37579
409164, 2015-04-20 20:45:02, 37150
409165, 2015-04-20 20:50:04, 36835
409166, 2015-04-20 20:55:03, 36583
409167, 2015-04-20 21:00:02, 36205
409168, 2015-04-20 21:05:02, 35569
409169, 2015-04-20 21:10:03, 35626
409170, 2015-04-20 21:15:03, 35223
409171, 2015-04-20 21:20:03, 34850
409172, 2015-04-20 21:25:02, 34426
409173, 2015-04-20 21:30:03, 33911
409174, 2015-04-20 21:35:01, 33365
409175, 2015-04-20 21:40:02, 33125
409176, 2015-04-20 21:45:03, 32677
409177, 2015-04-20 21:50:04, 32320
409178, 2015-04-20 21:55:02, 31860
409179, 2015-04-20 22:00:03, 31411
409180, 2015-04-20 22:05:02, 30939
409181, 2015-04-20 22:10:01, 30585
409182, 2015-04-20 22:15:02, 30112
409183, 2015-04-20 22:20:03, 29528
409184, 2015-04-20 22:25:01, 29087
409185, 2015-04-20 22:30:03, 28758
409186, 2015-04-20 22:35:03, 28467
409187, 2015-04-20 22:40:02, 28338
409188, 2015-04-20 22:45:04, 28156
409189, 2015-04-20 22:50:02, 28071
409190, 2015-04-20 22:55:02, 27939
409191, 2015-04-20 23:00:03, 27898
409192, 2015-04-20 23:05:02, 27610
409193, 2015-04-20 23:10:04, 27537
409194, 2015-04-20 23:15:03, 27402
409195, 2015-04-20 23:20:04, 27374
409196, 2015-04-20 23:25:03, 27455
409197, 2015-04-20 23:30:01, 27407
409198, 2015-04-20 23:35:01, 27302
409199, 2015-04-20 23:40:01, 27285
409200, 2015-04-20 23:45:02, 27207
409201, 2015-04-20 23:50:02, 27131
409202, 2015-04-20 23:55:02, 26990
409203, 2015-04-21 00:00:03, 26836
409204, 2015-04-21 00:05:02, 26747
409205, 2015-04-21 00:10:01, 26915
409206, 2015-04-21 00:15:01, 27074
409207, 2015-04-21 00:20:02, 27070
409208, 2015-04-21 00:25:03, 27106
409209, 2015-04-21 00:30:02, 27066
409210, 2015-04-21 00:35:01, 27053
409211, 2015-04-21 00:40:02, 27311
409212, 2015-04-21 00:45:02, 27516
409213, 2015-04-21 00:50:02, 27575
409214, 2015-04-21 00:55:01, 27588
409215, 2015-04-21 01:00:01, 27502
409216, 2015-04-21 01:05:03, 27374
409217, 2015-04-21 01:10:02, 27480
409218, 2015-04-21 01:15:01, 27426
409219, 2015-04-21 01:20:03, 27323
409220, 2015-04-21 01:25:03, 27370
409221, 2015-04-21 01:30:02, 27337
409222, 2015-04-21 01:35:01, 27310
409223, 2015-04-21 01:40:02, 27354
409224, 2015-04-21 01:45:06, 27290
409225, 2015-04-21 01:50:01, 27106
409226, 2015-04-21 01:55:02, 26937
409227, 2015-04-21 02:00:03, 26866
409228, 2015-04-21 02:05:02, 26851
409229, 2015-04-21 02:10:02, 26854
409230, 2015-04-21 02:15:03, 26857
409231, 2015-04-21 02:20:05, 26707
409232, 2015-04-21 02:25:02, 26710
409233, 2015-04-21 02:30:02, 26651
409234, 2015-04-21 02:35:02, 26616
409235, 2015-04-21 02:40:02, 26759
409236, 2015-04-21 02:45:03, 26775
409237, 2015-04-21 02:50:03, 26658
409238, 2015-04-21 02:55:03, 26654
409239, 2015-04-21 03:00:02, 26601
409240, 2015-04-21 03:05:01, 26578
409241, 2015-04-21 03:10:02, 26560
409242, 2015-04-21 03:15:01, 26519
409243, 2015-04-21 03:20:05, 26544
409244, 2015-04-21 03:25:03, 26472
409245, 2015-04-21 03:30:02, 26425
409246, 2015-04-21 03:35:02, 26414
409247, 2015-04-21 03:40:01, 26471
409248, 2015-04-21 03:45:02, 26448
409249, 2015-04-21 03:50:02, 26420
409250, 2015-04-21 03:55:03, 26552
409251, 2015-04-21 04:00:09, 26683
409252, 2015-04-21 04:05:02, 26772
409253, 2015-04-21 04:10:02, 26970
409254, 2015-04-21 04:15:03, 27212
409255, 2015-04-21 04:20:04, 27275
409256, 2015-04-21 04:25:03, 27291
409257, 2015-04-21 04:30:02, 27344
409258, 2015-04-21 04:35:02, 27414
409259, 2015-04-21 04:40:01, 27562
409260, 2015-04-21 04:45:02, 27648
409261, 2015-04-21 04:50:03, 27719
409262, 2015-04-21 04:55:02, 27817
409263, 2015-04-21 05:00:03, 27853
409264, 2015-04-21 05:05:03, 27887
409265, 2015-04-21 05:10:02, 28607
409266, 2015-04-21 05:15:02, 29050
409267, 2015-04-21 05:20:03, 29474
409268, 2015-04-21 05:25:02, 29866
409269, 2015-04-21 05:30:02, 30190
409270, 2015-04-21 05:35:03, 30501
409271, 2015-04-21 05:40:02, 30956
409272, 2015-04-21 05:45:02, 31536
409273, 2015-04-21 05:50:02, 32092
409274, 2015-04-21 05:55:02, 32510
409275, 2015-04-21 06:00:03, 33094
409276, 2015-04-21 06:05:03, 33586
409277, 2015-04-21 06:10:01, 34233
409278, 2015-04-21 06:15:01, 35113
409279, 2015-04-21 06:20:05, 35602
409280, 2015-04-21 06:25:01, 35953
409281, 2015-04-21 06:30:01, 36130
409282, 2015-04-21 06:35:01, 36390
409283, 2015-04-21 06:40:02, 36604
409284, 2015-04-21 06:45:05, 36860
409285, 2015-04-21 06:50:02, 37103
409286, 2015-04-21 06:55:02, 37219
409287, 2015-04-21 07:00:01, 37306
409288, 2015-04-21 07:05:02, 37409
409289, 2015-04-21 07:10:02, 37556
409290, 2015-04-21 07:15:02, 37797
409291, 2015-04-21 07:20:03, 37819
409292, 2015-04-21 07:25:02, 37701
409293, 2015-04-21 07:30:02, 37668
409294, 2015-04-21 07:35:03, 37520
409295, 2015-04-21 07:40:01, 37318
409296, 2015-04-21 07:45:03, 37155
409297, 2015-04-21 07:50:03, 36979
409298, 2015-04-21 07:55:01, 36807
409299, 2015-04-21 08:00:01, 36716
409300, 2015-04-21 08:05:02, 36667
409301, 2015-04-21 08:10:02, 36771
409302, 2015-04-21 08:15:06, 36913
409303, 2015-04-21 08:20:05, 36900
409304, 2015-04-21 08:25:02, 36880
409305, 2015-04-21 08:30:02, 36793
409306, 2015-04-21 08:35:02, 36732
409307, 2015-04-21 08:40:01, 36604
409308, 2015-04-21 08:45:03, 36462
409309, 2015-04-21 08:50:07, 36287
409310, 2015-04-21 08:55:03, 36162
409311, 2015-04-21 09:00:03, 35955
409312, 2015-04-21 09:05:02, 35927
409313, 2015-04-21 09:10:02, 35764
409314, 2015-04-21 09:15:03, 35539
409315, 2015-04-21 09:20:06, 35369
409316, 2015-04-21 09:25:02, 35212
409317, 2015-04-21 09:30:03, 35125
409318, 2015-04-21 09:35:04, 34985
409319, 2015-04-21 09:40:02, 35047
409320, 2015-04-21 09:45:03, 34994
409321, 2015-04-21 09:50:04, 34969
409322, 2015-04-21 09:55:04, 34888
409323, 2015-04-21 10:00:08, 34738
409324, 2015-04-21 10:05:03, 34667
409325, 2015-04-21 10:10:03, 34639
409326, 2015-04-21 10:15:03, 34578
409327, 2015-04-21 10:20:05, 34579
409328, 2015-04-21 10:25:03, 34511
409329, 2015-04-21 10:30:04, 34431
409330, 2015-04-21 10:35:02, 34381
409331, 2015-04-21 10:40:02, 34262
409332, 2015-04-21 10:45:02, 34019
409333, 2015-04-21 10:50:02, 34251
409334, 2015-04-21 10:55:03, 34228
409335, 2015-04-21 11:00:02, 34153
409336, 2015-04-21 11:05:03, 34189
409337, 2015-04-21 11:10:02, 34179
409338, 2015-04-21 11:15:02, 34256
409339, 2015-04-21 11:20:05, 34264
409340, 2015-04-21 11:25:02, 34123
409341, 2015-04-21 11:30:01, 34023
409342, 2015-04-21 11:35:02, 33978
409343, 2015-04-21 11:40:02, 33919
409344, 2015-04-21 11:45:01, 33860
409345, 2015-04-21 11:50:03, 33764
409346, 2015-04-21 11:55:02, 33694
409347, 2015-04-21 12:00:02, 33572
409348, 2015-04-21 12:05:02, 33503
409349, 2015-04-21 12:10:03, 33498
409350, 2015-04-21 12:15:02, 33443
409351, 2015-04-21 12:20:02, 33303
409352, 2015-04-21 12:25:02, 33198
409353, 2015-04-21 12:30:02, 33178
409354, 2015-04-21 12:35:02, 33143
409355, 2015-04-21 12:40:01, 33208
409356, 2015-04-21 12:45:02, 33153
409357, 2015-04-21 12:50:02, 33115
409358, 2015-04-21 12:55:03, 33112
409359, 2015-04-21 13:00:03, 33021
409360, 2015-04-21 13:05:02, 32953
409361, 2015-04-21 13:10:01, 33001
409362, 2015-04-21 13:15:02, 32919
409363, 2015-04-21 13:20:04, 32856
409364, 2015-04-21 13:25:01, 32830
409365, 2015-04-21 13:30:03, 32761
409366, 2015-04-21 13:35:02, 32655
409367, 2015-04-21 13:40:02, 32612
409368, 2015-04-21 13:45:02, 32528
409369, 2015-04-21 13:50:02, 32533
409370, 2015-04-21 13:55:02, 32543
409371, 2015-04-21 14:00:03, 32485
409372, 2015-04-21 14:05:01, 32470
409373, 2015-04-21 14:10:02, 32489
409374, 2015-04-21 14:15:01, 32514
409375, 2015-04-21 14:20:02, 32563
409376, 2015-04-21 14:25:02, 32630
409377, 2015-04-21 14:30:03, 32719
409378, 2015-04-21 14:35:05, 32813
409379, 2015-04-21 14:40:02, 32915
409380, 2015-04-21 14:45:03, 33112
409381, 2015-04-21 14:50:01, 33257
409382, 2015-04-21 14:55:01, 33396
409383, 2015-04-21 15:00:02, 33498
409384, 2015-04-21 15:05:02, 33647
409385, 2015-04-21 15:10:04, 33906
409386, 2015-04-21 15:15:02, 34024
409387, 2015-04-21 15:20:05, 34106
409388, 2015-04-21 15:25:01, 34304
409389, 2015-04-21 15:30:03, 34490
409390, 2015-04-21 15:35:03, 34682
409391, 2015-04-21 15:40:01, 34974
409392, 2015-04-21 15:45:03, 35185
409393, 2015-04-21 15:50:03, 35361
409394, 2015-04-21 15:55:02, 35427
409395, 2015-04-21 16:00:02, 35580
409396, 2015-04-21 16:05:02, 35763
409397, 2015-04-21 16:10:01, 35917
409398, 2015-04-21 16:15:02, 36033
409399, 2015-04-21 16:20:03, 36219
409400, 2015-04-21 16:25:02, 36287
409401, 2015-04-21 16:30:02, 36386
409402, 2015-04-21 16:35:02, 36417
409403, 2015-04-21 16:40:02, 36529
409404, 2015-04-21 16:45:03, 36542
409405, 2015-04-21 16:50:05, 36564
409406, 2015-04-21 16:55:02, 36627
409407, 2015-04-21 17:00:14, 36593
409408, 2015-04-21 17:05:02, 36683
409409, 2015-04-21 17:10:01, 36754
409410, 2015-04-21 17:15:02, 36722
409411, 2015-04-21 17:20:06, 36703
409412, 2015-04-21 17:25:03, 36733
409413, 2015-04-21 17:30:02, 36749
409414, 2015-04-21 17:35:02, 36820
409415, 2015-04-21 17:40:03, 36925
409416, 2015-04-21 17:45:01, 36964
409417, 2015-04-21 17:50:01, 36985
409418, 2015-04-21 17:55:01, 36931
409419, 2015-04-21 18:00:02, 36932
409420, 2015-04-21 18:05:02, 36942
409421, 2015-04-21 18:10:03, 36984
409422, 2015-04-21 18:15:02, 36847
409423, 2015-04-21 18:20:03, 36856
409424, 2015-04-21 18:25:02, 36672
409425, 2015-04-21 18:30:02, 36631
409426, 2015-04-21 18:35:02, 36788
409427, 2015-04-21 18:40:02, 36932
409428, 2015-04-21 18:45:03, 36833
409429, 2015-04-21 18:50:03, 36866
409430, 2015-04-21 18:55:03, 36975
409431, 2015-04-21 19:00:02, 36911
409432, 2015-04-21 19:05:02, 37010
409433, 2015-04-21 19:10:01, 37358
409434, 2015-04-21 19:15:02, 37404
409435, 2015-04-21 19:20:06, 37479
409436, 2015-04-21 19:25:02, 37533
409437, 2015-04-21 19:30:02, 37586
409438, 2015-04-21 19:35:02, 37777
409439, 2015-04-21 19:40:02, 38293
409440, 2015-04-21 19:45:04, 38626
409441, 2015-04-21 19:50:02, 38721
409442, 2015-04-21 19:55:02, 38785
409443, 2015-04-21 20:00:01, 38725
409444, 2015-04-21 20:05:02, 38714
409445, 2015-04-21 20:10:02, 38789
409446, 2015-04-21 20:15:02, 38505
409447, 2015-04-21 20:20:05, 38202
409448, 2015-04-21 20:25:02, 38023
409449, 2015-04-21 20:30:01, 37619
409450, 2015-04-21 20:35:02, 37338
409451, 2015-04-21 20:40:02, 37021
409452, 2015-04-21 20:45:02, 36634
409453, 2015-04-21 20:50:09, 36634
409454, 2015-04-21 20:55:02, 35967
409455, 2015-04-21 21:00:04, 35714
409456, 2015-04-21 21:05:02, 35376
409457, 2015-04-21 21:10:02, 35357
409458, 2015-04-21 21:15:02, 34867
409459, 2015-04-21 21:20:07, 34328
409460, 2015-04-21 21:25:07, 33785
409461, 2015-04-21 21:30:02, 33307
409462, 2015-04-21 21:35:02, 32877
409463, 2015-04-21 21:40:01, 32587
409464, 2015-04-21 21:45:04, 32083
409465, 2015-04-21 21:50:02, 31679
409466, 2015-04-21 21:55:03, 31377
409467, 2015-04-21 22:00:02, 30951
409468, 2015-04-21 22:05:05, 30469
409469, 2015-04-21 22:10:02, 30043
409470, 2015-04-21 22:15:02, 29686
409471, 2015-04-21 22:20:05, 29235
409472, 2015-04-21 22:25:02, 28869
409473, 2015-04-21 22:30:03, 28562
409474, 2015-04-21 22:35:03, 28227
409475, 2015-04-21 22:40:01, 28201
409476, 2015-04-21 22:45:03, 28212
409477, 2015-04-21 22:50:03, 27977
409478, 2015-04-21 22:55:02, 27713
409479, 2015-04-21 23:00:03, 27383
409480, 2015-04-21 23:05:01, 27218
409481, 2015-04-21 23:10:02, 27063
409482, 2015-04-21 23:15:02, 27112
409483, 2015-04-21 23:20:04, 26985
409484, 2015-04-21 23:25:02, 26829
409485, 2015-04-21 23:30:02, 26547
409486, 2015-04-21 23:35:02, 26467
409487, 2015-04-21 23:40:01, 26469
409488, 2015-04-21 23:45:02, 26341
409489, 2015-04-21 23:50:02, 26220
409490, 2015-04-21 23:55:02, 26251
409491, 2015-04-22 00:00:03, 26213
409492, 2015-04-22 00:05:03, 26327
409493, 2015-04-22 00:10:02, 26532
409494, 2015-04-22 00:15:01, 26545
409495, 2015-04-22 00:20:04, 26558
409496, 2015-04-22 00:25:02, 26591
409497, 2015-04-22 00:30:01, 26696
409498, 2015-04-22 00:35:03, 26818
409499, 2015-04-22 00:40:01, 26972
409500, 2015-04-22 00:45:02, 27010
409501, 2015-04-22 00:50:03, 27086
409502, 2015-04-22 00:55:02, 27079
409503, 2015-04-22 01:00:03, 27034
409504, 2015-04-22 01:05:03, 26921
409505, 2015-04-22 01:10:05, 26887
409506, 2015-04-22 01:15:01, 26661
409507, 2015-04-22 01:20:02, 26634
409508, 2015-04-22 01:25:03, 26583
409509, 2015-04-22 01:30:02, 26497
409510, 2015-04-22 01:35:02, 26406
409511, 2015-04-22 01:40:02, 26453
409512, 2015-04-22 01:45:03, 26338
409513, 2015-04-22 01:50:02, 26315
409514, 2015-04-22 01:55:03, 26288
409515, 2015-04-22 02:00:02, 26205
409516, 2015-04-22 02:05:02, 26140
409517, 2015-04-22 02:10:01, 26189
409518, 2015-04-22 02:15:03, 26158
409519, 2015-04-22 02:20:05, 26113
409520, 2015-04-22 02:25:01, 26148
409521, 2015-04-22 02:30:01, 26206
409522, 2015-04-22 02:35:02, 26160
409523, 2015-04-22 02:40:02, 26245
409524, 2015-04-22 02:45:02, 26249
409525, 2015-04-22 02:50:02, 26179
409526, 2015-04-22 02:55:02, 26075
409527, 2015-04-22 03:00:03, 26063
409528, 2015-04-22 03:05:02, 26042
409529, 2015-04-22 03:10:01, 26050
409530, 2015-04-22 03:15:03, 25992
409531, 2015-04-22 03:20:01, 25979
409532, 2015-04-22 03:25:04, 25935
409533, 2015-04-22 03:30:03, 25922
409534, 2015-04-22 03:35:02, 25991
409535, 2015-04-22 03:40:02, 26047
409536, 2015-04-22 03:45:02, 26075
409537, 2015-04-22 03:50:04, 25969
409538, 2015-04-22 03:55:01, 25950
409539, 2015-04-22 04:00:03, 26022
409540, 2015-04-22 04:05:04, 26089
409541, 2015-04-22 04:10:03, 26300
409542, 2015-04-22 04:15:03, 26499
409543, 2015-04-22 04:20:03, 26636
409544, 2015-04-22 04:25:03, 26781
409545, 2015-04-22 04:30:04, 26855
409546, 2015-04-22 04:35:02, 26889
409547, 2015-04-22 04:40:03, 26890
409548, 2015-04-22 04:45:02, 26801
409549, 2015-04-22 04:50:05, 26682
409550, 2015-04-22 04:55:20, 26686
409551, 2015-04-22 05:00:02, 26787
409552, 2015-04-22 05:05:03, 26896
409553, 2015-04-22 05:10:02, 27376
409554, 2015-04-22 05:15:02, 28178
409555, 2015-04-22 05:20:03, 28610
409556, 2015-04-22 05:25:01, 29103
409557, 2015-04-22 05:30:03, 29577
409558, 2015-04-22 05:35:02, 30033
409559, 2015-04-22 05:40:02, 30534
409560, 2015-04-22 05:45:03, 31195
409561, 2015-04-22 05:50:01, 31685
409562, 2015-04-22 05:55:01, 32096
409563, 2015-04-22 06:00:01, 32584
409564, 2015-04-22 06:05:02, 33093
409565, 2015-04-22 06:10:01, 33804
409566, 2015-04-22 06:15:01, 34673
409567, 2015-04-22 06:20:02, 35321
409568, 2015-04-22 06:25:01, 35729
409569, 2015-04-22 06:30:02, 35978
409570, 2015-04-22 06:35:03, 36137
409571, 2015-04-22 06:40:01, 36278
409572, 2015-04-22 06:45:02, 36510
409573, 2015-04-22 06:50:02, 36704
409574, 2015-04-22 06:55:01, 36786
409575, 2015-04-22 07:00:02, 36876
409576, 2015-04-22 07:05:02, 36924
409577, 2015-04-22 07:10:02, 37083
409578, 2015-04-22 07:15:02, 37356
409579, 2015-04-22 07:20:03, 37405
409580, 2015-04-22 07:25:02, 37364
409581, 2015-04-22 07:30:03, 37223
409582, 2015-04-22 07:35:02, 37125
409583, 2015-04-22 07:40:02, 36925
409584, 2015-04-22 07:45:03, 36797
409585, 2015-04-22 07:50:03, 36725
409586, 2015-04-22 07:55:02, 36618
409587, 2015-04-22 08:00:08, 36523
409588, 2015-04-22 08:05:02, 36523
409589, 2015-04-22 08:10:02, 36583
409590, 2015-04-22 08:15:02, 36667
409591, 2015-04-22 08:20:06, 36654
409592, 2015-04-22 08:25:01, 36576
409593, 2015-04-22 08:30:02, 36469
409594, 2015-04-22 08:35:01, 36389
409595, 2015-04-22 08:40:01, 36223
409596, 2015-04-22 08:45:01, 36151
409597, 2015-04-22 08:50:03, 36015
409598, 2015-04-22 08:55:01, 35877
409599, 2015-04-22 09:00:02, 35738
409600, 2015-04-22 09:05:02, 35648
409601, 2015-04-22 09:10:02, 35556
409602, 2015-04-22 09:15:02, 35481
409603, 2015-04-22 09:20:09, 35367
409604, 2015-04-22 09:25:02, 35367
409605, 2015-04-22 09:30:03, 35262
409606, 2015-04-22 09:35:03, 35224
409607, 2015-04-22 09:40:01, 35213
409608, 2015-04-22 09:45:02, 35181
409609, 2015-04-22 09:50:03, 35134
409610, 2015-04-22 09:55:03, 35020
409611, 2015-04-22 10:00:03, 35004
409612, 2015-04-22 10:05:01, 34993
409613, 2015-04-22 10:10:07, 35006
409614, 2015-04-22 10:15:01, 34946
409615, 2015-04-22 10:20:03, 34827
409616, 2015-04-22 10:25:02, 34841
409617, 2015-04-22 10:30:04, 34784
409618, 2015-04-22 10:35:09, 34768
409619, 2015-04-22 10:40:02, 34796
409620, 2015-04-22 10:45:03, 34813
409621, 2015-04-22 10:50:03, 34745
409622, 2015-04-22 10:55:03, 34732
409623, 2015-04-22 11:00:02, 34739
409624, 2015-04-22 11:05:03, 34729
409625, 2015-04-22 11:10:02, 34752
409626, 2015-04-22 11:15:02, 34706
409627, 2015-04-22 11:20:02, 34679
409628, 2015-04-22 11:25:03, 34667
409629, 2015-04-22 11:30:06, 34571
409630, 2015-04-22 11:35:02, 34544
409631, 2015-04-22 11:40:02, 34524
409632, 2015-04-22 11:45:03, 34436
409633, 2015-04-22 11:50:02, 34280
409634, 2015-04-22 11:55:02, 34241
409635, 2015-04-22 12:00:06, 34206
409636, 2015-04-22 12:05:03, 34110
409637, 2015-04-22 12:10:02, 34111
409638, 2015-04-22 12:15:03, 34061
409639, 2015-04-22 12:20:02, 33991
409640, 2015-04-22 12:25:01, 33910
409641, 2015-04-22 12:30:04, 33927
409642, 2015-04-22 12:35:02, 33897
409643, 2015-04-22 12:40:03, 33919
409644, 2015-04-22 12:45:03, 33907
409645, 2015-04-22 12:50:02, 33872
409646, 2015-04-22 12:55:02, 33842
409647, 2015-04-22 13:00:04, 33788
409648, 2015-04-22 13:05:02, 33802
409649, 2015-04-22 13:10:02, 33746
409650, 2015-04-22 13:15:01, 33820
409651, 2015-04-22 13:20:04, 33810
409652, 2015-04-22 13:25:02, 33802
409653, 2015-04-22 13:30:04, 33779
409654, 2015-04-22 13:35:02, 33765
409655, 2015-04-22 13:40:02, 33768
409656, 2015-04-22 13:45:03, 33764
409657, 2015-04-22 13:50:02, 33706
409658, 2015-04-22 13:55:03, 33689
409659, 2015-04-22 14:00:03, 33706
409660, 2015-04-22 14:05:02, 33748
409661, 2015-04-22 14:10:02, 33758
409662, 2015-04-22 14:15:02, 33734
409663, 2015-04-22 14:20:04, 33800
409664, 2015-04-22 14:25:03, 33860
409665, 2015-04-22 14:30:03, 33906
409666, 2015-04-22 14:35:02, 33959
409667, 2015-04-22 14:40:02, 34069
409668, 2015-04-22 14:45:02, 34213
409669, 2015-04-22 14:50:05, 34334
409670, 2015-04-22 14:55:01, 34505
409671, 2015-04-22 15:00:04, 34704
409672, 2015-04-22 15:05:02, 34920
409673, 2015-04-22 15:10:02, 35075
409674, 2015-04-22 15:15:02, 35195
409675, 2015-04-22 15:20:03, 35309
409676, 2015-04-22 15:25:02, 35478
409677, 2015-04-22 15:30:01, 35659
409678, 2015-04-22 15:35:05, 35807
409679, 2015-04-22 15:40:02, 36076
409680, 2015-04-22 15:45:03, 36348
409681, 2015-04-22 15:50:02, 36489
409682, 2015-04-22 15:55:02, 36689
409683, 2015-04-22 16:00:03, 36771
409684, 2015-04-22 16:05:04, 36856
409685, 2015-04-22 16:10:01, 36922
409686, 2015-04-22 16:15:01, 37002
409687, 2015-04-22 16:20:04, 36949
409688, 2015-04-22 16:25:03, 36969
409689, 2015-04-22 16:30:03, 37043
409690, 2015-04-22 16:35:03, 37080
409691, 2015-04-22 16:40:01, 37122
409692, 2015-04-22 16:45:04, 37154
409693, 2015-04-22 16:50:03, 37147
409694, 2015-04-22 16:55:01, 37074
409695, 2015-04-22 17:00:02, 37154
409696, 2015-04-22 17:05:03, 37163
409697, 2015-04-22 17:10:03, 37237
409698, 2015-04-22 17:15:02, 37222
409699, 2015-04-22 17:20:03, 37231
409700, 2015-04-22 17:25:02, 37243
409701, 2015-04-22 17:30:02, 37181
409702, 2015-04-22 17:35:02, 37217
409703, 2015-04-22 17:40:01, 37295
409704, 2015-04-22 17:45:05, 37384
409705, 2015-04-22 17:50:03, 37396
409706, 2015-04-22 17:55:02, 37452
409707, 2015-04-22 18:00:03, 37403
409708, 2015-04-22 18:05:02, 37334
409709, 2015-04-22 18:10:01, 37351
409710, 2015-04-22 18:15:02, 37294
409711, 2015-04-22 18:20:04, 37236
409712, 2015-04-22 18:25:02, 37195
409713, 2015-04-22 18:30:02, 37133
409714, 2015-04-22 18:35:03, 37152
409715, 2015-04-22 18:40:02, 37195
409716, 2015-04-22 18:45:01, 37102
409717, 2015-04-22 18:50:03, 37058
409718, 2015-04-22 18:55:02, 37035
409719, 2015-04-22 19:00:03, 36968
409720, 2015-04-22 19:05:02, 37044
409721, 2015-04-22 19:10:02, 37443
409722, 2015-04-22 19:15:01, 37470
409723, 2015-04-22 19:20:05, 37473
409724, 2015-04-22 19:25:26, 37516
409725, 2015-04-22 19:30:02, 37671
409726, 2015-04-22 19:35:04, 37982
409727, 2015-04-22 19:40:02, 38212
409728, 2015-04-22 19:45:03, 38426
409729, 2015-04-22 19:50:01, 38539
409730, 2015-04-22 19:55:01, 38703
409731, 2015-04-22 20:00:02, 38616
409732, 2015-04-22 20:05:02, 38512
409733, 2015-04-22 20:10:01, 38719
409734, 2015-04-22 20:15:02, 38583
409735, 2015-04-22 20:20:03, 38360
409736, 2015-04-22 20:25:03, 38129
409737, 2015-04-22 20:30:02, 37866
409738, 2015-04-22 20:35:02, 37528
409739, 2015-04-22 20:40:02, 37247
409740, 2015-04-22 20:45:02, 36926
409741, 2015-04-22 20:50:02, 36628
409742, 2015-04-22 20:55:03, 36290
409743, 2015-04-22 21:00:02, 35972
409744, 2015-04-22 21:05:02, 35664
409745, 2015-04-22 21:10:02, 35401
409746, 2015-04-22 21:15:02, 34957
409747, 2015-04-22 21:20:04, 34458
409748, 2015-04-22 21:25:03, 34034
409749, 2015-04-22 21:30:02, 33677
409750, 2015-04-22 21:35:02, 33277
409751, 2015-04-22 21:40:01, 32973
409752, 2015-04-22 21:45:04, 32577
409753, 2015-04-22 21:50:02, 32148
409754, 2015-04-22 21:55:01, 31880
409755, 2015-04-22 22:00:02, 31470
409756, 2015-04-22 22:05:01, 30943
409757, 2015-04-22 22:10:01, 30519
409758, 2015-04-22 22:15:02, 30145
409759, 2015-04-22 22:20:04, 29786
409760, 2015-04-22 22:25:03, 29193
409761, 2015-04-22 22:30:02, 28827
409762, 2015-04-22 22:35:03, 28538
409763, 2015-04-22 22:40:02, 28261
409764, 2015-04-22 22:45:03, 27880
409765, 2015-04-22 22:50:03, 27594
409766, 2015-04-22 22:55:02, 27357
409767, 2015-04-22 23:00:04, 26995
409768, 2015-04-22 23:05:01, 26848
409769, 2015-04-22 23:10:01, 26850
409770, 2015-04-22 23:15:02, 26772
409771, 2015-04-22 23:20:05, 26767
409772, 2015-04-22 23:25:03, 26786
409773, 2015-04-22 23:30:02, 26843
409774, 2015-04-22 23:35:01, 26790
409775, 2015-04-22 23:40:02, 27052
409776, 2015-04-22 23:45:03, 27045
409777, 2015-04-22 23:50:02, 26906
409778, 2015-04-22 23:55:01, 26766
409779, 2015-04-23 00:00:02, 26625
409780, 2015-04-23 00:05:01, 26587
409781, 2015-04-23 00:10:02, 26820
409782, 2015-04-23 00:15:01, 26910
409783, 2015-04-23 00:20:03, 26926
409784, 2015-04-23 00:25:01, 26909
409785, 2015-04-23 00:30:01, 26872
409786, 2015-04-23 00:35:01, 26768
409787, 2015-04-23 00:40:02, 26959
409788, 2015-04-23 00:45:05, 27020
409789, 2015-04-23 00:50:03, 26886
409790, 2015-04-23 00:55:02, 26812
409791, 2015-04-23 01:00:03, 26753
409792, 2015-04-23 01:05:02, 26663
409793, 2015-04-23 01:10:02, 26663
409794, 2015-04-23 01:15:02, 26626
409795, 2015-04-23 01:20:03, 26696
409796, 2015-04-23 01:25:03, 26724
409797, 2015-04-23 01:30:03, 26692
409798, 2015-04-23 01:35:02, 26702
409799, 2015-04-23 01:40:02, 26722
409800, 2015-04-23 01:45:01, 26671
409801, 2015-04-23 01:50:02, 26763
409802, 2015-04-23 01:55:02, 26789
409803, 2015-04-23 02:00:02, 26720
409804, 2015-04-23 02:05:03, 26663
409805, 2015-04-23 02:10:02, 26675
409806, 2015-04-23 02:15:02, 26610
409807, 2015-04-23 02:20:06, 26492
409808, 2015-04-23 02:25:02, 26428
409809, 2015-04-23 02:30:03, 26433
409810, 2015-04-23 02:35:03, 26405
409811, 2015-04-23 02:40:01, 26435
409812, 2015-04-23 02:45:02, 26441
409813, 2015-04-23 02:50:03, 26335
409814, 2015-04-23 02:55:02, 26270
409815, 2015-04-23 03:00:02, 26294
409816, 2015-04-23 03:05:02, 26015
409817, 2015-04-23 03:10:03, 26082
409818, 2015-04-23 03:15:02, 26402
409819, 2015-04-23 03:20:05, 26346
409820, 2015-04-23 03:25:02, 26335
409821, 2015-04-23 03:30:03, 26222
409822, 2015-04-23 03:35:02, 26260
409823, 2015-04-23 03:40:01, 26414
409824, 2015-04-23 03:45:03, 26411
409825, 2015-04-23 03:50:03, 26441
409826, 2015-04-23 03:55:01, 26434
409827, 2015-04-23 04:00:02, 26436
409828, 2015-04-23 04:05:02, 26529
409829, 2015-04-23 04:10:01, 26794
409830, 2015-04-23 04:15:03, 26982
409831, 2015-04-23 04:20:02, 27048
409832, 2015-04-23 04:25:03, 27177
409833, 2015-04-23 04:30:03, 27275
409834, 2015-04-23 04:35:02, 27282
409835, 2015-04-23 04:40:01, 27349
409836, 2015-04-23 04:45:02, 27458
409837, 2015-04-23 04:50:03, 27539
409838, 2015-04-23 04:55:02, 27646
409839, 2015-04-23 05:00:01, 27763
409840, 2015-04-23 05:05:01, 27939
409841, 2015-04-23 05:10:02, 28227
409842, 2015-04-23 05:15:01, 28759
409843, 2015-04-23 05:20:03, 29105
409844, 2015-04-23 05:25:02, 29408
409845, 2015-04-23 05:30:03, 29814
409846, 2015-04-23 05:35:02, 30260
409847, 2015-04-23 05:40:02, 30762
409848, 2015-04-23 05:45:03, 31377
409849, 2015-04-23 05:50:02, 31784
409850, 2015-04-23 05:55:03, 32226
409851, 2015-04-23 06:00:02, 32901
409852, 2015-04-23 06:05:02, 33586
409853, 2015-04-23 06:10:03, 34356
409854, 2015-04-23 06:15:03, 35278
409855, 2015-04-23 06:20:03, 35910
409856, 2015-04-23 06:25:03, 36389
409857, 2015-04-23 06:30:01, 36710
409858, 2015-04-23 06:35:01, 36932
409859, 2015-04-23 06:40:02, 37188
409860, 2015-04-23 06:45:02, 37524
409861, 2015-04-23 06:50:02, 37811
409862, 2015-04-23 06:55:02, 37898
409863, 2015-04-23 07:00:02, 38025
409864, 2015-04-23 07:05:02, 38183
409865, 2015-04-23 07:10:02, 38344
409866, 2015-04-23 07:15:02, 38568
409867, 2015-04-23 07:20:04, 38691
409868, 2015-04-23 07:25:01, 38728
409869, 2015-04-23 07:30:01, 38682
409870, 2015-04-23 07:35:03, 38676
409871, 2015-04-23 07:40:02, 38513
409872, 2015-04-23 07:45:03, 38411
409873, 2015-04-23 07:50:01, 38361
409874, 2015-04-23 07:55:02, 38347
409875, 2015-04-23 08:00:02, 38360
409876, 2015-04-23 08:05:02, 38439
409877, 2015-04-23 08:10:01, 38572
409878, 2015-04-23 08:15:01, 38657
409879, 2015-04-23 08:20:03, 38728
409880, 2015-04-23 08:25:02, 38754
409881, 2015-04-23 08:30:01, 38762
409882, 2015-04-23 08:35:02, 38759
409883, 2015-04-23 08:40:02, 38725
409884, 2015-04-23 08:45:04, 38632
409885, 2015-04-23 08:50:03, 38539
409886, 2015-04-23 08:55:02, 38387
409887, 2015-04-23 09:00:05, 38276
409888, 2015-04-23 09:05:03, 38287
409889, 2015-04-23 09:10:02, 38156
409890, 2015-04-23 09:15:02, 38088
409891, 2015-04-23 09:20:03, 37956
409892, 2015-04-23 09:25:01, 37870
409893, 2015-04-23 09:30:01, 37756
409894, 2015-04-23 09:35:02, 37665
409895, 2015-04-23 09:40:10, 37710
409896, 2015-04-23 09:45:02, 37638
409897, 2015-04-23 09:50:03, 37395
409898, 2015-04-23 09:55:02, 37189
409899, 2015-04-23 10:00:01, 36850
409900, 2015-04-23 10:05:06, 36802
409901, 2015-04-23 10:10:02, 36744
409902, 2015-04-23 10:15:04, 36638
409903, 2015-04-23 10:20:05, 36574
409904, 2015-04-23 10:25:03, 36395
409905, 2015-04-23 10:30:03, 36202
409906, 2015-04-23 10:35:03, 36072
409907, 2015-04-23 10:40:01, 35865
409908, 2015-04-23 10:45:02, 35691
409909, 2015-04-23 10:50:02, 35535
409910, 2015-04-23 10:55:02, 35442
409911, 2015-04-23 11:00:03, 35460
409912, 2015-04-23 11:05:03, 35338
409913, 2015-04-23 11:10:03, 35264
409914, 2015-04-23 11:15:03, 35213
409915, 2015-04-23 11:20:10, 35080
409916, 2015-04-23 11:25:03, 35032
409917, 2015-04-23 11:30:03, 34927
409918, 2015-04-23 11:35:02, 34736
409919, 2015-04-23 11:40:02, 34646
409920, 2015-04-23 11:45:02, 34491
409921, 2015-04-23 11:50:03, 34298
409922, 2015-04-23 11:55:04, 34186
409923, 2015-04-23 12:00:03, 34123
409924, 2015-04-23 12:05:02, 34075
409925, 2015-04-23 12:10:02, 34007
409926, 2015-04-23 12:15:03, 33950
409927, 2015-04-23 12:20:04, 33783
409928, 2015-04-23 12:25:02, 33727
409929, 2015-04-23 12:30:02, 33640
409930, 2015-04-23 12:35:03, 33549
409931, 2015-04-23 12:40:01, 33549
409932, 2015-04-23 12:45:02, 33490
409933, 2015-04-23 12:50:02, 33441
409934, 2015-04-23 12:55:03, 33384
409935, 2015-04-23 13:00:02, 33308
409936, 2015-04-23 13:05:02, 33273
409937, 2015-04-23 13:10:02, 33403
409938, 2015-04-23 13:15:01, 33367
409939, 2015-04-23 13:20:04, 33352
409940, 2015-04-23 13:25:02, 33320
409941, 2015-04-23 13:30:09, 33215
409942, 2015-04-23 13:35:02, 33204
409943, 2015-04-23 13:40:02, 33216
409944, 2015-04-23 13:45:02, 33127
409945, 2015-04-23 13:50:05, 33063
409946, 2015-04-23 13:55:03, 33057
409947, 2015-04-23 14:00:04, 32928
409948, 2015-04-23 14:05:02, 32901
409949, 2015-04-23 14:10:02, 32877
409950, 2015-04-23 14:15:01, 32837
409951, 2015-04-23 14:20:04, 32700
409952, 2015-04-23 14:25:01, 32752
409953, 2015-04-23 14:30:04, 32813
409954, 2015-04-23 14:35:03, 32881
409955, 2015-04-23 14:40:03, 33045
409956, 2015-04-23 14:45:02, 33204
409957, 2015-04-23 14:50:01, 33362
409958, 2015-04-23 14:55:03, 33561
409959, 2015-04-23 15:00:02, 33674
409960, 2015-04-23 15:05:02, 33805
409961, 2015-04-23 15:10:02, 33990
409962, 2015-04-23 15:15:02, 34078
409963, 2015-04-23 15:20:03, 34229
409964, 2015-04-23 15:25:01, 34448
409965, 2015-04-23 15:30:02, 34644
409966, 2015-04-23 15:35:05, 34873
409967, 2015-04-23 15:40:01, 35086
409968, 2015-04-23 15:45:01, 35270
409969, 2015-04-23 15:50:02, 35420
409970, 2015-04-23 15:55:02, 35574
409971, 2015-04-23 16:00:03, 35763
409972, 2015-04-23 16:05:03, 35995
409973, 2015-04-23 16:10:01, 36121
409974, 2015-04-23 16:15:01, 36191
409975, 2015-04-23 16:20:15, 36324
409976, 2015-04-23 16:25:02, 36522
409977, 2015-04-23 16:30:02, 36610
409978, 2015-04-23 16:35:02, 36732
409979, 2015-04-23 16:40:06, 36771
409980, 2015-04-23 16:45:03, 36767
409981, 2015-04-23 16:50:02, 36797
409982, 2015-04-23 16:55:02, 36764
409983, 2015-04-23 17:00:03, 36742
409984, 2015-04-23 17:05:02, 36861
409985, 2015-04-23 17:10:03, 36942
409986, 2015-04-23 17:15:02, 36894
409987, 2015-04-23 17:20:04, 36883
409988, 2015-04-23 17:25:02, 36906
409989, 2015-04-23 17:30:03, 36979
409990, 2015-04-23 17:35:01, 37075
409991, 2015-04-23 17:40:01, 37159
409992, 2015-04-23 17:45:01, 37270
409993, 2015-04-23 17:50:01, 37265
409994, 2015-04-23 17:55:01, 37276
409995, 2015-04-23 18:00:03, 37269
409996, 2015-04-23 18:05:01, 37232
409997, 2015-04-23 18:10:02, 37244
409998, 2015-04-23 18:15:02, 37176
409999, 2015-04-23 18:20:03, 37070
410000, 2015-04-23 18:25:02, 37167
410001, 2015-04-23 18:30:05, 37071
410002, 2015-04-23 18:35:01, 37078
410003, 2015-04-23 18:40:02, 37228
410004, 2015-04-23 18:45:07, 37159
410005, 2015-04-23 18:50:05, 37047
410006, 2015-04-23 18:55:05, 37058
410007, 2015-04-23 19:00:01, 37037
410008, 2015-04-23 19:05:02, 37076
410009, 2015-04-23 19:10:01, 37412
410010, 2015-04-23 19:15:01, 37399
410011, 2015-04-23 19:20:03, 37483
410012, 2015-04-23 19:25:02, 37513
410013, 2015-04-23 19:30:02, 37552
410014, 2015-04-23 19:35:03, 37805
410015, 2015-04-23 19:40:01, 38196
410016, 2015-04-23 19:45:02, 38371
410017, 2015-04-23 19:50:01, 38507
410018, 2015-04-23 19:55:02, 38565
410019, 2015-04-23 20:00:03, 38558
410020, 2015-04-23 20:05:05, 38510
410021, 2015-04-23 20:10:01, 38691
410022, 2015-04-23 20:15:01, 38413
410023, 2015-04-23 20:20:06, 38154
410024, 2015-04-23 20:25:02, 38077
410025, 2015-04-23 20:30:01, 37686
410026, 2015-04-23 20:35:04, 37423
410027, 2015-04-23 20:40:02, 37247
410028, 2015-04-23 20:45:01, 36814
410029, 2015-04-23 20:50:01, 36551
410030, 2015-04-23 20:55:03, 36224
410031, 2015-04-23 21:00:03, 35909
410032, 2015-04-23 21:05:02, 35504
410033, 2015-04-23 21:10:03, 35335
410034, 2015-04-23 21:15:02, 34947
410035, 2015-04-23 21:20:03, 34498
410036, 2015-04-23 21:25:03, 34032
410037, 2015-04-23 21:30:01, 33476
410038, 2015-04-23 21:35:01, 33131
410039, 2015-04-23 21:40:01, 32869
410040, 2015-04-23 21:45:02, 32486
410041, 2015-04-23 21:50:02, 32075
410042, 2015-04-23 21:55:02, 31680
410043, 2015-04-23 22:00:03, 31148
410044, 2015-04-23 22:05:05, 30740
410045, 2015-04-23 22:10:02, 30523
410046, 2015-04-23 22:15:01, 30332
410047, 2015-04-23 22:20:02, 30118
410048, 2015-04-23 22:25:01, 29913
410049, 2015-04-23 22:32:35, 29817
410050, 2015-04-23 22:35:04, 29725
410051, 2015-04-23 22:40:02, 29494
410052, 2015-04-23 22:45:02, 29209
410053, 2015-04-23 22:50:03, 28965
410054, 2015-04-23 22:55:01, 28708
410055, 2015-04-23 23:00:03, 28445
410056, 2015-04-23 23:05:03, 28174
410057, 2015-04-23 23:10:03, 27887
410058, 2015-04-23 23:15:01, 27629
410059, 2015-04-23 23:20:02, 27357
410060, 2015-04-23 23:25:02, 27205
410061, 2015-04-23 23:30:01, 26980
410062, 2015-04-23 23:35:02, 26818
410063, 2015-04-23 23:40:02, 26804
410064, 2015-04-23 23:45:02, 26720
410065, 2015-04-23 23:50:02, 26643
410066, 2015-04-23 23:55:02, 26567
410067, 2015-04-24 00:00:02, 26473
410068, 2015-04-24 00:05:02, 26422
410069, 2015-04-24 00:10:02, 26705
410070, 2015-04-24 00:15:02, 26780
410071, 2015-04-24 00:20:02, 26793
410072, 2015-04-24 00:25:02, 26792
410073, 2015-04-24 00:30:03, 26754
410074, 2015-04-24 00:35:04, 26689
410075, 2015-04-24 00:40:02, 26883
410076, 2015-04-24 00:45:02, 26953
410077, 2015-04-24 00:50:01, 26979
410078, 2015-04-24 00:55:02, 26961
410079, 2015-04-24 01:00:02, 26910
410080, 2015-04-24 01:05:03, 26864
410081, 2015-04-24 01:10:02, 26864
410082, 2015-04-24 01:15:02, 26816
410083, 2015-04-24 01:21:05, 26689
410084, 2015-04-24 01:26:22, 26699
410085, 2015-04-24 01:35:02, 26699
410086, 2015-04-24 01:39:44, 26528
410087, 2015-04-24 01:42:29, 26486
410088, 2015-04-24 01:45:02, 26486
410089, 2015-04-24 01:50:02, 26411
410090, 2015-04-24 01:55:03, 26347
410091, 2015-04-24 02:00:04, 26279
410092, 2015-04-24 02:05:01, 26153
410093, 2015-04-24 02:10:01, 26095
410094, 2015-04-24 02:15:02, 26025
410095, 2015-04-24 02:20:31, 25973
410096, 2015-04-24 02:29:01, 25965
410097, 2015-04-24 02:35:02, 25965
410098, 2015-04-24 02:38:20, 25910
410099, 2015-04-24 02:41:39, 25975
410100, 2015-04-24 02:46:42, 25952
410101, 2015-04-24 02:51:05, 25914
410102, 2015-04-24 02:55:30, 25992
410103, 2015-04-24 03:04:37, 25994
410104, 2015-04-24 03:09:56, 26042
410105, 2015-04-24 03:10:01, 26042
410106, 2015-04-24 03:18:13, 25981
410107, 2015-04-24 03:22:06, 25939
410108, 2015-04-24 03:26:20, 25927
410109, 2015-04-24 03:35:01, 25927
410110, 2015-04-24 03:36:00, 25899
410111, 2015-04-24 03:40:01, 25899
410112, 2015-04-24 03:52:33, 26057
410113, 2015-04-24 03:53:17, 26085
410114, 2015-04-24 03:55:02, 26085
410115, 2015-04-24 04:00:04, 26115
410116, 2015-04-24 04:05:06, 26149
410117, 2015-04-24 04:10:02, 26347
410118, 2015-04-24 04:15:02, 26596
410119, 2015-04-24 04:20:24, 26694
410120, 2015-04-24 04:28:53, 26824
410121, 2015-04-24 04:34:06, 26914
410122, 2015-04-24 04:39:44, 26944
410123, 2015-04-24 04:40:01, 26944
410124, 2015-04-24 04:45:03, 27036
410125, 2015-04-24 04:50:02, 27134
410126, 2015-04-24 04:55:03, 27147
410127, 2015-04-24 05:00:03, 27332
410128, 2015-04-24 05:05:01, 27653
410129, 2015-04-24 05:10:02, 28230
410130, 2015-04-24 05:15:17, 28943
410131, 2015-04-24 05:20:04, 29295
410132, 2015-04-24 05:25:02, 29601
410133, 2015-04-24 05:30:03, 29811
410134, 2015-04-24 05:35:02, 30024
410135, 2015-04-24 05:40:01, 30231
410136, 2015-04-24 05:45:04, 30670
410137, 2015-04-24 05:50:03, 31101
410138, 2015-04-24 05:55:03, 31649
410139, 2015-04-24 06:00:02, 32130
410140, 2015-04-24 06:05:02, 32571
410141, 2015-04-24 06:10:01, 33132
410142, 2015-04-24 06:15:01, 33936
410143, 2015-04-24 06:20:04, 34526
410144, 2015-04-24 06:25:01, 34884
410145, 2015-04-24 06:30:04, 35219
410146, 2015-04-24 06:35:01, 35500
410147, 2015-04-24 06:40:01, 35822
410148, 2015-04-24 06:45:02, 36065
410149, 2015-04-24 06:50:02, 36386
410150, 2015-04-24 06:55:01, 36614
410151, 2015-04-24 07:00:03, 36840
410152, 2015-04-24 07:05:02, 36994
410153, 2015-04-24 07:10:03, 37220
410154, 2015-04-24 07:15:02, 37470
410155, 2015-04-24 07:20:04, 37552
410156, 2015-04-24 07:25:03, 37563
410157, 2015-04-24 07:30:02, 37436
410158, 2015-04-24 07:35:02, 37359
410159, 2015-04-24 07:40:01, 37211
410160, 2015-04-24 07:45:01, 37105
410161, 2015-04-24 07:50:02, 37097
410162, 2015-04-24 07:55:02, 37067
410163, 2015-04-24 08:00:03, 37085
410164, 2015-04-24 08:05:03, 37048
410165, 2015-04-24 08:10:02, 37111
410166, 2015-04-24 08:15:03, 37203
410167, 2015-04-24 08:20:03, 37255
410168, 2015-04-24 08:25:01, 37202
410169, 2015-04-24 08:30:02, 37205
410170, 2015-04-24 08:35:02, 37244
410171, 2015-04-24 08:40:01, 37198
410172, 2015-04-24 08:45:03, 37118
410173, 2015-04-24 08:50:02, 36930
410174, 2015-04-24 08:55:01, 36840
410175, 2015-04-24 09:00:04, 36728
410176, 2015-04-24 09:05:03, 36713
410177, 2015-04-24 09:10:02, 36719
410178, 2015-04-24 09:15:02, 36706
410179, 2015-04-24 09:20:02, 36584
410180, 2015-04-24 09:25:01, 36450
410181, 2015-04-24 09:30:02, 36497
410182, 2015-04-24 09:35:02, 36465
410183, 2015-04-24 09:40:01, 36388
410184, 2015-04-24 09:45:01, 36391
410185, 2015-04-24 09:50:02, 36320
410186, 2015-04-24 09:55:03, 36216
410187, 2015-04-24 10:00:02, 36165
410188, 2015-04-24 10:05:01, 36172
410189, 2015-04-24 10:10:01, 36156
410190, 2015-04-24 10:15:03, 36244
410191, 2015-04-24 10:20:03, 36158
410192, 2015-04-24 10:25:01, 36221
410193, 2015-04-24 10:30:02, 36114
410194, 2015-04-24 10:35:02, 36254
410195, 2015-04-24 10:40:02, 36128
410196, 2015-04-24 10:45:01, 36120
410197, 2015-04-24 10:50:05, 36065
410198, 2015-04-24 10:55:05, 36105
410199, 2015-04-24 11:00:03, 36077
410200, 2015-04-24 11:05:03, 36044
410201, 2015-04-24 11:10:02, 36070
410202, 2015-04-24 11:15:03, 36066
410203, 2015-04-24 11:20:06, 36030
410204, 2015-04-24 11:25:01, 36052
410205, 2015-04-24 11:30:04, 36016
410206, 2015-04-24 11:35:02, 35994
410207, 2015-04-24 11:40:02, 35927
410208, 2015-04-24 11:45:04, 35726
410209, 2015-04-24 11:50:02, 35610
410210, 2015-04-24 11:55:03, 35489
410211, 2015-04-24 12:00:05, 35362
410212, 2015-04-24 12:05:03, 35240
410213, 2015-04-24 12:10:23, 35188
410214, 2015-04-24 12:16:45, 35050
410215, 2015-04-24 12:20:02, 34908
410216, 2015-04-24 12:25:03, 34846
410217, 2015-04-24 12:30:02, 34702
410218, 2015-04-24 12:35:01, 34678
410219, 2015-04-24 12:40:02, 34580
410220, 2015-04-24 12:45:02, 34569
410221, 2015-04-24 12:50:02, 34484
410222, 2015-04-24 12:55:02, 34443
410223, 2015-04-24 13:00:02, 34464
410224, 2015-04-24 13:05:01, 34412
410225, 2015-04-24 13:10:02, 34477
410226, 2015-04-24 13:15:02, 34457
410227, 2015-04-24 13:20:28, 34407
410228, 2015-04-24 13:25:27, 34473
410229, 2015-04-24 13:31:59, 34371
410230, 2015-04-24 13:35:20, 34371
410231, 2015-04-24 13:40:01, 34296
410232, 2015-04-24 13:45:03, 34163
410233, 2015-04-24 13:50:02, 34076
410234, 2015-04-24 13:55:02, 34040
410235, 2015-04-24 14:00:03, 34064
410236, 2015-04-24 14:09:15, 33950
410237, 2015-04-24 14:13:39, 33950
410238, 2015-04-24 14:17:37, 33865
410239, 2015-04-24 14:23:00, 33771
410240, 2015-04-24 14:29:22, 33724
410241, 2015-04-24 14:34:54, 33781
410242, 2015-04-24 14:35:01, 33781
410243, 2015-04-24 14:40:25, 33908
410244, 2015-04-24 14:45:32, 34024
410245, 2015-04-24 14:53:13, 34095
410246, 2015-04-24 14:55:09, 34236
410247, 2015-04-24 15:00:17, 34381
410248, 2015-04-24 15:05:12, 34497
410249, 2015-04-24 15:10:07, 34603
410250, 2015-04-24 15:15:03, 34689
410251, 2015-04-24 15:20:02, 34721
410252, 2015-04-24 15:25:04, 34831
410253, 2015-04-24 15:30:04, 34871
410254, 2015-04-24 15:35:02, 34964
410255, 2015-04-24 15:40:03, 35091
410256, 2015-04-24 15:45:04, 35239
410257, 2015-04-24 15:50:02, 35429
410258, 2015-04-24 15:55:06, 35577
410259, 2015-04-24 16:00:10, 35683
410260, 2015-04-24 16:05:02, 35752
410261, 2015-04-24 16:10:02, 35897
410262, 2015-04-24 16:15:07, 35999
410263, 2015-04-24 16:20:05, 36069
410264, 2015-04-24 16:25:02, 36176
410265, 2015-04-24 16:30:02, 36202
410266, 2015-04-24 16:35:02, 36271
410267, 2015-04-24 16:40:02, 36297
410268, 2015-04-24 16:45:04, 36178
410269, 2015-04-24 16:50:03, 36159
410270, 2015-04-24 16:55:01, 36191
410271, 2015-04-24 17:00:03, 36118
410272, 2015-04-24 17:05:02, 36175
410273, 2015-04-24 17:10:05, 36322
410274, 2015-04-24 17:15:02, 36309
410275, 2015-04-24 17:20:05, 36278
410276, 2015-04-24 17:25:02, 36244
410277, 2015-04-24 17:30:03, 36180
410278, 2015-04-24 17:35:03, 36200
410279, 2015-04-24 17:40:02, 36237
410280, 2015-04-24 17:45:03, 36177
410281, 2015-04-24 17:50:03, 36134
410282, 2015-04-24 17:55:03, 36149
410283, 2015-04-24 18:00:02, 36148
410284, 2015-04-24 18:05:03, 36129
410285, 2015-04-24 18:10:03, 36126
410286, 2015-04-24 18:15:02, 36073
410287, 2015-04-24 18:20:03, 35961
410288, 2015-04-24 18:25:02, 35952
410289, 2015-04-24 18:30:01, 35814
410290, 2015-04-24 18:35:02, 35865
410291, 2015-04-24 18:40:01, 35990
410292, 2015-04-24 18:45:03, 35878
410293, 2015-04-24 18:50:02, 35762
410294, 2015-04-24 18:55:21, 35854
410295, 2015-04-24 19:00:05, 35628
410296, 2015-04-24 19:05:02, 35590
410297, 2015-04-24 19:10:01, 35861
410298, 2015-04-24 19:15:01, 35861
410299, 2015-04-24 19:20:02, 35826
410300, 2015-04-24 19:25:03, 35857
410301, 2015-04-24 19:30:02, 35892
410302, 2015-04-24 19:35:02, 36002
410303, 2015-04-24 19:40:02, 36273
410304, 2015-04-24 19:45:02, 36141
410305, 2015-04-24 19:50:03, 36120
410306, 2015-04-24 19:55:02, 36113
410307, 2015-04-24 20:00:01, 35932
410308, 2015-04-24 20:05:02, 35870
410309, 2015-04-24 20:10:07, 35867
410310, 2015-04-24 20:15:02, 35551
410311, 2015-04-24 20:20:05, 35253
410312, 2015-04-24 20:25:03, 35045
410313, 2015-04-24 20:30:06, 34886
410314, 2015-04-24 20:35:02, 34540
410315, 2015-04-24 20:40:04, 34507
410316, 2015-04-24 20:45:03, 34211
410317, 2015-04-24 20:50:03, 33853
410318, 2015-04-24 20:55:02, 33550
410319, 2015-04-24 21:00:04, 33253
410320, 2015-04-24 21:05:05, 32953
410321, 2015-04-24 21:10:02, 32703
410322, 2015-04-24 21:15:02, 32267
410323, 2015-04-24 21:20:06, 31888
410324, 2015-04-24 21:25:02, 31497
410325, 2015-04-24 21:30:02, 31051
410326, 2015-04-24 21:35:01, 30554
410327, 2015-04-24 21:40:02, 30306
410328, 2015-04-24 21:45:03, 29984
410329, 2015-04-24 21:50:02, 29705
410330, 2015-04-24 21:55:02, 29404
410331, 2015-04-24 22:00:04, 29006
410332, 2015-04-24 22:05:03, 28665
410333, 2015-04-24 22:10:02, 28256
410334, 2015-04-24 22:15:03, 27929
410335, 2015-04-24 22:20:02, 27578
410336, 2015-04-24 22:25:03, 27137
410337, 2015-04-24 22:30:03, 26759
410338, 2015-04-24 22:35:03, 26414
410339, 2015-04-24 22:40:01, 26147
410340, 2015-04-24 22:45:03, 25889
410341, 2015-04-24 22:50:02, 25619
410342, 2015-04-24 22:55:02, 25350
410343, 2015-04-24 23:00:07, 25121
410344, 2015-04-24 23:05:02, 24812
410345, 2015-04-24 23:10:04, 24823
410346, 2015-04-24 23:15:02, 24807
410347, 2015-04-24 23:20:04, 24815
410348, 2015-04-24 23:25:02, 24883
410349, 2015-04-24 23:30:01, 24857
410350, 2015-04-24 23:35:03, 24862
410351, 2015-04-24 23:40:01, 24810
410352, 2015-04-24 23:45:02, 24725
410353, 2015-04-24 23:50:06, 24622
410354, 2015-04-24 23:55:02, 24542
410355, 2015-04-25 00:00:08, 24433
410356, 2015-04-25 00:05:03, 24346
410357, 2015-04-25 00:10:02, 24538
410358, 2015-04-25 00:15:02, 24611
410359, 2015-04-25 00:20:02, 24536
410360, 2015-04-25 00:25:01, 24483
410361, 2015-04-25 00:30:02, 24382
410362, 2015-04-25 00:35:04, 24321
410363, 2015-04-25 00:40:02, 24577
410364, 2015-04-25 00:45:02, 24630
410365, 2015-04-25 00:50:01, 24615
410366, 2015-04-25 00:55:01, 24599
410367, 2015-04-25 01:00:03, 24525
410368, 2015-04-25 01:05:03, 24434
410369, 2015-04-25 01:10:02, 24479
410370, 2015-04-25 01:15:03, 24357
410371, 2015-04-25 01:20:03, 24250
410372, 2015-04-25 01:25:02, 24182
410373, 2015-04-25 01:30:03, 24074
410374, 2015-04-25 01:35:02, 24008
410375, 2015-04-25 01:40:02, 24010
410376, 2015-04-25 01:45:01, 23941
410377, 2015-04-25 01:50:06, 23931
410378, 2015-04-25 01:55:04, 23919
410379, 2015-04-25 02:00:04, 23846
410380, 2015-04-25 02:05:01, 23811
410381, 2015-04-25 02:10:04, 23847
410382, 2015-04-25 02:15:01, 23833
410383, 2015-04-25 02:20:05, 23798
410384, 2015-04-25 02:25:01, 23757
410385, 2015-04-25 02:30:03, 23685
410386, 2015-04-25 02:35:02, 23620
410387, 2015-04-25 02:40:02, 23628
410388, 2015-04-25 02:45:03, 23583
410389, 2015-04-25 02:50:03, 23583
410390, 2015-04-25 02:55:01, 23586
410391, 2015-04-25 03:00:02, 23539
410392, 2015-04-25 03:05:03, 23521
410393, 2015-04-25 03:10:01, 23526
410394, 2015-04-25 03:15:01, 23508
410395, 2015-04-25 03:20:06, 23438
410396, 2015-04-25 03:25:03, 23375
410397, 2015-04-25 03:30:01, 23335
410398, 2015-04-25 03:35:02, 23318
410399, 2015-04-25 03:40:02, 23344
410400, 2015-04-25 03:45:02, 23313
410401, 2015-04-25 03:50:04, 23261
410402, 2015-04-25 03:55:03, 23249
410403, 2015-04-25 04:00:04, 23242
410404, 2015-04-25 04:05:09, 23217
410405, 2015-04-25 04:10:02, 23333
410406, 2015-04-25 04:15:02, 23409
410407, 2015-04-25 04:20:03, 23420
410408, 2015-04-25 04:25:03, 23435
410409, 2015-04-25 04:30:04, 23461
410410, 2015-04-25 04:35:04, 23476
410411, 2015-04-25 04:40:02, 23478
410412, 2015-04-25 04:45:02, 23479
410413, 2015-04-25 04:50:03, 23294
410414, 2015-04-25 04:55:03, 23109
410415, 2015-04-25 05:00:02, 22886
410416, 2015-04-25 05:05:02, 22930
410417, 2015-04-25 05:10:02, 22937
410418, 2015-04-25 05:15:02, 23047
410419, 2015-04-25 05:20:04, 23203
410420, 2015-04-25 05:25:01, 23336
410421, 2015-04-25 05:30:02, 23462
410422, 2015-04-25 05:35:03, 23578
410423, 2015-04-25 05:40:01, 23780
410424, 2015-04-25 05:45:01, 24027
410425, 2015-04-25 05:50:03, 24012
410426, 2015-04-25 05:55:02, 24186
410427, 2015-04-25 06:00:04, 24413
410428, 2015-04-25 06:05:02, 24693
410429, 2015-04-25 06:10:02, 25114
410430, 2015-04-25 06:15:02, 25410
410431, 2015-04-25 06:20:04, 25709
410432, 2015-04-25 06:25:03, 25935
410433, 2015-04-25 06:30:05, 26178
410434, 2015-04-25 06:35:03, 26381
410435, 2015-04-25 06:40:02, 26617
410436, 2015-04-25 06:45:02, 26810
410437, 2015-04-25 06:50:04, 27090
410438, 2015-04-25 06:55:01, 27297
410439, 2015-04-25 07:00:01, 27659
410440, 2015-04-25 07:05:03, 27978
410441, 2015-04-25 07:10:02, 28272
410442, 2015-04-25 07:15:02, 28644
410443, 2015-04-25 07:20:05, 28883
410444, 2015-04-25 07:25:02, 29048
410445, 2015-04-25 07:30:02, 29150
410446, 2015-04-25 07:35:01, 29268
410447, 2015-04-25 07:40:02, 29449
410448, 2015-04-25 07:45:03, 29816
410449, 2015-04-25 07:50:06, 29771
410450, 2015-04-25 07:55:02, 29997
410451, 2015-04-25 08:00:04, 30247
410452, 2015-04-25 08:05:03, 30488
410453, 2015-04-25 08:10:02, 30736
410454, 2015-04-25 08:15:02, 30992
410455, 2015-04-25 08:20:04, 31063
410456, 2015-04-25 08:25:02, 31115
410457, 2015-04-25 08:30:02, 31176
410458, 2015-04-25 08:35:02, 31232
410459, 2015-04-25 08:40:02, 31231
410460, 2015-04-25 08:45:03, 31238
410461, 2015-04-25 08:50:03, 31243
410462, 2015-04-25 08:55:02, 31224
410463, 2015-04-25 09:00:04, 31175
410464, 2015-04-25 09:05:02, 31228
410465, 2015-04-25 09:10:01, 31276
410466, 2015-04-25 09:15:03, 31292
410467, 2015-04-25 09:20:04, 31329
410468, 2015-04-25 09:25:01, 31407
410469, 2015-04-25 09:30:05, 31445
410470, 2015-04-25 09:35:03, 31444
410471, 2015-04-25 09:40:01, 31585
410472, 2015-04-25 09:45:04, 31584
410473, 2015-04-25 09:50:03, 31446
410474, 2015-04-25 09:55:03, 31374
410475, 2015-04-25 10:00:02, 31313
410476, 2015-04-25 10:05:03, 31197
410477, 2015-04-25 10:10:01, 31167
410478, 2015-04-25 10:15:02, 31183
410479, 2015-04-25 10:20:07, 31213
410480, 2015-04-25 10:25:02, 31224
410481, 2015-04-25 10:30:02, 31173
410482, 2015-04-25 10:35:04, 31177
410483, 2015-04-25 10:40:03, 31167
410484, 2015-04-25 10:45:04, 31034
410485, 2015-04-25 10:50:02, 30814
410486, 2015-04-25 10:55:02, 30784
410487, 2015-04-25 11:00:04, 30799
410488, 2015-04-25 11:05:01, 30738
410489, 2015-04-25 11:10:01, 30716
410490, 2015-04-25 11:15:01, 30695
410491, 2015-04-25 11:20:03, 30689
410492, 2015-04-25 11:25:02, 30611
410493, 2015-04-25 11:30:02, 30491
410494, 2015-04-25 11:35:02, 30416
410495, 2015-04-25 11:40:02, 30367
410496, 2015-04-25 11:45:01, 30242
410497, 2015-04-25 11:50:02, 30132
410498, 2015-04-25 11:55:01, 29948
410499, 2015-04-25 12:00:07, 29809
410500, 2015-04-25 12:05:01, 29740
410501, 2015-04-25 12:10:02, 29708
410502, 2015-04-25 12:15:02, 29490
410503, 2015-04-25 12:20:04, 29309
410504, 2015-04-25 12:25:03, 29176
410505, 2015-04-25 12:30:06, 29194
410506, 2015-04-25 12:35:02, 29159
410507, 2015-04-25 12:40:01, 29088
410508, 2015-04-25 12:45:03, 28996
410509, 2015-04-25 12:50:02, 28941
410510, 2015-04-25 12:55:02, 28878
410511, 2015-04-25 13:00:02, 28710
410512, 2015-04-25 13:05:02, 28547
410513, 2015-04-25 13:10:01, 28688
410514, 2015-04-25 13:15:02, 28741
410515, 2015-04-25 13:20:03, 28707
410516, 2015-04-25 13:25:01, 28747
410517, 2015-04-25 13:30:02, 28747
410518, 2015-04-25 13:35:03, 28758
410519, 2015-04-25 13:40:02, 28655
410520, 2015-04-25 13:45:02, 28499
410521, 2015-04-25 13:50:03, 28456
410522, 2015-04-25 13:55:01, 28461
410523, 2015-04-25 14:00:03, 28521
410524, 2015-04-25 14:05:02, 28538
410525, 2015-04-25 14:10:01, 28599
410526, 2015-04-25 14:15:01, 28551
410527, 2015-04-25 14:20:07, 28498
410528, 2015-04-25 14:25:01, 28528
410529, 2015-04-25 14:30:03, 28523
410530, 2015-04-25 14:35:03, 28523
410531, 2015-04-25 14:40:01, 28582
410532, 2015-04-25 14:45:01, 28693
410533, 2015-04-25 14:50:02, 28714
410534, 2015-04-25 14:55:01, 28886
410535, 2015-04-25 15:00:03, 29084
410536, 2015-04-25 15:05:02, 29193
410537, 2015-04-25 15:10:02, 29316
410538, 2015-04-25 15:15:02, 29413
410539, 2015-04-25 15:20:03, 29527
410540, 2015-04-25 15:25:02, 29649
410541, 2015-04-25 15:30:04, 29731
410542, 2015-04-25 15:35:02, 29851
410543, 2015-04-25 15:40:01, 30074
410544, 2015-04-25 15:45:01, 30326
410545, 2015-04-25 15:50:04, 30590
410546, 2015-04-25 15:55:03, 30838
410547, 2015-04-25 16:00:02, 31058
410548, 2015-04-25 16:05:02, 31240
410549, 2015-04-25 16:10:04, 31586
410550, 2015-04-25 16:15:03, 31752
410551, 2015-04-25 16:20:01, 31956
410552, 2015-04-25 16:25:02, 32138
410553, 2015-04-25 16:30:02, 32301
410554, 2015-04-25 16:35:02, 32445
410555, 2015-04-25 16:40:06, 32657
410556, 2015-04-25 16:45:02, 32827
410557, 2015-04-25 16:50:04, 32869
410558, 2015-04-25 16:55:02, 33028
410559, 2015-04-25 17:00:05, 33083
410560, 2015-04-25 17:05:02, 33175
410561, 2015-04-25 17:10:01, 33325
410562, 2015-04-25 17:15:01, 33367
410563, 2015-04-25 17:20:05, 33359
410564, 2015-04-25 17:25:03, 33355
410565, 2015-04-25 17:30:02, 33402
410566, 2015-04-25 17:35:02, 33443
410567, 2015-04-25 17:40:01, 33485
410568, 2015-04-25 17:45:03, 33486
410569, 2015-04-25 17:50:02, 33494
410570, 2015-04-25 17:55:01, 33549
410571, 2015-04-25 18:00:02, 33517
410572, 2015-04-25 18:05:02, 33517
410573, 2015-04-25 18:10:03, 33585
410574, 2015-04-25 18:15:01, 33578
410575, 2015-04-25 18:20:03, 33504
410576, 2015-04-25 18:25:02, 33434
410577, 2015-04-25 18:30:01, 33379
410578, 2015-04-25 18:35:02, 33322
410579, 2015-04-25 18:40:05, 33298
410580, 2015-04-25 18:45:02, 33147
410581, 2015-04-25 18:50:05, 33159
410582, 2015-04-25 18:55:02, 33203
410583, 2015-04-25 19:00:01, 33229
410584, 2015-04-25 19:05:02, 33246
410585, 2015-04-25 19:10:02, 33416
410586, 2015-04-25 19:15:02, 33346
410587, 2015-04-25 19:20:03, 33271
410588, 2015-04-25 19:25:02, 33404
410589, 2015-04-25 19:30:04, 33503
410590, 2015-04-25 19:35:02, 33368
410591, 2015-04-25 19:40:02, 33419
410592, 2015-04-25 19:45:02, 33595
410593, 2015-04-25 19:50:01, 33395
410594, 2015-04-25 19:55:02, 33408
410595, 2015-04-25 20:00:03, 33444
410596, 2015-04-25 20:05:02, 33269
410597, 2015-04-25 20:10:02, 33298
410598, 2015-04-25 20:15:02, 33367
410599, 2015-04-25 20:20:04, 33139
410600, 2015-04-25 20:25:02, 33129
410601, 2015-04-25 20:30:02, 33326
410602, 2015-04-25 20:35:02, 33113
410603, 2015-04-25 20:40:01, 32860
410604, 2015-04-25 20:45:02, 32597
410605, 2015-04-25 20:50:01, 32374
410606, 2015-04-25 20:55:02, 32141
410607, 2015-04-25 21:00:02, 32001
410608, 2015-04-25 21:05:02, 31825
410609, 2015-04-25 21:10:04, 31585
410610, 2015-04-25 21:15:01, 31340
410611, 2015-04-25 21:20:04, 31144
410612, 2015-04-25 21:25:02, 31099
410613, 2015-04-25 21:30:02, 30757
410614, 2015-04-25 21:35:01, 30439
410615, 2015-04-25 21:40:02, 30206
410616, 2015-04-25 21:45:03, 29915
410617, 2015-04-25 21:50:02, 29626
410618, 2015-04-25 21:55:02, 29343
410619, 2015-04-25 22:00:02, 29023
410620, 2015-04-25 22:05:04, 28729
410621, 2015-04-25 22:10:01, 28330
410622, 2015-04-25 22:15:03, 28012
410623, 2015-04-25 22:20:03, 27734
410624, 2015-04-25 22:25:02, 27488
410625, 2015-04-25 22:30:02, 27242
410626, 2015-04-25 22:35:01, 26980
410627, 2015-04-25 22:40:01, 26749
410628, 2015-04-25 22:45:03, 26477
410629, 2015-04-25 22:50:02, 26256
410630, 2015-04-25 22:55:01, 26031
410631, 2015-04-25 23:00:03, 25756
410632, 2015-04-25 23:05:02, 25441
410633, 2015-04-25 23:10:02, 25229
410634, 2015-04-25 23:15:02, 24908
410635, 2015-04-25 23:20:05, 24678
410636, 2015-04-25 23:25:02, 24450
410637, 2015-04-25 23:30:03, 24346
410638, 2015-04-25 23:35:02, 24087
410639, 2015-04-25 23:40:02, 24006
410640, 2015-04-25 23:45:02, 23870
410641, 2015-04-25 23:50:02, 23782
410642, 2015-04-25 23:55:01, 23680
410643, 2015-04-26 00:00:06, 23629
410644, 2015-04-26 00:05:02, 23506
410645, 2015-04-26 00:10:02, 23668
410646, 2015-04-26 00:15:02, 23695
410647, 2015-04-26 00:20:09, 23710
410648, 2015-04-26 00:25:02, 23927
410649, 2015-04-26 00:30:02, 24141
410650, 2015-04-26 00:35:03, 24409
410651, 2015-04-26 00:40:02, 24773
410652, 2015-04-26 00:45:02, 25086
410653, 2015-04-26 00:50:05, 25325
410654, 2015-04-26 00:55:03, 25302
410655, 2015-04-26 01:00:01, 25247
410656, 2015-04-26 01:05:02, 25162
410657, 2015-04-26 01:10:05, 25150
410658, 2015-04-26 01:15:02, 25067
410659, 2015-04-26 01:20:03, 24994
410660, 2015-04-26 01:25:02, 24947
410661, 2015-04-26 01:30:01, 24945
410662, 2015-04-26 01:35:02, 24866
410663, 2015-04-26 01:40:01, 24868
410664, 2015-04-26 01:45:02, 24780
410665, 2015-04-26 01:50:02, 24726
410666, 2015-04-26 01:55:03, 24666
410667, 2015-04-26 02:00:04, 24563
410668, 2015-04-26 02:05:03, 24482
410669, 2015-04-26 02:10:04, 24474
410670, 2015-04-26 02:15:01, 24397
410671, 2015-04-26 02:20:05, 24353
410672, 2015-04-26 02:25:01, 24409
410673, 2015-04-26 02:30:03, 24319
410674, 2015-04-26 02:35:02, 24250
410675, 2015-04-26 02:40:01, 24260
410676, 2015-04-26 02:45:01, 24272
410677, 2015-04-26 02:50:02, 24244
410678, 2015-04-26 02:55:02, 24191
410679, 2015-04-26 03:00:02, 24151
410680, 2015-04-26 03:05:04, 24179
410681, 2015-04-26 03:10:02, 24206
410682, 2015-04-26 03:15:02, 24122
410683, 2015-04-26 03:20:05, 24057
410684, 2015-04-26 03:25:03, 24007
410685, 2015-04-26 03:30:02, 23931
410686, 2015-04-26 03:35:03, 23916
410687, 2015-04-26 03:40:02, 23987
410688, 2015-04-26 03:45:02, 23910
410689, 2015-04-26 03:50:03, 23865
410690, 2015-04-26 03:55:03, 23839
410691, 2015-04-26 04:00:05, 23802
410692, 2015-04-26 04:05:11, 23789
410693, 2015-04-26 04:10:03, 23911
410694, 2015-04-26 04:15:02, 23923
410695, 2015-04-26 04:20:04, 23894
410696, 2015-04-26 04:25:04, 23888
410697, 2015-04-26 04:30:02, 23763
410698, 2015-04-26 04:35:04, 23658
410699, 2015-04-26 04:40:02, 23617
410700, 2015-04-26 04:45:02, 23492
410701, 2015-04-26 04:50:03, 23357
410702, 2015-04-26 04:55:02, 23309
410703, 2015-04-26 05:00:02, 23327
410704, 2015-04-26 05:05:03, 23418
410705, 2015-04-26 05:10:01, 23682
410706, 2015-04-26 05:15:01, 23867
410707, 2015-04-26 05:20:03, 23881
410708, 2015-04-26 05:25:03, 23919
410709, 2015-04-26 05:30:03, 24080
410710, 2015-04-26 05:35:02, 24146
410711, 2015-04-26 05:40:01, 24223
410712, 2015-04-26 05:45:01, 23979
410713, 2015-04-26 05:50:03, 24040
410714, 2015-04-26 05:55:03, 23856
410715, 2015-04-26 06:00:03, 23538
410716, 2015-04-26 06:05:01, 23481
410717, 2015-04-26 06:10:01, 23646
410718, 2015-04-26 06:15:02, 23962
410719, 2015-04-26 06:20:02, 24201
410720, 2015-04-26 06:25:01, 24287
410721, 2015-04-26 06:30:02, 24461
410722, 2015-04-26 06:35:02, 24630
410723, 2015-04-26 06:40:02, 24810
410724, 2015-04-26 06:45:02, 25031
410725, 2015-04-26 06:50:03, 25197
410726, 2015-04-26 06:55:01, 25411
410727, 2015-04-26 07:00:02, 25826
410728, 2015-04-26 07:05:01, 26104
410729, 2015-04-26 07:10:05, 26352
410730, 2015-04-26 07:15:01, 26676
410731, 2015-04-26 07:20:04, 26938
410732, 2015-04-26 07:25:01, 27179
410733, 2015-04-26 07:30:02, 27391
410734, 2015-04-26 07:35:02, 27552
410735, 2015-04-26 07:40:01, 27580
410736, 2015-04-26 07:45:03, 27773
410737, 2015-04-26 07:50:02, 28003
410738, 2015-04-26 07:55:01, 28231
410739, 2015-04-26 08:00:01, 28472
410740, 2015-04-26 08:05:03, 28644
410741, 2015-04-26 08:10:05, 28892
410742, 2015-04-26 08:15:15, 29281
410743, 2015-04-26 08:20:03, 29526
410744, 2015-04-26 08:25:01, 29626
410745, 2015-04-26 08:30:02, 29750
410746, 2015-04-26 08:35:02, 29902
410747, 2015-04-26 08:40:02, 30088
410748, 2015-04-26 08:45:02, 30193
410749, 2015-04-26 08:50:02, 30299
410750, 2015-04-26 08:55:02, 30401
410751, 2015-04-26 09:00:03, 30558
410752, 2015-04-26 09:05:02, 30686
410753, 2015-04-26 09:10:01, 30792
410754, 2015-04-26 09:15:01, 30889
410755, 2015-04-26 09:20:07, 30877
410756, 2015-04-26 09:25:02, 30956
410757, 2015-04-26 09:30:02, 30950
410758, 2015-04-26 09:35:02, 31076
410759, 2015-04-26 09:40:02, 31104
410760, 2015-04-26 09:45:02, 31105
410761, 2015-04-26 09:50:02, 31116
410762, 2015-04-26 09:55:03, 31123
410763, 2015-04-26 10:00:02, 31158
410764, 2015-04-26 10:05:01, 31188
410765, 2015-04-26 10:10:01, 31266
410766, 2015-04-26 10:15:01, 31360
410767, 2015-04-26 10:20:03, 31437
410768, 2015-04-26 10:25:03, 31482
410769, 2015-04-26 10:30:03, 31478
410770, 2015-04-26 10:35:02, 31507
410771, 2015-04-26 10:40:02, 31610
410772, 2015-04-26 10:45:03, 31663
410773, 2015-04-26 10:50:03, 31694
410774, 2015-04-26 10:55:01, 31660
410775, 2015-04-26 11:00:03, 31703
410776, 2015-04-26 11:05:02, 31735
410777, 2015-04-26 11:10:03, 31844
410778, 2015-04-26 11:15:02, 31902
410779, 2015-04-26 11:20:02, 31919
410780, 2015-04-26 11:25:02, 31937
410781, 2015-04-26 11:30:06, 31888
410782, 2015-04-26 11:35:01, 31858
410783, 2015-04-26 11:40:01, 31910
410784, 2015-04-26 11:45:01, 31885
410785, 2015-04-26 11:50:02, 31782
410786, 2015-04-26 11:55:02, 31664
410787, 2015-04-26 12:00:05, 31541
410788, 2015-04-26 12:05:02, 31450
410789, 2015-04-26 12:10:01, 31428
410790, 2015-04-26 12:15:02, 31370
410791, 2015-04-26 12:20:06, 31199
410792, 2015-04-26 12:25:01, 31051
410793, 2015-04-26 12:30:02, 31018
410794, 2015-04-26 12:35:02, 30810
410795, 2015-04-26 12:40:03, 30641
410796, 2015-04-26 12:45:02, 30470
410797, 2015-04-26 12:50:02, 30369
410798, 2015-04-26 12:55:02, 30239
410799, 2015-04-26 13:00:03, 30074
410800, 2015-04-26 13:05:02, 29903
410801, 2015-04-26 13:10:04, 29933
410802, 2015-04-26 13:15:01, 29885
410803, 2015-04-26 13:20:08, 29788
410804, 2015-04-26 13:25:01, 29735
410805, 2015-04-26 13:30:03, 29662
410806, 2015-04-26 13:35:03, 29615
410807, 2015-04-26 13:40:02, 29567
410808, 2015-04-26 13:45:03, 29563
410809, 2015-04-26 13:50:01, 29505
410810, 2015-04-26 13:55:02, 29461
410811, 2015-04-26 14:00:02, 29409
410812, 2015-04-26 14:05:01, 29346
410813, 2015-04-26 14:10:02, 29354
410814, 2015-04-26 14:15:02, 29331
410815, 2015-04-26 14:20:03, 29290
410816, 2015-04-26 14:25:02, 29318
410817, 2015-04-26 14:30:03, 29377
410818, 2015-04-26 14:35:02, 29409
410819, 2015-04-26 14:40:02, 29441
410820, 2015-04-26 14:45:02, 29475
410821, 2015-04-26 14:50:02, 29524
410822, 2015-04-26 14:55:03, 29588
410823, 2015-04-26 15:00:03, 29732
410824, 2015-04-26 15:05:01, 29771
410825, 2015-04-26 15:10:01, 29852
410826, 2015-04-26 15:15:02, 29903
410827, 2015-04-26 15:20:03, 29943
410828, 2015-04-26 15:25:02, 30074
410829, 2015-04-26 15:30:01, 30203
410830, 2015-04-26 15:35:02, 30335
410831, 2015-04-26 15:40:02, 30491
410832, 2015-04-26 15:45:03, 30570
410833, 2015-04-26 15:50:02, 30671
410834, 2015-04-26 15:55:02, 30823
410835, 2015-04-26 16:00:03, 31061
410836, 2015-04-26 16:05:02, 31206
410837, 2015-04-26 16:10:02, 31369
410838, 2015-04-26 16:15:02, 31429
410839, 2015-04-26 16:20:11, 31510
410840, 2015-04-26 16:25:02, 31457
410841, 2015-04-26 16:30:02, 31514
410842, 2015-04-26 16:35:02, 31628
410843, 2015-04-26 16:40:01, 31736
410844, 2015-04-26 16:45:04, 31761
410845, 2015-04-26 16:50:01, 31801
410846, 2015-04-26 16:55:02, 31953
410847, 2015-04-26 17:00:01, 31955
410848, 2015-04-26 17:05:02, 31981
410849, 2015-04-26 17:10:03, 32153
410850, 2015-04-26 17:15:02, 32205
410851, 2015-04-26 17:20:02, 32212
410852, 2015-04-26 17:25:02, 32225
410853, 2015-04-26 17:30:02, 32224
410854, 2015-04-26 17:35:03, 32238
410855, 2015-04-26 17:40:01, 32341
410856, 2015-04-26 17:45:03, 32440
410857, 2015-04-26 17:50:03, 32485
410858, 2015-04-26 17:55:01, 32585
410859, 2015-04-26 18:00:01, 32582
410860, 2015-04-26 18:05:02, 32628
410861, 2015-04-26 18:10:03, 32746
410862, 2015-04-26 18:15:02, 32739
410863, 2015-04-26 18:20:04, 32820
410864, 2015-04-26 18:25:02, 32896
410865, 2015-04-26 18:30:01, 32960
410866, 2015-04-26 18:35:03, 33057
410867, 2015-04-26 18:40:02, 33101
410868, 2015-04-26 18:45:03, 33063
410869, 2015-04-26 18:50:02, 32992
410870, 2015-04-26 18:55:02, 33046
410871, 2015-04-26 19:00:04, 33119
410872, 2015-04-26 19:05:06, 33128
410873, 2015-04-26 19:10:03, 33429
410874, 2015-04-26 19:15:01, 33425
410875, 2015-04-26 19:20:04, 33456
410876, 2015-04-26 19:25:01, 33554
410877, 2015-04-26 19:30:02, 33744
410878, 2015-04-26 19:35:01, 33829
410879, 2015-04-26 19:40:01, 34018
410880, 2015-04-26 19:45:02, 34310
410881, 2015-04-26 19:50:02, 34427
410882, 2015-04-26 19:55:02, 34611
410883, 2015-04-26 20:00:03, 34849
410884, 2015-04-26 20:05:03, 34933
410885, 2015-04-26 20:10:05, 35100
410886, 2015-04-26 20:15:02, 34908
410887, 2015-04-26 20:20:03, 34705
410888, 2015-04-26 20:25:02, 34482
410889, 2015-04-26 20:30:02, 34205
410890, 2015-04-26 20:35:02, 34020
410891, 2015-04-26 20:40:01, 33706
410892, 2015-04-26 20:45:02, 33370
410893, 2015-04-26 20:50:03, 33077
410894, 2015-04-26 20:55:01, 32706
410895, 2015-04-26 21:00:04, 32422
410896, 2015-04-26 21:05:03, 32289
410897, 2015-04-26 21:10:01, 32455
410898, 2015-04-26 21:15:01, 32047
410899, 2015-04-26 21:20:04, 31643
410900, 2015-04-26 21:25:01, 31285
410901, 2015-04-26 21:30:01, 30966
410902, 2015-04-26 21:35:02, 30614
410903, 2015-04-26 21:40:02, 30327
410904, 2015-04-26 21:45:02, 29883
410905, 2015-04-26 21:50:02, 29415
410906, 2015-04-26 21:55:02, 28989
410907, 2015-04-26 22:00:02, 28589
410908, 2015-04-26 22:05:02, 28162
410909, 2015-04-26 22:10:01, 27776
410910, 2015-04-26 22:15:02, 27489
410911, 2015-04-26 22:20:03, 27133
410912, 2015-04-26 22:25:03, 26683
410913, 2015-04-26 22:30:01, 26330
410914, 2015-04-26 22:35:01, 26090
410915, 2015-04-26 22:40:02, 25895
410916, 2015-04-26 22:45:02, 25711
410917, 2015-04-26 22:50:02, 25467
410918, 2015-04-26 22:55:01, 25216
410919, 2015-04-26 23:00:02, 25201
410920, 2015-04-26 23:05:04, 25008
410921, 2015-04-26 23:10:02, 24819
410922, 2015-04-26 23:15:02, 24585
410923, 2015-04-26 23:20:05, 24380
410924, 2015-04-26 23:25:02, 24425
410925, 2015-04-26 23:30:01, 24326
410926, 2015-04-26 23:35:02, 24174
410927, 2015-04-26 23:40:02, 24323
410928, 2015-04-26 23:45:02, 24322
410929, 2015-04-26 23:50:02, 24172
410930, 2015-04-26 23:55:01, 24279
410931, 2015-04-27 00:00:07, 24260
410932, 2015-04-27 00:05:02, 24220
410933, 2015-04-27 00:10:04, 24611
410934, 2015-04-27 00:15:01, 24656
410935, 2015-04-27 00:20:03, 24650
410936, 2015-04-27 00:25:02, 24653
410937, 2015-04-27 00:30:02, 24652
410938, 2015-04-27 00:35:01, 24644
410939, 2015-04-27 00:40:02, 25068
410940, 2015-04-27 00:45:02, 25107
410941, 2015-04-27 00:50:01, 25330
410942, 2015-04-27 00:55:01, 25366
410943, 2015-04-27 01:00:04, 25290
410944, 2015-04-27 01:05:04, 25286
410945, 2015-04-27 01:10:01, 25368
410946, 2015-04-27 01:15:01, 25298
410947, 2015-04-27 01:20:05, 25276
410948, 2015-04-27 01:25:03, 25452
410949, 2015-04-27 01:30:01, 25431
410950, 2015-04-27 01:35:02, 25366
410951, 2015-04-27 01:40:01, 25383
410952, 2015-04-27 01:45:03, 25356
410953, 2015-04-27 01:50:01, 25388
410954, 2015-04-27 01:55:03, 25486
410955, 2015-04-27 02:00:05, 25419
410956, 2015-04-27 02:05:06, 25382
410957, 2015-04-27 02:10:03, 25426
410958, 2015-04-27 02:15:04, 25389
410959, 2015-04-27 02:20:03, 25363
410960, 2015-04-27 02:25:01, 25291
410961, 2015-04-27 02:30:02, 25238
410962, 2015-04-27 02:35:02, 25212
410963, 2015-04-27 02:40:02, 25315
410964, 2015-04-27 02:45:03, 25234
410965, 2015-04-27 02:50:02, 25130
410966, 2015-04-27 02:55:02, 25207
410967, 2015-04-27 03:00:04, 25260
410968, 2015-04-27 03:05:03, 25275
410969, 2015-04-27 03:10:03, 25310
410970, 2015-04-27 03:15:02, 25322
410971, 2015-04-27 03:20:03, 25311
410972, 2015-04-27 03:25:02, 25308
410973, 2015-04-27 03:30:03, 25294
410974, 2015-04-27 03:35:03, 25320
410975, 2015-04-27 03:40:02, 25428
410976, 2015-04-27 03:45:03, 25472
410977, 2015-04-27 03:50:03, 25462
410978, 2015-04-27 03:55:02, 25523
410979, 2015-04-27 04:00:03, 25594
410980, 2015-04-27 04:05:03, 25499
410981, 2015-04-27 04:10:01, 25709
410982, 2015-04-27 04:15:02, 25814
410983, 2015-04-27 04:20:02, 25752
410984, 2015-04-27 04:25:03, 25823
410985, 2015-04-27 04:30:04, 25744
410986, 2015-04-27 04:35:03, 25658
410987, 2015-04-27 04:40:01, 25732
410988, 2015-04-27 04:45:05, 25913
410989, 2015-04-27 04:50:02, 26070
410990, 2015-04-27 04:55:02, 26244
410991, 2015-04-27 05:00:05, 26410
410992, 2015-04-27 05:05:15, 26647
410993, 2015-04-27 05:10:02, 27254
410994, 2015-04-27 05:15:02, 27769
410995, 2015-04-27 05:20:04, 28294
410996, 2015-04-27 05:25:02, 28701
410997, 2015-04-27 05:30:02, 29152
410998, 2015-04-27 05:35:03, 29603
410999, 2015-04-27 05:40:01, 30176
411000, 2015-04-27 05:45:02, 30886
411001, 2015-04-27 05:50:02, 31454
411002, 2015-04-27 05:55:03, 31821
411003, 2015-04-27 06:00:01, 32350
411004, 2015-04-27 06:05:02, 32852
411005, 2015-04-27 06:10:01, 33663
411006, 2015-04-27 06:15:02, 34540
411007, 2015-04-27 06:20:04, 35123
411008, 2015-04-27 06:25:20, 35421
411009, 2015-04-27 06:30:02, 35714
411010, 2015-04-27 06:35:02, 35949
411011, 2015-04-27 06:40:02, 36234
411012, 2015-04-27 06:45:03, 36573
411013, 2015-04-27 06:50:02, 36779
411014, 2015-04-27 06:55:02, 36838
411015, 2015-04-27 07:00:02, 36993
411016, 2015-04-27 07:05:01, 37163
411017, 2015-04-27 07:10:03, 37293
411018, 2015-04-27 07:15:02, 37448
411019, 2015-04-27 07:20:02, 37459
411020, 2015-04-27 07:25:02, 37389
411021, 2015-04-27 07:30:02, 37271
411022, 2015-04-27 07:35:02, 37195
411023, 2015-04-27 07:40:01, 36972
411024, 2015-04-27 07:45:02, 36842
411025, 2015-04-27 07:50:04, 36733
411026, 2015-04-27 07:55:02, 36666
411027, 2015-04-27 08:00:03, 36643
411028, 2015-04-27 08:05:02, 36653
411029, 2015-04-27 08:10:02, 36771
411030, 2015-04-27 08:15:01, 36842
411031, 2015-04-27 08:20:04, 36854
411032, 2015-04-27 08:25:02, 36867
411033, 2015-04-27 08:30:02, 36802
411034, 2015-04-27 08:35:02, 36752
411035, 2015-04-27 08:40:01, 36649
411036, 2015-04-27 08:45:01, 36537
411037, 2015-04-27 08:50:02, 36440
411038, 2015-04-27 08:55:02, 36343
411039, 2015-04-27 09:00:03, 36328
411040, 2015-04-27 09:05:02, 36318
411041, 2015-04-27 09:10:03, 36247
411042, 2015-04-27 09:15:02, 36164
411043, 2015-04-27 09:20:06, 35978
411044, 2015-04-27 09:25:05, 35907
411045, 2015-04-27 09:30:02, 35889
411046, 2015-04-27 09:35:02, 35827
411047, 2015-04-27 09:40:02, 35793
411048, 2015-04-27 09:45:03, 35816
411049, 2015-04-27 09:50:02, 35762
411050, 2015-04-27 09:55:03, 35714
411051, 2015-04-27 10:00:03, 35654
411052, 2015-04-27 10:05:02, 35665
411053, 2015-04-27 10:10:02, 35702
411054, 2015-04-27 10:15:02, 35804
411055, 2015-04-27 10:20:05, 35749
411056, 2015-04-27 10:25:02, 35712
411057, 2015-04-27 10:30:03, 35719
411058, 2015-04-27 10:35:03, 35802
411059, 2015-04-27 10:40:01, 35833
411060, 2015-04-27 10:45:03, 35833
411061, 2015-04-27 10:50:04, 35795
411062, 2015-04-27 10:55:02, 35772
411063, 2015-04-27 11:00:04, 35763
411064, 2015-04-27 11:05:01, 35721
411065, 2015-04-27 11:10:01, 35776
411066, 2015-04-27 11:15:02, 35763
411067, 2015-04-27 11:20:02, 35798
411068, 2015-04-27 11:25:02, 35768
411069, 2015-04-27 11:30:02, 35737
411070, 2015-04-27 11:35:02, 35728
411071, 2015-04-27 11:40:02, 35646
411072, 2015-04-27 11:45:02, 35514
411073, 2015-04-27 11:50:01, 35452
411074, 2015-04-27 11:55:01, 35418
411075, 2015-04-27 12:00:02, 35378
411076, 2015-04-27 12:05:02, 35328
411077, 2015-04-27 12:10:03, 35379
411078, 2015-04-27 12:15:01, 35389
411079, 2015-04-27 12:20:03, 35220
411080, 2015-04-27 12:25:02, 35172
411081, 2015-04-27 12:30:04, 35115
411082, 2015-04-27 12:35:01, 35041
411083, 2015-04-27 12:40:02, 35172
411084, 2015-04-27 12:45:02, 35179
411085, 2015-04-27 12:50:02, 35080
411086, 2015-04-27 12:55:01, 35064
411087, 2015-04-27 13:00:02, 35040
411088, 2015-04-27 13:05:02, 34940
411089, 2015-04-27 13:10:02, 34911
411090, 2015-04-27 13:15:02, 34882
411091, 2015-04-27 13:20:04, 34850
411092, 2015-04-27 13:25:02, 34964
411093, 2015-04-27 13:30:03, 35053
411094, 2015-04-27 13:35:02, 35100
411095, 2015-04-27 13:40:01, 35215
411096, 2015-04-27 13:45:02, 35114
411097, 2015-04-27 13:50:03, 35118
411098, 2015-04-27 13:55:03, 35101
411099, 2015-04-27 14:00:06, 35126
411100, 2015-04-27 14:05:02, 35058
411101, 2015-04-27 14:10:02, 35119
411102, 2015-04-27 14:15:04, 35054
411103, 2015-04-27 14:20:05, 34900
411104, 2015-04-27 14:25:01, 34871
411105, 2015-04-27 14:30:04, 34958
411106, 2015-04-27 14:35:03, 35089
411107, 2015-04-27 14:40:41, 35220
411108, 2015-04-27 14:45:23, 35263
411109, 2015-04-27 14:51:15, 35379
411110, 2015-04-27 14:55:41, 35604
411111, 2015-04-27 15:01:37, 35757
411112, 2015-04-27 15:05:43, 36045
411113, 2015-04-27 15:10:04, 36265
411114, 2015-04-27 15:15:02, 36416
411115, 2015-04-27 15:20:02, 36578
411116, 2015-04-27 15:25:05, 36719
411117, 2015-04-27 15:30:04, 36830
411118, 2015-04-27 15:35:02, 37106
411119, 2015-04-27 15:40:02, 37393
411120, 2015-04-27 15:45:04, 37500
411121, 2015-04-27 15:50:02, 37642
411122, 2015-04-27 15:55:01, 37784
411123, 2015-04-27 16:00:01, 38030
411124, 2015-04-27 16:05:02, 38153
411125, 2015-04-27 16:10:02, 38169
411126, 2015-04-27 16:15:03, 38229
411127, 2015-04-27 16:20:03, 38310
411128, 2015-04-27 16:25:02, 38421
411129, 2015-04-27 16:30:05, 38453
411130, 2015-04-27 16:35:02, 38424
411131, 2015-04-27 16:40:01, 38393
411132, 2015-04-27 16:45:02, 38309
411133, 2015-04-27 16:50:04, 38276
411134, 2015-04-27 16:55:02, 38295
411135, 2015-04-27 17:00:02, 38292
411136, 2015-04-27 17:05:03, 38255
411137, 2015-04-27 17:10:02, 38317
411138, 2015-04-27 17:15:02, 38238
411139, 2015-04-27 17:20:06, 38224
411140, 2015-04-27 17:25:01, 38377
411141, 2015-04-27 17:30:03, 38380
411142, 2015-04-27 17:35:15, 38337
411143, 2015-04-27 17:40:02, 38393
411144, 2015-04-27 17:45:02, 38337
411145, 2015-04-27 17:50:02, 38279
411146, 2015-04-27 17:55:02, 38283
411147, 2015-04-27 18:00:05, 38301
411148, 2015-04-27 18:05:02, 38310
411149, 2015-04-27 18:10:01, 38294
411150, 2015-04-27 18:15:01, 38124
411151, 2015-04-27 18:20:03, 38009
411152, 2015-04-27 18:25:03, 37907
411153, 2015-04-27 18:30:03, 37701
411154, 2015-04-27 18:35:02, 37774
411155, 2015-04-27 18:40:01, 37893
411156, 2015-04-27 18:45:03, 37783
411157, 2015-04-27 18:50:02, 37778
411158, 2015-04-27 18:55:02, 37739
411159, 2015-04-27 19:00:02, 37642
411160, 2015-04-27 19:05:02, 37533
411161, 2015-04-27 19:10:01, 37717
411162, 2015-04-27 19:15:01, 37584
411163, 2015-04-27 19:20:03, 37359
411164, 2015-04-27 19:25:01, 37411
411165, 2015-04-27 19:30:01, 37415
411166, 2015-04-27 19:35:02, 37507
411167, 2015-04-27 19:40:02, 37858
411168, 2015-04-27 19:45:03, 37782
411169, 2015-04-27 19:50:04, 37811
411170, 2015-04-27 19:55:02, 38017
411171, 2015-04-27 20:00:03, 37826
411172, 2015-04-27 20:05:01, 38009
411173, 2015-04-27 20:10:02, 38116
411174, 2015-04-27 20:15:02, 37842
411175, 2015-04-27 20:20:06, 37620
411176, 2015-04-27 20:25:02, 37398
411177, 2015-04-27 20:30:03, 37060
411178, 2015-04-27 20:35:01, 36757
411179, 2015-04-27 20:40:02, 36497
411180, 2015-04-27 20:45:02, 36222
411181, 2015-04-27 20:50:05, 35831
411182, 2015-04-27 20:55:01, 35627
411183, 2015-04-27 21:00:04, 35148
411184, 2015-04-27 21:05:03, 34494
411185, 2015-04-27 21:10:02, 34374
411186, 2015-04-27 21:15:04, 33930
411187, 2015-04-27 21:20:05, 33365
411188, 2015-04-27 21:25:02, 32939
411189, 2015-04-27 21:30:02, 32477
411190, 2015-04-27 21:35:02, 32054
411191, 2015-04-27 21:40:02, 31767
411192, 2015-04-27 21:45:02, 31401
411193, 2015-04-27 21:50:02, 30891
411194, 2015-04-27 21:55:02, 30435
411195, 2015-04-27 22:00:02, 29928
411196, 2015-04-27 22:05:04, 29396
411197, 2015-04-27 22:10:02, 28970
411198, 2015-04-27 22:15:02, 28642
411199, 2015-04-27 22:20:06, 28337
411200, 2015-04-27 22:25:02, 27876
411201, 2015-04-27 22:30:04, 27451
411202, 2015-04-27 22:35:06, 27158
411203, 2015-04-27 22:40:06, 27008
411204, 2015-04-27 22:45:02, 26710
411205, 2015-04-27 22:50:02, 26451
411206, 2015-04-27 22:55:01, 26473
411207, 2015-04-27 23:00:02, 26196
411208, 2015-04-27 23:05:02, 26024
411209, 2015-04-27 23:10:02, 25975
411210, 2015-04-27 23:15:02, 25913
411211, 2015-04-27 23:20:04, 25900
411212, 2015-04-27 23:25:02, 25845
411213, 2015-04-27 23:30:04, 25892
411214, 2015-04-27 23:35:02, 25706
411215, 2015-04-27 23:40:01, 25631
411216, 2015-04-27 23:45:01, 25517
411217, 2015-04-27 23:50:01, 25417
411218, 2015-04-27 23:55:01, 25338
411219, 2015-04-28 00:00:05, 25224
411220, 2015-04-28 00:05:02, 25173
411221, 2015-04-28 00:10:03, 25391
411222, 2015-04-28 00:15:02, 25480
411223, 2015-04-28 00:20:02, 25518
411224, 2015-04-28 00:25:02, 25538
411225, 2015-04-28 00:30:02, 25530
411226, 2015-04-28 00:35:02, 25595
411227, 2015-04-28 00:40:01, 25872
411228, 2015-04-28 00:45:02, 25935
411229, 2015-04-28 00:50:03, 25972
411230, 2015-04-28 00:55:01, 26008
411231, 2015-04-28 01:00:06, 25918
411232, 2015-04-28 01:05:02, 25819
411233, 2015-04-28 01:10:02, 25831
411234, 2015-04-28 01:15:03, 25712
411235, 2015-04-28 01:20:04, 25607
411236, 2015-04-28 01:25:03, 25517
411237, 2015-04-28 01:30:02, 25379
411238, 2015-04-28 01:35:29, 25382
411239, 2015-04-28 01:40:51, 25452
411240, 2015-04-28 01:45:02, 25415
411241, 2015-04-28 01:50:02, 25375
411242, 2015-04-28 01:55:02, 25287
411243, 2015-04-28 02:00:03, 25212
411244, 2015-04-28 02:05:02, 25116
411245, 2015-04-28 02:10:02, 25164
411246, 2015-04-28 02:15:01, 25069
411247, 2015-04-28 02:20:04, 25009
411248, 2015-04-28 02:25:02, 25024
411249, 2015-04-28 02:30:05, 25031
411250, 2015-04-28 02:35:25, 24969
411251, 2015-04-28 02:40:24, 25045
411252, 2015-04-28 02:45:02, 24952
411253, 2015-04-28 02:50:04, 25018
411254, 2015-04-28 02:55:02, 25009
411255, 2015-04-28 03:00:04, 24975
411256, 2015-04-28 03:05:02, 24935
411257, 2015-04-28 03:10:04, 24953
411258, 2015-04-28 03:15:01, 24937
411259, 2015-04-28 03:20:04, 24882
411260, 2015-04-28 03:25:01, 24806
411261, 2015-04-28 03:30:03, 24775
411262, 2015-04-28 03:35:02, 24789
411263, 2015-04-28 03:40:02, 24881
411264, 2015-04-28 03:45:03, 24872
411265, 2015-04-28 03:50:02, 24895
411266, 2015-04-28 03:55:02, 24959
411267, 2015-04-28 04:00:03, 25044
411268, 2015-04-28 04:05:03, 25046
411269, 2015-04-28 04:10:02, 25241
411270, 2015-04-28 04:15:04, 25345
411271, 2015-04-28 04:20:04, 25445
411272, 2015-04-28 04:25:02, 25498
411273, 2015-04-28 04:30:03, 25486
411274, 2015-04-28 04:35:02, 25475
411275, 2015-04-28 04:40:02, 25630
411276, 2015-04-28 04:45:03, 25626
411277, 2015-04-28 04:50:03, 25558
411278, 2015-04-28 04:55:01, 25600
411279, 2015-04-28 05:00:07, 25683
411280, 2015-04-28 05:05:02, 25816
411281, 2015-04-28 05:10:02, 26284
411282, 2015-04-28 05:15:01, 27150
411283, 2015-04-28 05:20:04, 27758
411284, 2015-04-28 05:25:01, 28221
411285, 2015-04-28 05:30:03, 28659
411286, 2015-04-28 05:35:02, 29068
411287, 2015-04-28 05:40:02, 29595
411288, 2015-04-28 05:45:01, 30168
411289, 2015-04-28 05:50:04, 30686
411290, 2015-04-28 05:55:02, 31159
411291, 2015-04-28 06:00:03, 31567
411292, 2015-04-28 06:05:02, 31964
411293, 2015-04-28 06:10:02, 32655
411294, 2015-04-28 06:15:02, 33520
411295, 2015-04-28 06:20:05, 34023
411296, 2015-04-28 06:25:02, 34413
411297, 2015-04-28 06:30:02, 34699
411298, 2015-04-28 06:35:02, 34873
411299, 2015-04-28 06:40:01, 35043
411300, 2015-04-28 06:45:02, 35263
411301, 2015-04-28 06:50:03, 35432
411302, 2015-04-28 06:55:02, 35527
411303, 2015-04-28 07:00:04, 35619
411304, 2015-04-28 07:05:01, 35657
411305, 2015-04-28 07:10:03, 35742
411306, 2015-04-28 07:15:02, 35824
411307, 2015-04-28 07:20:02, 35814
411308, 2015-04-28 07:25:03, 35733
411309, 2015-04-28 07:30:02, 35582
411310, 2015-04-28 07:35:04, 35412
411311, 2015-04-28 07:40:04, 35233
411312, 2015-04-28 07:45:02, 35045
411313, 2015-04-28 07:50:04, 34958
411314, 2015-04-28 07:55:02, 34909
411315, 2015-04-28 08:00:04, 34819
411316, 2015-04-28 08:05:03, 34887
411317, 2015-04-28 08:10:01, 35085
411318, 2015-04-28 08:15:01, 35239
411319, 2015-04-28 08:20:05, 35396
411320, 2015-04-28 08:25:02, 35276
411321, 2015-04-28 08:30:13, 35106
411322, 2015-04-28 08:35:04, 35086
411323, 2015-04-28 08:40:01, 35023
411324, 2015-04-28 08:45:01, 34919
411325, 2015-04-28 08:50:04, 34858
411326, 2015-04-28 08:55:02, 34884
411327, 2015-04-28 09:00:02, 34826
411328, 2015-04-28 09:05:02, 34836
411329, 2015-04-28 09:10:02, 34790
411330, 2015-04-28 09:15:02, 34725
411331, 2015-04-28 09:20:03, 34624
411332, 2015-04-28 09:25:02, 34646
411333, 2015-04-28 09:30:03, 34565
411334, 2015-04-28 09:35:02, 34576
411335, 2015-04-28 09:40:01, 34578
411336, 2015-04-28 09:45:02, 34447
411337, 2015-04-28 09:50:03, 34496
411338, 2015-04-28 09:55:01, 34424
411339, 2015-04-28 10:00:10, 34378
411340, 2015-04-28 10:05:03, 34366
411341, 2015-04-28 10:10:05, 34387
411342, 2015-04-28 10:15:02, 34484
411343, 2015-04-28 10:20:04, 34482
411344, 2015-04-28 10:25:03, 34430
411345, 2015-04-28 10:30:03, 34479
411346, 2015-04-28 10:35:02, 34595
411347, 2015-04-28 10:40:03, 34579
411348, 2015-04-28 10:45:02, 34564
411349, 2015-04-28 10:50:01, 34616
411350, 2015-04-28 10:55:02, 34608
411351, 2015-04-28 11:00:05, 34568
411352, 2015-04-28 11:05:03, 34604
411353, 2015-04-28 11:10:02, 34718
411354, 2015-04-28 11:15:03, 34767
411355, 2015-04-28 11:20:05, 34651
411356, 2015-04-28 11:25:03, 34556
411357, 2015-04-28 11:30:03, 34562
411358, 2015-04-28 11:35:02, 34528
411359, 2015-04-28 11:40:02, 34393
411360, 2015-04-28 11:45:02, 34400
411361, 2015-04-28 11:50:02, 34336
411362, 2015-04-28 11:55:01, 34187
411363, 2015-04-28 12:00:03, 34136
411364, 2015-04-28 12:05:05, 33956
411365, 2015-04-28 12:10:06, 34006
411366, 2015-04-28 12:15:01, 33886
411367, 2015-04-28 12:20:06, 33810
411368, 2015-04-28 12:25:03, 33646
411369, 2015-04-28 12:30:03, 33502
411370, 2015-04-28 12:35:02, 33386
411371, 2015-04-28 12:40:01, 33393
411372, 2015-04-28 12:45:02, 33368
411373, 2015-04-28 12:50:03, 33469
411374, 2015-04-28 12:55:02, 33457
411375, 2015-04-28 13:00:03, 33393
411376, 2015-04-28 13:05:06, 33372
411377, 2015-04-28 13:10:02, 33393
411378, 2015-04-28 13:15:02, 33451
411379, 2015-04-28 13:20:06, 33422
411380, 2015-04-28 13:25:05, 33408
411381, 2015-04-28 13:30:03, 33373
411382, 2015-04-28 13:35:02, 33284
411383, 2015-04-28 13:40:02, 33299
411384, 2015-04-28 13:45:05, 33265
411385, 2015-04-28 13:50:02, 33345
411386, 2015-04-28 13:55:03, 33244
411387, 2015-04-28 14:00:04, 33125
411388, 2015-04-28 14:05:02, 33018
411389, 2015-04-28 14:10:07, 33160
411390, 2015-04-28 14:15:02, 33039
411391, 2015-04-28 14:20:07, 32934
411392, 2015-04-28 14:25:01, 32941
411393, 2015-04-28 14:30:04, 32978
411394, 2015-04-28 14:35:02, 33071
411395, 2015-04-28 14:40:02, 33160
411396, 2015-04-28 14:45:03, 33327
411397, 2015-04-28 14:50:03, 33561
411398, 2015-04-28 14:55:02, 33749
411399, 2015-04-28 15:00:04, 33795
411400, 2015-04-28 15:05:03, 34062
411401, 2015-04-28 15:10:02, 34246
411402, 2015-04-28 15:15:02, 34419
411403, 2015-04-28 15:20:04, 34515
411404, 2015-04-28 15:25:01, 34759
411405, 2015-04-28 15:30:03, 34919
411406, 2015-04-28 15:35:01, 35157
411407, 2015-04-28 15:40:02, 35413
411408, 2015-04-28 15:45:11, 35634
411409, 2015-04-28 15:50:02, 35773
411410, 2015-04-28 15:55:03, 35914
411411, 2015-04-28 16:00:03, 36046
411412, 2015-04-28 16:05:02, 36217
411413, 2015-04-28 16:10:05, 36471
411414, 2015-04-28 16:15:02, 36564
411415, 2015-04-28 16:20:03, 36659
411416, 2015-04-28 16:25:03, 36780
411417, 2015-04-28 16:30:01, 36813
411418, 2015-04-28 16:35:03, 36805
411419, 2015-04-28 16:40:03, 36938
411420, 2015-04-28 16:45:03, 36950
411421, 2015-04-28 16:50:04, 36884
411422, 2015-04-28 16:55:02, 36931
411423, 2015-04-28 17:00:06, 36899
411424, 2015-04-28 17:05:01, 36999
411425, 2015-04-28 17:10:02, 37088
411426, 2015-04-28 17:15:01, 37042
411427, 2015-04-28 17:20:06, 36981
411428, 2015-04-28 17:25:02, 36956
411429, 2015-04-28 17:30:04, 36912
411430, 2015-04-28 17:35:02, 36914
411431, 2015-04-28 17:40:02, 36894
411432, 2015-04-28 17:45:03, 36966
411433, 2015-04-28 17:50:04, 37047
411434, 2015-04-28 17:55:10, 37043
411435, 2015-04-28 18:00:04, 37034
411436, 2015-04-28 18:05:02, 36976
411437, 2015-04-28 18:10:01, 37010
411438, 2015-04-28 18:15:03, 37014
411439, 2015-04-28 18:20:08, 37060
411440, 2015-04-28 18:25:03, 36988
411441, 2015-04-28 18:30:04, 36962
411442, 2015-04-28 18:35:01, 36945
411443, 2015-04-28 18:40:02, 37149
411444, 2015-04-28 18:45:04, 37175
411445, 2015-04-28 18:50:03, 37256
411446, 2015-04-28 18:55:02, 37171
411447, 2015-04-28 19:00:02, 37125
411448, 2015-04-28 19:05:02, 37193
411449, 2015-04-28 19:10:01, 37492
411450, 2015-04-28 19:15:02, 37462
411451, 2015-04-28 19:20:06, 37484
411452, 2015-04-28 19:25:02, 37652
411453, 2015-04-28 19:30:02, 37695
411454, 2015-04-28 19:35:07, 37779
411455, 2015-04-28 19:40:06, 37930
411456, 2015-04-28 19:45:03, 38032
411457, 2015-04-28 19:50:04, 38286
411458, 2015-04-28 19:55:02, 38411
411459, 2015-04-28 20:00:05, 38375
411460, 2015-04-28 20:05:01, 38340
411461, 2015-04-28 20:10:03, 38435
411462, 2015-04-28 20:15:03, 38395
411463, 2015-04-28 20:20:06, 38141
411464, 2015-04-28 20:25:02, 37858
411465, 2015-04-28 20:30:01, 37536
411466, 2015-04-28 20:35:02, 37217
411467, 2015-04-28 20:40:04, 36840
411468, 2015-04-28 20:45:01, 36383
411469, 2015-04-28 20:50:03, 35977
411470, 2015-04-28 20:55:02, 35721
411471, 2015-04-28 21:00:03, 35442
411472, 2015-04-28 21:05:02, 35074
411473, 2015-04-28 21:10:03, 34816
411474, 2015-04-28 21:15:02, 34351
411475, 2015-04-28 21:20:04, 33831
411476, 2015-04-28 21:25:02, 33388
411477, 2015-04-28 21:30:02, 33010
411478, 2015-04-28 21:35:03, 32541
411479, 2015-04-28 21:40:02, 32200
411480, 2015-04-28 21:45:02, 31700
411481, 2015-04-28 21:50:05, 31240
411482, 2015-04-28 21:55:03, 30850
411483, 2015-04-28 22:00:05, 30306
411484, 2015-04-28 22:05:03, 29774
411485, 2015-04-28 22:10:05, 29308
411486, 2015-04-28 22:15:03, 28827
411487, 2015-04-28 22:20:05, 28443
411488, 2015-04-28 22:25:02, 28144
411489, 2015-04-28 22:30:02, 27777
411490, 2015-04-28 22:35:02, 27526
411491, 2015-04-28 22:40:02, 27342
411492, 2015-04-28 22:45:03, 27068
411493, 2015-04-28 22:50:04, 26762
411494, 2015-04-28 22:55:03, 26375
411495, 2015-04-28 23:00:04, 26147
411496, 2015-04-28 23:05:02, 26091
411497, 2015-04-28 23:10:05, 25963
411498, 2015-04-28 23:15:02, 25948
411499, 2015-04-28 23:20:05, 25844
411500, 2015-04-28 23:25:02, 25767
411501, 2015-04-28 23:30:02, 25810
411502, 2015-04-28 23:35:02, 25859
411503, 2015-04-28 23:40:01, 25874
411504, 2015-04-28 23:45:03, 25803
411505, 2015-04-28 23:50:02, 25744
411506, 2015-04-28 23:55:02, 25676
411507, 2015-04-29 00:00:03, 25584
411508, 2015-04-29 00:05:02, 25468
411509, 2015-04-29 00:10:02, 25567
411510, 2015-04-29 00:15:02, 25629
411511, 2015-04-29 00:20:02, 25642
411512, 2015-04-29 00:25:02, 25603
411513, 2015-04-29 00:30:01, 25599
411514, 2015-04-29 00:35:03, 25583
411515, 2015-04-29 00:40:01, 25817
411516, 2015-04-29 00:45:02, 25915
411517, 2015-04-29 00:50:04, 25900
411518, 2015-04-29 00:55:01, 25982
411519, 2015-04-29 01:00:04, 25972
411520, 2015-04-29 01:05:04, 25838
411521, 2015-04-29 01:10:04, 25797
411522, 2015-04-29 01:15:02, 25737
411523, 2015-04-29 01:20:04, 25804
411524, 2015-04-29 01:25:01, 25715
411525, 2015-04-29 01:30:03, 25688
411526, 2015-04-29 01:35:02, 25630
411527, 2015-04-29 01:40:02, 25795
411528, 2015-04-29 01:45:01, 25719
411529, 2015-04-29 01:50:04, 25652
411530, 2015-04-29 01:55:03, 25576
411531, 2015-04-29 02:00:06, 25487
411532, 2015-04-29 02:05:02, 25447
411533, 2015-04-29 02:10:01, 25428
411534, 2015-04-29 02:15:02, 25369
411535, 2015-04-29 02:20:05, 25408
411536, 2015-04-29 02:25:01, 25366
411537, 2015-04-29 02:30:02, 25323
411538, 2015-04-29 02:35:02, 25257
411539, 2015-04-29 02:40:01, 25393
411540, 2015-04-29 02:45:01, 25446
411541, 2015-04-29 02:50:02, 25402
411542, 2015-04-29 02:55:01, 25383
411543, 2015-04-29 03:00:03, 25338
411544, 2015-04-29 03:05:01, 25272
411545, 2015-04-29 03:10:01, 25244
411546, 2015-04-29 03:15:01, 25263
411547, 2015-04-29 03:20:04, 25257
411548, 2015-04-29 03:25:02, 25236
411549, 2015-04-29 03:30:02, 25239
411550, 2015-04-29 03:35:03, 25271
411551, 2015-04-29 03:40:01, 25333
411552, 2015-04-29 03:45:02, 25307
411553, 2015-04-29 03:50:03, 25248
411554, 2015-04-29 03:55:02, 25300
411555, 2015-04-29 04:00:03, 25316
411556, 2015-04-29 04:05:04, 25378
411557, 2015-04-29 04:10:01, 25528
411558, 2015-04-29 04:15:01, 25547
411559, 2015-04-29 04:20:04, 25557
411560, 2015-04-29 04:25:01, 25588
411561, 2015-04-29 04:30:03, 25620
411562, 2015-04-29 04:35:03, 25604
411563, 2015-04-29 04:40:01, 25720
411564, 2015-04-29 04:45:03, 25679
411565, 2015-04-29 04:50:04, 25592
411566, 2015-04-29 04:55:02, 25623
411567, 2015-04-29 05:00:03, 25737
411568, 2015-04-29 05:05:03, 25846
411569, 2015-04-29 05:10:03, 26337
411570, 2015-04-29 05:15:02, 27062
411571, 2015-04-29 05:20:05, 27542
411572, 2015-04-29 05:25:01, 27914
411573, 2015-04-29 05:30:03, 28350
411574, 2015-04-29 05:35:02, 28759
411575, 2015-04-29 05:40:02, 29259
411576, 2015-04-29 05:45:02, 30022
411577, 2015-04-29 05:50:04, 30531
411578, 2015-04-29 05:55:02, 31177
411579, 2015-04-29 06:00:05, 31720
411580, 2015-04-29 06:05:02, 32359
411581, 2015-04-29 06:10:05, 33037
411582, 2015-04-29 06:15:03, 34118
411583, 2015-04-29 06:20:07, 34812
411584, 2015-04-29 06:25:01, 35162
411585, 2015-04-29 06:30:02, 35566
411586, 2015-04-29 06:35:02, 35786
411587, 2015-04-29 06:40:02, 35922
411588, 2015-04-29 06:45:02, 36076
411589, 2015-04-29 06:50:05, 36274
411590, 2015-04-29 06:55:02, 36510
411591, 2015-04-29 07:00:02, 36543
411592, 2015-04-29 07:05:02, 36722
411593, 2015-04-29 07:10:04, 37057
411594, 2015-04-29 07:15:02, 37284
411595, 2015-04-29 07:20:05, 37364
411596, 2015-04-29 07:25:02, 37396
411597, 2015-04-29 07:30:03, 37458
411598, 2015-04-29 07:35:03, 37479
411599, 2015-04-29 07:40:03, 37327
411600, 2015-04-29 07:45:03, 37295
411601, 2015-04-29 07:50:03, 37308
411602, 2015-04-29 07:55:02, 37365
411603, 2015-04-29 08:00:06, 37476
411604, 2015-04-29 08:05:04, 37541
411605, 2015-04-29 08:10:04, 37697
411606, 2015-04-29 08:15:01, 37884
411607, 2015-04-29 08:20:04, 37893
411608, 2015-04-29 08:25:03, 37882
411609, 2015-04-29 08:30:02, 37861
411610, 2015-04-29 08:35:02, 37962
411611, 2015-04-29 08:40:04, 38027
411612, 2015-04-29 08:45:04, 37988
411613, 2015-04-29 08:50:04, 37938
411614, 2015-04-29 08:55:03, 37902
411615, 2015-04-29 09:00:06, 37866
411616, 2015-04-29 09:05:02, 37807
411617, 2015-04-29 09:10:04, 37742
411618, 2015-04-29 09:15:01, 37625
411619, 2015-04-29 09:20:06, 37541
411620, 2015-04-29 09:25:02, 37399
411621, 2015-04-29 09:30:02, 37280
411622, 2015-04-29 09:35:01, 37166
411623, 2015-04-29 09:40:02, 37294
411624, 2015-04-29 09:45:03, 37272
411625, 2015-04-29 09:50:04, 37238
411626, 2015-04-29 09:55:02, 37166
411627, 2015-04-29 10:00:03, 37038
411628, 2015-04-29 10:05:03, 37021
411629, 2015-04-29 10:10:02, 37141
411630, 2015-04-29 10:15:02, 37084
411631, 2015-04-29 10:20:04, 36927
411632, 2015-04-29 10:25:01, 36876
411633, 2015-04-29 10:30:04, 36805
411634, 2015-04-29 10:35:02, 36696
411635, 2015-04-29 10:40:02, 36647
411636, 2015-04-29 10:45:04, 36648
411637, 2015-04-29 10:50:03, 36556
411638, 2015-04-29 10:55:02, 36528
411639, 2015-04-29 11:00:05, 36428
411640, 2015-04-29 11:05:02, 36458
411641, 2015-04-29 11:10:02, 36560
411642, 2015-04-29 11:15:04, 36518
411643, 2015-04-29 11:20:06, 36486
411644, 2015-04-29 11:25:04, 36380
411645, 2015-04-29 11:30:04, 36248
411646, 2015-04-29 11:35:03, 36169
411647, 2015-04-29 11:40:01, 36074
411648, 2015-04-29 11:45:04, 36069
411649, 2015-04-29 11:50:07, 35807
411650, 2015-04-29 11:55:02, 35702
411651, 2015-04-29 12:00:11, 35685
411652, 2015-04-29 12:05:07, 35571
411653, 2015-04-29 12:10:03, 35499
411654, 2015-04-29 12:15:02, 35439
411655, 2015-04-29 12:20:10, 35383
411656, 2015-04-29 12:25:02, 35198
411657, 2015-04-29 12:30:03, 35073
411658, 2015-04-29 12:35:03, 34878
411659, 2015-04-29 12:40:03, 34870
411660, 2015-04-29 12:45:02, 34778
411661, 2015-04-29 12:50:02, 34694
411662, 2015-04-29 12:55:03, 34646
411663, 2015-04-29 13:00:03, 34548
411664, 2015-04-29 13:05:02, 34426
411665, 2015-04-29 13:10:01, 34400
411666, 2015-04-29 13:15:02, 34422
411667, 2015-04-29 13:20:06, 34407
411668, 2015-04-29 13:25:02, 34250
411669, 2015-04-29 13:30:03, 34124
411670, 2015-04-29 13:35:02, 34125
411671, 2015-04-29 13:40:02, 34135
411672, 2015-04-29 13:45:03, 34056
411673, 2015-04-29 13:50:02, 33971
411674, 2015-04-29 13:55:06, 33854
411675, 2015-04-29 14:00:03, 33695
411676, 2015-04-29 14:05:02, 33636
411677, 2015-04-29 14:10:04, 33627
411678, 2015-04-29 14:15:02, 33564
411679, 2015-04-29 14:20:04, 33531
411680, 2015-04-29 14:25:01, 33535
411681, 2015-04-29 14:30:03, 33469
411682, 2015-04-29 14:35:03, 33559
411683, 2015-04-29 14:40:02, 33681
411684, 2015-04-29 14:45:02, 33737
411685, 2015-04-29 14:50:03, 33854
411686, 2015-04-29 14:55:04, 34063
411687, 2015-04-29 15:00:03, 34165
411688, 2015-04-29 15:05:02, 34410
411689, 2015-04-29 15:10:04, 34483
411690, 2015-04-29 15:15:02, 34526
411691, 2015-04-29 15:20:03, 34590
411692, 2015-04-29 15:25:01, 34766
411693, 2015-04-29 15:30:02, 34903
411694, 2015-04-29 15:35:02, 35065
411695, 2015-04-29 15:40:01, 35258
411696, 2015-04-29 15:45:02, 35517
411697, 2015-04-29 15:50:02, 35588
411698, 2015-04-29 15:55:07, 35787
411699, 2015-04-29 16:00:03, 35920
411700, 2015-04-29 16:05:02, 36161
411701, 2015-04-29 16:10:03, 36296
411702, 2015-04-29 16:15:22, 36207
411703, 2015-04-29 16:20:02, 36207
411704, 2015-04-29 16:25:02, 36314
411705, 2015-04-29 16:30:02, 36382
411706, 2015-04-29 16:35:03, 36474
411707, 2015-04-29 16:40:05, 36528
411708, 2015-04-29 16:45:02, 36388
411709, 2015-04-29 16:50:02, 36292
411710, 2015-04-29 16:55:03, 36256
411711, 2015-04-29 17:00:01, 36319
411712, 2015-04-29 17:05:01, 36418
411713, 2015-04-29 17:10:02, 36560
411714, 2015-04-29 17:15:03, 36428
411715, 2015-04-29 17:20:07, 36402
411716, 2015-04-29 17:25:01, 36418
411717, 2015-04-29 17:30:02, 36385
411718, 2015-04-29 17:35:02, 36441
411719, 2015-04-29 17:40:01, 36587
411720, 2015-04-29 17:45:02, 36636
411721, 2015-04-29 17:50:02, 36690
411722, 2015-04-29 17:55:03, 36778
411723, 2015-04-29 18:00:03, 36805
411724, 2015-04-29 18:05:02, 36748
411725, 2015-04-29 18:10:01, 36675
411726, 2015-04-29 18:15:02, 36627
411727, 2015-04-29 18:20:03, 36698
411728, 2015-04-29 18:25:02, 36658
411729, 2015-04-29 18:30:08, 36556
411730, 2015-04-29 18:35:02, 36623
411731, 2015-04-29 18:40:02, 36750
411732, 2015-04-29 18:45:02, 36668
411733, 2015-04-29 18:50:02, 36724
411734, 2015-04-29 18:55:02, 36705
411735, 2015-04-29 19:00:02, 36536
411736, 2015-04-29 19:05:03, 36594
411737, 2015-04-29 19:10:01, 36815
411738, 2015-04-29 19:15:03, 36756
411739, 2015-04-29 19:20:04, 36773
411740, 2015-04-29 19:25:01, 36766
411741, 2015-04-29 19:30:04, 36726
411742, 2015-04-29 19:35:02, 36787
411743, 2015-04-29 19:40:02, 36867
411744, 2015-04-29 19:45:03, 36951
411745, 2015-04-29 19:50:02, 37072
411746, 2015-04-29 19:55:02, 37277
411747, 2015-04-29 20:00:07, 37422
411748, 2015-04-29 20:05:01, 37461
411749, 2015-04-29 20:10:02, 37552
411750, 2015-04-29 20:15:02, 37473
411751, 2015-04-29 20:20:04, 37287
411752, 2015-04-29 20:25:04, 37134
411753, 2015-04-29 20:30:06, 36809
411754, 2015-04-29 20:35:02, 36582
411755, 2015-04-29 20:40:02, 36685
411756, 2015-04-29 20:45:02, 36240
411757, 2015-04-29 20:50:02, 35854
411758, 2015-04-29 20:55:03, 35587
411759, 2015-04-29 21:00:04, 35362
411760, 2015-04-29 21:05:02, 34978
411761, 2015-04-29 21:10:02, 34760
411762, 2015-04-29 21:15:03, 34257
411763, 2015-04-29 21:20:03, 33767
411764, 2015-04-29 21:25:03, 33335
411765, 2015-04-29 21:30:02, 32912
411766, 2015-04-29 21:35:03, 32514
411767, 2015-04-29 21:40:01, 32208
411768, 2015-04-29 21:45:02, 31725
411769, 2015-04-29 21:50:02, 31337
411770, 2015-04-29 21:55:02, 30908
411771, 2015-04-29 22:00:03, 30426
411772, 2015-04-29 22:05:01, 29960
411773, 2015-04-29 22:10:06, 29549
411774, 2015-04-29 22:15:02, 29171
411775, 2015-04-29 22:20:02, 28790
411776, 2015-04-29 22:25:03, 28457
411777, 2015-04-29 22:30:03, 28111
411778, 2015-04-29 22:35:01, 27746
411779, 2015-04-29 22:40:02, 27440
411780, 2015-04-29 22:45:04, 27059
411781, 2015-04-29 22:50:02, 26871
411782, 2015-04-29 22:55:01, 26682
411783, 2015-04-29 23:00:02, 26444
411784, 2015-04-29 23:05:04, 26311
411785, 2015-04-29 23:10:02, 26244
411786, 2015-04-29 23:15:02, 26205
411787, 2015-04-29 23:20:03, 26011
411788, 2015-04-29 23:25:02, 26040
411789, 2015-04-29 23:30:02, 26029
411790, 2015-04-29 23:35:01, 26006
411791, 2015-04-29 23:40:02, 25878
411792, 2015-04-29 23:45:02, 25799
411793, 2015-04-29 23:50:02, 25710
411794, 2015-04-29 23:55:02, 25656
411795, 2015-04-30 00:00:05, 25526
411796, 2015-04-30 00:05:02, 25511
411797, 2015-04-30 00:10:03, 25766
411798, 2015-04-30 00:15:02, 25837
411799, 2015-04-30 00:20:04, 25801
411800, 2015-04-30 00:25:03, 25853
411801, 2015-04-30 00:30:03, 25876
411802, 2015-04-30 00:35:02, 25869
411803, 2015-04-30 00:40:01, 26102
411804, 2015-04-30 00:45:02, 26204
411805, 2015-04-30 00:50:03, 26255
411806, 2015-04-30 00:55:02, 26292
411807, 2015-04-30 01:00:02, 26296
411808, 2015-04-30 01:05:02, 26273
411809, 2015-04-30 01:10:01, 26266
411810, 2015-04-30 01:15:02, 26237
411811, 2015-04-30 01:20:03, 26235
411812, 2015-04-30 01:25:02, 26232
411813, 2015-04-30 01:30:02, 26100
411814, 2015-04-30 01:35:02, 25970
411815, 2015-04-30 01:40:02, 26003
411816, 2015-04-30 01:45:02, 26013
411817, 2015-04-30 01:50:02, 25855
411818, 2015-04-30 01:55:03, 25719
411819, 2015-04-30 02:00:03, 25734
411820, 2015-04-30 02:05:01, 25740
411821, 2015-04-30 02:10:02, 25714
411822, 2015-04-30 02:15:01, 25610
411823, 2015-04-30 02:20:03, 25540
411824, 2015-04-30 02:25:02, 25519
411825, 2015-04-30 02:30:02, 25464
411826, 2015-04-30 02:35:02, 25482
411827, 2015-04-30 02:40:02, 25633
411828, 2015-04-30 02:45:02, 25646
411829, 2015-04-30 02:50:03, 25600
411830, 2015-04-30 02:55:04, 25586
411831, 2015-04-30 03:00:03, 25491
411832, 2015-04-30 03:05:02, 25465
411833, 2015-04-30 03:10:04, 25451
411834, 2015-04-30 03:15:02, 25414
411835, 2015-04-30 03:20:04, 25370
411836, 2015-04-30 03:25:02, 25317
411837, 2015-04-30 03:30:03, 25247
411838, 2015-04-30 03:35:02, 25260
411839, 2015-04-30 03:40:02, 25337
411840, 2015-04-30 03:45:02, 25450
411841, 2015-04-30 03:50:03, 25404
411842, 2015-04-30 03:55:02, 25503
411843, 2015-04-30 04:00:02, 25572
411844, 2015-04-30 04:05:02, 25582
411845, 2015-04-30 04:10:03, 25591
411846, 2015-04-30 04:15:02, 25537
411847, 2015-04-30 04:20:04, 25650
411848, 2015-04-30 04:25:03, 26078
411849, 2015-04-30 04:30:02, 26065
411850, 2015-04-30 04:35:02, 26052
411851, 2015-04-30 04:40:02, 26094
411852, 2015-04-30 04:45:03, 25982
411853, 2015-04-30 04:50:02, 25937
411854, 2015-04-30 04:55:02, 25967
411855, 2015-04-30 05:00:02, 26071
411856, 2015-04-30 05:05:02, 26323
411857, 2015-04-30 05:10:02, 27029
411858, 2015-04-30 05:15:02, 27499
411859, 2015-04-30 05:20:03, 27966
411860, 2015-04-30 05:25:01, 28397
411861, 2015-04-30 05:30:06, 28891
411862, 2015-04-30 05:35:01, 29339
411863, 2015-04-30 05:40:01, 29791
411864, 2015-04-30 05:45:01, 30331
411865, 2015-04-30 05:50:03, 30794
411866, 2015-04-30 05:55:02, 31340
411867, 2015-04-30 06:00:02, 31976
411868, 2015-04-30 06:05:02, 32513
411869, 2015-04-30 06:10:02, 33205
411870, 2015-04-30 06:15:02, 33993
411871, 2015-04-30 06:20:03, 34526
411872, 2015-04-30 06:25:03, 34933
411873, 2015-04-30 06:30:02, 35234
411874, 2015-04-30 06:35:01, 35322
411875, 2015-04-30 06:40:02, 35452
411876, 2015-04-30 06:45:02, 35613
411877, 2015-04-30 06:50:02, 35825
411878, 2015-04-30 06:55:02, 35974
411879, 2015-04-30 07:00:03, 36098
411880, 2015-04-30 07:05:02, 36186
411881, 2015-04-30 07:10:02, 36324
411882, 2015-04-30 07:15:02, 36562
411883, 2015-04-30 07:20:03, 36556
411884, 2015-04-30 07:25:03, 36516
411885, 2015-04-30 07:30:03, 36390
411886, 2015-04-30 07:35:02, 36304
411887, 2015-04-30 07:40:01, 36068
411888, 2015-04-30 07:45:05, 35891
411889, 2015-04-30 07:50:02, 35779
411890, 2015-04-30 07:55:01, 35688
411891, 2015-04-30 08:00:03, 35808
411892, 2015-04-30 08:05:03, 35945
411893, 2015-04-30 08:10:04, 36109
411894, 2015-04-30 08:15:01, 36245
411895, 2015-04-30 08:20:21, 36234
411896, 2015-04-30 08:25:03, 36299
411897, 2015-04-30 08:30:03, 36347
411898, 2015-04-30 08:35:01, 36303
411899, 2015-04-30 08:40:01, 36324
411900, 2015-04-30 08:45:03, 36334
411901, 2015-04-30 08:50:02, 36288
411902, 2015-04-30 08:55:01, 36296
411903, 2015-04-30 09:00:03, 36287
411904, 2015-04-30 09:05:02, 36373
411905, 2015-04-30 09:10:02, 36377
411906, 2015-04-30 09:15:02, 36330
411907, 2015-04-30 09:20:06, 36276
411908, 2015-04-30 09:25:03, 36277
411909, 2015-04-30 09:30:03, 36292
411910, 2015-04-30 09:35:02, 36284
411911, 2015-04-30 09:40:02, 36284
411912, 2015-04-30 09:45:02, 36253
411913, 2015-04-30 09:50:03, 36274
411914, 2015-04-30 09:55:02, 36446
411915, 2015-04-30 10:00:03, 36498
411916, 2015-04-30 10:05:04, 36465
411917, 2015-04-30 10:10:02, 36677
411918, 2015-04-30 10:15:02, 36886
411919, 2015-04-30 10:20:02, 36877
411920, 2015-04-30 10:25:02, 36847
411921, 2015-04-30 10:30:02, 36838
411922, 2015-04-30 10:35:03, 36793
411923, 2015-04-30 10:40:02, 36761
411924, 2015-04-30 10:45:02, 36671
411925, 2015-04-30 10:50:02, 36682
411926, 2015-04-30 10:55:02, 36742
411927, 2015-04-30 11:00:04, 36635
411928, 2015-04-30 11:05:02, 36670
411929, 2015-04-30 11:10:02, 36716
411930, 2015-04-30 11:15:02, 36711
411931, 2015-04-30 11:20:02, 36658
411932, 2015-04-30 11:25:03, 36721
411933, 2015-04-30 11:30:03, 36731
411934, 2015-04-30 11:35:02, 36641
411935, 2015-04-30 11:40:02, 36566
411936, 2015-04-30 11:45:02, 36473
411937, 2015-04-30 11:50:01, 36467
411938, 2015-04-30 11:55:01, 36435
411939, 2015-04-30 12:00:04, 36384
411940, 2015-04-30 12:05:02, 36321
411941, 2015-04-30 12:10:02, 36196
411942, 2015-04-30 12:15:02, 36223
411943, 2015-04-30 12:20:03, 36064
411944, 2015-04-30 12:25:01, 36085
411945, 2015-04-30 12:30:06, 36053
411946, 2015-04-30 12:35:04, 35986
411947, 2015-04-30 12:40:02, 36014
411948, 2015-04-30 12:45:04, 35944
411949, 2015-04-30 12:50:01, 35836
411950, 2015-04-30 12:55:03, 35737
411951, 2015-04-30 13:00:03, 35726
411952, 2015-04-30 13:05:02, 35564
411953, 2015-04-30 13:10:02, 35529
411954, 2015-04-30 13:15:02, 35508
411955, 2015-04-30 13:20:02, 35420
411956, 2015-04-30 13:25:01, 35474
411957, 2015-04-30 13:30:03, 35398
411958, 2015-04-30 13:35:03, 35275
411959, 2015-04-30 13:40:02, 35214
411960, 2015-04-30 13:45:02, 35176
411961, 2015-04-30 13:50:02, 35076
411962, 2015-04-30 13:55:02, 35120
411963, 2015-04-30 14:00:04, 35038
411964, 2015-04-30 14:05:04, 34958
411965, 2015-04-30 14:10:02, 34978
411966, 2015-04-30 14:15:03, 34985
411967, 2015-04-30 14:20:03, 35000
411968, 2015-04-30 14:25:02, 35032
411969, 2015-04-30 14:30:03, 35099
411970, 2015-04-30 14:35:02, 35176
411971, 2015-04-30 14:40:01, 35223
411972, 2015-04-30 14:45:01, 35411
411973, 2015-04-30 14:50:03, 35492
411974, 2015-04-30 14:55:01, 35807
411975, 2015-04-30 15:00:02, 35911
411976, 2015-04-30 15:05:01, 36073
411977, 2015-04-30 15:10:01, 36272
411978, 2015-04-30 15:15:01, 36307
411979, 2015-04-30 15:20:06, 36415
411980, 2015-04-30 15:25:02, 36542
411981, 2015-04-30 15:30:02, 36655
411982, 2015-04-30 15:35:02, 36796
411983, 2015-04-30 15:40:01, 36896
411984, 2015-04-30 15:45:02, 37083
411985, 2015-04-30 15:50:10, 37221
411986, 2015-04-30 15:55:02, 37294
411987, 2015-04-30 16:00:05, 37413
411988, 2015-04-30 16:05:02, 37576
411989, 2015-04-30 16:10:02, 37760
411990, 2015-04-30 16:15:02, 37765
411991, 2015-04-30 16:20:06, 37323
411992, 2015-04-30 16:25:03, 37386
411993, 2015-04-30 16:30:05, 37742
411994, 2015-04-30 16:35:01, 37767
411995, 2015-04-30 16:40:02, 37740
411996, 2015-04-30 16:45:03, 37693
411997, 2015-04-30 16:50:04, 37678
411998, 2015-04-30 16:55:03, 37648
411999, 2015-04-30 17:00:03, 37654
412000, 2015-04-30 17:05:02, 37765
412001, 2015-04-30 17:10:01, 37915
412002, 2015-04-30 17:15:01, 37878
412003, 2015-04-30 17:20:05, 37846
412004, 2015-04-30 17:25:01, 37812
412005, 2015-04-30 17:30:02, 37742
412006, 2015-04-30 17:35:01, 37725
412007, 2015-04-30 17:40:02, 37726
412008, 2015-04-30 17:45:01, 37790
412009, 2015-04-30 17:50:01, 37858
412010, 2015-04-30 17:55:01, 37804
412011, 2015-04-30 18:00:01, 37777
412012, 2015-04-30 18:05:01, 37656
412013, 2015-04-30 18:10:02, 37710
412014, 2015-04-30 18:15:02, 37653
412015, 2015-04-30 18:20:05, 37542
412016, 2015-04-30 18:25:02, 37565
412017, 2015-04-30 18:30:02, 37462
412018, 2015-04-30 18:35:03, 37382
412019, 2015-04-30 18:40:03, 37566
412020, 2015-04-30 18:45:02, 37510
412021, 2015-04-30 18:50:02, 37482
412022, 2015-04-30 18:55:02, 37421
412023, 2015-04-30 19:00:01, 37304
412024, 2015-04-30 19:05:02, 37331
412025, 2015-04-30 19:10:04, 37555
412026, 2015-04-30 19:15:10, 37485
412027, 2015-04-30 19:20:03, 37536
412028, 2015-04-30 19:25:02, 37528
412029, 2015-04-30 19:30:04, 37468
412030, 2015-04-30 19:35:02, 37568
412031, 2015-04-30 19:40:02, 37812
412032, 2015-04-30 19:45:03, 37901
412033, 2015-04-30 19:50:02, 38079
412034, 2015-04-30 19:55:01, 38406
412035, 2015-04-30 20:00:04, 38620
412036, 2015-04-30 20:05:02, 38755
412037, 2015-04-30 20:10:01, 38969
412038, 2015-04-30 20:15:02, 38755
412039, 2015-04-30 20:20:03, 38580
412040, 2015-04-30 20:25:02, 38435
412041, 2015-04-30 20:30:04, 38238
412042, 2015-04-30 20:35:02, 37824
412043, 2015-04-30 20:40:01, 37593
412044, 2015-04-30 20:45:02, 37249
412045, 2015-04-30 20:50:03, 36867
412046, 2015-04-30 20:55:02, 36573
412047, 2015-04-30 21:00:03, 36263
412048, 2015-04-30 21:05:03, 35746
412049, 2015-04-30 21:10:01, 35584
412050, 2015-04-30 21:15:02, 35114
412051, 2015-04-30 21:20:04, 34619
412052, 2015-04-30 21:25:01, 34164
412053, 2015-04-30 21:30:04, 33727
412054, 2015-04-30 21:35:02, 33217
412055, 2015-04-30 21:40:02, 32940
412056, 2015-04-30 21:45:02, 32626
412057, 2015-04-30 21:50:02, 32223
412058, 2015-04-30 21:55:02, 31853
412059, 2015-04-30 22:00:05, 31424
412060, 2015-04-30 22:05:02, 30890
412061, 2015-04-30 22:10:01, 30548
412062, 2015-04-30 22:15:02, 30160
412063, 2015-04-30 22:20:02, 29772
412064, 2015-04-30 22:25:01, 29387
412065, 2015-04-30 22:30:02, 29020
412066, 2015-04-30 22:35:01, 28691
412067, 2015-04-30 22:40:02, 28422
412068, 2015-04-30 22:45:02, 28183
412069, 2015-04-30 22:50:02, 27893
412070, 2015-04-30 22:55:03, 27629
412071, 2015-04-30 23:00:03, 27350
412072, 2015-04-30 23:05:04, 27230
412073, 2015-04-30 23:10:01, 26936
412074, 2015-04-30 23:15:02, 26901
412075, 2015-04-30 23:20:03, 26912
412076, 2015-04-30 23:25:02, 26805
412077, 2015-04-30 23:30:03, 26795
412078, 2015-04-30 23:35:01, 26835
412079, 2015-04-30 23:40:01, 26825
412080, 2015-04-30 23:45:02, 26763
412081, 2015-04-30 23:50:02, 26694
